timestamp,RoomA:Light__level__ceiling,RoomA:Light__manual_on_off_signal,RoomA:People__amount,RoomA:Sensor__CO2,RoomA:Sensor__room_temperature,RoomA:Window__opened_closed,RoomA_is_occupied
2023-04-01 13:05:00,22.40539742,0.0,0.0,468.0,21.22999954,0.0,0
2023-04-01 13:10:00,22.58797264,0.0,0.0,468.0,21.35000038,0.0,0
2023-04-01 13:15:00,23.47091103,0.0,0.0,468.0,21.25,0.0,0
2023-04-01 13:20:00,23.88179588,0.0,0.0,468.0,21.28000069,0.0,0
2023-04-01 13:25:00,23.95037651,0.0,0.0,468.0,21.19000053,0.0,0
2023-04-01 13:30:00,24.08467484,0.0,0.0,468.0,21.25,0.0,0
2023-04-01 13:35:00,24.19208908,0.0,0.0,468.0,21.35000038,0.0,0
2023-04-01 13:40:00,24.63372803,0.0,0.0,468.0,21.42000008,0.0,0
2023-04-01 13:45:00,25.02594566,0.0,0.0,468.0,21.25,0.0,0
2023-04-01 13:50:00,25.05546379,0.0,0.0,468.0,21.37000084,0.0,0
2023-04-01 13:55:00,25.13817406,0.0,0.0,468.0,21.28000069,0.0,0
2023-04-01 14:00:00,25.25596619,0.0,0.0,468.0,21.12000084,0.0,0
2023-04-01 14:05:00,25.26353264,0.0,0.0,468.0,21.13999939,0.0,0
2023-04-01 14:10:00,25.41558647,0.0,0.0,468.0,21.10000038,0.0,0
2023-04-01 14:15:00,25.43697166,0.0,0.0,468.0,21.19000053,0.0,0
2023-04-01 14:20:00,25.63436699,0.0,0.0,468.0,21.29999924,0.0,0
2023-04-01 14:25:00,26.37611961,0.0,0.0,468.0,21.13999939,0.0,0
2023-04-01 14:30:00,26.87257576,0.0,0.0,468.0,21.28000069,0.0,0
2023-04-01 14:35:00,27.67767715,0.0,0.0,468.0,21.28000069,0.0,0
2023-04-01 14:40:00,28.36052322,0.0,0.0,468.0,21.25,0.0,0
2023-04-01 14:45:00,29.51591873,0.0,0.0,468.0,21.13999939,0.0,0
2023-04-01 14:50:00,30.8430748,0.0,0.0,468.0,21.22999954,0.0,0
2023-04-01 14:55:00,32.21631622,0.0,0.0,468.0,21.37000084,0.0,0
2023-04-01 15:00:00,33.75871658,0.0,0.0,468.0,21.22999954,0.0,0
2023-04-01 15:05:00,35.48437119,0.0,0.0,468.0,21.35000038,0.0,0
2023-04-01 15:10:00,37.457901,0.0,0.0,468.0,21.31999969,0.0,0
2023-04-01 15:15:00,39.57613754,0.0,0.0,468.0,21.35000038,0.0,0
2023-04-01 15:20:00,41.54100418,0.0,0.0,468.0,21.38999939,0.0,0
2023-04-01 15:25:00,43.29520035,0.0,0.0,468.0,21.48999977,0.0,0
2023-04-01 15:30:00,45.09703827,0.0,0.0,468.0,21.55999947,0.0,0
2023-04-01 15:35:00,47.16189575,0.0,0.0,468.0,21.48999977,0.0,0
2023-04-01 15:40:00,49.18438339,0.0,0.0,468.0,21.61000061,0.0,0
2023-04-01 15:45:00,51.05260086,0.0,0.0,468.0,21.59000015,0.0,0
2023-04-01 15:50:00,53.03473663,0.0,0.0,468.0,21.55999947,0.0,0
2023-04-01 15:55:00,54.84841537,0.0,0.0,468.0,21.61000061,0.0,0
2023-04-01 16:00:00,56.54467392,0.0,0.0,468.0,21.61000061,0.0,0
2023-04-01 16:05:00,58.36308289,0.0,0.0,468.0,21.72999954,0.0,0
2023-04-01 16:10:00,60.55607986,0.0,0.0,468.0,21.82999992,0.0,0
2023-04-01 16:15:00,63.2268219,0.0,0.0,468.0,21.82999992,0.0,0
2023-04-01 16:20:00,66.00107574,0.0,0.0,468.0,21.82999992,0.0,0
2023-04-01 16:25:00,68.79169464,0.0,0.0,468.0,21.98999977,0.0,0
2023-04-01 16:30:00,71.4023056,0.0,0.0,468.0,22.17000008,0.0,0
2023-04-01 16:35:00,77.44776154,0.0,0.0,468.0,22.19000053,0.0,0
2023-04-01 16:40:00,82.01572418,0.0,0.0,468.0,22.12999916,0.0,0
2023-04-01 16:45:00,87.77674866,0.0,0.0,468.0,22.19000053,0.0,0
2023-04-01 16:50:00,98.53526306,0.0,0.0,468.0,22.44000053,0.0,0
2023-04-01 16:55:00,109.8009338,0.0,0.0,468.0,22.46999931,0.0,0
2023-04-01 17:00:00,120.5416107,0.0,0.0,468.0,22.30999947,0.0,0
2023-04-01 17:05:00,129.7095795,0.0,0.0,468.0,22.65999985,0.0,0
2023-04-01 17:10:00,145.2067108,0.0,0.0,468.0,22.57999992,0.0,0
2023-04-01 17:15:00,168.6813202,0.0,0.0,468.0,22.65999985,0.0,0
2023-04-01 17:20:00,193.5157166,0.0,0.0,468.0,22.65999985,0.0,0
2023-04-01 17:25:00,204.5612183,0.0,0.0,468.0,22.79999924,0.0,0
2023-04-01 17:30:00,199.1722717,0.0,0.0,468.0,22.78000069,0.0,0
2023-04-01 17:35:00,210.6362305,0.0,0.0,468.0,22.89999962,0.0,0
2023-04-01 17:40:00,257.0146484,0.0,0.0,468.0,23.02000046,0.0,0
2023-04-01 17:45:00,291.0248413,0.0,0.0,468.0,23.04000092,0.0,0
2023-04-01 17:50:00,282.4104004,0.0,0.0,468.0,23.18000031,0.0,0
2023-04-01 17:55:00,269.9108582,0.0,0.0,468.0,23.15999985,0.0,0
2023-04-01 18:00:00,265.7704163,0.0,0.0,468.0,23.29000092,0.0,0
2023-04-01 18:05:00,263.7420654,0.0,0.0,468.0,23.20000076,0.0,0
2023-04-01 18:10:00,244.1705322,0.0,0.0,468.0,23.43000031,0.0,0
2023-04-01 18:15:00,242.1413422,0.0,0.0,468.0,23.29000092,0.0,0
2023-04-01 18:20:00,251.7488556,0.0,0.0,468.0,23.29000092,0.0,0
2023-04-01 18:25:00,253.186676,0.0,0.0,468.0,23.43000031,0.0,0
2023-04-01 18:30:00,243.0457764,0.0,0.0,468.0,23.43000031,0.0,0
2023-04-01 18:35:00,222.6757507,0.0,0.0,468.0,23.52000046,0.0,0
2023-04-01 18:40:00,204.0214996,0.0,0.0,468.0,23.54000092,0.0,0
2023-04-01 18:45:00,183.5100098,0.0,0.0,468.0,23.56999969,0.0,0
2023-04-01 18:50:00,157.2731934,0.0,0.0,468.0,23.59000015,0.0,0
2023-04-01 18:55:00,135.2522125,0.0,0.0,468.0,23.54000092,0.0,0
2023-04-01 19:00:00,119.3373795,0.0,0.0,468.0,23.56999969,0.0,0
2023-04-01 19:05:00,106.7352753,0.0,0.0,468.0,23.56999969,0.0,0
2023-04-01 19:10:00,92.57344818,0.0,0.0,468.0,23.59000015,0.0,0
2023-04-01 19:15:00,79.8817215,0.0,0.0,468.0,23.56999969,0.0,0
2023-04-01 19:20:00,66.0289917,0.0,0.0,468.0,23.61000061,0.0,0
2023-04-01 19:25:00,50.67579269,0.0,0.0,468.0,23.70000076,0.0,0
2023-04-01 19:30:00,37.76501465,0.0,0.0,468.0,24.12999916,0.0,0
2023-04-01 19:35:00,27.24744987,0.0,0.0,468.0,24.29000092,0.0,0
2023-04-01 19:40:00,19.04049683,0.0,0.0,468.0,24.23999977,0.0,0
2023-04-01 19:45:00,7.937735081,0.0,0.0,468.0,23.94000053,0.0,0
2023-04-01 19:50:00,5.329259396,0.0,0.0,468.0,23.84000015,0.0,0
2023-04-01 19:55:00,3.947596073,0.0,0.0,468.0,23.70000076,0.0,0
2023-04-01 20:00:00,2.831017971,0.0,0.0,468.0,23.65999985,0.0,0
2023-04-01 20:05:00,2.167331934,0.0,0.0,468.0,23.47999954,0.0,0
2023-04-01 20:10:00,1.999843717,0.0,0.0,468.0,23.5,0.0,0
2023-04-01 20:15:00,1.95557034,0.0,0.0,468.0,23.45000076,0.0,0
2023-04-01 20:20:00,2.007488966,0.0,0.0,468.0,23.45000076,0.0,0
2023-04-01 20:25:00,1.983416677,0.0,0.0,468.0,23.37999916,0.0,0
2023-04-01 20:30:00,1.952998638,0.0,0.0,468.0,23.40999985,0.0,0
2023-04-01 20:35:00,1.938157201,0.0,0.0,468.0,23.36000061,0.0,0
2023-04-01 20:40:00,1.935281873,0.0,0.0,468.0,23.27000046,0.0,0
2023-04-01 20:45:00,1.902843952,0.0,0.0,468.0,23.20000076,0.0,0
2023-04-01 20:50:00,1.93264699,0.0,0.0,468.0,23.15999985,0.0,0
2023-04-01 20:55:00,1.970866561,0.0,0.0,468.0,23.11000061,0.0,0
2023-04-01 21:00:00,1.981277585,0.0,0.0,468.0,23.15999985,0.0,0
2023-04-01 21:05:00,1.92412436,0.0,0.0,468.0,23.13999939,0.0,0
2023-04-01 21:10:00,1.970291853,0.0,0.0,468.0,22.87000084,0.0,0
2023-04-01 21:15:00,1.940913677,0.0,0.0,468.0,22.87000084,0.0,0
2023-04-01 21:20:00,1.935427189,0.0,0.0,468.0,22.85000038,0.0,0
2023-04-01 21:25:00,1.99470818,0.0,0.0,468.0,22.87000084,0.0,0
2023-04-01 21:30:00,1.974098563,0.0,0.0,468.0,22.85000038,0.0,0
2023-04-01 21:35:00,2.013778448,0.0,0.0,468.0,22.79999924,0.0,0
2023-04-01 21:40:00,1.955828548,0.0,0.0,468.0,22.89999962,0.0,0
2023-04-01 21:45:00,1.938894987,0.0,0.0,468.0,22.79999924,0.0,0
2023-04-01 21:50:00,2.04786849,0.0,0.0,468.0,22.68000031,0.0,0
2023-04-01 21:55:00,2.001910448,0.0,0.0,468.0,22.57999992,0.0,0
2023-04-01 22:00:00,1.987145782,0.0,0.0,468.0,22.65999985,0.0,0
2023-04-01 22:05:00,1.944656849,0.0,0.0,468.0,22.61000061,0.0,0
2023-04-01 22:10:00,1.927927017,0.0,0.0,468.0,22.61000061,0.0,0
2023-04-01 22:15:00,1.990087867,0.0,0.0,468.0,22.51000023,0.0,0
2023-04-01 22:20:00,2.007984877,0.0,0.0,468.0,22.48999977,0.0,0
2023-04-01 22:25:00,2.045583248,0.0,0.0,468.0,22.51000023,0.0,0
2023-04-01 22:30:00,1.967925668,0.0,0.0,468.0,22.61000061,0.0,0
2023-04-01 22:35:00,1.973848343,0.0,0.0,468.0,22.32999992,0.0,0
2023-04-01 22:40:00,1.933746934,0.0,0.0,468.0,22.32999992,0.0,0
2023-04-01 22:45:00,2.019318342,0.0,0.0,468.0,22.44000053,0.0,0
2023-04-01 22:50:00,2.03815341,0.0,0.0,468.0,22.35000038,0.0,0
2023-04-01 22:55:00,2.068677664,0.0,0.0,468.0,22.26000023,0.0,0
2023-04-01 23:00:00,2.029533863,0.0,0.0,468.0,22.35000038,0.0,0
2023-04-01 23:05:00,1.942076206,0.0,0.0,468.0,22.32999992,0.0,0
2023-04-01 23:10:00,1.926882982,0.0,0.0,468.0,22.30999947,0.0,0
2023-04-01 23:15:00,2.01553154,0.0,0.0,468.0,22.30999947,0.0,0
2023-04-01 23:20:00,1.975998282,0.0,0.0,468.0,22.30999947,0.0,0
2023-04-01 23:25:00,1.93849957,0.0,0.0,468.0,22.30999947,0.0,0
2023-04-01 23:30:00,1.917131662,0.0,0.0,468.0,22.29000092,0.0,0
2023-04-01 23:35:00,1.929091573,0.0,0.0,468.0,22.14999962,0.0,0
2023-04-01 23:40:00,1.93876338,0.0,0.0,468.0,22.19000053,0.0,0
2023-04-01 23:45:00,1.924484134,0.0,0.0,468.0,22.17000008,0.0,0
2023-04-01 23:50:00,1.92912674,0.0,0.0,468.0,22.26000023,0.0,0
2023-04-01 23:55:00,1.923125029,0.0,0.0,468.0,22.07999992,0.0,0
2023-04-02 00:00:00,1.952687979,0.0,0.0,468.0,22.19000053,0.0,0
2023-04-02 00:05:00,1.988791823,0.0,0.0,468.0,22.14999962,0.0,0
2023-04-02 00:10:00,1.964348078,0.0,0.0,468.0,22.04000092,0.0,0
2023-04-02 00:15:00,1.94417274,0.0,0.0,468.0,22.10000038,0.0,0
2023-04-02 00:20:00,1.983314395,0.0,0.0,468.0,21.96999931,0.0,0
2023-04-02 00:25:00,1.999367833,0.0,0.0,468.0,22.10000038,0.0,0
2023-04-02 00:30:00,1.983733296,0.0,0.0,468.0,22.05999947,0.0,0
2023-04-02 00:35:00,1.982560754,0.0,0.0,468.0,22.12999916,0.0,0
2023-04-02 00:40:00,2.029569149,0.0,0.0,468.0,21.98999977,0.0,0
2023-04-02 00:45:00,1.971748114,0.0,0.0,468.0,22.05999947,0.0,0
2023-04-02 00:50:00,1.988786817,0.0,0.0,468.0,21.92000008,0.0,0
2023-04-02 00:55:00,2.061979771,0.0,0.0,468.0,22.04000092,0.0,0
2023-04-02 01:00:00,2.029401302,0.0,0.0,468.0,22.04000092,0.0,0
2023-04-02 01:05:00,2.007453919,0.0,0.0,468.0,22.05999947,0.0,0
2023-04-02 01:10:00,1.999989867,0.0,0.0,468.0,21.82999992,0.0,0
2023-04-02 01:15:00,2.00838232,0.0,0.0,468.0,21.96999931,0.0,0
2023-04-02 01:20:00,2.054786205,0.0,0.0,468.0,21.87000084,0.0,0
2023-04-02 01:25:00,1.962479949,0.0,0.0,468.0,21.92000008,0.0,0
2023-04-02 01:30:00,1.985291123,0.0,0.0,468.0,21.82999992,0.0,0
2023-04-02 01:35:00,1.966471195,0.0,0.0,468.0,21.96999931,0.0,0
2023-04-02 01:40:00,1.94400835,0.0,0.0,468.0,21.87000084,0.0,0
2023-04-02 01:45:00,2.003899336,0.0,0.0,468.0,21.96999931,0.0,0
2023-04-02 01:50:00,1.941267371,0.0,0.0,468.0,21.98999977,0.0,0
2023-04-02 01:55:00,2.01484108,0.0,0.0,468.0,21.85000038,0.0,0
2023-04-02 02:00:00,1.971336961,0.0,0.0,468.0,21.79999924,0.0,0
2023-04-02 02:05:00,1.950601697,0.0,0.0,468.0,21.79999924,0.0,0
2023-04-02 02:10:00,1.927894712,0.0,0.0,468.0,21.87000084,0.0,0
2023-04-02 02:15:00,1.904531956,0.0,0.0,468.0,21.85000038,0.0,0
2023-04-02 02:20:00,1.933683872,0.0,0.0,468.0,21.78000069,0.0,0
2023-04-02 02:25:00,1.95959568,0.0,0.0,468.0,21.87000084,0.0,0
2023-04-02 02:30:00,1.984318972,0.0,0.0,468.0,21.82999992,0.0,0
2023-04-02 02:35:00,1.966657758,0.0,0.0,468.0,21.75,0.0,0
2023-04-02 02:40:00,2.027380228,0.0,0.0,468.0,21.79999924,0.0,0
2023-04-02 02:45:00,1.932795405,0.0,0.0,468.0,21.79999924,0.0,0
2023-04-02 02:50:00,2.0359478,0.0,0.0,468.0,21.78000069,0.0,0
2023-04-02 02:55:00,1.941173792,0.0,0.0,468.0,21.79999924,0.0,0
2023-04-02 03:00:00,2.001154661,0.0,0.0,468.0,21.82999992,0.0,0
2023-04-02 03:05:00,1.934259176,0.0,0.0,468.0,21.70999908,0.0,0
2023-04-02 03:10:00,2.019164324,0.0,0.0,468.0,21.75,0.0,0
2023-04-02 03:15:00,1.943171859,0.0,0.0,468.0,21.61000061,0.0,0
2023-04-02 03:20:00,2.013142824,0.0,0.0,468.0,21.70999908,0.0,0
2023-04-02 03:25:00,2.038276196,0.0,0.0,468.0,21.70999908,0.0,0
2023-04-02 03:30:00,2.014029265,0.0,0.0,468.0,21.72999954,0.0,0
2023-04-02 03:35:00,1.991175413,0.0,0.0,468.0,21.68000031,0.0,0
2023-04-02 03:40:00,1.98588264,0.0,0.0,468.0,21.75,0.0,0
2023-04-02 03:45:00,2.018778324,0.0,0.0,468.0,21.75,0.0,0
2023-04-02 03:50:00,1.99990809,0.0,0.0,468.0,21.62999916,0.0,0
2023-04-02 03:55:00,1.96363163,0.0,0.0,468.0,21.62999916,0.0,0
2023-04-02 04:00:00,2.005319834,0.0,0.0,468.0,21.61000061,0.0,0
2023-04-02 04:05:00,2.005176306,0.0,0.0,468.0,21.61000061,0.0,0
2023-04-02 04:10:00,1.940282822,0.0,0.0,468.0,21.62999916,0.0,0
2023-04-02 04:15:00,1.928610563,0.0,0.0,468.0,21.61000061,0.0,0
2023-04-02 04:20:00,1.942749143,0.0,0.0,468.0,21.55999947,0.0,0
2023-04-02 04:25:00,1.967782378,0.0,0.0,468.0,21.55999947,0.0,0
2023-04-02 04:30:00,1.932036758,0.0,0.0,468.0,21.70999908,0.0,0
2023-04-02 04:35:00,1.922208309,0.0,0.0,468.0,21.72999954,0.0,0
2023-04-02 04:40:00,1.97914958,0.0,0.0,468.0,21.59000015,0.0,0
2023-04-02 04:45:00,1.925256133,0.0,0.0,418.0,21.51000023,0.0,0
2023-04-02 04:50:00,1.927865982,0.0,0.0,418.0,21.59000015,0.0,0
2023-04-02 04:55:00,1.987497211,0.0,0.0,418.0,21.51000023,0.0,0
2023-04-02 05:00:00,1.974014521,0.0,0.0,418.0,21.61000061,0.0,0
2023-04-02 05:05:00,1.978052616,0.0,0.0,418.0,21.51000023,0.0,0
2023-04-02 05:10:00,1.943224907,0.0,0.0,418.0,21.61000061,0.0,0
2023-04-02 05:15:00,1.915004253,0.0,0.0,418.0,21.59000015,0.0,0
2023-04-02 05:20:00,1.958209515,0.0,0.0,418.0,21.61000061,0.0,0
2023-04-02 05:25:00,1.927962422,0.0,0.0,418.0,21.65999985,0.0,0
2023-04-02 05:30:00,1.942350388,0.0,0.0,418.0,21.55999947,0.0,0
2023-04-02 05:35:00,1.99099803,0.0,0.0,418.0,21.46999931,0.0,0
2023-04-02 05:40:00,2.025824308,0.0,0.0,418.0,21.38999939,0.0,0
2023-04-02 05:45:00,1.959549546,0.0,0.0,418.0,21.61000061,0.0,0
2023-04-02 05:50:00,2.057825327,0.0,0.0,418.0,21.59000015,0.0,0
2023-04-02 05:55:00,2.081588268,0.0,0.0,418.0,21.62999916,0.0,0
2023-04-02 06:00:00,2.064818859,0.0,0.0,418.0,21.48999977,0.0,0
2023-04-02 06:05:00,1.996355057,0.0,0.0,418.0,21.35000038,0.0,0
2023-04-02 06:10:00,2.090328693,0.0,0.0,418.0,21.59000015,0.0,0
2023-04-02 06:15:00,2.021220923,0.0,0.0,418.0,21.48999977,0.0,0
2023-04-02 06:20:00,2.086348057,0.0,0.0,418.0,21.51000023,0.0,0
2023-04-02 06:25:00,2.076148272,0.0,0.0,418.0,21.38999939,0.0,0
2023-04-02 06:30:00,2.120366573,0.0,0.0,418.0,21.51000023,0.0,0
2023-04-02 06:35:00,1.942341328,0.0,0.0,418.0,21.44000053,0.0,0
2023-04-02 06:40:00,1.974485159,0.0,0.0,418.0,21.46999931,0.0,0
2023-04-02 06:45:00,1.988127828,0.0,0.0,418.0,21.38999939,0.0,0
2023-04-02 06:50:00,2.065052509,0.0,0.0,418.0,21.37000084,0.0,0
2023-04-02 06:55:00,2.313506365,0.0,0.0,418.0,21.44000053,0.0,0
2023-04-02 07:00:00,2.753849506,0.0,0.0,418.0,21.38999939,0.0,0
2023-04-02 07:05:00,3.604210615,0.0,0.0,418.0,21.42000008,0.0,0
2023-04-02 07:10:00,4.438488483,0.0,0.0,418.0,21.44000053,0.0,0
2023-04-02 07:15:00,5.306414604,0.0,0.0,418.0,21.37000084,0.0,0
2023-04-02 07:20:00,6.434032917,0.0,0.0,418.0,21.46999931,0.0,0
2023-04-02 07:25:00,7.637693882,0.0,0.0,418.0,21.31999969,0.0,0
2023-04-02 07:30:00,8.677662849,0.0,0.0,418.0,21.42000008,0.0,0
2023-04-02 07:35:00,9.714047432,0.0,0.0,418.0,21.42000008,0.0,0
2023-04-02 07:40:00,10.8494854,0.0,0.0,418.0,21.31999969,0.0,0
2023-04-02 07:45:00,11.8454771,0.0,0.0,418.0,21.38999939,0.0,0
2023-04-02 07:50:00,12.49299049,0.0,0.0,418.0,21.42000008,0.0,0
2023-04-02 07:55:00,13.54274845,0.0,0.0,418.0,21.31999969,0.0,0
2023-04-02 08:00:00,14.13884068,0.0,0.0,418.0,21.38999939,0.0,0
2023-04-02 08:05:00,15.12171173,0.0,0.0,418.0,21.38999939,0.0,0
2023-04-02 08:10:00,15.39423656,0.0,0.0,418.0,21.28000069,0.0,0
2023-04-02 08:15:00,16.14305496,0.0,0.0,418.0,21.48999977,0.0,0
2023-04-02 08:20:00,16.69761276,0.0,0.0,418.0,21.46999931,0.0,0
2023-04-02 08:25:00,16.86785126,0.0,0.0,418.0,21.25,0.0,0
2023-04-02 08:30:00,17.5122509,0.0,0.0,418.0,21.31999969,0.0,0
2023-04-02 08:35:00,18.08004951,0.0,0.0,418.0,21.31999969,0.0,0
2023-04-02 08:40:00,18.25765419,0.0,0.0,418.0,21.29999924,0.0,0
2023-04-02 08:45:00,18.4335289,0.0,0.0,418.0,21.46999931,0.0,0
2023-04-02 08:50:00,18.80902481,0.0,0.0,418.0,21.46999931,0.0,0
2023-04-02 08:55:00,19.38648224,0.0,0.0,418.0,21.28000069,0.0,0
2023-04-02 09:00:00,19.65589905,0.0,0.0,418.0,21.44000053,0.0,0
2023-04-02 09:05:00,19.75857162,0.0,0.0,418.0,21.44000053,0.0,0
2023-04-02 09:10:00,19.87142563,0.0,0.0,418.0,21.29999924,0.0,0
2023-04-02 09:15:00,19.94986153,0.0,0.0,418.0,21.37000084,0.0,0
2023-04-02 09:20:00,20.36469841,0.0,0.0,418.0,21.37000084,0.0,0
2023-04-02 09:25:00,20.74913597,0.0,0.0,418.0,21.28000069,0.0,0
2023-04-02 09:30:00,20.98460007,0.0,0.0,418.0,21.25,0.0,0
2023-04-02 09:35:00,21.03185654,0.0,0.0,418.0,21.42000008,0.0,0
2023-04-02 09:40:00,21.11392021,0.0,0.0,418.0,21.48999977,0.0,0
2023-04-02 09:45:00,21.15381813,0.0,0.0,418.0,21.44000053,0.0,0
2023-04-02 09:50:00,21.3247242,0.0,0.0,418.0,21.35000038,0.0,0
2023-04-02 09:55:00,21.39727783,0.0,0.0,418.0,21.44000053,0.0,0
2023-04-02 10:00:00,21.55030441,0.0,0.0,418.0,21.44000053,0.0,0
2023-04-02 10:05:00,21.89706039,0.0,0.0,418.0,21.42000008,0.0,0
2023-04-02 10:10:00,22.0615406,0.0,0.0,418.0,21.29999924,0.0,0
2023-04-02 10:15:00,22.09834099,0.0,0.0,418.0,21.37000084,0.0,0
2023-04-02 10:20:00,22.07069778,0.0,0.0,418.0,21.42000008,0.0,0
2023-04-02 10:25:00,22.00314331,0.0,0.0,418.0,21.42000008,0.0,0
2023-04-02 10:30:00,21.98150063,0.0,0.0,418.0,21.38999939,0.0,0
2023-04-02 10:35:00,21.92024612,0.0,0.0,418.0,21.35000038,0.0,0
2023-04-02 10:40:00,21.92410851,0.0,0.0,418.0,21.46999931,0.0,0
2023-04-02 10:45:00,21.95153236,0.0,0.0,418.0,21.37000084,0.0,0
2023-04-02 10:50:00,21.68620682,0.0,0.0,418.0,21.51000023,0.0,0
2023-04-02 10:55:00,21.5408783,0.0,0.0,418.0,21.46999931,0.0,0
2023-04-02 11:00:00,22.14865112,0.0,0.0,418.0,21.48999977,0.0,0
2023-04-02 11:05:00,22.1516037,0.0,0.0,418.0,21.42000008,0.0,0
2023-04-02 11:10:00,22.63925552,0.0,0.0,418.0,21.42000008,0.0,0
2023-04-02 11:15:00,22.40924072,0.0,0.0,418.0,21.25,0.0,0
2023-04-02 11:20:00,22.10320663,0.0,0.0,418.0,21.35000038,0.0,0
2023-04-02 11:25:00,22.45234108,0.0,0.0,418.0,21.38999939,0.0,0
2023-04-02 11:30:00,21.77573776,0.0,0.0,418.0,21.29999924,0.0,0
2023-04-02 11:35:00,21.25644493,0.0,0.0,418.0,21.31999969,0.0,0
2023-04-02 11:40:00,21.12269402,0.0,0.0,418.0,21.38999939,0.0,0
2023-04-02 11:45:00,20.73972893,0.0,0.0,418.0,21.35000038,0.0,0
2023-04-02 11:50:00,20.4866848,0.0,0.0,418.0,21.44000053,0.0,0
2023-04-02 11:55:00,20.2195549,0.0,0.0,418.0,21.48999977,0.0,0
2023-04-02 12:00:00,20.03022003,0.0,0.0,418.0,21.37000084,0.0,0
2023-04-02 12:05:00,19.88280487,0.0,0.0,418.0,21.46999931,0.0,0
2023-04-02 12:10:00,19.79995918,0.0,0.0,418.0,21.42000008,0.0,0
2023-04-02 12:15:00,20.21059799,0.0,0.0,418.0,21.38999939,0.0,0
2023-04-02 12:20:00,20.77676964,0.0,0.0,418.0,21.38999939,0.0,0
2023-04-02 12:25:00,21.06674957,0.0,0.0,418.0,21.48999977,0.0,0
2023-04-02 12:30:00,21.25613785,0.0,0.0,418.0,21.37000084,0.0,0
2023-04-02 12:35:00,21.45071411,0.0,0.0,418.0,21.38999939,0.0,0
2023-04-02 12:40:00,21.63447762,0.0,0.0,418.0,21.44000053,0.0,0
2023-04-02 12:45:00,22.01669121,0.0,0.0,418.0,21.28000069,0.0,0
2023-04-02 12:50:00,22.32045937,0.0,0.0,418.0,21.31999969,0.0,0
2023-04-02 12:55:00,22.49181175,0.0,0.0,418.0,21.51000023,0.0,0
2023-04-02 13:00:00,22.65801811,0.0,0.0,418.0,21.48999977,0.0,0
2023-04-02 13:05:00,22.90127373,0.0,0.0,418.0,21.59000015,0.0,0
2023-04-02 13:10:00,23.38599014,0.0,0.0,418.0,21.61000061,0.0,0
2023-04-02 13:15:00,23.91905975,0.0,0.0,418.0,21.61000061,0.0,0
2023-04-02 13:20:00,24.17006874,0.0,0.0,418.0,21.59000015,0.0,0
2023-04-02 13:25:00,24.30010986,0.0,0.0,418.0,21.55999947,0.0,0
2023-04-02 13:30:00,24.4152832,0.0,0.0,418.0,21.59000015,0.0,0
2023-04-02 13:35:00,24.55461311,0.0,0.0,418.0,21.42000008,0.0,0
2023-04-02 13:40:00,24.93203354,0.0,0.0,418.0,21.54000092,0.0,0
2023-04-02 13:45:00,25.24777794,0.0,0.0,418.0,21.37000084,0.0,0
2023-04-02 13:50:00,25.43257332,0.0,0.0,418.0,21.46999931,0.0,0
2023-04-02 13:55:00,25.40613937,0.0,0.0,418.0,21.51000023,0.0,0
2023-04-02 14:00:00,25.36793137,0.0,0.0,418.0,21.54000092,0.0,0
2023-04-02 14:05:00,25.39065361,0.0,0.0,418.0,21.54000092,0.0,0
2023-04-02 14:10:00,25.55685806,0.0,0.0,418.0,21.51000023,0.0,0
2023-04-02 14:15:00,25.85445976,0.0,0.0,418.0,21.51000023,0.0,0
2023-04-02 14:20:00,26.36356544,0.0,0.0,418.0,21.61000061,0.0,0
2023-04-02 14:25:00,26.73373413,0.0,0.0,418.0,21.31999969,0.0,0
2023-04-02 14:30:00,27.19343185,0.0,0.0,418.0,21.51000023,0.0,0
2023-04-02 14:35:00,28.07135963,0.0,0.0,418.0,21.51000023,0.0,0
2023-04-02 14:40:00,28.98747444,0.0,0.0,418.0,21.59000015,0.0,0
2023-04-02 14:45:00,30.00708008,0.0,0.0,418.0,21.48999977,0.0,0
2023-04-02 14:50:00,31.24211693,0.0,0.0,418.0,21.70999908,0.0,0
2023-04-02 14:55:00,32.93211746,0.0,0.0,418.0,21.68000031,0.0,0
2023-04-02 15:00:00,34.47551346,0.0,0.0,418.0,21.55999947,0.0,0
2023-04-02 15:05:00,36.11558151,0.0,0.0,418.0,21.55999947,0.0,0
2023-04-02 15:10:00,38.1008606,0.0,0.0,418.0,21.55999947,0.0,0
2023-04-02 15:15:00,40.20607376,0.0,0.0,418.0,21.62999916,0.0,0
2023-04-02 15:20:00,42.04139328,0.0,0.0,418.0,21.72999954,0.0,0
2023-04-02 15:25:00,43.65700531,0.0,0.0,418.0,21.82999992,0.0,0
2023-04-02 15:30:00,45.39562225,0.0,0.0,418.0,21.79999924,0.0,0
2023-04-02 15:35:00,47.52869797,0.0,0.0,418.0,21.79999924,0.0,0
2023-04-02 15:40:00,49.45969772,0.0,0.0,418.0,21.82999992,0.0,0
2023-04-02 15:45:00,51.69752502,0.0,0.0,418.0,21.89999962,0.0,0
2023-04-02 15:50:00,53.75409698,0.0,0.0,418.0,21.78000069,0.0,0
2023-04-02 15:55:00,55.61394119,0.0,0.0,418.0,21.87000084,0.0,0
2023-04-02 16:00:00,57.44256973,0.0,0.0,418.0,21.95000076,0.0,0
2023-04-02 16:05:00,59.10616684,0.0,0.0,418.0,21.98999977,0.0,0
2023-04-02 16:10:00,61.24444962,0.0,0.0,418.0,22.65999985,0.0,0
2023-04-02 16:15:00,64.05121613,0.0,0.0,418.0,22.21999931,0.0,0
2023-04-02 16:20:00,66.98553467,0.0,0.0,418.0,22.32999992,0.0,0
2023-04-02 16:25:00,69.37844849,0.0,0.0,418.0,22.29000092,0.0,0
2023-04-02 16:30:00,72.03333282,0.0,0.0,418.0,22.39999962,0.0,0
2023-04-02 16:35:00,77.5158844,0.0,0.0,418.0,22.39999962,0.0,0
2023-04-02 16:40:00,82.68080902,0.0,0.0,418.0,22.46999931,0.0,0
2023-04-02 16:45:00,88.95609283,0.0,0.0,418.0,22.51000023,0.0,0
2023-04-02 16:50:00,100.1245956,0.0,0.0,418.0,22.78000069,0.0,0
2023-04-02 16:55:00,113.197464,0.0,0.0,418.0,22.75,0.0,0
2023-04-02 17:00:00,131.2890778,0.0,0.0,418.0,22.81999969,0.0,0
2023-04-02 17:05:00,138.9521942,0.0,0.0,418.0,22.92000008,0.0,0
2023-04-02 17:10:00,146.6980438,0.0,0.0,418.0,22.96999931,0.0,0
2023-04-02 17:15:00,166.842453,0.0,0.0,418.0,22.89999962,0.0,0
2023-04-02 17:20:00,184.0979919,0.0,0.0,418.0,23.04000092,0.0,0
2023-04-02 17:25:00,197.4778748,0.0,0.0,418.0,23.15999985,0.0,0
2023-04-02 17:30:00,199.8545685,0.0,0.0,418.0,23.25,0.0,0
2023-04-02 17:35:00,215.9115601,0.0,0.0,418.0,23.29000092,0.0,0
2023-04-02 17:40:00,280.9404907,0.0,0.0,418.0,23.29000092,0.0,0
2023-04-02 17:45:00,302.8796387,0.0,0.0,418.0,23.34000015,0.0,0
2023-04-02 17:50:00,291.0866089,0.0,0.0,418.0,23.54000092,0.0,0
2023-04-02 17:55:00,273.8424377,0.0,0.0,418.0,23.47999954,0.0,0
2023-04-02 18:00:00,268.5515442,0.0,0.0,418.0,23.72999954,0.0,0
2023-04-02 18:05:00,264.4750366,0.0,0.0,418.0,23.68000031,0.0,0
2023-04-02 18:10:00,249.0519104,0.0,0.0,418.0,23.62999916,0.0,0
2023-04-02 18:15:00,246.961731,0.0,0.0,418.0,23.77000046,0.0,0
2023-04-02 18:20:00,263.7863159,0.0,0.0,418.0,23.70000076,0.0,0
2023-04-02 18:25:00,261.1905212,0.0,0.0,418.0,23.84000015,0.0,0
2023-04-02 18:30:00,245.9294586,0.0,0.0,418.0,23.79999924,0.0,0
2023-04-02 18:35:00,224.3119507,0.0,0.0,418.0,23.94000053,0.0,0
2023-04-02 18:40:00,207.2118988,0.0,0.0,418.0,23.90999985,0.0,0
2023-04-02 18:45:00,186.1982269,0.0,0.0,418.0,23.90999985,0.0,0
2023-04-02 18:50:00,160.1687927,0.0,0.0,418.0,23.90999985,0.0,0
2023-04-02 18:55:00,138.7320862,0.0,0.0,418.0,23.37999916,0.0,0
2023-04-02 19:00:00,123.7789764,0.0,0.0,418.0,24.05999947,0.0,0
2023-04-02 19:05:00,111.3173904,0.0,0.0,418.0,23.94000053,0.0,0
2023-04-02 19:10:00,97.43088531,0.0,0.0,418.0,24.03000069,0.0,0
2023-04-02 19:15:00,84.29412842,0.0,0.0,418.0,24.01000023,0.0,0
2023-04-02 19:20:00,70.3403244,0.0,0.0,418.0,24.01000023,0.0,0
2023-04-02 19:25:00,54.38200378,0.0,0.0,418.0,24.27000046,0.0,0
2023-04-02 19:30:00,40.71272659,0.0,0.0,418.0,24.65999985,0.0,0
2023-04-02 19:35:00,29.83355331,0.0,0.0,418.0,24.62999916,0.0,0
2023-04-02 19:40:00,22.21203041,0.0,0.0,418.0,24.68000031,0.0,0
2023-04-02 19:45:00,12.67077446,0.0,0.0,418.0,24.43000031,0.0,0
2023-04-02 19:50:00,6.155980587,0.0,0.0,418.0,24.36000061,0.0,0
2023-04-02 19:55:00,4.417821884,0.0,0.0,418.0,24.23999977,0.0,0
2023-04-02 20:00:00,3.197217703,0.0,0.0,418.0,24.03000069,0.0,0
2023-04-02 20:05:00,2.486544132,0.0,0.0,418.0,23.97999954,0.0,0
2023-04-02 20:10:00,2.015252829,0.0,0.0,418.0,24.07999992,0.0,0
2023-04-02 20:15:00,1.943667889,0.0,0.0,418.0,23.72999954,0.0,0
2023-04-02 20:20:00,1.963330388,0.0,0.0,418.0,23.81999969,0.0,0
2023-04-02 20:25:00,1.92942369,0.0,0.0,418.0,23.68000031,0.0,0
2023-04-02 20:30:00,1.901771069,0.0,0.0,418.0,23.70000076,0.0,0
2023-04-02 20:35:00,1.909352422,0.0,0.0,418.0,23.70000076,0.0,0
2023-04-02 20:40:00,1.872556448,0.0,0.0,418.0,23.54000092,0.0,0
2023-04-02 20:45:00,1.939914107,0.0,0.0,418.0,23.56999969,0.0,0
2023-04-02 20:50:00,1.895769715,0.0,0.0,418.0,23.56999969,0.0,0
2023-04-02 20:55:00,1.955528855,0.0,0.0,418.0,23.54000092,0.0,0
2023-04-02 21:00:00,1.939863324,0.0,0.0,418.0,23.45000076,0.0,0
2023-04-02 21:05:00,1.936794758,0.0,0.0,418.0,23.45000076,0.0,0
2023-04-02 21:10:00,1.911045551,0.0,0.0,418.0,23.47999954,0.0,0
2023-04-02 21:15:00,1.94372046,0.0,0.0,418.0,23.31999969,0.0,0
2023-04-02 21:20:00,1.947362185,0.0,0.0,418.0,23.31999969,0.0,0
2023-04-02 21:25:00,1.959136844,0.0,0.0,418.0,23.13999939,0.0,0
2023-04-02 21:30:00,1.924705029,0.0,0.0,418.0,23.22999954,0.0,0
2023-04-02 21:35:00,1.962159991,0.0,0.0,418.0,23.15999985,0.0,0
2023-04-02 21:40:00,1.985830784,0.0,0.0,418.0,23.11000061,0.0,0
2023-04-02 21:45:00,2.049069643,0.0,0.0,418.0,23.09000015,0.0,0
2023-04-02 21:50:00,1.999217629,0.0,0.0,418.0,23.15999985,0.0,0
2023-04-02 21:55:00,2.002835035,0.0,0.0,418.0,23.18000031,0.0,0
2023-04-02 22:00:00,1.989408016,0.0,0.0,418.0,23.13999939,0.0,0
2023-04-02 22:05:00,1.975776553,0.0,0.0,418.0,22.92000008,0.0,0
2023-04-02 22:10:00,1.949081898,0.0,0.0,418.0,23.04000092,0.0,0
2023-04-02 22:15:00,1.934279203,0.0,0.0,418.0,22.92000008,0.0,0
2023-04-02 22:20:00,1.982798219,0.0,0.0,418.0,22.89999962,0.0,0
2023-04-02 22:25:00,2.007440805,0.0,0.0,418.0,22.94000053,0.0,0
2023-04-02 22:30:00,1.991159082,0.0,0.0,418.0,23.05999947,0.0,0
2023-04-02 22:35:00,1.976049781,0.0,0.0,418.0,22.85000038,0.0,0
2023-04-02 22:40:00,2.002944231,0.0,0.0,418.0,22.87000084,0.0,0
2023-04-02 22:45:00,1.858143807,0.0,0.0,418.0,22.79999924,0.0,0
2023-04-02 22:50:00,1.938077927,0.0,0.0,418.0,22.78000069,0.0,0
2023-04-02 22:55:00,1.914641023,0.0,0.0,418.0,22.81999969,0.0,0
2023-04-02 23:00:00,1.959495425,0.0,0.0,418.0,22.70000076,0.0,0
2023-04-02 23:05:00,1.907723904,0.0,0.0,418.0,22.78000069,0.0,0
2023-04-02 23:10:00,1.902893543,0.0,0.0,418.0,22.57999992,0.0,0
2023-04-02 23:15:00,1.885935426,0.0,0.0,418.0,22.57999992,0.0,0
2023-04-02 23:20:00,1.871884346,0.0,0.0,418.0,22.55999947,0.0,0
2023-04-02 23:25:00,1.956376672,0.0,0.0,418.0,22.54000092,0.0,0
2023-04-02 23:30:00,1.906175256,0.0,0.0,418.0,22.65999985,0.0,0
2023-04-02 23:35:00,1.937731624,0.0,0.0,418.0,22.65999985,0.0,0
2023-04-02 23:40:00,1.934684038,0.0,0.0,418.0,22.78000069,0.0,0
2023-04-02 23:45:00,1.960716963,0.0,0.0,418.0,22.46999931,0.0,0
2023-04-02 23:50:00,1.957322598,0.0,0.0,418.0,22.54000092,0.0,0
2023-04-02 23:55:00,1.987172842,0.0,0.0,418.0,22.54000092,0.0,0
2023-04-03 00:00:00,1.995841503,0.0,0.0,418.0,22.44000053,0.0,0
2023-04-03 00:05:00,2.005157948,0.0,0.0,418.0,22.48999977,0.0,0
2023-04-03 00:10:00,1.939247727,0.0,0.0,418.0,22.39999962,0.0,0
2023-04-03 00:15:00,1.99821651,0.0,0.0,418.0,22.51000023,0.0,0
2023-04-03 00:20:00,1.959939838,0.0,0.0,418.0,22.48999977,0.0,0
2023-04-03 00:25:00,1.986270189,0.0,0.0,418.0,22.32999992,0.0,0
2023-04-03 00:30:00,1.994151712,0.0,0.0,418.0,22.42000008,0.0,0
2023-04-03 00:35:00,2.00728178,0.0,0.0,418.0,22.46999931,0.0,0
2023-04-03 00:40:00,2.053529978,0.0,0.0,418.0,22.39999962,0.0,0
2023-04-03 00:45:00,1.9338094,0.0,0.0,418.0,22.37999916,0.0,0
2023-04-03 00:50:00,1.951943517,0.0,0.0,418.0,22.32999992,0.0,0
2023-04-03 00:55:00,1.968255162,0.0,0.0,418.0,22.32999992,0.0,0
2023-04-03 01:00:00,1.981645465,0.0,0.0,418.0,22.35000038,0.0,0
2023-04-03 01:05:00,1.941478968,0.0,0.0,418.0,22.29000092,0.0,0
2023-04-03 01:10:00,2.023596764,0.0,0.0,418.0,22.30999947,0.0,0
2023-04-03 01:15:00,1.923523426,0.0,0.0,418.0,22.29000092,0.0,0
2023-04-03 01:20:00,1.94069922,0.0,0.0,418.0,22.17000008,0.0,0
2023-04-03 01:25:00,1.998012781,0.0,0.0,418.0,22.29000092,0.0,0
2023-04-03 01:30:00,1.903205872,0.0,0.0,418.0,22.26000023,0.0,0
2023-04-03 01:35:00,1.940470696,0.0,0.0,418.0,22.23999977,0.0,0
2023-04-03 01:40:00,1.937226892,0.0,0.0,418.0,22.21999931,0.0,0
2023-04-03 01:45:00,1.911156178,0.0,0.0,418.0,22.21999931,0.0,0
2023-04-03 01:50:00,1.910114646,0.0,0.0,418.0,22.17000008,0.0,0
2023-04-03 01:55:00,1.925787926,0.0,0.0,418.0,22.14999962,0.0,0
2023-04-03 02:00:00,1.931143999,0.0,0.0,418.0,22.10000038,0.0,0
2023-04-03 02:05:00,1.961495519,0.0,0.0,418.0,22.17000008,0.0,0
2023-04-03 02:10:00,1.918717027,0.0,0.0,418.0,22.01000023,0.0,0
2023-04-03 02:15:00,1.953448653,0.0,0.0,418.0,22.12999916,0.0,0
2023-04-03 02:20:00,1.961197972,0.0,0.0,418.0,22.12999916,0.0,0
2023-04-03 02:25:00,1.923963189,0.0,0.0,418.0,22.10000038,0.0,0
2023-04-03 02:30:00,1.91964829,0.0,0.0,418.0,22.04000092,0.0,0
2023-04-03 02:35:00,1.99443543,0.0,0.0,418.0,22.04000092,0.0,0
2023-04-03 02:40:00,2.019554377,0.0,0.0,418.0,21.96999931,0.0,0
2023-04-03 02:45:00,2.004132509,0.0,0.0,418.0,22.10000038,0.0,0
2023-04-03 02:50:00,2.053839922,0.0,0.0,418.0,22.05999947,0.0,0
2023-04-03 02:55:00,2.012540817,0.0,0.0,418.0,21.95000076,0.0,0
2023-04-03 03:00:00,2.048745155,0.0,0.0,418.0,22.07999992,0.0,0
2023-04-03 03:05:00,1.968651176,0.0,0.0,418.0,22.04000092,0.0,0
2023-04-03 03:10:00,1.954958677,0.0,0.0,418.0,21.95000076,0.0,0
2023-04-03 03:15:00,1.984364986,0.0,0.0,418.0,21.96999931,0.0,0
2023-04-03 03:20:00,2.099855185,0.0,0.0,418.0,21.85000038,0.0,0
2023-04-03 03:25:00,1.987465501,0.0,0.0,418.0,21.87000084,0.0,0
2023-04-03 03:30:00,1.981209874,0.0,0.0,418.0,21.92000008,0.0,0
2023-04-03 03:35:00,2.06209302,0.0,0.0,418.0,21.92000008,0.0,0
2023-04-03 03:40:00,1.976565719,0.0,0.0,418.0,21.92000008,0.0,0
2023-04-03 03:45:00,2.075018883,0.0,0.0,418.0,21.98999977,0.0,0
2023-04-03 03:50:00,1.985912204,0.0,0.0,418.0,21.96999931,0.0,0
2023-04-03 03:55:00,1.901075721,0.0,0.0,418.0,22.01000023,0.0,0
2023-04-03 04:00:00,1.949381828,0.0,0.0,418.0,21.92000008,0.0,0
2023-04-03 04:05:00,1.972911716,0.0,0.0,418.0,21.75,0.0,0
2023-04-03 04:10:00,2.007681847,0.0,0.0,418.0,21.78000069,0.0,0
2023-04-03 04:15:00,1.956836462,0.0,0.0,418.0,21.89999962,0.0,0
2023-04-03 04:20:00,1.93147254,0.0,0.0,418.0,21.82999992,0.0,0
2023-04-03 04:25:00,1.940879583,0.0,0.0,418.0,21.85000038,0.0,0
2023-04-03 04:30:00,1.94718802,0.0,0.0,418.0,21.82999992,0.0,0
2023-04-03 04:35:00,1.962786436,0.0,0.0,418.0,21.87000084,0.0,0
2023-04-03 04:40:00,1.936135888,0.0,0.0,418.0,21.89999962,0.0,0
2023-04-03 04:45:00,1.915589452,0.0,0.0,418.0,21.96999931,0.0,0
2023-04-03 04:50:00,1.946942687,0.0,0.0,418.0,21.78000069,0.0,0
2023-04-03 04:55:00,1.863322973,0.0,0.0,418.0,21.85000038,0.0,0
2023-04-03 05:00:00,1.895276785,0.0,0.0,418.0,21.82999992,0.0,0
2023-04-03 05:05:00,1.925365806,0.0,0.0,418.0,21.85000038,0.0,0
2023-04-03 05:10:00,1.918998599,0.0,0.0,418.0,21.75,0.0,0
2023-04-03 05:15:00,1.957152247,0.0,0.0,418.0,21.85000038,0.0,0
2023-04-03 05:20:00,2.012785912,0.0,0.0,418.0,21.96999931,0.0,0
2023-04-03 05:25:00,1.981304646,0.0,0.0,418.0,21.75,0.0,0
2023-04-03 05:30:00,2.01782465,0.0,0.0,418.0,21.75,0.0,0
2023-04-03 05:35:00,1.977382302,0.0,0.0,418.0,21.79999924,0.0,0
2023-04-03 05:40:00,1.966482878,0.0,0.0,418.0,21.70999908,0.0,0
2023-04-03 05:45:00,1.975534439,0.0,0.0,418.0,21.75,0.0,0
2023-04-03 05:50:00,2.013277054,0.0,0.0,418.0,21.82999992,0.0,0
2023-04-03 05:55:00,1.940115571,0.0,0.0,418.0,21.79999924,0.0,0
2023-04-03 06:00:00,1.927572966,0.0,0.0,418.0,21.78000069,0.0,0
2023-04-03 06:05:00,1.975913644,0.0,0.0,418.0,21.79999924,0.0,0
2023-04-03 06:10:00,1.954190612,0.0,0.0,418.0,21.70999908,0.0,0
2023-04-03 06:15:00,1.94286871,0.0,0.0,418.0,21.68000031,0.0,0
2023-04-03 06:20:00,1.971968055,0.0,0.0,418.0,21.70999908,0.0,0
2023-04-03 06:25:00,1.978878737,0.0,0.0,418.0,21.68000031,0.0,0
2023-04-03 06:30:00,1.986938953,0.0,0.0,418.0,21.68000031,0.0,0
2023-04-03 06:35:00,1.951367259,0.0,0.0,418.0,21.79999924,0.0,0
2023-04-03 06:40:00,1.9780792,0.0,0.0,418.0,21.70999908,0.0,0
2023-04-03 06:45:00,1.967272401,0.0,0.0,418.0,21.72999954,0.0,0
2023-04-03 06:50:00,2.247615576,0.0,0.0,418.0,21.70999908,0.0,0
2023-04-03 06:55:00,2.678806305,0.0,0.0,418.0,21.55999947,0.0,0
2023-04-03 07:00:00,3.58115387,0.0,0.0,418.0,21.59000015,0.0,0
2023-04-03 07:05:00,4.371195316,0.0,0.0,418.0,21.61000061,0.0,0
2023-04-03 07:10:00,5.265732288,0.0,0.0,418.0,21.62999916,0.0,0
2023-04-03 07:15:00,6.406935215,0.0,0.0,418.0,21.65999985,0.0,0
2023-04-03 07:20:00,7.468336105,0.0,0.0,418.0,21.62999916,0.0,0
2023-04-03 07:25:00,8.416714668,0.0,0.0,418.0,21.70999908,0.0,0
2023-04-03 07:30:00,9.534098625,0.0,0.0,418.0,21.65999985,0.0,0
2023-04-03 07:35:00,10.84175396,0.0,0.0,418.0,21.62999916,0.0,0
2023-04-03 07:40:00,11.55453587,0.0,0.0,418.0,21.59000015,0.0,0
2023-04-03 07:45:00,12.62083054,0.0,0.0,418.0,21.62999916,0.0,0
2023-04-03 07:50:00,13.72807026,0.0,0.0,418.0,21.68000031,0.0,0
2023-04-03 07:55:00,14.3501215,0.0,0.0,418.0,21.55999947,0.0,0
2023-04-03 08:00:00,15.26589394,0.0,0.0,418.0,22.04000092,0.0,0
2023-04-03 08:05:00,16.08329201,0.0,0.0,418.0,22.01000023,0.0,0
2023-04-03 08:10:00,16.72809029,0.0,0.0,418.0,21.70999908,0.0,0
2023-04-03 08:15:00,17.37340736,0.0,0.0,418.0,21.72999954,0.0,0
2023-04-03 08:20:00,17.89971924,0.0,0.0,418.0,21.68000031,0.0,0
2023-04-03 08:25:00,18.16760826,0.0,0.0,418.0,21.62999916,0.0,0
2023-04-03 08:30:00,18.23138046,0.0,0.0,485.0,21.78000069,0.0,1
2023-04-03 08:35:00,18.56547165,0.0,0.0,485.0,21.62999916,0.0,1
2023-04-03 08:40:00,19.20268822,0.0,0.0,485.0,21.70999908,0.0,1
2023-04-03 08:45:00,19.59260178,0.0,0.0,485.0,21.65999985,0.0,1
2023-04-03 08:50:00,19.74629593,0.0,0.0,485.0,21.79999924,0.0,1
2023-04-03 08:55:00,19.94431496,0.0,0.0,485.0,21.82999992,0.0,1
2023-04-03 09:00:00,19.72514343,0.0,0.0,485.0,21.79999924,0.0,1
2023-04-03 09:05:00,20.57294464,0.0,0.0,485.0,21.75,0.0,1
2023-04-03 09:10:00,21.47758675,0.0,0.0,485.0,21.79999924,0.0,1
2023-04-03 09:15:00,22.30394554,0.0,0.0,549.0,21.75,0.0,1
2023-04-03 09:20:00,22.57807922,0.0,0.0,499.0,21.72999954,0.0,1
2023-04-03 09:25:00,23.32087326,0.0,0.0,499.0,21.79999924,0.0,1
2023-04-03 09:30:00,23.36888504,0.0,0.0,499.0,21.78000069,0.0,1
2023-04-03 09:35:00,23.71395493,0.0,0.0,499.0,21.72999954,0.0,1
2023-04-03 09:40:00,23.20239258,0.0,0.0,499.0,21.70999908,0.0,1
2023-04-03 09:45:00,22.02593613,0.0,0.0,549.0,21.72999954,0.0,1
2023-04-03 09:50:00,22.16796875,0.0,0.0,499.0,21.78000069,0.0,1
2023-04-03 09:55:00,22.30262756,0.0,0.0,549.0,21.79999924,0.0,1
2023-04-03 10:00:00,92.74150848,0.0,8.0,599.0,21.98999977,0.0,1
2023-04-03 10:05:00,115.635994,0.0,0.0,649.0,22.05999947,0.0,1
2023-04-03 10:10:00,121.5335617,0.0,0.0,649.0,22.10000038,0.0,1
2023-04-03 10:15:00,123.583786,0.0,1.0,599.0,22.17000008,0.0,1
2023-04-03 10:20:00,124.1492767,0.0,1.0,599.0,22.21999931,0.0,1
2023-04-03 10:25:00,117.5814362,0.0,1.0,599.0,22.14999962,0.0,1
2023-04-03 10:30:00,120.8943787,0.0,1.0,599.0,22.26000023,0.0,1
2023-04-03 10:35:00,32.87598419,0.0,0.0,649.0,22.37999916,0.0,1
2023-04-03 10:40:00,23.22220802,0.0,0.0,649.0,22.32999992,0.0,1
2023-04-03 10:45:00,22.54309273,0.0,0.0,649.0,22.46999931,0.0,1
2023-04-03 10:50:00,22.50069237,0.0,0.0,649.0,22.21999931,0.0,1
2023-04-03 10:55:00,22.60844231,0.0,0.0,649.0,22.07999992,0.0,1
2023-04-03 11:00:00,22.52967072,0.0,0.0,649.0,22.29000092,0.0,1
2023-04-03 11:05:00,22.37199783,0.0,0.0,599.0,22.14999962,0.0,1
2023-04-03 11:10:00,21.35682869,0.0,0.0,599.0,22.12999916,0.0,1
2023-04-03 11:15:00,21.73469925,0.0,0.0,599.0,22.19000053,0.0,1
2023-04-03 11:20:00,22.31281662,0.0,0.0,599.0,22.05999947,0.0,1
2023-04-03 11:25:00,22.17584991,0.0,0.0,599.0,21.96999931,0.0,1
2023-04-03 11:30:00,21.45579147,0.0,0.0,599.0,21.96999931,0.0,1
2023-04-03 11:35:00,21.90647125,0.0,0.0,599.0,21.78000069,0.0,1
2023-04-03 11:40:00,22.08683014,0.0,0.0,599.0,22.04000092,0.0,1
2023-04-03 11:45:00,22.08606529,0.0,0.0,599.0,22.07999992,0.0,1
2023-04-03 11:50:00,22.14767456,0.0,0.0,599.0,21.87000084,0.0,1
2023-04-03 11:55:00,22.27634239,0.0,0.0,549.0,22.21999931,0.0,1
2023-04-03 12:00:00,22.29328346,0.0,0.0,599.0,22.05999947,0.0,1
2023-04-03 12:05:00,22.23197937,0.0,0.0,599.0,21.92000008,0.0,1
2023-04-03 12:10:00,22.30983925,0.0,0.0,600.0,22.30999947,0.0,1
2023-04-03 12:15:00,22.32121277,0.0,0.0,600.0,22.19000053,0.0,1
2023-04-03 12:20:00,22.48708916,0.0,0.0,600.0,22.17000008,0.0,1
2023-04-03 12:25:00,22.83641624,0.0,0.0,640.0,22.14999962,0.0,1
2023-04-03 12:30:00,22.94756508,0.0,0.0,589.0,21.79999924,0.0,1
2023-04-03 12:35:00,22.79401398,0.0,0.0,488.0,21.78000069,0.0,1
2023-04-03 12:40:00,23.13616371,0.0,0.0,538.0,21.96999931,0.0,1
2023-04-03 12:45:00,23.38720703,0.0,0.0,537.0,21.82999992,0.0,1
2023-04-03 12:50:00,23.88129616,0.0,0.0,637.0,21.96999931,0.0,1
2023-04-03 12:55:00,25.08746147,0.0,0.0,587.0,21.96999931,0.0,1
2023-04-03 13:00:00,25.82830048,0.0,0.0,587.0,21.92000008,0.0,1
2023-04-03 13:05:00,24.44540977,0.0,0.0,587.0,21.85000038,0.0,1
2023-04-03 13:10:00,23.47027969,0.0,0.0,587.0,21.78000069,0.0,1
2023-04-03 13:15:00,25.3482914,0.0,0.0,587.0,21.72999954,0.0,1
2023-04-03 13:20:00,26.37738609,0.0,0.0,637.0,21.87000084,0.0,1
2023-04-03 13:25:00,25.42531013,0.0,0.0,637.0,21.98999977,0.0,1
2023-04-03 13:30:00,25.50625229,0.0,0.0,587.0,21.79999924,0.0,1
2023-04-03 13:35:00,26.46840096,0.0,0.0,537.0,21.79999924,0.0,1
2023-04-03 13:40:00,26.66238022,0.0,0.0,587.0,21.95000076,0.0,1
2023-04-03 13:45:00,26.82054901,0.0,0.0,587.0,21.92000008,0.0,1
2023-04-03 13:50:00,27.2754879,0.0,0.0,587.0,21.79999924,0.0,1
2023-04-03 13:55:00,27.69396019,0.0,0.0,587.0,21.92000008,0.0,1
2023-04-03 14:00:00,27.47340584,0.0,0.0,537.0,21.98999977,0.0,1
2023-04-03 14:05:00,27.45124626,0.0,0.0,588.0,21.82999992,0.0,1
2023-04-03 14:10:00,28.15925407,0.0,0.0,488.0,21.89999962,0.0,1
2023-04-03 14:15:00,29.43145752,0.0,0.0,538.0,21.85000038,0.0,1
2023-04-03 14:20:00,30.85269165,0.0,0.0,588.0,22.10000038,0.0,1
2023-04-03 14:25:00,32.47413635,0.0,0.0,588.0,21.98999977,0.0,1
2023-04-03 14:30:00,32.30032349,0.0,0.0,538.0,21.87000084,0.0,1
2023-04-03 14:35:00,35.15319824,0.0,0.0,538.0,21.82999992,0.0,1
2023-04-03 14:40:00,36.49068069,0.0,0.0,588.0,21.96999931,0.0,1
2023-04-03 14:45:00,37.71201706,0.0,0.0,538.0,21.82999992,0.0,1
2023-04-03 14:50:00,37.86480331,0.0,0.0,488.0,21.85000038,0.0,1
2023-04-03 14:55:00,38.4956131,0.0,0.0,538.0,21.89999962,0.0,1
2023-04-03 15:00:00,39.66790009,0.0,0.0,538.0,21.79999924,0.0,1
2023-04-03 15:05:00,41.90800858,0.0,0.0,488.0,21.89999962,0.0,1
2023-04-03 15:10:00,44.5806427,0.0,0.0,588.0,22.19000053,0.0,1
2023-04-03 15:15:00,47.44670105,0.0,0.0,538.0,21.95000076,0.0,1
2023-04-03 15:20:00,50.38499451,0.0,0.0,488.0,22.14999962,0.0,1
2023-04-03 15:25:00,52.92235184,0.0,0.0,538.0,22.01000023,0.0,1
2023-04-03 15:30:00,55.95835876,0.0,0.0,488.0,21.96999931,0.0,1
2023-04-03 15:35:00,58.8413887,0.0,0.0,488.0,22.21999931,0.0,1
2023-04-03 15:40:00,61.70026779,0.0,0.0,588.0,22.37999916,0.0,1
2023-04-03 15:45:00,64.02832794,0.0,0.0,638.0,22.48999977,0.0,1
2023-04-03 15:50:00,68.02207947,0.0,0.0,589.0,22.48999977,0.0,1
2023-04-03 15:55:00,70.78469849,0.0,0.0,639.0,22.87000084,0.0,1
2023-04-03 16:00:00,72.15141296,0.0,0.0,588.0,22.57999992,0.0,1
2023-04-03 16:05:00,76.32056427,0.0,0.0,588.0,22.54000092,0.0,1
2023-04-03 16:10:00,79.23542786,0.0,0.0,633.0,22.81999969,0.0,1
2023-04-03 16:15:00,75.57016754,0.0,0.0,583.0,22.32999992,0.0,1
2023-04-03 16:20:00,67.62853241,0.0,0.0,533.0,22.37999916,0.0,1
2023-04-03 16:25:00,49.49679947,0.0,0.0,533.0,22.57999992,0.0,1
2023-04-03 16:30:00,48.47238922,0.0,0.0,533.0,22.55999947,0.0,1
2023-04-03 16:35:00,44.77368546,0.0,0.0,533.0,22.57999992,0.0,1
2023-04-03 16:40:00,75.62818909,0.0,0.0,533.0,22.61000061,0.0,1
2023-04-03 16:45:00,91.25013733,0.0,0.0,533.0,22.57999992,0.0,1
2023-04-03 16:50:00,107.0035248,0.0,0.0,533.0,22.62999916,0.0,1
2023-04-03 16:55:00,152.4897308,0.0,0.0,533.0,22.68000031,0.0,1
2023-04-03 17:00:00,124.8865891,0.0,0.0,533.0,22.68000031,0.0,1
2023-04-03 17:05:00,93.80459595,0.0,0.0,533.0,22.79999924,0.0,1
2023-04-03 17:10:00,54.25212479,0.0,0.0,533.0,22.75,0.0,1
2023-04-03 17:15:00,50.3026886,0.0,0.0,533.0,22.92000008,0.0,1
2023-04-03 17:20:00,40.47093582,0.0,0.0,533.0,22.92000008,0.0,1
2023-04-03 17:25:00,38.24799347,0.0,0.0,533.0,22.87000084,0.0,1
2023-04-03 17:30:00,46.39404678,0.0,0.0,533.0,22.89999962,0.0,1
2023-04-03 17:35:00,50.31957245,0.0,0.0,533.0,22.89999962,0.0,1
2023-04-03 17:40:00,101.3218155,0.0,0.0,533.0,22.81999969,0.0,1
2023-04-03 17:45:00,223.0947876,0.0,0.0,533.0,23.04000092,0.0,1
2023-04-03 17:50:00,199.3952179,0.0,0.0,533.0,22.96999931,0.0,1
2023-04-03 17:55:00,191.7792969,0.0,0.0,533.0,22.92000008,0.0,1
2023-04-03 18:00:00,210.8479309,0.0,0.0,533.0,22.98999977,0.0,1
2023-04-03 18:05:00,218.5370331,0.0,0.0,533.0,23.05999947,0.0,1
2023-04-03 18:10:00,194.9557953,0.0,0.0,533.0,23.20000076,0.0,1
2023-04-03 18:15:00,200.6306,0.0,0.0,533.0,23.04000092,0.0,1
2023-04-03 18:20:00,194.8370056,0.0,0.0,533.0,23.18000031,0.0,1
2023-04-03 18:25:00,164.9364929,0.0,0.0,533.0,23.20000076,0.0,1
2023-04-03 18:30:00,105.1691208,0.0,0.0,533.0,23.18000031,0.0,1
2023-04-03 18:35:00,86.6749649,0.0,0.0,533.0,23.27000046,0.0,1
2023-04-03 18:40:00,74.35245514,0.0,0.0,533.0,23.22999954,0.0,1
2023-04-03 18:45:00,65.37283325,0.0,0.0,533.0,23.22999954,0.0,1
2023-04-03 18:50:00,58.47756958,0.0,0.0,533.0,23.36000061,0.0,1
2023-04-03 18:55:00,40.67025757,0.0,0.0,533.0,23.20000076,0.0,1
2023-04-03 19:00:00,29.81788063,0.0,0.0,533.0,23.20000076,0.0,1
2023-04-03 19:05:00,23.26659393,0.0,0.0,533.0,23.11000061,0.0,1
2023-04-03 19:10:00,18.91029167,0.0,0.0,533.0,23.09000015,0.0,1
2023-04-03 19:15:00,16.66601372,0.0,0.0,533.0,23.09000015,0.0,1
2023-04-03 19:20:00,14.40798855,0.0,0.0,533.0,23.04000092,0.0,1
2023-04-03 19:25:00,11.78771687,0.0,0.0,533.0,23.15999985,0.0,1
2023-04-03 19:30:00,9.747340202,0.0,0.0,533.0,23.04000092,0.0,1
2023-04-03 19:35:00,8.00965786,0.0,0.0,533.0,23.13999939,0.0,1
2023-04-03 19:40:00,6.590232849,0.0,0.0,533.0,23.02000046,0.0,1
2023-04-03 19:45:00,7.271300793,0.0,0.0,533.0,22.92000008,0.0,1
2023-04-03 19:50:00,5.227688789,0.0,0.0,533.0,23.02000046,0.0,1
2023-04-03 19:55:00,3.084876299,0.0,0.0,533.0,23.11000061,0.0,1
2023-04-03 20:00:00,2.21681118,0.0,0.0,533.0,23.02000046,0.0,1
2023-04-03 20:05:00,1.988002062,0.0,0.0,533.0,22.92000008,0.0,1
2023-04-03 20:10:00,2.011489153,0.0,0.0,533.0,23.02000046,0.0,1
2023-04-03 20:15:00,1.877682447,0.0,0.0,533.0,22.87000084,0.0,1
2023-04-03 20:20:00,1.973821402,0.0,0.0,533.0,22.85000038,0.0,1
2023-04-03 20:25:00,1.974537015,0.0,0.0,533.0,22.79999924,0.0,1
2023-04-03 20:30:00,1.900026798,0.0,0.0,533.0,22.87000084,0.0,1
2023-04-03 20:35:00,1.889597654,0.0,0.0,533.0,22.98999977,0.0,1
2023-04-03 20:40:00,1.897838354,0.0,0.0,533.0,22.68000031,0.0,1
2023-04-03 20:45:00,1.912525773,0.0,0.0,533.0,22.85000038,0.0,1
2023-04-03 20:50:00,1.941105247,0.0,0.0,533.0,22.57999992,0.0,1
2023-04-03 20:55:00,1.882804751,0.0,0.0,533.0,22.65999985,0.0,1
2023-04-03 21:00:00,1.945584655,0.0,0.0,533.0,22.62999916,0.0,1
2023-04-03 21:05:00,1.953782082,0.0,0.0,533.0,22.68000031,0.0,1
2023-04-03 21:10:00,1.987730146,0.0,0.0,533.0,22.68000031,0.0,1
2023-04-03 21:15:00,1.936049461,0.0,0.0,533.0,22.54000092,0.0,1
2023-04-03 21:20:00,1.945784211,0.0,0.0,533.0,22.55999947,0.0,1
2023-04-03 21:25:00,1.904911995,0.0,0.0,533.0,22.65999985,0.0,1
2023-04-03 21:30:00,1.858859181,0.0,0.0,533.0,22.46999931,0.0,1
2023-04-03 21:35:00,1.965994954,0.0,0.0,533.0,22.57999992,0.0,1
2023-04-03 21:40:00,1.994374514,0.0,0.0,533.0,22.51000023,0.0,1
2023-04-03 21:45:00,1.971992135,0.0,0.0,533.0,22.39999962,0.0,1
2023-04-03 21:50:00,1.960667253,0.0,0.0,533.0,22.44000053,0.0,1
2023-04-03 21:55:00,1.96141386,0.0,0.0,533.0,22.48999977,0.0,1
2023-04-03 22:00:00,1.939082384,0.0,0.0,533.0,22.54000092,0.0,0
2023-04-03 22:05:00,1.930154443,0.0,0.0,533.0,22.32999992,0.0,0
2023-04-03 22:10:00,1.972941995,0.0,0.0,533.0,22.44000053,0.0,0
2023-04-03 22:15:00,1.931987047,0.0,0.0,533.0,22.44000053,0.0,0
2023-04-03 22:20:00,1.98473382,0.0,0.0,533.0,22.39999962,0.0,0
2023-04-03 22:25:00,1.899881363,0.0,0.0,533.0,22.35000038,0.0,0
2023-04-03 22:30:00,1.928185225,0.0,0.0,533.0,22.35000038,0.0,0
2023-04-03 22:35:00,1.959052444,0.0,0.0,533.0,22.26000023,0.0,0
2023-04-03 22:40:00,2.081133604,0.0,0.0,533.0,22.29000092,0.0,0
2023-04-03 22:45:00,1.981530786,0.0,0.0,533.0,22.32999992,0.0,0
2023-04-03 22:50:00,1.883158565,0.0,0.0,533.0,22.29000092,0.0,0
2023-04-03 22:55:00,1.971476078,0.0,0.0,533.0,22.29000092,0.0,0
2023-04-03 23:00:00,1.930297256,0.0,0.0,533.0,22.21999931,0.0,0
2023-04-03 23:05:00,1.895386219,0.0,0.0,533.0,22.17000008,0.0,0
2023-04-03 23:10:00,1.925163984,0.0,0.0,533.0,22.23999977,0.0,0
2023-04-03 23:15:00,1.938525319,0.0,0.0,533.0,22.14999962,0.0,0
2023-04-03 23:20:00,1.91901207,0.0,0.0,533.0,22.19000053,0.0,0
2023-04-03 23:25:00,1.898402929,0.0,0.0,533.0,22.12999916,0.0,0
2023-04-03 23:30:00,1.92312026,0.0,0.0,533.0,22.14999962,0.0,0
2023-04-03 23:35:00,1.981413841,0.0,0.0,533.0,22.29000092,0.0,0
2023-04-03 23:40:00,1.929234743,0.0,0.0,533.0,22.17000008,0.0,0
2023-04-03 23:45:00,1.92678833,0.0,0.0,533.0,22.12999916,0.0,0
2023-04-03 23:50:00,1.976708293,0.0,0.0,533.0,22.14999962,0.0,0
2023-04-03 23:55:00,2.002874136,0.0,0.0,533.0,22.21999931,0.0,0
2023-04-04 00:00:00,1.913392305,0.0,0.0,533.0,22.19000053,0.0,0
2023-04-04 00:05:00,1.952532291,0.0,0.0,533.0,22.14999962,0.0,0
2023-04-04 00:10:00,1.942806363,0.0,0.0,533.0,22.04000092,0.0,0
2023-04-04 00:15:00,1.944749117,0.0,0.0,533.0,22.14999962,0.0,0
2023-04-04 00:20:00,1.991545558,0.0,0.0,533.0,22.10000038,0.0,0
2023-04-04 00:25:00,1.984993696,0.0,0.0,533.0,22.01000023,0.0,0
2023-04-04 00:30:00,1.977278948,0.0,0.0,533.0,22.17000008,0.0,0
2023-04-04 00:35:00,1.934776783,0.0,0.0,533.0,21.98999977,0.0,0
2023-04-04 00:40:00,1.963469982,0.0,0.0,533.0,22.10000038,0.0,0
2023-04-04 00:45:00,1.995782733,0.0,0.0,533.0,21.96999931,0.0,0
2023-04-04 00:50:00,1.990127564,0.0,0.0,533.0,22.05999947,0.0,0
2023-04-04 00:55:00,2.040411711,0.0,0.0,533.0,22.07999992,0.0,0
2023-04-04 01:00:00,1.976624131,0.0,0.0,533.0,22.04000092,0.0,0
2023-04-04 01:05:00,1.955524325,0.0,0.0,533.0,22.01000023,0.0,0
2023-04-04 01:10:00,1.984910488,0.0,0.0,533.0,22.01000023,0.0,0
2023-04-04 01:15:00,1.94294405,0.0,0.0,533.0,21.98999977,0.0,0
2023-04-04 01:20:00,1.985164523,0.0,0.0,533.0,21.96999931,0.0,0
2023-04-04 01:25:00,1.951060653,0.0,0.0,533.0,21.98999977,0.0,0
2023-04-04 01:30:00,1.925449371,0.0,0.0,533.0,21.98999977,0.0,0
2023-04-04 01:35:00,1.888967514,0.0,0.0,533.0,22.04000092,0.0,0
2023-04-04 01:40:00,1.914588809,0.0,0.0,533.0,22.01000023,0.0,0
2023-04-04 01:45:00,1.886714578,0.0,0.0,533.0,21.95000076,0.0,0
2023-04-04 01:50:00,1.921283245,0.0,0.0,533.0,21.95000076,0.0,0
2023-04-04 01:55:00,1.923262835,0.0,0.0,533.0,21.89999962,0.0,0
2023-04-04 02:00:00,1.939540029,0.0,0.0,533.0,22.01000023,0.0,0
2023-04-04 02:05:00,1.904071927,0.0,0.0,533.0,21.85000038,0.0,0
2023-04-04 02:10:00,1.912467718,0.0,0.0,483.0,21.79999924,0.0,0
2023-04-04 02:15:00,1.940864921,0.0,0.0,483.0,21.87000084,0.0,0
2023-04-04 02:20:00,1.936758399,0.0,0.0,483.0,21.92000008,0.0,0
2023-04-04 02:25:00,1.938223124,0.0,0.0,483.0,21.85000038,0.0,0
2023-04-04 02:30:00,1.912542701,0.0,0.0,483.0,22.07999992,0.0,0
2023-04-04 02:35:00,1.924714565,0.0,0.0,483.0,21.85000038,0.0,0
2023-04-04 02:40:00,1.927730322,0.0,0.0,483.0,21.78000069,0.0,0
2023-04-04 02:45:00,1.972960234,0.0,0.0,483.0,21.85000038,0.0,0
2023-04-04 02:50:00,1.986027837,0.0,0.0,483.0,21.82999992,0.0,0
2023-04-04 02:55:00,1.938111305,0.0,0.0,483.0,21.96999931,0.0,0
2023-04-04 03:00:00,1.975438118,0.0,0.0,483.0,21.85000038,0.0,0
2023-04-04 03:05:00,1.983043551,0.0,0.0,483.0,21.87000084,0.0,0
2023-04-04 03:10:00,2.041854143,0.0,0.0,483.0,21.89999962,0.0,0
2023-04-04 03:15:00,1.976117611,0.0,0.0,483.0,21.89999962,0.0,0
2023-04-04 03:20:00,2.035464764,0.0,0.0,483.0,21.79999924,0.0,0
2023-04-04 03:25:00,1.974918127,0.0,0.0,483.0,21.68000031,0.0,0
2023-04-04 03:30:00,1.975206137,0.0,0.0,483.0,21.72999954,0.0,0
2023-04-04 03:35:00,1.9694314,0.0,0.0,483.0,21.78000069,0.0,0
2023-04-04 03:40:00,1.93943584,0.0,0.0,483.0,21.75,0.0,0
2023-04-04 03:45:00,1.951002121,0.0,0.0,483.0,21.78000069,0.0,0
2023-04-04 03:50:00,1.95555985,0.0,0.0,483.0,21.79999924,0.0,0
2023-04-04 03:55:00,1.957004428,0.0,0.0,483.0,21.72999954,0.0,0
2023-04-04 04:00:00,1.958690286,0.0,0.0,483.0,21.78000069,0.0,0
2023-04-04 04:05:00,1.94806385,0.0,0.0,483.0,21.87000084,0.0,0
2023-04-04 04:10:00,1.893440962,0.0,0.0,483.0,21.70999908,0.0,0
2023-04-04 04:15:00,1.914849281,0.0,0.0,483.0,21.87000084,0.0,0
2023-04-04 04:20:00,1.89883852,0.0,0.0,483.0,21.78000069,0.0,0
2023-04-04 04:25:00,1.924943328,0.0,0.0,483.0,21.75,0.0,0
2023-04-04 04:30:00,1.909398317,0.0,0.0,483.0,21.68000031,0.0,0
2023-04-04 04:35:00,1.904293418,0.0,0.0,483.0,21.65999985,0.0,0
2023-04-04 04:40:00,1.913721919,0.0,0.0,483.0,21.70999908,0.0,0
2023-04-04 04:45:00,1.977923751,0.0,0.0,483.0,21.68000031,0.0,0
2023-04-04 04:50:00,1.913813829,0.0,0.0,483.0,21.78000069,0.0,0
2023-04-04 04:55:00,1.937998295,0.0,0.0,483.0,21.62999916,0.0,0
2023-04-04 05:00:00,1.85273242,0.0,0.0,483.0,21.72999954,0.0,0
2023-04-04 05:05:00,1.937925696,0.0,0.0,483.0,21.78000069,0.0,0
2023-04-04 05:10:00,1.876513124,0.0,0.0,483.0,21.62999916,0.0,0
2023-04-04 05:15:00,1.981679797,0.0,0.0,483.0,21.70999908,0.0,0
2023-04-04 05:20:00,1.935940981,0.0,0.0,483.0,21.54000092,0.0,0
2023-04-04 05:25:00,1.929633141,0.0,0.0,483.0,21.68000031,0.0,0
2023-04-04 05:30:00,1.91746068,0.0,0.0,483.0,21.72999954,0.0,0
2023-04-04 05:35:00,2.020673513,0.0,0.0,483.0,21.55999947,0.0,0
2023-04-04 05:40:00,1.961347342,0.0,0.0,483.0,21.65999985,0.0,0
2023-04-04 05:45:00,2.071914673,0.0,0.0,483.0,21.59000015,0.0,0
2023-04-04 05:50:00,1.967975855,0.0,0.0,483.0,21.54000092,0.0,0
2023-04-04 05:55:00,2.010547876,0.0,0.0,483.0,21.62999916,0.0,0
2023-04-04 06:00:00,1.957272768,0.0,0.0,483.0,21.59000015,0.0,0
2023-04-04 06:05:00,1.953803301,0.0,0.0,483.0,21.59000015,0.0,0
2023-04-04 06:10:00,1.98674047,0.0,0.0,483.0,21.59000015,0.0,0
2023-04-04 06:15:00,1.942772746,0.0,0.0,483.0,21.48999977,0.0,0
2023-04-04 06:20:00,1.951875091,0.0,0.0,483.0,21.59000015,0.0,0
2023-04-04 06:25:00,2.017606497,0.0,0.0,483.0,21.51000023,0.0,0
2023-04-04 06:30:00,1.935825467,0.0,0.0,483.0,21.65999985,0.0,0
2023-04-04 06:35:00,1.911588907,0.0,0.0,483.0,21.46999931,0.0,0
2023-04-04 06:40:00,1.943633199,0.0,0.0,483.0,21.70999908,0.0,0
2023-04-04 06:45:00,1.959934115,0.0,0.0,483.0,21.38999939,0.0,0
2023-04-04 06:50:00,1.975997686,0.0,0.0,483.0,21.54000092,0.0,0
2023-04-04 06:55:00,2.085571766,0.0,0.0,483.0,21.61000061,0.0,0
2023-04-04 07:00:00,2.432906628,0.0,0.0,483.0,21.51000023,0.0,1
2023-04-04 07:05:00,2.750463963,0.0,0.0,483.0,21.59000015,0.0,1
2023-04-04 07:10:00,3.422193766,0.0,0.0,483.0,21.54000092,0.0,1
2023-04-04 07:15:00,3.917818785,0.0,0.0,483.0,21.61000061,0.0,1
2023-04-04 07:20:00,4.511382103,0.0,0.0,483.0,21.42000008,0.0,1
2023-04-04 07:25:00,5.027275085,0.0,0.0,483.0,21.48999977,0.0,1
2023-04-04 07:30:00,5.394341469,0.0,0.0,483.0,21.48999977,0.0,1
2023-04-04 07:35:00,6.073440552,0.0,0.0,483.0,21.51000023,0.0,1
2023-04-04 07:40:00,6.635014057,0.0,0.0,483.0,21.51000023,0.0,1
2023-04-04 07:45:00,6.82869482,0.0,0.0,483.0,21.54000092,0.0,1
2023-04-04 07:50:00,7.006834984,0.0,0.0,483.0,21.42000008,0.0,1
2023-04-04 07:55:00,7.633995533,0.0,0.0,483.0,21.48999977,0.0,1
2023-04-04 08:00:00,8.055936813,0.0,0.0,483.0,21.92000008,0.0,1
2023-04-04 08:05:00,8.490463257,0.0,0.0,483.0,21.72999954,0.0,1
2023-04-04 08:10:00,9.407295227,0.0,0.0,483.0,21.59000015,0.0,1
2023-04-04 08:15:00,9.795928955,0.0,0.0,483.0,21.51000023,0.0,1
2023-04-04 08:20:00,10.6366148,0.0,0.0,483.0,21.48999977,0.0,1
2023-04-04 08:25:00,11.03701878,0.0,0.0,483.0,21.48999977,0.0,1
2023-04-04 08:30:00,11.89767647,0.0,0.0,483.0,21.48999977,0.0,1
2023-04-04 08:35:00,13.20166874,0.0,0.0,483.0,21.55999947,0.0,1
2023-04-04 08:40:00,14.5419817,0.0,0.0,483.0,21.44000053,0.0,1
2023-04-04 08:45:00,15.85062218,0.0,0.0,483.0,21.59000015,0.0,1
2023-04-04 08:50:00,17.46268082,0.0,0.0,483.0,21.59000015,0.0,1
2023-04-04 08:55:00,18.96722412,0.0,0.0,483.0,21.38999939,0.0,1
2023-04-04 09:00:00,20.17341805,0.0,0.0,483.0,21.48999977,0.0,1
2023-04-04 09:05:00,20.8391304,0.0,0.0,483.0,21.51000023,0.0,1
2023-04-04 09:10:00,20.96893692,0.0,0.0,483.0,21.48999977,0.0,1
2023-04-04 09:15:00,21.0611496,0.0,0.0,483.0,21.54000092,0.0,1
2023-04-04 09:20:00,21.08810043,0.0,0.0,483.0,21.38999939,0.0,1
2023-04-04 09:25:00,21.82097244,0.0,0.0,483.0,21.31999969,0.0,1
2023-04-04 09:30:00,22.32278252,0.0,0.0,483.0,21.28000069,0.0,1
2023-04-04 09:35:00,22.31146622,0.0,0.0,483.0,21.31999969,0.0,1
2023-04-04 09:40:00,22.77343559,0.0,0.0,483.0,21.29999924,0.0,1
2023-04-04 09:45:00,24.59217453,0.0,0.0,433.0,21.29999924,0.0,0
2023-04-04 09:50:00,25.24476433,0.0,0.0,433.0,21.10000038,0.0,0
2023-04-04 09:55:00,23.88285828,0.0,0.0,433.0,21.19000053,0.0,0
2023-04-04 10:00:00,24.4766922,0.0,0.0,433.0,21.15999985,0.0,0
2023-04-04 10:05:00,24.97119713,0.0,0.0,433.0,21.35000038,0.0,0
2023-04-04 10:10:00,28.78722191,0.0,3.0,483.0,21.44000053,0.0,1
2023-04-04 10:15:00,30.86081314,0.0,5.0,584.0,21.38999939,0.0,1
2023-04-04 10:20:00,30.47219658,0.0,6.0,684.0,21.95000076,0.0,1
2023-04-04 10:25:00,35.28336716,0.0,5.0,784.0,21.87000084,0.0,1
2023-04-04 10:30:00,33.17784119,0.0,6.0,834.0,21.75,0.0,1
2023-04-04 10:35:00,33.78102493,0.0,5.0,834.0,21.92000008,0.0,1
2023-04-04 10:40:00,35.03654861,0.0,4.0,834.0,21.82999992,0.0,1
2023-04-04 10:45:00,34.75756836,0.0,3.0,834.0,22.14999962,0.0,1
2023-04-04 10:50:00,34.13346481,0.0,5.0,884.0,22.05999947,0.0,1
2023-04-04 10:55:00,34.13249969,0.0,3.0,884.0,22.05999947,0.0,1
2023-04-04 11:00:00,32.75418091,0.0,5.0,884.0,21.92000008,0.0,1
2023-04-04 11:05:00,31.89323998,0.0,6.0,885.0,22.04000092,0.0,1
2023-04-04 11:10:00,31.50299644,0.0,6.0,885.0,22.12999916,0.0,1
2023-04-04 11:15:00,31.57257843,0.0,6.0,885.0,22.55999947,0.0,1
2023-04-04 11:20:00,30.6308403,0.0,5.0,932.0,22.42000008,0.0,1
2023-04-04 11:25:00,29.0156517,0.0,6.0,882.0,22.39999962,0.0,1
2023-04-04 11:30:00,28.20582008,0.0,0.0,732.0,22.46999931,0.0,1
2023-04-04 11:35:00,27.67121696,0.0,0.0,682.0,22.51000023,0.0,1
2023-04-04 11:40:00,27.01677513,0.0,0.0,682.0,22.54000092,0.0,1
2023-04-04 11:45:00,26.76034546,0.0,0.0,682.0,22.61000061,0.0,1
2023-04-04 11:50:00,26.53925323,0.0,0.0,632.0,22.44000053,0.0,1
2023-04-04 11:55:00,26.11548615,0.0,0.0,632.0,22.54000092,0.0,1
2023-04-04 12:00:00,25.64412498,0.0,0.0,632.0,22.55999947,0.0,1
2023-04-04 12:05:00,25.45456696,0.0,0.0,632.0,22.54000092,0.0,1
2023-04-04 12:10:00,25.42951393,0.0,0.0,632.0,22.57999992,0.0,1
2023-04-04 12:15:00,25.72251892,0.0,0.0,632.0,22.55999947,0.0,1
2023-04-04 12:20:00,26.35309792,0.0,0.0,632.0,22.61000061,0.0,1
2023-04-04 12:25:00,26.38956451,0.0,0.0,632.0,22.62999916,0.0,1
2023-04-04 12:30:00,29.47595978,0.0,5.0,682.0,22.68000031,0.0,1
2023-04-04 12:35:00,31.33393288,0.0,5.0,732.0,22.72999954,0.0,1
2023-04-04 12:40:00,32.53399658,0.0,6.0,883.0,22.98999977,0.0,1
2023-04-04 12:45:00,36.03292084,0.0,0.0,782.0,22.72999954,0.0,1
2023-04-04 12:50:00,36.60770416,0.0,0.0,682.0,22.78000069,0.0,1
2023-04-04 12:55:00,84.96619415,0.0,0.0,682.0,22.65999985,0.0,1
2023-04-04 13:00:00,167.5697784,0.0,1.0,682.0,22.89999962,0.0,1
2023-04-04 13:05:00,178.6847382,0.0,0.0,682.0,22.79999924,0.0,1
2023-04-04 13:10:00,172.932724,0.0,1.0,682.0,22.81999969,0.0,1
2023-04-04 13:15:00,181.0922852,0.0,1.0,682.0,22.92000008,0.0,1
2023-04-04 13:20:00,178.7826996,0.0,0.0,682.0,23.02000046,0.0,1
2023-04-04 13:25:00,174.817627,0.0,0.0,631.0,22.92000008,0.0,1
2023-04-04 13:30:00,180.9148865,0.0,0.0,631.0,22.92000008,0.0,1
2023-04-04 13:35:00,180.1117401,0.0,0.0,581.0,22.96999931,0.0,1
2023-04-04 13:40:00,181.7805328,0.0,0.0,581.0,23.02000046,0.0,1
2023-04-04 13:45:00,180.9031677,0.0,0.0,581.0,23.13999939,0.0,1
2023-04-04 13:50:00,96.50801086,0.0,2.0,581.0,22.85000038,0.0,1
2023-04-04 13:55:00,123.857605,0.0,0.0,581.0,23.09000015,0.0,1
2023-04-04 14:00:00,199.1637115,0.0,5.0,681.0,23.22999954,0.0,1
2023-04-04 14:05:00,204.1742706,0.0,7.0,731.0,23.31999969,0.0,1
2023-04-04 14:10:00,202.3536987,0.0,1.0,731.0,23.27000046,0.0,1
2023-04-04 14:15:00,205.6041565,0.0,0.0,630.0,23.20000076,0.0,1
2023-04-04 14:20:00,198.2797394,0.0,0.0,630.0,23.11000061,0.0,1
2023-04-04 14:25:00,202.2714539,0.0,5.0,630.0,23.31999969,0.0,1
2023-04-04 14:30:00,201.5789185,0.0,4.0,680.0,23.34000015,0.0,1
2023-04-04 14:35:00,206.2576752,0.0,3.0,680.0,23.43000031,0.0,1
2023-04-04 14:40:00,201.6908569,0.0,5.0,730.0,23.40999985,0.0,1
2023-04-04 14:45:00,204.2006836,0.0,4.0,730.0,23.47999954,0.0,1
2023-04-04 14:50:00,196.6088104,0.0,4.0,680.0,23.56999969,0.0,1
2023-04-04 14:55:00,188.8784943,0.0,3.0,680.0,23.70000076,0.0,1
2023-04-04 15:00:00,189.8677826,0.0,3.0,680.0,23.77000046,0.0,1
2023-04-04 15:05:00,182.5364685,0.0,4.0,680.0,23.61000061,0.0,1
2023-04-04 15:10:00,170.579361,0.0,2.0,680.0,23.5,0.0,1
2023-04-04 15:15:00,165.9087219,0.0,4.0,680.0,23.61000061,0.0,1
2023-04-04 15:20:00,161.4772491,0.0,4.0,680.0,23.61000061,0.0,1
2023-04-04 15:25:00,157.6308899,0.0,3.0,680.0,23.72999954,0.0,1
2023-04-04 15:30:00,156.4319458,0.0,3.0,680.0,23.68000031,0.0,1
2023-04-04 15:35:00,155.2471008,0.0,3.0,680.0,23.77000046,0.0,1
2023-04-04 15:40:00,148.9750824,0.0,4.0,680.0,23.65999985,0.0,1
2023-04-04 15:45:00,154.5555725,0.0,3.0,680.0,23.65999985,0.0,1
2023-04-04 15:50:00,131.1276093,0.0,3.0,680.0,23.65999985,0.0,1
2023-04-04 15:55:00,136.7665253,0.0,1.0,685.0,23.75,0.0,1
2023-04-04 16:00:00,143.7492981,0.0,1.0,685.0,23.54000092,0.0,1
2023-04-04 16:05:00,142.3028564,0.0,2.0,685.0,23.45000076,0.0,1
2023-04-04 16:10:00,124.1740494,0.0,2.0,685.0,23.61000061,0.0,1
2023-04-04 16:15:00,51.25511169,0.0,2.0,685.0,23.54000092,0.0,1
2023-04-04 16:20:00,13.95851707,0.0,0.0,685.0,23.59000015,0.0,1
2023-04-04 16:25:00,19.04128647,0.0,0.0,685.0,23.40999985,0.0,1
2023-04-04 16:30:00,17.59988594,0.0,0.0,685.0,23.36000061,0.0,1
2023-04-04 16:35:00,11.18222332,0.0,0.0,685.0,23.27000046,0.0,1
2023-04-04 16:40:00,7.651268959,0.0,0.0,685.0,23.27000046,0.0,1
2023-04-04 16:45:00,4.920300007,0.0,0.0,685.0,23.34000015,0.0,1
2023-04-04 16:50:00,4.982156277,0.0,0.0,615.0,23.18000031,0.0,1
2023-04-04 16:55:00,6.323768616,0.0,0.0,665.0,23.05999947,0.0,1
2023-04-04 17:00:00,7.594065666,0.0,1.0,665.0,23.05999947,0.0,1
2023-04-04 17:05:00,59.8736496,0.0,1.0,665.0,23.29000092,0.0,1
2023-04-04 17:10:00,14.00875664,0.0,0.0,665.0,23.22999954,0.0,1
2023-04-04 17:15:00,11.63427162,0.0,0.0,665.0,23.22999954,0.0,1
2023-04-04 17:20:00,13.84999466,0.0,0.0,665.0,23.20000076,0.0,1
2023-04-04 17:25:00,16.07406044,0.0,0.0,665.0,23.15999985,0.0,1
2023-04-04 17:30:00,21.99529457,0.0,0.0,665.0,23.05999947,0.0,1
2023-04-04 17:35:00,28.19862366,0.0,0.0,665.0,23.09000015,0.0,1
2023-04-04 17:40:00,34.64476395,0.0,0.0,665.0,22.96999931,0.0,1
2023-04-04 17:45:00,221.6300659,0.0,0.0,665.0,23.36000061,0.0,1
2023-04-04 17:50:00,262.6681519,0.0,0.0,665.0,22.96999931,0.0,1
2023-04-04 17:55:00,251.0358734,0.0,0.0,665.0,23.05999947,0.0,1
2023-04-04 18:00:00,236.5241547,0.0,0.0,665.0,23.15999985,0.0,1
2023-04-04 18:05:00,216.1392517,0.0,0.0,665.0,23.27000046,0.0,1
2023-04-04 18:10:00,234.1962128,0.0,0.0,673.0,23.27000046,0.0,1
2023-04-04 18:15:00,242.4369507,0.0,0.0,673.0,23.36000061,0.0,1
2023-04-04 18:20:00,255.7038727,0.0,0.0,673.0,23.25,0.0,1
2023-04-04 18:25:00,242.8346405,0.0,0.0,673.0,23.34000015,0.0,1
2023-04-04 18:30:00,225.1801147,0.0,0.0,673.0,23.36000061,0.0,1
2023-04-04 18:35:00,197.8727875,0.0,0.0,673.0,23.47999954,0.0,1
2023-04-04 18:40:00,188.8130646,0.0,0.0,673.0,23.40999985,0.0,1
2023-04-04 18:45:00,162.3740997,0.0,0.0,673.0,23.56999969,0.0,1
2023-04-04 18:50:00,64.11560822,0.0,0.0,673.0,23.40999985,0.0,1
2023-04-04 18:55:00,29.24891853,0.0,0.0,673.0,23.45000076,0.0,1
2023-04-04 19:00:00,48.47968674,0.0,0.0,673.0,23.56999969,0.0,1
2023-04-04 19:05:00,51.09908295,0.0,0.0,673.0,23.54000092,0.0,1
2023-04-04 19:10:00,84.10328674,0.0,0.0,673.0,23.56999969,0.0,1
2023-04-04 19:15:00,44.10754395,0.0,0.0,673.0,23.37999916,0.0,1
2023-04-04 19:20:00,43.27432632,0.0,0.0,673.0,23.45000076,0.0,1
2023-04-04 19:25:00,22.09467316,0.0,0.0,673.0,23.45000076,0.0,1
2023-04-04 19:30:00,30.30945969,0.0,0.0,673.0,23.72999954,0.0,1
2023-04-04 19:35:00,21.52026558,0.0,0.0,673.0,23.81999969,0.0,1
2023-04-04 19:40:00,11.76450729,0.0,0.0,673.0,23.68000031,0.0,1
2023-04-04 19:45:00,7.739514351,0.0,0.0,673.0,23.61000061,0.0,1
2023-04-04 19:50:00,5.848288536,0.0,0.0,673.0,23.56999969,0.0,1
2023-04-04 19:55:00,4.420352936,0.0,0.0,673.0,23.40999985,0.0,1
2023-04-04 20:00:00,3.253662825,0.0,0.0,673.0,23.47999954,0.0,1
2023-04-04 20:05:00,2.549010038,0.0,0.0,673.0,23.40999985,0.0,1
2023-04-04 20:10:00,2.01299119,0.0,0.0,673.0,23.27000046,0.0,1
2023-04-04 20:15:00,1.888827443,0.0,0.0,673.0,23.37999916,0.0,1
2023-04-04 20:20:00,1.870129585,0.0,0.0,673.0,23.22999954,0.0,1
2023-04-04 20:25:00,1.876371861,0.0,0.0,673.0,23.13999939,0.0,1
2023-04-04 20:30:00,1.89100039,0.0,0.0,673.0,23.18000031,0.0,1
2023-04-04 20:35:00,1.851777554,0.0,0.0,673.0,23.27000046,0.0,1
2023-04-04 20:40:00,1.862628818,0.0,0.0,673.0,23.15999985,0.0,1
2023-04-04 20:45:00,1.869280934,0.0,0.0,673.0,23.22999954,0.0,1
2023-04-04 20:50:00,1.862512946,0.0,0.0,673.0,23.13999939,0.0,1
2023-04-04 20:55:00,1.867068291,0.0,0.0,673.0,23.09000015,0.0,1
2023-04-04 21:00:00,1.882424474,0.0,0.0,673.0,22.98999977,0.0,1
2023-04-04 21:05:00,1.910649538,0.0,0.0,673.0,23.02000046,0.0,1
2023-04-04 21:10:00,1.881875634,0.0,0.0,673.0,23.02000046,0.0,1
2023-04-04 21:15:00,1.891485095,0.0,0.0,673.0,22.94000053,0.0,1
2023-04-04 21:20:00,1.956899047,0.0,0.0,673.0,22.87000084,0.0,1
2023-04-04 21:25:00,1.895208597,0.0,1.0,673.0,22.75,0.0,1
2023-04-04 21:30:00,1.914921403,0.0,1.0,673.0,22.87000084,0.0,1
2023-04-04 21:35:00,1.915703416,0.0,0.0,673.0,22.92000008,0.0,1
2023-04-04 21:40:00,1.982737184,0.0,0.0,673.0,22.98999977,0.0,1
2023-04-04 21:45:00,2.013860226,0.0,0.0,673.0,22.81999969,0.0,1
2023-04-04 21:50:00,1.974092126,0.0,0.0,673.0,22.75,0.0,1
2023-04-04 21:55:00,1.949376702,0.0,0.0,622.0,22.62999916,0.0,1
2023-04-04 22:00:00,1.979590893,0.0,0.0,622.0,22.65999985,0.0,0
2023-04-04 22:05:00,1.973239303,0.0,0.0,622.0,22.78000069,0.0,0
2023-04-04 22:10:00,1.982264042,0.0,0.0,622.0,22.65999985,0.0,0
2023-04-04 22:15:00,1.956263661,0.0,0.0,622.0,22.68000031,0.0,0
2023-04-04 22:20:00,1.891993761,0.0,0.0,622.0,22.68000031,0.0,0
2023-04-04 22:25:00,1.927268386,0.0,0.0,622.0,22.65999985,0.0,0
2023-04-04 22:30:00,1.929447413,0.0,0.0,622.0,22.57999992,0.0,0
2023-04-04 22:35:00,1.986045361,0.0,0.0,622.0,22.55999947,0.0,0
2023-04-04 22:40:00,1.953602314,0.0,0.0,622.0,22.70000076,0.0,0
2023-04-04 22:45:00,1.959776163,0.0,0.0,622.0,22.57999992,0.0,0
2023-04-04 22:50:00,1.921019554,0.0,0.0,622.0,22.61000061,0.0,0
2023-04-04 22:55:00,1.85887444,0.0,0.0,622.0,22.68000031,0.0,0
2023-04-04 23:00:00,1.942096949,0.0,0.0,622.0,22.55999947,0.0,0
2023-04-04 23:05:00,1.908915162,0.0,0.0,622.0,22.57999992,0.0,0
2023-04-04 23:10:00,1.923949242,0.0,0.0,622.0,22.54000092,0.0,0
2023-04-04 23:15:00,1.907930255,0.0,0.0,622.0,22.51000023,0.0,0
2023-04-04 23:20:00,1.857488513,0.0,0.0,622.0,22.51000023,0.0,0
2023-04-04 23:25:00,1.877909184,0.0,0.0,622.0,22.44000053,0.0,0
2023-04-04 23:30:00,1.911024094,0.0,0.0,622.0,22.51000023,0.0,0
2023-04-04 23:35:00,1.914084196,0.0,0.0,622.0,22.42000008,0.0,0
2023-04-04 23:40:00,1.898528457,0.0,0.0,572.0,22.46999931,0.0,0
2023-04-04 23:45:00,1.883468509,0.0,0.0,572.0,22.48999977,0.0,0
2023-04-04 23:50:00,1.899769187,0.0,0.0,572.0,22.48999977,0.0,0
2023-04-04 23:55:00,1.910869122,0.0,0.0,572.0,22.32999992,0.0,0
2023-04-05 00:00:00,1.965325117,0.0,0.0,572.0,22.39999962,0.0,0
2023-04-05 00:05:00,1.904905915,0.0,0.0,599.0,22.44000053,0.0,0
2023-04-05 00:10:00,2.015938997,0.0,0.0,599.0,22.39999962,0.0,0
2023-04-05 00:15:00,1.945890784,0.0,0.0,599.0,22.32999992,0.0,0
2023-04-05 00:20:00,1.922308445,0.0,0.0,599.0,22.39999962,0.0,0
2023-04-05 00:25:00,1.947309732,0.0,0.0,599.0,22.29000092,0.0,0
2023-04-05 00:30:00,1.977656841,0.0,0.0,599.0,22.29000092,0.0,0
2023-04-05 00:35:00,2.007188797,0.0,0.0,599.0,22.39999962,0.0,0
2023-04-05 00:40:00,2.046372652,0.0,0.0,599.0,22.26000023,0.0,0
2023-04-05 00:45:00,1.925628424,0.0,0.0,599.0,22.23999977,0.0,0
2023-04-05 00:50:00,2.006962538,0.0,0.0,599.0,22.26000023,0.0,0
2023-04-05 00:55:00,1.935329437,0.0,0.0,599.0,22.26000023,0.0,0
2023-04-05 01:00:00,1.958048463,0.0,0.0,599.0,22.29000092,0.0,0
2023-04-05 01:05:00,1.952263236,0.0,0.0,599.0,22.37999916,0.0,0
2023-04-05 01:10:00,1.952837825,0.0,0.0,599.0,22.29000092,0.0,0
2023-04-05 01:15:00,2.080792189,0.0,0.0,599.0,22.19000053,0.0,0
2023-04-05 01:20:00,1.904477239,0.0,0.0,599.0,22.21999931,0.0,0
2023-04-05 01:25:00,1.89711237,0.0,0.0,599.0,22.21999931,0.0,0
2023-04-05 01:30:00,1.903678775,0.0,0.0,599.0,22.32999992,0.0,0
2023-04-05 01:35:00,1.933193445,0.0,0.0,599.0,22.01000023,0.0,0
2023-04-05 01:40:00,1.911322713,0.0,0.0,599.0,22.30999947,0.0,0
2023-04-05 01:45:00,1.907817245,0.0,0.0,599.0,22.19000053,0.0,0
2023-04-05 01:50:00,1.865423083,0.0,0.0,599.0,22.14999962,0.0,0
2023-04-05 01:55:00,1.878756523,0.0,0.0,599.0,22.17000008,0.0,0
2023-04-05 02:00:00,1.934850931,0.0,0.0,599.0,22.14999962,0.0,0
2023-04-05 02:05:00,1.897902131,0.0,0.0,599.0,22.12999916,0.0,0
2023-04-05 02:10:00,1.910632968,0.0,0.0,599.0,22.19000053,0.0,0
2023-04-05 02:15:00,1.94758296,0.0,0.0,599.0,22.14999962,0.0,0
2023-04-05 02:20:00,1.89637506,0.0,0.0,537.0,22.23999977,0.0,0
2023-04-05 02:25:00,1.894945383,0.0,0.0,537.0,22.10000038,0.0,0
2023-04-05 02:30:00,1.881267548,0.0,0.0,537.0,22.10000038,0.0,0
2023-04-05 02:35:00,1.910110951,0.0,0.0,537.0,22.12999916,0.0,0
2023-04-05 02:40:00,1.941163421,0.0,0.0,537.0,22.10000038,0.0,0
2023-04-05 02:45:00,1.937419295,0.0,0.0,537.0,22.10000038,0.0,0
2023-04-05 02:50:00,1.929880381,0.0,0.0,537.0,22.14999962,0.0,0
2023-04-05 02:55:00,1.871303558,0.0,0.0,537.0,22.12999916,0.0,0
2023-04-05 03:00:00,1.931677461,0.0,0.0,537.0,22.10000038,0.0,0
2023-04-05 03:05:00,1.982618094,0.0,0.0,537.0,22.12999916,0.0,0
2023-04-05 03:10:00,1.944971323,0.0,0.0,537.0,22.04000092,0.0,0
2023-04-05 03:15:00,1.964689732,0.0,0.0,537.0,22.12999916,0.0,0
2023-04-05 03:20:00,1.936881304,0.0,0.0,537.0,22.04000092,0.0,0
2023-04-05 03:25:00,1.989890337,0.0,0.0,537.0,22.05999947,0.0,0
2023-04-05 03:30:00,1.959341288,0.0,0.0,537.0,22.04000092,0.0,0
2023-04-05 03:35:00,1.909679294,0.0,0.0,537.0,22.01000023,0.0,0
2023-04-05 03:40:00,1.957032561,0.0,0.0,537.0,21.98999977,0.0,0
2023-04-05 03:45:00,1.961787462,0.0,0.0,537.0,22.01000023,0.0,0
2023-04-05 03:50:00,1.919427156,0.0,0.0,537.0,22.10000038,0.0,0
2023-04-05 03:55:00,1.925393105,0.0,0.0,537.0,21.98999977,0.0,0
2023-04-05 04:00:00,1.886637211,0.0,0.0,537.0,22.01000023,0.0,0
2023-04-05 04:05:00,1.923276901,0.0,0.0,537.0,22.04000092,0.0,0
2023-04-05 04:10:00,1.881839752,0.0,0.0,537.0,22.14999962,0.0,0
2023-04-05 04:15:00,1.923578858,0.0,0.0,537.0,22.05999947,0.0,0
2023-04-05 04:20:00,1.886940122,0.0,0.0,537.0,21.98999977,0.0,0
2023-04-05 04:25:00,1.883384228,0.0,0.0,538.0,22.01000023,0.0,0
2023-04-05 04:30:00,1.90938139,0.0,0.0,538.0,22.04000092,0.0,0
2023-04-05 04:35:00,1.902625799,0.0,0.0,538.0,21.98999977,0.0,0
2023-04-05 04:40:00,1.886538029,0.0,0.0,538.0,21.98999977,0.0,0
2023-04-05 04:45:00,1.93704176,0.0,0.0,538.0,21.96999931,0.0,0
2023-04-05 04:50:00,1.944830775,0.0,0.0,538.0,21.98999977,0.0,0
2023-04-05 04:55:00,1.945575476,0.0,0.0,538.0,21.95000076,0.0,0
2023-04-05 05:00:00,1.940834761,0.0,0.0,538.0,21.95000076,0.0,0
2023-04-05 05:05:00,1.909519672,0.0,0.0,538.0,21.87000084,0.0,0
2023-04-05 05:10:00,1.919734955,0.0,0.0,538.0,21.85000038,0.0,0
2023-04-05 05:15:00,1.919804215,0.0,0.0,538.0,21.92000008,0.0,0
2023-04-05 05:20:00,1.913602114,0.0,0.0,538.0,21.98999977,0.0,0
2023-04-05 05:25:00,1.986670733,0.0,0.0,538.0,21.87000084,0.0,0
2023-04-05 05:30:00,1.943000913,0.0,0.0,538.0,21.87000084,0.0,0
2023-04-05 05:35:00,1.94377768,0.0,0.0,538.0,22.01000023,0.0,0
2023-04-05 05:40:00,1.968662262,0.0,0.0,538.0,21.79999924,0.0,0
2023-04-05 05:45:00,2.018963337,0.0,0.0,538.0,21.87000084,0.0,0
2023-04-05 05:50:00,1.974421978,0.0,0.0,538.0,21.95000076,0.0,0
2023-04-05 05:55:00,1.923460722,0.0,0.0,538.0,21.89999962,0.0,0
2023-04-05 06:00:00,1.944734216,0.0,0.0,538.0,21.89999962,0.0,0
2023-04-05 06:05:00,1.973017812,0.0,0.0,538.0,21.96999931,0.0,0
2023-04-05 06:10:00,2.003964186,0.0,0.0,538.0,21.85000038,0.0,0
2023-04-05 06:15:00,1.896516085,0.0,0.0,538.0,21.95000076,0.0,0
2023-04-05 06:20:00,1.944700003,0.0,0.0,538.0,21.87000084,0.0,0
2023-04-05 06:25:00,1.920765877,0.0,0.0,538.0,21.75,0.0,0
2023-04-05 06:30:00,1.923305512,0.0,0.0,538.0,21.70999908,0.0,0
2023-04-05 06:35:00,2.012092114,0.0,0.0,538.0,21.87000084,0.0,0
2023-04-05 06:40:00,1.948773503,0.0,0.0,538.0,21.92000008,0.0,0
2023-04-05 06:45:00,2.122150898,0.0,0.0,538.0,21.78000069,0.0,0
2023-04-05 06:50:00,2.620221138,0.0,0.0,538.0,21.82999992,0.0,0
2023-04-05 06:55:00,3.532080174,0.0,0.0,538.0,21.78000069,0.0,0
2023-04-05 07:00:00,4.263113976,0.0,0.0,538.0,21.85000038,0.0,1
2023-04-05 07:05:00,5.3072896,0.0,0.0,538.0,21.92000008,0.0,1
2023-04-05 07:10:00,6.36871624,0.0,0.0,538.0,21.72999954,0.0,1
2023-04-05 07:15:00,7.301925659,0.0,0.0,538.0,21.78000069,0.0,1
2023-04-05 07:20:00,8.251873016,0.0,0.0,538.0,21.82999992,0.0,1
2023-04-05 07:25:00,9.44572258,0.0,0.0,538.0,21.82999992,0.0,1
2023-04-05 07:30:00,10.53942204,0.0,0.0,538.0,21.87000084,0.0,1
2023-04-05 07:35:00,11.42703533,0.0,0.0,538.0,21.72999954,0.0,1
2023-04-05 07:40:00,12.3950634,0.0,0.0,538.0,21.70999908,0.0,1
2023-04-05 07:45:00,13.31863308,0.0,0.0,538.0,21.92000008,0.0,1
2023-04-05 07:50:00,13.92319298,0.0,0.0,538.0,21.79999924,0.0,1
2023-04-05 07:55:00,14.76803494,0.0,0.0,538.0,21.75,0.0,1
2023-04-05 08:00:00,15.28079796,0.0,0.0,488.0,22.30999947,0.0,1
2023-04-05 08:05:00,15.83219242,0.0,0.0,488.0,22.23999977,0.0,1
2023-04-05 08:10:00,16.66832352,0.0,0.0,488.0,22.01000023,0.0,1
2023-04-05 08:15:00,17.76617622,0.0,0.0,488.0,22.05999947,0.0,1
2023-04-05 08:20:00,18.21248436,0.0,0.0,488.0,22.01000023,0.0,1
2023-04-05 08:25:00,18.37439346,0.0,0.0,488.0,22.10000038,0.0,1
2023-04-05 08:30:00,18.79175186,0.0,0.0,488.0,22.01000023,0.0,1
2023-04-05 08:35:00,19.45675087,0.0,0.0,488.0,21.98999977,0.0,1
2023-04-05 08:40:00,19.68081474,0.0,0.0,488.0,22.05999947,0.0,1
2023-04-05 08:45:00,19.70660019,0.0,0.0,488.0,22.12999916,0.0,1
2023-04-05 08:50:00,19.93230438,0.0,0.0,488.0,22.10000038,0.0,1
2023-04-05 08:55:00,20.44878387,0.0,0.0,488.0,22.07999992,0.0,1
2023-04-05 09:00:00,20.85062218,0.0,0.0,488.0,22.01000023,0.0,1
2023-04-05 09:05:00,100.1707458,0.0,1.0,538.0,22.17000008,0.0,1
2023-04-05 09:10:00,155.0212097,0.0,5.0,588.0,22.26000023,0.0,1
2023-04-05 09:15:00,174.2589569,0.0,4.0,638.0,22.42000008,0.0,1
2023-04-05 09:20:00,171.4488831,0.0,3.0,689.0,22.42000008,0.0,1
2023-04-05 09:25:00,174.2923126,0.0,4.0,689.0,22.54000092,0.0,1
2023-04-05 09:30:00,173.7447815,0.0,4.0,739.0,22.55999947,0.0,1
2023-04-05 09:35:00,170.2452545,0.0,4.0,739.0,22.54000092,0.0,1
2023-04-05 09:40:00,167.471283,0.0,4.0,863.0,22.62999916,0.0,1
2023-04-05 09:45:00,173.8512421,0.0,5.0,813.0,22.85000038,0.0,1
2023-04-05 09:50:00,177.3741302,0.0,4.0,713.0,22.72999954,0.0,1
2023-04-05 09:55:00,170.3985138,0.0,6.0,713.0,22.85000038,0.0,1
2023-04-05 10:00:00,147.07901,0.0,6.0,713.0,22.96999931,0.0,1
2023-04-05 10:05:00,160.8198242,0.0,5.0,763.0,23.20000076,0.0,1
2023-04-05 10:10:00,170.0277252,0.0,5.0,813.0,23.22999954,0.0,1
2023-04-05 10:15:00,167.9838257,0.0,5.0,813.0,23.11000061,0.0,1
2023-04-05 10:20:00,35.79055023,0.0,5.0,818.0,23.25,0.0,1
2023-04-05 10:25:00,28.43190002,0.0,0.0,818.0,23.11000061,0.0,1
2023-04-05 10:30:00,27.68240166,0.0,0.0,718.0,22.92000008,0.0,1
2023-04-05 10:35:00,27.30282402,0.0,0.0,668.0,22.81999969,0.0,1
2023-04-05 10:40:00,27.10619354,0.0,0.0,668.0,22.85000038,0.0,1
2023-04-05 10:45:00,27.27018738,0.0,0.0,618.0,22.72999954,0.0,1
2023-04-05 10:50:00,27.46874809,0.0,0.0,618.0,22.68000031,0.0,1
2023-04-05 10:55:00,27.45528221,0.0,0.0,618.0,22.70000076,0.0,1
2023-04-05 11:00:00,27.33751297,0.0,0.0,618.0,22.68000031,0.0,1
2023-04-05 11:05:00,27.16955185,0.0,0.0,568.0,22.70000076,0.0,1
2023-04-05 11:10:00,27.05469894,0.0,0.0,568.0,22.70000076,0.0,1
2023-04-05 11:15:00,26.97177696,0.0,0.0,568.0,22.70000076,0.0,1
2023-04-05 11:20:00,26.855896,0.0,0.0,568.0,22.65999985,0.0,1
2023-04-05 11:25:00,26.8663044,0.0,0.0,568.0,22.68000031,0.0,1
2023-04-05 11:30:00,26.85906982,0.0,0.0,568.0,22.61000061,0.0,1
2023-04-05 11:35:00,26.79841232,0.0,0.0,568.0,22.61000061,0.0,1
2023-04-05 11:40:00,26.71574211,0.0,0.0,568.0,22.65999985,0.0,1
2023-04-05 11:45:00,26.73082733,0.0,0.0,568.0,22.65999985,0.0,1
2023-04-05 11:50:00,26.767519,0.0,0.0,568.0,22.70000076,0.0,1
2023-04-05 11:55:00,27.58789253,0.0,3.0,568.0,22.72999954,0.0,1
2023-04-05 12:00:00,26.77689743,0.0,3.0,618.0,22.79999924,0.0,1
2023-04-05 12:05:00,28.30489922,0.0,2.0,668.0,22.94000053,0.0,1
2023-04-05 12:10:00,28.13894653,0.0,0.0,618.0,22.62999916,0.0,1
2023-04-05 12:15:00,28.93391991,0.0,0.0,618.0,22.70000076,0.0,1
2023-04-05 12:20:00,29.59892273,0.0,0.0,618.0,22.85000038,0.0,1
2023-04-05 12:25:00,29.92492104,0.0,0.0,618.0,22.78000069,0.0,1
2023-04-05 12:30:00,30.35811806,0.0,0.0,618.0,22.57999992,0.0,1
2023-04-05 12:35:00,34.30761337,0.0,0.0,618.0,22.85000038,0.0,1
2023-04-05 12:40:00,42.56820297,0.0,0.0,618.0,22.72999954,0.0,1
2023-04-05 12:45:00,43.632061,0.0,0.0,618.0,22.78000069,0.0,1
2023-04-05 12:50:00,40.05168152,0.0,0.0,618.0,22.92000008,0.0,1
2023-04-05 12:55:00,39.54117203,0.0,0.0,618.0,22.79999924,0.0,1
2023-04-05 13:00:00,36.17809296,0.0,3.0,668.0,22.89999962,0.0,1
2023-04-05 13:05:00,39.11075211,0.0,4.0,668.0,23.02000046,0.0,1
2023-04-05 13:10:00,37.90298843,0.0,4.0,718.0,23.15999985,0.0,1
2023-04-05 13:15:00,35.48201752,0.0,4.0,718.0,23.05999947,0.0,1
2023-04-05 13:20:00,42.56220627,0.0,5.0,768.0,23.13999939,0.0,1
2023-04-05 13:25:00,39.89667892,0.0,0.0,768.0,23.09000015,0.0,1
2023-04-05 13:30:00,37.07667923,0.0,0.0,717.0,22.94000053,0.0,1
2023-04-05 13:35:00,38.02655792,0.0,0.0,666.0,23.13999939,0.0,1
2023-04-05 13:40:00,40.0584259,0.0,0.0,666.0,22.89999962,0.0,1
2023-04-05 13:45:00,40.15259171,0.0,0.0,619.0,23.02000046,0.0,1
2023-04-05 13:50:00,40.71684647,0.0,0.0,619.0,22.94000053,0.0,1
2023-04-05 13:55:00,35.68129349,0.0,0.0,619.0,22.96999931,0.0,1
2023-04-05 14:00:00,34.0823555,0.0,0.0,619.0,22.94000053,0.0,1
2023-04-05 14:05:00,32.82183456,0.0,0.0,549.0,22.92000008,0.0,1
2023-04-05 14:10:00,34.03555679,0.0,0.0,549.0,22.89999962,0.0,1
2023-04-05 14:15:00,44.08072281,0.0,0.0,549.0,22.94000053,0.0,1
2023-04-05 14:20:00,43.02499771,0.0,0.0,549.0,23.04000092,0.0,1
2023-04-05 14:25:00,40.76670837,0.0,0.0,549.0,22.89999962,0.0,1
2023-04-05 14:30:00,44.92821121,0.0,0.0,549.0,22.94000053,0.0,1
2023-04-05 14:35:00,49.63714981,0.0,0.0,549.0,22.98999977,0.0,1
2023-04-05 14:40:00,50.00430298,0.0,0.0,549.0,22.96999931,0.0,1
2023-04-05 14:45:00,37.09577179,0.0,0.0,549.0,23.02000046,0.0,1
2023-04-05 14:50:00,39.87653732,0.0,0.0,549.0,23.04000092,0.0,1
2023-04-05 14:55:00,45.93435669,0.0,0.0,549.0,23.04000092,0.0,1
2023-04-05 15:00:00,39.6324234,0.0,0.0,549.0,23.11000061,0.0,1
2023-04-05 15:05:00,48.21545792,0.0,0.0,549.0,23.04000092,0.0,1
2023-04-05 15:10:00,45.21813202,0.0,5.0,549.0,23.15999985,0.0,1
2023-04-05 15:15:00,53.22473526,0.0,0.0,700.0,23.18000031,0.0,1
2023-04-05 15:20:00,60.34206772,0.0,0.0,650.0,23.11000061,0.0,1
2023-04-05 15:25:00,64.26678467,0.0,1.0,650.0,23.20000076,0.0,1
2023-04-05 15:30:00,38.95166779,0.0,0.0,650.0,23.37999916,0.0,1
2023-04-05 15:35:00,60.33793259,0.0,6.0,600.0,23.22999954,0.0,1
2023-04-05 15:40:00,72.70584106,0.0,4.0,650.0,23.22999954,0.0,1
2023-04-05 15:45:00,50.01769638,0.0,4.0,650.0,23.31999969,0.0,1
2023-04-05 15:50:00,66.38008881,0.0,4.0,700.0,23.5,0.0,1
2023-04-05 15:55:00,76.34708405,0.0,0.0,700.0,23.47999954,0.0,1
2023-04-05 16:00:00,85.10021973,0.0,4.0,650.0,23.37999916,0.0,1
2023-04-05 16:05:00,90.82889557,0.0,3.0,650.0,23.47999954,0.0,1
2023-04-05 16:10:00,82.56549835,0.0,4.0,650.0,23.70000076,0.0,1
2023-04-05 16:15:00,78.86087036,0.0,5.0,700.0,23.75,0.0,1
2023-04-05 16:20:00,57.62445068,0.0,0.0,800.0,23.65999985,0.0,1
2023-04-05 16:25:00,87.91720581,0.0,0.0,750.0,23.72999954,0.0,1
2023-04-05 16:30:00,96.84524536,0.0,0.0,700.0,23.79999924,0.0,1
2023-04-05 16:35:00,95.88922119,0.0,3.0,750.0,23.84000015,0.0,1
2023-04-05 16:40:00,103.0131989,0.0,0.0,800.0,24.01000023,0.0,1
2023-04-05 16:45:00,123.3585205,0.0,0.0,800.0,23.95999908,0.0,1
2023-04-05 16:50:00,150.87146,0.0,0.0,750.0,23.84000015,0.0,1
2023-04-05 16:55:00,165.2867889,0.0,0.0,750.0,23.95999908,0.0,1
2023-04-05 17:00:00,132.41716,0.0,0.0,750.0,23.94000053,0.0,1
2023-04-05 17:05:00,174.7970734,0.0,0.0,750.0,23.94000053,0.0,1
2023-04-05 17:10:00,164.1945648,0.0,0.0,750.0,24.05999947,0.0,1
2023-04-05 17:15:00,75.93102264,0.0,0.0,750.0,24.10000038,0.0,1
2023-04-05 17:20:00,67.67156219,0.0,0.0,750.0,24.17000008,0.0,1
2023-04-05 17:25:00,84.10193634,0.0,0.0,750.0,24.03000069,0.0,1
2023-04-05 17:30:00,133.4456787,0.0,0.0,750.0,24.14999962,0.0,1
2023-04-05 17:35:00,263.6981812,0.0,0.0,750.0,24.05999947,0.0,1
2023-04-05 17:40:00,317.9691467,0.0,0.0,700.0,24.07999992,0.0,1
2023-04-05 17:45:00,200.5856323,0.0,0.0,700.0,24.20000076,0.0,1
2023-04-05 17:50:00,202.5914917,0.0,0.0,700.0,24.23999977,0.0,1
2023-04-05 17:55:00,256.4125061,0.0,0.0,700.0,24.21999931,0.0,1
2023-04-05 18:00:00,244.0072174,0.0,0.0,700.0,24.40999985,0.0,1
2023-04-05 18:05:00,280.4954834,0.0,0.0,700.0,24.40999985,0.0,1
2023-04-05 18:10:00,256.657959,0.0,0.0,700.0,24.43000031,0.0,1
2023-04-05 18:15:00,178.487442,0.0,0.0,700.0,24.36000061,0.0,1
2023-04-05 18:20:00,74.31574249,0.0,0.0,700.0,24.36000061,0.0,1
2023-04-05 18:25:00,41.96178055,0.0,0.0,644.0,24.31999969,0.0,1
2023-04-05 18:30:00,34.90574646,0.0,0.0,644.0,24.37999916,0.0,1
2023-04-05 18:35:00,34.85575867,0.0,0.0,644.0,24.37999916,0.0,1
2023-04-05 18:40:00,30.03112412,0.0,0.0,644.0,24.34000015,0.0,1
2023-04-05 18:45:00,23.39146805,0.0,0.0,644.0,24.27000046,0.0,1
2023-04-05 18:50:00,22.73692513,0.0,0.0,644.0,24.31999969,0.0,1
2023-04-05 18:55:00,20.81965256,0.0,0.0,644.0,24.21999931,0.0,1
2023-04-05 19:00:00,19.06631088,0.0,0.0,644.0,24.12999916,0.0,1
2023-04-05 19:05:00,20.30466652,0.0,0.0,644.0,24.23999977,0.0,1
2023-04-05 19:10:00,20.64732933,0.0,0.0,644.0,24.07999992,0.0,1
2023-04-05 19:15:00,35.68385315,0.0,0.0,644.0,24.05999947,0.0,1
2023-04-05 19:20:00,24.47600746,0.0,0.0,644.0,24.03000069,0.0,1
2023-04-05 19:25:00,17.33372688,0.0,0.0,644.0,23.97999954,0.0,1
2023-04-05 19:30:00,14.82570934,0.0,0.0,644.0,23.90999985,0.0,1
2023-04-05 19:35:00,12.93691826,0.0,0.0,644.0,24.07999992,0.0,1
2023-04-05 19:40:00,14.00410748,0.0,0.0,644.0,23.94000053,0.0,1
2023-04-05 19:45:00,10.04811287,0.0,0.0,644.0,24.01000023,0.0,1
2023-04-05 19:50:00,10.33863831,0.0,0.0,644.0,24.07999992,0.0,1
2023-04-05 19:55:00,7.553429127,0.0,0.0,644.0,23.97999954,0.0,1
2023-04-05 20:00:00,5.338546276,0.0,0.0,644.0,24.01000023,0.0,1
2023-04-05 20:05:00,3.869176865,0.0,0.0,644.0,23.70000076,0.0,1
2023-04-05 20:10:00,2.786204577,0.0,0.0,644.0,23.62999916,0.0,1
2023-04-05 20:15:00,2.119974613,0.0,0.0,644.0,23.72999954,0.0,1
2023-04-05 20:20:00,1.897557974,0.0,0.0,644.0,23.68000031,0.0,1
2023-04-05 20:25:00,1.87635088,0.0,0.0,644.0,23.72999954,0.0,1
2023-04-05 20:30:00,1.819255471,0.0,0.0,644.0,23.77000046,0.0,1
2023-04-05 20:35:00,1.897644401,0.0,0.0,644.0,23.61000061,0.0,1
2023-04-05 20:40:00,1.871210575,0.0,0.0,644.0,23.52000046,0.0,1
2023-04-05 20:45:00,1.88442111,0.0,0.0,644.0,23.68000031,0.0,1
2023-04-05 20:50:00,1.890471935,0.0,0.0,644.0,23.54000092,0.0,1
2023-04-05 20:55:00,1.901195049,0.0,0.0,644.0,23.45000076,0.0,1
2023-04-05 21:00:00,1.87003386,0.0,0.0,644.0,23.47999954,0.0,1
2023-04-05 21:05:00,1.961367369,0.0,0.0,644.0,23.37999916,0.0,1
2023-04-05 21:10:00,1.932120442,0.0,0.0,644.0,23.15999985,0.0,1
2023-04-05 21:15:00,1.935858488,0.0,0.0,644.0,23.37999916,0.0,1
2023-04-05 21:20:00,1.886207938,0.0,0.0,644.0,23.36000061,0.0,1
2023-04-05 21:25:00,1.854408741,0.0,0.0,644.0,23.36000061,0.0,1
2023-04-05 21:30:00,1.908330679,0.0,0.0,644.0,23.34000015,0.0,1
2023-04-05 21:35:00,1.863069058,0.0,0.0,644.0,23.20000076,0.0,1
2023-04-05 21:40:00,1.968036175,0.0,0.0,594.0,23.36000061,0.0,1
2023-04-05 21:45:00,2.006718397,0.0,0.0,594.0,23.09000015,0.0,1
2023-04-05 21:50:00,1.94248569,0.0,0.0,594.0,23.22999954,0.0,1
2023-04-05 21:55:00,2.007734299,0.0,0.0,595.0,23.31999969,0.0,1
2023-04-05 22:00:00,1.977275848,0.0,0.0,595.0,23.20000076,0.0,0
2023-04-05 22:05:00,1.956194758,0.0,0.0,595.0,23.22999954,0.0,0
2023-04-05 22:10:00,1.974092841,0.0,0.0,595.0,23.25,0.0,0
2023-04-05 22:15:00,1.903394699,0.0,0.0,595.0,23.25,0.0,0
2023-04-05 22:20:00,1.94665277,0.0,0.0,595.0,23.09000015,0.0,0
2023-04-05 22:25:00,1.969710469,0.0,0.0,595.0,23.05999947,0.0,0
2023-04-05 22:30:00,1.91834414,0.0,0.0,595.0,23.22999954,0.0,0
2023-04-05 22:35:00,1.88003397,0.0,0.0,595.0,23.13999939,0.0,0
2023-04-05 22:40:00,1.865865946,0.0,0.0,595.0,23.05999947,0.0,0
2023-04-05 22:45:00,1.856974125,0.0,0.0,595.0,23.04000092,0.0,0
2023-04-05 22:50:00,1.924236059,0.0,0.0,595.0,22.98999977,0.0,0
2023-04-05 22:55:00,1.927541256,0.0,0.0,595.0,22.94000053,0.0,0
2023-04-05 23:00:00,1.887209654,0.0,0.0,595.0,23.02000046,0.0,0
2023-04-05 23:05:00,1.911629558,0.0,0.0,595.0,22.96999931,0.0,0
2023-04-05 23:10:00,1.864000082,0.0,0.0,595.0,22.89999962,0.0,0
2023-04-05 23:15:00,1.906850338,0.0,0.0,595.0,22.94000053,0.0,0
2023-04-05 23:20:00,1.86662972,0.0,0.0,595.0,22.98999977,0.0,0
2023-04-05 23:25:00,1.886292219,0.0,0.0,595.0,22.81999969,0.0,0
2023-04-05 23:30:00,1.935644746,0.0,0.0,595.0,22.89999962,0.0,0
2023-04-05 23:35:00,1.901256442,0.0,0.0,545.0,22.92000008,0.0,0
2023-04-05 23:40:00,1.892871738,0.0,0.0,545.0,22.85000038,0.0,0
2023-04-05 23:45:00,1.914158821,0.0,0.0,545.0,22.85000038,0.0,0
2023-04-05 23:50:00,1.88965106,0.0,0.0,545.0,22.78000069,0.0,0
2023-04-05 23:55:00,1.929915428,0.0,0.0,545.0,22.79999924,0.0,0
2023-04-06 00:00:00,1.911480784,0.0,0.0,545.0,22.87000084,0.0,0
2023-04-06 00:05:00,1.973455668,0.0,0.0,545.0,22.85000038,0.0,0
2023-04-06 00:10:00,1.930598497,0.0,0.0,545.0,22.68000031,0.0,0
2023-04-06 00:15:00,1.963233113,0.0,0.0,545.0,22.75,0.0,0
2023-04-06 00:20:00,1.928663969,0.0,0.0,545.0,22.72999954,0.0,0
2023-04-06 00:25:00,1.949052334,0.0,0.0,545.0,22.85000038,0.0,0
2023-04-06 00:30:00,1.913378477,0.0,0.0,545.0,22.72999954,0.0,0
2023-04-06 00:35:00,1.940236449,0.0,0.0,545.0,22.72999954,0.0,0
2023-04-06 00:40:00,1.991512656,0.0,0.0,545.0,22.70000076,0.0,0
2023-04-06 00:45:00,1.949759364,0.0,0.0,545.0,22.62999916,0.0,0
2023-04-06 00:50:00,1.865673423,0.0,0.0,545.0,22.65999985,0.0,0
2023-04-06 00:55:00,2.071329117,0.0,0.0,545.0,22.55999947,0.0,0
2023-04-06 01:00:00,1.927450299,0.0,0.0,545.0,22.68000031,0.0,0
2023-04-06 01:05:00,1.932742715,0.0,0.0,545.0,22.68000031,0.0,0
2023-04-06 01:10:00,1.966488957,0.0,0.0,545.0,22.65999985,0.0,0
2023-04-06 01:15:00,1.924846649,0.0,0.0,545.0,22.57999992,0.0,0
2023-04-06 01:20:00,1.929960132,0.0,0.0,545.0,22.62999916,0.0,0
2023-04-06 01:25:00,1.898976445,0.0,0.0,545.0,22.62999916,0.0,0
2023-04-06 01:30:00,1.948171616,0.0,0.0,545.0,22.61000061,0.0,0
2023-04-06 01:35:00,1.889356732,0.0,0.0,545.0,22.65999985,0.0,0
2023-04-06 01:40:00,1.906144977,0.0,0.0,545.0,22.57999992,0.0,0
2023-04-06 01:45:00,1.894056797,0.0,0.0,545.0,22.55999947,0.0,0
2023-04-06 01:50:00,1.882504344,0.0,0.0,545.0,22.57999992,0.0,0
2023-04-06 01:55:00,1.909887791,0.0,0.0,545.0,22.55999947,0.0,0
2023-04-06 02:00:00,1.912940025,0.0,0.0,545.0,22.51000023,0.0,0
2023-04-06 02:05:00,1.893204927,0.0,0.0,545.0,22.57999992,0.0,0
2023-04-06 02:10:00,1.920470476,0.0,0.0,545.0,22.39999962,0.0,0
2023-04-06 02:15:00,1.898698211,0.0,0.0,545.0,22.54000092,0.0,0
2023-04-06 02:20:00,1.906776786,0.0,0.0,545.0,22.54000092,0.0,0
2023-04-06 02:25:00,1.933347106,0.0,0.0,545.0,22.54000092,0.0,0
2023-04-06 02:30:00,1.923591495,0.0,0.0,545.0,22.42000008,0.0,0
2023-04-06 02:35:00,1.909874797,0.0,0.0,545.0,22.44000053,0.0,0
2023-04-06 02:40:00,1.918556929,0.0,0.0,545.0,22.51000023,0.0,0
2023-04-06 02:45:00,1.957633376,0.0,0.0,545.0,22.48999977,0.0,0
2023-04-06 02:50:00,1.924487472,0.0,0.0,545.0,22.57999992,0.0,0
2023-04-06 02:55:00,1.990678191,0.0,0.0,545.0,22.55999947,0.0,0
2023-04-06 03:00:00,1.93855238,0.0,0.0,545.0,22.55999947,0.0,0
2023-04-06 03:05:00,1.956623912,0.0,0.0,545.0,22.46999931,0.0,0
2023-04-06 03:10:00,1.925075293,0.0,0.0,545.0,22.39999962,0.0,0
2023-04-06 03:15:00,1.895616293,0.0,0.0,545.0,22.39999962,0.0,0
2023-04-06 03:20:00,1.900124908,0.0,0.0,545.0,22.26000023,0.0,0
2023-04-06 03:25:00,1.930196405,0.0,0.0,545.0,22.42000008,0.0,0
2023-04-06 03:30:00,2.035536528,0.0,0.0,545.0,22.39999962,0.0,0
2023-04-06 03:35:00,1.928026438,0.0,0.0,545.0,22.29000092,0.0,0
2023-04-06 03:40:00,1.945778132,0.0,0.0,545.0,22.26000023,0.0,0
2023-04-06 03:45:00,1.988116741,0.0,0.0,545.0,22.39999962,0.0,0
2023-04-06 03:50:00,1.925148249,0.0,0.0,545.0,22.44000053,0.0,0
2023-04-06 03:55:00,1.916936517,0.0,0.0,545.0,22.35000038,0.0,0
2023-04-06 04:00:00,1.917334318,0.0,0.0,545.0,22.37999916,0.0,0
2023-04-06 04:05:00,1.913844585,0.0,0.0,545.0,22.35000038,0.0,0
2023-04-06 04:10:00,1.979144812,0.0,0.0,545.0,22.32999992,0.0,0
2023-04-06 04:15:00,1.904975534,0.0,0.0,545.0,22.44000053,0.0,0
2023-04-06 04:20:00,1.888151407,0.0,0.0,495.0,22.39999962,0.0,0
2023-04-06 04:25:00,1.9076159,0.0,0.0,495.0,22.29000092,0.0,0
2023-04-06 04:30:00,1.950433135,0.0,0.0,495.0,22.35000038,0.0,0
2023-04-06 04:35:00,1.914658785,0.0,0.0,495.0,22.29000092,0.0,0
2023-04-06 04:40:00,1.909698963,0.0,0.0,495.0,22.30999947,0.0,0
2023-04-06 04:45:00,1.916675568,0.0,0.0,495.0,22.35000038,0.0,0
2023-04-06 04:50:00,1.882098675,0.0,0.0,495.0,22.30999947,0.0,0
2023-04-06 04:55:00,1.88634181,0.0,0.0,495.0,22.32999992,0.0,0
2023-04-06 05:00:00,1.901384711,0.0,0.0,495.0,22.29000092,0.0,0
2023-04-06 05:05:00,1.91756165,0.0,0.0,495.0,22.14999962,0.0,0
2023-04-06 05:10:00,1.938807249,0.0,0.0,495.0,22.32999992,0.0,0
2023-04-06 05:15:00,1.951873779,0.0,0.0,495.0,22.19000053,0.0,0
2023-04-06 05:20:00,1.953493118,0.0,0.0,495.0,22.29000092,0.0,0
2023-04-06 05:25:00,1.96203053,0.0,0.0,495.0,22.21999931,0.0,0
2023-04-06 05:30:00,1.956553817,0.0,0.0,495.0,22.17000008,0.0,0
2023-04-06 05:35:00,1.963154078,0.0,0.0,495.0,22.32999992,0.0,0
2023-04-06 05:40:00,1.968749285,0.0,0.0,495.0,22.12999916,0.0,0
2023-04-06 05:45:00,1.992203355,0.0,0.0,495.0,22.21999931,0.0,0
2023-04-06 05:50:00,1.911703467,0.0,0.0,495.0,22.19000053,0.0,0
2023-04-06 05:55:00,1.942931652,0.0,0.0,495.0,22.21999931,0.0,0
2023-04-06 06:00:00,2.000715494,0.0,0.0,495.0,22.29000092,0.0,0
2023-04-06 06:05:00,1.929451346,0.0,0.0,495.0,22.19000053,0.0,0
2023-04-06 06:10:00,1.969377756,0.0,0.0,495.0,22.10000038,0.0,0
2023-04-06 06:15:00,2.006348848,0.0,0.0,495.0,22.19000053,0.0,0
2023-04-06 06:20:00,1.960847735,0.0,0.0,495.0,22.26000023,0.0,0
2023-04-06 06:25:00,1.933375835,0.0,0.0,495.0,22.26000023,0.0,0
2023-04-06 06:30:00,1.942191362,0.0,0.0,495.0,22.17000008,0.0,0
2023-04-06 06:35:00,1.994293094,0.0,0.0,495.0,21.98999977,0.0,0
2023-04-06 06:40:00,1.977837324,0.0,0.0,495.0,22.23999977,0.0,0
2023-04-06 06:45:00,1.922904134,0.0,0.0,495.0,22.26000023,0.0,0
2023-04-06 06:50:00,1.930033088,0.0,0.0,495.0,22.19000053,0.0,0
2023-04-06 06:55:00,1.915504813,0.0,0.0,495.0,22.10000038,0.0,0
2023-04-06 07:00:00,1.973296762,0.0,0.0,495.0,22.21999931,0.0,1
2023-04-06 07:05:00,1.922411203,0.0,0.0,495.0,22.17000008,0.0,1
2023-04-06 07:10:00,1.870880961,0.0,0.0,495.0,22.17000008,0.0,1
2023-04-06 07:15:00,1.904558539,0.0,0.0,495.0,22.10000038,0.0,1
2023-04-06 07:20:00,1.873343825,0.0,0.0,495.0,22.10000038,0.0,1
2023-04-06 07:25:00,1.954029083,0.0,0.0,495.0,22.12999916,0.0,1
2023-04-06 07:30:00,1.931877255,0.0,0.0,495.0,22.12999916,0.0,1
2023-04-06 07:35:00,1.938199401,0.0,0.0,495.0,22.05999947,0.0,1
2023-04-06 07:40:00,1.989627481,0.0,0.0,495.0,22.07999992,0.0,1
2023-04-06 07:45:00,2.032294035,0.0,0.0,495.0,22.10000038,0.0,1
2023-04-06 07:50:00,2.554800749,0.0,0.0,495.0,22.05999947,0.0,1
2023-04-06 07:55:00,2.755579472,0.0,0.0,495.0,22.21999931,0.0,1
2023-04-06 08:00:00,2.977343321,0.0,0.0,495.0,22.19000053,0.0,1
2023-04-06 08:05:00,3.117656469,0.0,0.0,445.0,22.10000038,0.0,0
2023-04-06 08:10:00,3.045433521,0.0,0.0,445.0,22.12999916,0.0,0
2023-04-06 08:15:00,2.779774904,0.0,0.0,445.0,22.10000038,0.0,0
2023-04-06 08:20:00,3.207474709,0.0,0.0,445.0,22.26000023,0.0,0
2023-04-06 08:25:00,4.021139145,0.0,0.0,445.0,22.07999992,0.0,0
2023-04-06 08:30:00,5.003274918,0.0,0.0,445.0,22.10000038,0.0,0
2023-04-06 08:35:00,5.335490227,0.0,0.0,445.0,22.01000023,0.0,0
2023-04-06 08:40:00,5.58948803,0.0,0.0,445.0,21.95000076,0.0,0
2023-04-06 08:45:00,6.739120483,0.0,0.0,445.0,21.87000084,0.0,0
2023-04-06 08:50:00,7.094222069,0.0,0.0,445.0,22.04000092,0.0,0
2023-04-06 08:55:00,8.709324837,0.0,0.0,445.0,21.98999977,0.0,0
2023-04-06 09:00:00,9.514795303,0.0,0.0,445.0,22.05999947,0.0,0
2023-04-06 09:05:00,10.78571129,0.0,0.0,445.0,21.82999992,0.0,0
2023-04-06 09:10:00,10.90179253,0.0,0.0,445.0,21.82999992,0.0,0
2023-04-06 09:15:00,12.08366776,0.0,0.0,445.0,21.89999962,0.0,0
2023-04-06 09:20:00,13.51032257,0.0,0.0,445.0,21.75,0.0,0
2023-04-06 09:25:00,16.0919838,0.0,0.0,445.0,21.87000084,0.0,0
2023-04-06 09:30:00,15.53519917,0.0,0.0,445.0,21.95000076,0.0,0
2023-04-06 09:35:00,15.6622982,0.0,0.0,445.0,21.87000084,0.0,0
2023-04-06 09:40:00,17.85761833,0.0,0.0,445.0,21.89999962,0.0,0
2023-04-06 09:45:00,18.85824776,0.0,0.0,445.0,21.78000069,0.0,0
2023-04-06 09:50:00,110.2605133,0.0,2.0,496.0,21.96999931,0.0,1
2023-04-06 09:55:00,131.7142334,0.0,2.0,496.0,22.07999992,0.0,1
2023-04-06 10:00:00,135.802124,0.0,2.0,496.0,22.14999962,0.0,1
2023-04-06 10:05:00,140.785614,0.0,3.0,496.0,22.26000023,0.0,1
2023-04-06 10:10:00,142.0424652,0.0,2.0,546.0,22.37999916,0.0,1
2023-04-06 10:15:00,140.489502,0.0,3.0,546.0,22.42000008,0.0,1
2023-04-06 10:20:00,144.299942,0.0,7.0,597.0,22.30999947,0.0,1
2023-04-06 10:25:00,149.193634,0.0,0.0,597.0,22.37999916,0.0,1
2023-04-06 10:30:00,150.9908447,0.0,0.0,597.0,22.26000023,0.0,1
2023-04-06 10:35:00,152.8859253,0.0,0.0,547.0,22.37999916,0.0,1
2023-04-06 10:40:00,155.0673981,0.0,0.0,497.0,22.30999947,0.0,1
2023-04-06 10:45:00,154.3924713,0.0,0.0,497.0,22.39999962,0.0,1
2023-04-06 10:50:00,92.11248016,0.0,0.0,497.0,22.37999916,0.0,1
2023-04-06 10:55:00,37.95080185,0.0,0.0,447.0,22.35000038,0.0,0
2023-04-06 11:00:00,35.72779846,0.0,0.0,447.0,22.29000092,0.0,0
2023-04-06 11:05:00,35.55179214,0.0,0.0,447.0,22.19000053,0.0,0
2023-04-06 11:10:00,34.30466843,0.0,0.0,447.0,22.23999977,0.0,0
2023-04-06 11:15:00,33.69667816,0.0,0.0,447.0,22.35000038,0.0,0
2023-04-06 11:20:00,30.89841843,0.0,0.0,447.0,22.26000023,0.0,0
2023-04-06 11:25:00,33.87611389,0.0,0.0,447.0,22.32999992,0.0,0
2023-04-06 11:30:00,127.9125671,0.0,0.0,447.0,22.30999947,0.0,0
2023-04-06 11:35:00,145.8105316,1.0,0.0,447.0,22.19000053,0.0,0
2023-04-06 11:40:00,46.75370407,1.0,0.0,447.0,22.46999931,0.0,0
2023-04-06 11:45:00,38.47135544,1.0,0.0,447.0,22.37999916,0.0,0
2023-04-06 11:50:00,58.5848465,0.0,2.0,498.0,22.44000053,0.0,1
2023-04-06 11:55:00,35.5711174,0.0,2.0,500.0,22.55999947,0.0,1
2023-04-06 12:00:00,35.77151871,0.0,4.0,500.0,22.54000092,0.0,1
2023-04-06 12:05:00,34.9914856,0.0,0.0,550.0,22.46999931,0.0,1
2023-04-06 12:10:00,34.401577,0.0,0.0,500.0,22.44000053,0.0,1
2023-04-06 12:15:00,30.7880764,0.0,0.0,500.0,22.54000092,0.0,1
2023-04-06 12:20:00,30.62202263,0.0,0.0,500.0,22.48999977,0.0,1
2023-04-06 12:25:00,30.40500832,0.0,0.0,500.0,22.48999977,0.0,1
2023-04-06 12:30:00,30.08014679,0.0,0.0,500.0,22.44000053,0.0,1
2023-04-06 12:35:00,33.27766037,0.0,0.0,448.0,22.46999931,0.0,0
2023-04-06 12:40:00,29.92560005,0.0,0.0,448.0,22.44000053,0.0,0
2023-04-06 12:45:00,31.82738113,0.0,0.0,448.0,22.39999962,0.0,0
2023-04-06 12:50:00,35.44960022,0.0,0.0,448.0,22.44000053,0.0,0
2023-04-06 12:55:00,32.64383316,0.0,0.0,448.0,22.48999977,0.0,0
2023-04-06 13:00:00,33.05366135,0.0,0.0,448.0,22.55999947,0.0,0
2023-04-06 13:05:00,29.73269653,0.0,3.0,550.0,22.54000092,0.0,1
2023-04-06 13:10:00,23.71932793,0.0,0.0,550.0,22.54000092,0.0,1
2023-04-06 13:15:00,17.19649124,0.0,0.0,500.0,22.51000023,0.0,1
2023-04-06 13:20:00,11.65448666,0.0,0.0,500.0,22.51000023,0.0,1
2023-04-06 13:25:00,10.09291172,0.0,0.0,500.0,22.57999992,0.0,1
2023-04-06 13:30:00,11.44073772,0.0,0.0,500.0,22.46999931,0.0,1
2023-04-06 13:35:00,7.978259087,0.0,0.0,500.0,22.48999977,0.0,1
2023-04-06 13:40:00,4.563567162,0.0,0.0,450.0,22.46999931,0.0,0
2023-04-06 13:45:00,7.105745792,0.0,0.0,450.0,22.35000038,0.0,0
2023-04-06 13:50:00,27.43238068,0.0,0.0,450.0,22.51000023,0.0,0
2023-04-06 13:55:00,47.81439209,0.0,0.0,450.0,22.55999947,0.0,0
2023-04-06 14:00:00,46.68458939,0.0,3.0,450.0,22.61000061,0.0,0
2023-04-06 14:05:00,48.25717545,0.0,0.0,450.0,22.70000076,0.0,0
2023-04-06 14:10:00,53.40779114,0.0,0.0,503.0,22.81999969,0.0,1
2023-04-06 14:15:00,51.64654922,0.0,0.0,503.0,22.78000069,0.0,1
2023-04-06 14:20:00,49.3664093,0.0,0.0,503.0,22.72999954,0.0,1
2023-04-06 14:25:00,49.14832306,0.0,0.0,503.0,22.70000076,0.0,1
2023-04-06 14:30:00,45.7600441,0.0,0.0,503.0,22.55999947,0.0,1
2023-04-06 14:35:00,43.65400314,0.0,0.0,503.0,22.65999985,0.0,1
2023-04-06 14:40:00,42.95172119,0.0,0.0,503.0,22.70000076,0.0,1
2023-04-06 14:45:00,42.29513168,0.0,0.0,453.0,22.65999985,0.0,0
2023-04-06 14:50:00,32.79531479,0.0,0.0,453.0,22.57999992,0.0,0
2023-04-06 14:55:00,33.53935623,0.0,0.0,453.0,22.70000076,0.0,0
2023-04-06 15:00:00,29.64272308,0.0,0.0,453.0,22.81999969,0.0,0
2023-04-06 15:05:00,35.09361267,0.0,0.0,453.0,22.44000053,0.0,0
2023-04-06 15:10:00,38.28081512,0.0,0.0,453.0,22.55999947,0.0,0
2023-04-06 15:15:00,25.05398178,0.0,0.0,453.0,22.65999985,0.0,0
2023-04-06 15:20:00,20.86507416,0.0,0.0,453.0,22.70000076,0.0,0
2023-04-06 15:25:00,32.99984741,0.0,0.0,453.0,22.68000031,0.0,0
2023-04-06 15:30:00,37.6064682,0.0,0.0,453.0,22.72999954,0.0,0
2023-04-06 15:35:00,40.78647232,0.0,0.0,453.0,24.90999985,0.0,0
2023-04-06 15:40:00,34.29870987,0.0,0.0,453.0,22.61000061,0.0,0
2023-04-06 15:45:00,30.92116547,0.0,0.0,453.0,22.78000069,0.0,0
2023-04-06 15:50:00,38.61400604,0.0,0.0,453.0,22.78000069,0.0,0
2023-04-06 15:55:00,52.81791687,0.0,0.0,453.0,22.78000069,0.0,0
2023-04-06 16:00:00,64.33863068,0.0,0.0,453.0,22.79999924,0.0,0
2023-04-06 16:05:00,78.31129456,0.0,0.0,453.0,22.79999924,0.0,0
2023-04-06 16:10:00,61.74689484,0.0,0.0,453.0,22.89999962,0.0,0
2023-04-06 16:15:00,68.25295258,0.0,0.0,453.0,22.62999916,0.0,0
2023-04-06 16:20:00,63.37416458,0.0,5.0,453.0,22.68000031,0.0,0
2023-04-06 16:25:00,63.68579102,0.0,0.0,503.0,22.57999992,0.0,1
2023-04-06 16:30:00,65.62760925,0.0,0.0,503.0,22.72999954,0.0,1
2023-04-06 16:35:00,95.47622681,0.0,0.0,503.0,22.75,0.0,1
2023-04-06 16:40:00,115.6227417,0.0,0.0,503.0,22.75,0.0,1
2023-04-06 16:45:00,105.0137711,0.0,1.0,503.0,22.79999924,0.0,1
2023-04-06 16:50:00,132.6396484,0.0,1.0,503.0,22.70000076,0.0,1
2023-04-06 16:55:00,116.8164597,0.0,0.0,453.0,22.94000053,0.0,0
2023-04-06 17:00:00,159.7014313,0.0,0.0,453.0,22.87000084,0.0,0
2023-04-06 17:05:00,159.2775421,0.0,1.0,453.0,22.79999924,0.0,0
2023-04-06 17:10:00,176.5659027,0.0,0.0,453.0,22.96999931,0.0,0
2023-04-06 17:15:00,173.2745819,0.0,0.0,453.0,22.98999977,0.0,0
2023-04-06 17:20:00,65.42092133,0.0,1.0,453.0,23.04000092,0.0,0
2023-04-06 17:25:00,166.2624664,0.0,0.0,453.0,23.05999947,0.0,0
2023-04-06 17:30:00,254.474472,0.0,1.0,453.0,23.15999985,0.0,0
2023-04-06 17:35:00,296.8486328,0.0,1.0,453.0,23.18000031,0.0,0
2023-04-06 17:40:00,168.3858032,0.0,1.0,453.0,23.05999947,0.0,0
2023-04-06 17:45:00,261.9165039,0.0,1.0,453.0,23.25,0.0,0
2023-04-06 17:50:00,321.5556946,0.0,1.0,453.0,23.40999985,0.0,0
2023-04-06 17:55:00,305.3811035,0.0,1.0,453.0,23.31999969,0.0,0
2023-04-06 18:00:00,290.6697693,0.0,1.0,453.0,23.43000031,0.0,0
2023-04-06 18:05:00,292.7479553,0.0,0.0,453.0,23.56999969,0.0,0
2023-04-06 18:10:00,298.7999268,0.0,0.0,453.0,23.56999969,0.0,0
2023-04-06 18:15:00,300.8954773,0.0,0.0,453.0,23.65999985,0.0,0
2023-04-06 18:20:00,281.4244385,0.0,1.0,453.0,23.5,0.0,0
2023-04-06 18:25:00,259.802887,0.0,1.0,453.0,23.59000015,0.0,0
2023-04-06 18:30:00,232.4027863,0.0,0.0,453.0,23.68000031,0.0,0
2023-04-06 18:35:00,206.64888,0.0,0.0,453.0,23.65999985,0.0,0
2023-04-06 18:40:00,178.8019714,0.0,0.0,453.0,23.72999954,0.0,0
2023-04-06 18:45:00,154.0577393,0.0,0.0,453.0,23.70000076,0.0,0
2023-04-06 18:50:00,134.9305115,0.0,0.0,453.0,23.84000015,0.0,0
2023-04-06 18:55:00,118.871582,0.0,0.0,453.0,23.75,0.0,0
2023-04-06 19:00:00,106.0073318,0.0,0.0,453.0,23.77000046,0.0,0
2023-04-06 19:05:00,94.07994843,0.0,0.0,453.0,23.72999954,0.0,0
2023-04-06 19:10:00,82.32854462,0.0,0.0,453.0,23.70000076,0.0,0
2023-04-06 19:15:00,69.65592957,0.0,0.0,453.0,23.94000053,0.0,0
2023-04-06 19:20:00,57.741539,0.0,0.0,453.0,23.81999969,0.0,0
2023-04-06 19:25:00,47.39934921,0.0,0.0,453.0,24.03000069,0.0,0
2023-04-06 19:30:00,37.47611618,0.0,0.0,453.0,24.03000069,0.0,0
2023-04-06 19:35:00,29.38275146,0.0,0.0,453.0,24.12999916,0.0,0
2023-04-06 19:40:00,22.75274849,0.0,0.0,453.0,24.12999916,0.0,0
2023-04-06 19:45:00,16.77677917,0.0,0.0,453.0,24.07999992,0.0,0
2023-04-06 19:50:00,10.85632133,0.0,1.0,453.0,23.90999985,0.0,0
2023-04-06 19:55:00,7.458854199,0.0,1.0,453.0,23.95999908,0.0,0
2023-04-06 20:00:00,5.176101208,0.0,0.0,453.0,23.84000015,0.0,0
2023-04-06 20:05:00,3.673010826,0.0,1.0,453.0,23.79999924,0.0,0
2023-04-06 20:10:00,2.582225561,0.0,1.0,453.0,23.72999954,0.0,0
2023-04-06 20:15:00,1.989600897,0.0,1.0,453.0,23.72999954,0.0,0
2023-04-06 20:20:00,1.904362679,0.0,1.0,453.0,23.61000061,0.0,0
2023-04-06 20:25:00,1.848597407,0.0,0.0,453.0,23.56999969,0.0,0
2023-04-06 20:30:00,1.891641974,0.0,0.0,453.0,23.54000092,0.0,0
2023-04-06 20:35:00,1.847823858,0.0,0.0,453.0,23.62999916,0.0,0
2023-04-06 20:40:00,1.928672433,0.0,0.0,453.0,23.5,0.0,0
2023-04-06 20:45:00,1.875943422,0.0,0.0,453.0,23.5,0.0,0
2023-04-06 20:50:00,1.925170064,0.0,0.0,453.0,23.45000076,0.0,0
2023-04-06 20:55:00,1.888287067,0.0,0.0,453.0,23.5,0.0,0
2023-04-06 21:00:00,1.898205519,0.0,0.0,453.0,23.31999969,0.0,0
2023-04-06 21:05:00,1.911393762,0.0,0.0,453.0,23.40999985,0.0,0
2023-04-06 21:10:00,1.938826442,0.0,0.0,453.0,23.31999969,0.0,0
2023-04-06 21:15:00,1.968018651,0.0,0.0,453.0,23.22999954,0.0,0
2023-04-06 21:20:00,1.906074286,0.0,0.0,453.0,23.15999985,0.0,0
2023-04-06 21:25:00,1.878459811,0.0,0.0,453.0,23.13999939,0.0,0
2023-04-06 21:30:00,1.934678316,0.0,0.0,453.0,23.13999939,0.0,0
2023-04-06 21:35:00,1.996860266,0.0,0.0,453.0,23.15999985,0.0,0
2023-04-06 21:40:00,1.964177728,0.0,0.0,453.0,23.15999985,0.0,0
2023-04-06 21:45:00,1.933191299,0.0,0.0,453.0,23.05999947,0.0,0
2023-04-06 21:50:00,1.934529185,0.0,0.0,453.0,23.02000046,0.0,0
2023-04-06 21:55:00,1.933400035,0.0,0.0,453.0,23.05999947,0.0,0
2023-04-06 22:00:00,1.940903783,0.0,0.0,453.0,22.94000053,0.0,0
2023-04-06 22:05:00,1.938524008,0.0,0.0,453.0,23.13999939,0.0,0
2023-04-06 22:10:00,2.000181913,0.0,0.0,453.0,23.04000092,0.0,0
2023-04-06 22:15:00,1.89172709,0.0,0.0,453.0,22.94000053,0.0,0
2023-04-06 22:20:00,1.91751647,0.0,0.0,453.0,22.96999931,0.0,0
2023-04-06 22:25:00,1.986172319,0.0,0.0,453.0,22.89999962,0.0,0
2023-04-06 22:30:00,1.945215702,0.0,0.0,453.0,22.94000053,0.0,0
2023-04-06 22:35:00,1.933319926,0.0,0.0,453.0,22.89999962,0.0,0
2023-04-06 22:40:00,1.96700573,0.0,0.0,453.0,22.79999924,0.0,0
2023-04-06 22:45:00,1.91457212,0.0,0.0,453.0,22.79999924,0.0,0
2023-04-06 22:50:00,1.929588676,0.0,0.0,453.0,22.81999969,0.0,0
2023-04-06 22:55:00,1.955167532,0.0,0.0,453.0,22.75,0.0,0
2023-04-06 23:00:00,1.928588152,0.0,0.0,453.0,22.70000076,0.0,0
2023-04-06 23:05:00,1.866194129,0.0,0.0,453.0,22.72999954,0.0,0
2023-04-06 23:10:00,1.953300953,0.0,0.0,453.0,22.78000069,0.0,0
2023-04-06 23:15:00,1.857113838,0.0,0.0,453.0,22.68000031,0.0,0
2023-04-06 23:20:00,1.903163314,0.0,0.0,453.0,22.79999924,0.0,0
2023-04-06 23:25:00,1.891478658,0.0,0.0,453.0,22.68000031,0.0,0
2023-04-06 23:30:00,1.902273297,0.0,1.0,453.0,22.68000031,0.0,0
2023-04-06 23:35:00,1.978026867,0.0,1.0,453.0,22.70000076,0.0,0
2023-04-06 23:40:00,1.886432529,0.0,1.0,453.0,22.62999916,0.0,0
2023-04-06 23:45:00,1.979480624,0.0,0.0,453.0,22.72999954,0.0,0
2023-04-06 23:50:00,1.948965788,0.0,0.0,453.0,22.75,0.0,0
2023-04-06 23:55:00,1.895272017,0.0,0.0,453.0,22.65999985,0.0,0
2023-04-07 00:00:00,1.889596462,0.0,0.0,453.0,22.51000023,0.0,0
2023-04-07 00:05:00,1.935917378,0.0,0.0,453.0,22.62999916,0.0,0
2023-04-07 00:10:00,1.930076599,0.0,0.0,453.0,22.65999985,0.0,0
2023-04-07 00:15:00,1.909132242,0.0,0.0,453.0,22.62999916,0.0,0
2023-04-07 00:20:00,1.997083783,0.0,0.0,453.0,22.57999992,0.0,0
2023-04-07 00:25:00,1.929459453,0.0,0.0,453.0,22.68000031,0.0,0
2023-04-07 00:30:00,1.986761808,0.0,0.0,453.0,22.65999985,0.0,0
2023-04-07 00:35:00,1.946712375,0.0,0.0,453.0,22.57999992,0.0,0
2023-04-07 00:40:00,1.913971067,0.0,0.0,453.0,22.61000061,0.0,0
2023-04-07 00:45:00,1.883831978,0.0,0.0,453.0,22.39999962,0.0,0
2023-04-07 00:50:00,1.937645316,0.0,0.0,453.0,22.51000023,0.0,0
2023-04-07 00:55:00,1.969730973,0.0,0.0,453.0,22.61000061,0.0,0
2023-04-07 01:00:00,1.968575597,0.0,0.0,453.0,22.55999947,0.0,0
2023-04-07 01:05:00,1.966598511,0.0,0.0,453.0,22.44000053,0.0,0
2023-04-07 01:10:00,1.925682068,0.0,0.0,453.0,22.39999962,0.0,0
2023-04-07 01:15:00,1.968179822,0.0,0.0,453.0,22.44000053,0.0,0
2023-04-07 01:20:00,1.913562536,0.0,0.0,453.0,22.42000008,0.0,0
2023-04-07 01:25:00,1.937024832,0.0,0.0,453.0,22.44000053,0.0,0
2023-04-07 01:30:00,1.911080599,0.0,0.0,453.0,22.37999916,0.0,0
2023-04-07 01:35:00,1.85629046,0.0,0.0,453.0,22.32999992,0.0,0
2023-04-07 01:40:00,1.957891464,0.0,0.0,453.0,22.44000053,0.0,0
2023-04-07 01:45:00,1.90015173,0.0,0.0,453.0,22.46999931,0.0,0
2023-04-07 01:50:00,1.922674537,0.0,0.0,453.0,22.32999992,0.0,0
2023-04-07 01:55:00,1.899801612,0.0,0.0,453.0,22.35000038,0.0,0
2023-04-07 02:00:00,1.928843141,0.0,0.0,453.0,22.37999916,0.0,0
2023-04-07 02:05:00,1.888170004,0.0,0.0,453.0,22.30999947,0.0,0
2023-04-07 02:10:00,1.94210875,0.0,0.0,453.0,22.44000053,0.0,0
2023-04-07 02:15:00,1.955048919,0.0,0.0,453.0,22.26000023,0.0,0
2023-04-07 02:20:00,1.891232729,0.0,0.0,453.0,22.35000038,0.0,0
2023-04-07 02:25:00,1.91971314,0.0,0.0,453.0,22.35000038,0.0,0
2023-04-07 02:30:00,1.90589571,0.0,0.0,453.0,22.32999992,0.0,0
2023-04-07 02:35:00,1.954613924,0.0,0.0,453.0,22.26000023,0.0,0
2023-04-07 02:40:00,2.016175985,0.0,0.0,453.0,22.32999992,0.0,0
2023-04-07 02:45:00,1.964847803,0.0,0.0,453.0,22.32999992,0.0,0
2023-04-07 02:50:00,1.977238298,0.0,0.0,453.0,22.39999962,0.0,0
2023-04-07 02:55:00,2.055951595,0.0,0.0,453.0,22.26000023,0.0,0
2023-04-07 03:00:00,1.991063356,0.0,0.0,453.0,22.21999931,0.0,0
2023-04-07 03:05:00,2.001483202,0.0,0.0,453.0,22.23999977,0.0,0
2023-04-07 03:10:00,1.965005517,0.0,0.0,453.0,22.35000038,0.0,0
2023-04-07 03:15:00,1.926348686,0.0,0.0,453.0,22.35000038,0.0,0
2023-04-07 03:20:00,1.955277324,0.0,0.0,453.0,22.30999947,0.0,0
2023-04-07 03:25:00,2.01114583,0.0,0.0,453.0,22.29000092,0.0,0
2023-04-07 03:30:00,1.930834055,0.0,0.0,453.0,22.19000053,0.0,0
2023-04-07 03:35:00,1.984859705,0.0,0.0,453.0,22.39999962,0.0,0
2023-04-07 03:40:00,1.992239237,0.0,0.0,453.0,22.17000008,0.0,0
2023-04-07 03:45:00,1.947232723,0.0,0.0,453.0,22.19000053,0.0,0
2023-04-07 03:50:00,1.886188626,0.0,0.0,453.0,22.23999977,0.0,0
2023-04-07 03:55:00,1.945221782,0.0,0.0,453.0,22.17000008,0.0,0
2023-04-07 04:00:00,1.981291771,0.0,0.0,453.0,22.21999931,0.0,0
2023-04-07 04:05:00,1.916513324,0.0,0.0,453.0,22.26000023,0.0,0
2023-04-07 04:10:00,1.961716652,0.0,0.0,453.0,22.17000008,0.0,0
2023-04-07 04:15:00,1.942813873,0.0,0.0,453.0,22.30999947,0.0,0
2023-04-07 04:20:00,1.967419863,0.0,0.0,453.0,22.21999931,0.0,0
2023-04-07 04:25:00,1.908030987,0.0,0.0,453.0,22.07999992,0.0,0
2023-04-07 04:30:00,1.945804596,0.0,0.0,453.0,22.10000038,0.0,0
2023-04-07 04:35:00,1.920301795,0.0,0.0,453.0,22.12999916,0.0,0
2023-04-07 04:40:00,1.90680933,0.0,0.0,453.0,22.17000008,0.0,0
2023-04-07 04:45:00,1.930070162,0.0,0.0,453.0,22.23999977,0.0,0
2023-04-07 04:50:00,1.943532467,0.0,0.0,453.0,22.12999916,0.0,0
2023-04-07 04:55:00,1.891380429,0.0,0.0,453.0,22.21999931,0.0,0
2023-04-07 05:00:00,1.919710159,0.0,0.0,453.0,22.26000023,0.0,0
2023-04-07 05:05:00,2.013347149,0.0,0.0,453.0,22.14999962,0.0,0
2023-04-07 05:10:00,1.958034873,0.0,0.0,453.0,22.21999931,0.0,0
2023-04-07 05:15:00,1.985958099,0.0,0.0,453.0,22.07999992,0.0,0
2023-04-07 05:20:00,1.992570877,0.0,0.0,453.0,22.12999916,0.0,0
2023-04-07 05:25:00,1.951994419,0.0,0.0,453.0,22.12999916,0.0,0
2023-04-07 05:30:00,1.944694758,0.0,0.0,453.0,22.01000023,0.0,0
2023-04-07 05:35:00,1.951541543,0.0,0.0,453.0,22.10000038,0.0,0
2023-04-07 05:40:00,1.952811956,0.0,0.0,453.0,22.12999916,0.0,0
2023-04-07 05:45:00,2.00536871,0.0,0.0,453.0,22.07999992,0.0,0
2023-04-07 05:50:00,1.932174206,0.0,0.0,453.0,22.10000038,0.0,0
2023-04-07 05:55:00,2.070814371,0.0,0.0,453.0,22.14999962,0.0,0
2023-04-07 06:00:00,2.052469015,0.0,0.0,453.0,22.05999947,0.0,0
2023-04-07 06:05:00,2.013448,0.0,0.0,453.0,22.19000053,0.0,0
2023-04-07 06:10:00,1.983855367,0.0,0.0,453.0,22.07999992,0.0,0
2023-04-07 06:15:00,1.990764737,0.0,0.0,453.0,22.05999947,0.0,0
2023-04-07 06:20:00,2.030396938,0.0,0.0,453.0,22.04000092,0.0,0
2023-04-07 06:25:00,1.963141561,0.0,0.0,453.0,21.95000076,0.0,0
2023-04-07 06:30:00,1.926808596,0.0,0.0,453.0,22.10000038,0.0,0
2023-04-07 06:35:00,1.946198225,0.0,1.0,453.0,21.95000076,0.0,0
2023-04-07 06:40:00,2.042283535,0.0,1.0,453.0,21.95000076,0.0,0
2023-04-07 06:45:00,2.478121758,0.0,1.0,453.0,22.12999916,0.0,0
2023-04-07 06:50:00,2.91005826,0.0,1.0,453.0,21.98999977,0.0,0
2023-04-07 06:55:00,3.850087643,0.0,1.0,453.0,22.05999947,0.0,0
2023-04-07 07:00:00,4.98100996,0.0,1.0,453.0,21.96999931,0.0,0
2023-04-07 07:05:00,5.718281269,0.0,1.0,453.0,21.96999931,0.0,0
2023-04-07 07:10:00,6.708185673,0.0,1.0,453.0,21.89999962,0.0,0
2023-04-07 07:15:00,7.867793083,0.0,1.0,453.0,21.98999977,0.0,0
2023-04-07 07:20:00,8.813177109,0.0,1.0,453.0,21.95000076,0.0,0
2023-04-07 07:25:00,9.674678803,0.0,1.0,453.0,21.87000084,0.0,0
2023-04-07 07:30:00,10.7773838,0.0,1.0,453.0,21.95000076,0.0,0
2023-04-07 07:35:00,11.47817802,0.0,0.0,453.0,22.10000038,0.0,0
2023-04-07 07:40:00,12.37140274,0.0,0.0,453.0,22.04000092,0.0,0
2023-04-07 07:45:00,13.17390347,0.0,1.0,453.0,21.95000076,0.0,0
2023-04-07 07:50:00,13.89449215,0.0,0.0,453.0,21.89999962,0.0,0
2023-04-07 07:55:00,14.64202785,0.0,0.0,453.0,22.10000038,0.0,0
2023-04-07 08:00:00,15.26463127,0.0,1.0,453.0,22.39999962,0.0,0
2023-04-07 08:05:00,15.84726048,0.0,0.0,403.0,22.54000092,0.0,0
2023-04-07 08:10:00,16.7341938,0.0,0.0,403.0,22.48999977,0.0,0
2023-04-07 08:15:00,17.0080204,0.0,0.0,403.0,22.46999931,0.0,0
2023-04-07 08:20:00,17.59391594,0.0,0.0,403.0,22.44000053,0.0,0
2023-04-07 08:25:00,18.12022972,0.0,0.0,403.0,22.44000053,0.0,0
2023-04-07 08:30:00,18.38495827,0.0,0.0,403.0,22.32999992,0.0,0
2023-04-07 08:35:00,18.64975739,0.0,0.0,403.0,22.44000053,0.0,0
2023-04-07 08:40:00,19.26192665,0.0,0.0,403.0,22.44000053,0.0,0
2023-04-07 08:45:00,19.63327217,0.0,0.0,403.0,22.21999931,0.0,0
2023-04-07 08:50:00,20.23848343,0.0,0.0,403.0,21.98999977,0.0,0
2023-04-07 08:55:00,20.66065407,0.0,1.0,403.0,21.89999962,0.0,0
2023-04-07 09:00:00,20.86677933,0.0,0.0,403.0,21.95000076,0.0,0
2023-04-07 09:05:00,19.99144363,0.0,2.0,403.0,21.96999931,0.0,0
2023-04-07 09:10:00,20.71687698,0.0,2.0,479.0,22.05999947,0.0,1
2023-04-07 09:15:00,20.3549633,0.0,1.0,479.0,21.96999931,0.0,1
2023-04-07 09:20:00,20.93387222,0.0,2.0,479.0,21.98999977,0.0,1
2023-04-07 09:25:00,21.19110489,0.0,2.0,479.0,22.07999992,0.0,1
2023-04-07 09:30:00,21.14553261,0.0,1.0,479.0,22.39999962,0.0,1
2023-04-07 09:35:00,21.52750778,0.0,1.0,479.0,22.48999977,0.0,1
2023-04-07 09:40:00,21.44434166,0.0,1.0,479.0,22.51000023,0.0,1
2023-04-07 09:45:00,21.68798065,0.0,2.0,530.0,22.44000053,0.0,1
2023-04-07 09:50:00,21.83045959,0.0,2.0,531.0,22.21999931,0.0,1
2023-04-07 09:55:00,21.22736931,0.0,1.0,578.0,22.21999931,0.0,1
2023-04-07 10:00:00,21.22452736,0.0,1.0,578.0,22.19000053,0.0,1
2023-04-07 10:05:00,22.058321,0.0,1.0,578.0,22.19000053,0.0,1
2023-04-07 10:10:00,22.84307671,0.0,0.0,578.0,22.21999931,0.0,1
2023-04-07 10:15:00,22.8715992,0.0,0.0,528.0,22.12999916,0.0,1
2023-04-07 10:20:00,22.9331131,0.0,0.0,478.0,22.23999977,0.0,1
2023-04-07 10:25:00,22.77213287,0.0,1.0,478.0,22.23999977,0.0,1
2023-04-07 10:30:00,22.60552025,0.0,1.0,478.0,22.14999962,0.0,1
2023-04-07 10:35:00,22.50906944,0.0,1.0,478.0,22.37999916,0.0,1
2023-04-07 10:40:00,22.6067028,0.0,1.0,478.0,22.30999947,0.0,1
2023-04-07 10:45:00,21.40964699,0.0,3.0,478.0,22.35000038,0.0,1
2023-04-07 10:50:00,22.3819294,0.0,2.0,528.0,22.37999916,0.0,1
2023-04-07 10:55:00,21.39821625,0.0,3.0,528.0,22.54000092,0.0,1
2023-04-07 11:00:00,22.06467247,0.0,2.0,528.0,22.51000023,0.0,1
2023-04-07 11:05:00,22.39998627,0.0,4.0,578.0,22.61000061,0.0,1
2023-04-07 11:10:00,23.89673424,0.0,5.0,578.0,22.79999924,0.0,1
2023-04-07 11:15:00,24.27272606,0.0,6.0,578.0,22.89999962,0.0,1
2023-04-07 11:20:00,25.46773148,0.0,4.0,628.0,22.96999931,0.0,1
2023-04-07 11:25:00,24.67414665,0.0,6.0,628.0,22.96999931,0.0,1
2023-04-07 11:30:00,24.52038383,0.0,4.0,628.0,23.04000092,0.0,1
2023-04-07 11:35:00,24.78833199,0.0,6.0,628.0,23.04000092,0.0,1
2023-04-07 11:40:00,24.97018814,0.0,6.0,678.0,23.04000092,0.0,1
2023-04-07 11:45:00,24.05864143,0.0,3.0,677.0,23.11000061,0.0,1
2023-04-07 11:50:00,23.51136398,0.0,4.0,677.0,23.04000092,0.0,1
2023-04-07 11:55:00,23.86075974,0.0,6.0,727.0,23.20000076,0.0,1
2023-04-07 12:00:00,23.09364319,0.0,3.0,625.0,23.40999985,0.0,1
2023-04-07 12:05:00,22.04166794,0.0,0.0,575.0,23.18000031,0.0,1
2023-04-07 12:10:00,22.29889679,0.0,0.0,575.0,23.05999947,0.0,1
2023-04-07 12:15:00,22.43985748,0.0,0.0,575.0,22.92000008,0.0,1
2023-04-07 12:20:00,22.73153305,0.0,0.0,525.0,22.85000038,0.0,1
2023-04-07 12:25:00,23.43101692,0.0,0.0,525.0,22.89999962,0.0,1
2023-04-07 12:30:00,23.63807297,0.0,0.0,525.0,22.85000038,0.0,1
2023-04-07 12:35:00,23.79628563,0.0,0.0,525.0,22.75,0.0,1
2023-04-07 12:40:00,23.88490868,0.0,0.0,475.0,22.87000084,0.0,1
2023-04-07 12:45:00,23.8878994,0.0,0.0,475.0,22.75,0.0,1
2023-04-07 12:50:00,23.9765625,0.0,0.0,475.0,22.75,0.0,1
2023-04-07 12:55:00,24.14675903,0.0,0.0,475.0,22.70000076,0.0,1
2023-04-07 13:00:00,24.89471626,0.0,0.0,475.0,22.79999924,0.0,1
2023-04-07 13:05:00,25.24974632,0.0,0.0,475.0,22.78000069,0.0,1
2023-04-07 13:10:00,25.9166832,0.0,0.0,475.0,22.68000031,0.0,1
2023-04-07 13:15:00,26.90782356,0.0,0.0,475.0,22.61000061,0.0,1
2023-04-07 13:20:00,27.47670174,0.0,0.0,475.0,22.61000061,0.0,1
2023-04-07 13:25:00,27.98635101,0.0,0.0,475.0,22.61000061,0.0,1
2023-04-07 13:30:00,28.2711544,0.0,0.0,475.0,22.48999977,0.0,1
2023-04-07 13:35:00,28.31744766,0.0,0.0,475.0,22.30999947,0.0,1
2023-04-07 13:40:00,28.51614761,0.0,0.0,475.0,22.44000053,0.0,1
2023-04-07 13:45:00,28.89105797,0.0,0.0,475.0,22.57999992,0.0,1
2023-04-07 13:50:00,28.55798531,0.0,0.0,475.0,22.54000092,0.0,1
2023-04-07 13:55:00,28.14938736,0.0,0.0,475.0,22.44000053,0.0,1
2023-04-07 14:00:00,28.32595253,0.0,0.0,475.0,22.29000092,0.0,1
2023-04-07 14:05:00,28.50584412,0.0,0.0,425.0,22.54000092,0.0,0
2023-04-07 14:10:00,28.91048622,0.0,0.0,425.0,22.54000092,0.0,0
2023-04-07 14:15:00,29.28469086,0.0,0.0,425.0,22.46999931,0.0,0
2023-04-07 14:20:00,29.6243782,0.0,0.0,425.0,22.42000008,0.0,0
2023-04-07 14:25:00,30.41161346,0.0,0.0,425.0,22.51000023,0.0,0
2023-04-07 14:30:00,30.68666458,0.0,0.0,425.0,22.26000023,0.0,0
2023-04-07 14:35:00,32.23076248,0.0,0.0,425.0,22.32999992,0.0,0
2023-04-07 14:40:00,33.43525314,0.0,0.0,425.0,22.32999992,0.0,0
2023-04-07 14:45:00,34.95193481,0.0,0.0,425.0,22.32999992,0.0,0
2023-04-07 14:50:00,36.5276947,0.0,0.0,425.0,22.48999977,0.0,0
2023-04-07 14:55:00,38.4166069,0.0,0.0,425.0,22.48999977,0.0,0
2023-04-07 15:00:00,40.65794373,0.0,0.0,425.0,22.39999962,0.0,0
2023-04-07 15:05:00,42.60149765,0.0,0.0,425.0,22.39999962,0.0,0
2023-04-07 15:10:00,44.90292358,0.0,0.0,425.0,22.44000053,0.0,0
2023-04-07 15:15:00,46.60442734,0.0,0.0,425.0,22.44000053,0.0,0
2023-04-07 15:20:00,48.09239578,0.0,0.0,425.0,22.37999916,0.0,0
2023-04-07 15:25:00,49.38228226,0.0,0.0,425.0,22.32999992,0.0,0
2023-04-07 15:30:00,51.42889786,0.0,0.0,425.0,23.34000015,0.0,0
2023-04-07 15:35:00,53.29917526,0.0,0.0,425.0,22.68000031,0.0,0
2023-04-07 15:40:00,55.07579803,0.0,0.0,425.0,22.68000031,0.0,0
2023-04-07 15:45:00,57.14297104,0.0,0.0,425.0,22.87000084,0.0,0
2023-04-07 15:50:00,59.36151505,0.0,0.0,425.0,22.87000084,0.0,0
2023-04-07 15:55:00,61.55795288,0.0,0.0,425.0,22.92000008,0.0,0
2023-04-07 16:00:00,63.39634323,0.0,0.0,425.0,22.81999969,0.0,0
2023-04-07 16:05:00,65.27405548,0.0,0.0,425.0,22.89999962,0.0,0
2023-04-07 16:10:00,67.59197998,0.0,0.0,425.0,22.94000053,0.0,0
2023-04-07 16:15:00,69.53856659,0.0,0.0,425.0,22.96999931,0.0,0
2023-04-07 16:20:00,72.92179871,0.0,0.0,425.0,22.96999931,0.0,0
2023-04-07 16:25:00,76.39792633,0.0,0.0,425.0,23.02000046,0.0,0
2023-04-07 16:30:00,79.93789673,0.0,0.0,425.0,23.15999985,0.0,0
2023-04-07 16:35:00,84.38366699,0.0,0.0,425.0,23.13999939,0.0,0
2023-04-07 16:40:00,91.76986694,0.0,0.0,425.0,23.25,0.0,0
2023-04-07 16:45:00,99.53038025,0.0,0.0,425.0,23.34000015,0.0,0
2023-04-07 16:50:00,145.0146179,0.0,0.0,425.0,23.37999916,0.0,0
2023-04-07 16:55:00,175.3719177,0.0,0.0,425.0,23.45000076,0.0,0
2023-04-07 17:00:00,178.4431152,0.0,0.0,425.0,23.56999969,0.0,0
2023-04-07 17:05:00,180.2100372,0.0,0.0,425.0,23.5,0.0,0
2023-04-07 17:10:00,185.9897766,0.0,0.0,425.0,23.45000076,0.0,0
2023-04-07 17:15:00,201.2517242,0.0,0.0,425.0,23.62999916,0.0,0
2023-04-07 17:20:00,223.7547913,0.0,0.0,425.0,23.70000076,0.0,0
2023-04-07 17:25:00,216.2766571,0.0,0.0,425.0,23.72999954,0.0,0
2023-04-07 17:30:00,199.5974731,0.0,0.0,425.0,23.90999985,0.0,0
2023-04-07 17:35:00,156.0180969,0.0,0.0,425.0,23.84000015,0.0,0
2023-04-07 17:40:00,122.8653641,0.0,0.0,425.0,23.84000015,0.0,0
2023-04-07 17:45:00,269.0928345,0.0,0.0,425.0,24.01000023,0.0,0
2023-04-07 17:50:00,140.7195587,0.0,0.0,425.0,23.90999985,0.0,0
2023-04-07 17:55:00,76.22691345,0.0,0.0,425.0,23.87000084,0.0,0
2023-04-07 18:00:00,64.12212372,0.0,0.0,425.0,23.95999908,0.0,0
2023-04-07 18:05:00,116.5891953,0.0,0.0,425.0,23.84000015,0.0,0
2023-04-07 18:10:00,191.4559326,0.0,0.0,425.0,23.97999954,0.0,0
2023-04-07 18:15:00,164.1996918,0.0,0.0,425.0,24.07999992,0.0,0
2023-04-07 18:20:00,144.8386078,0.0,0.0,425.0,23.88999939,0.0,0
2023-04-07 18:25:00,70.9185791,0.0,0.0,425.0,23.94000053,0.0,0
2023-04-07 18:30:00,49.61318207,0.0,0.0,425.0,24.05999947,0.0,0
2023-04-07 18:35:00,52.11736679,0.0,0.0,425.0,23.94000053,0.0,0
2023-04-07 18:40:00,51.16464233,0.0,0.0,425.0,23.84000015,0.0,0
2023-04-07 18:45:00,35.23554611,0.0,0.0,425.0,23.84000015,0.0,0
2023-04-07 18:50:00,30.65722275,0.0,0.0,425.0,23.84000015,0.0,0
2023-04-07 18:55:00,27.81705284,0.0,0.0,425.0,23.84000015,0.0,0
2023-04-07 19:00:00,37.98857117,0.0,0.0,425.0,23.90999985,0.0,0
2023-04-07 19:05:00,49.28620148,0.0,0.0,425.0,23.77000046,0.0,0
2023-04-07 19:10:00,25.27322388,0.0,0.0,425.0,23.79999924,0.0,0
2023-04-07 19:15:00,13.1412096,0.0,0.0,425.0,23.75,0.0,0
2023-04-07 19:20:00,8.861354828,0.0,0.0,425.0,23.72999954,0.0,0
2023-04-07 19:25:00,6.188043118,0.0,0.0,425.0,23.75,0.0,0
2023-04-07 19:30:00,4.700586796,0.0,0.0,425.0,23.70000076,0.0,0
2023-04-07 19:35:00,3.795446634,0.0,0.0,425.0,23.62999916,0.0,0
2023-04-07 19:40:00,5.187168598,0.0,0.0,425.0,23.59000015,0.0,0
2023-04-07 19:45:00,10.56388378,0.0,0.0,425.0,23.62999916,0.0,0
2023-04-07 19:50:00,5.481377125,0.0,0.0,425.0,25.22999954,0.0,0
2023-04-07 19:55:00,2.764856577,0.0,0.0,425.0,23.65999985,0.0,0
2023-04-07 20:00:00,3.1886518,0.0,0.0,425.0,23.59000015,0.0,0
2023-04-07 20:05:00,2.006541967,0.0,0.0,425.0,23.59000015,0.0,0
2023-04-07 20:10:00,1.963703036,0.0,0.0,425.0,23.52000046,0.0,0
2023-04-07 20:15:00,1.991162658,0.0,0.0,425.0,23.29000092,0.0,0
2023-04-07 20:20:00,1.90572238,0.0,0.0,425.0,23.37999916,0.0,0
2023-04-07 20:25:00,1.896851659,0.0,0.0,425.0,23.40999985,0.0,0
2023-04-07 20:30:00,1.902772069,0.0,0.0,425.0,23.36000061,0.0,0
2023-04-07 20:35:00,1.936071754,0.0,0.0,425.0,23.31999969,0.0,0
2023-04-07 20:40:00,1.931812882,0.0,0.0,425.0,23.37999916,0.0,0
2023-04-07 20:45:00,1.948819876,0.0,0.0,425.0,23.40999985,0.0,0
2023-04-07 20:50:00,1.933071017,0.0,0.0,425.0,23.13999939,0.0,0
2023-04-07 20:55:00,1.896766067,0.0,0.0,425.0,23.18000031,0.0,0
2023-04-07 21:00:00,1.89452529,0.0,0.0,425.0,23.22999954,0.0,0
2023-04-07 21:05:00,1.940409422,0.0,0.0,425.0,23.20000076,0.0,0
2023-04-07 21:10:00,1.944565296,0.0,0.0,425.0,23.13999939,0.0,0
2023-04-07 21:15:00,1.942872524,0.0,0.0,425.0,23.18000031,0.0,0
2023-04-07 21:20:00,1.919107676,0.0,0.0,425.0,23.11000061,0.0,0
2023-04-07 21:25:00,2.022349834,0.0,0.0,425.0,23.04000092,0.0,0
2023-04-07 21:30:00,1.984058142,0.0,0.0,425.0,23.13999939,0.0,0
2023-04-07 21:35:00,1.969026923,0.0,0.0,425.0,23.15999985,0.0,0
2023-04-07 21:40:00,1.970240355,0.0,0.0,425.0,23.05999947,0.0,0
2023-04-07 21:45:00,2.028595686,0.0,0.0,425.0,23.11000061,0.0,0
2023-04-07 21:50:00,2.045862198,0.0,0.0,425.0,23.02000046,0.0,0
2023-04-07 21:55:00,1.921536684,0.0,0.0,425.0,23.04000092,0.0,0
2023-04-07 22:00:00,1.934862018,0.0,0.0,425.0,23.04000092,0.0,0
2023-04-07 22:05:00,1.993923545,0.0,0.0,425.0,22.89999962,0.0,0
2023-04-07 22:10:00,1.950096369,0.0,0.0,425.0,22.81999969,0.0,0
2023-04-07 22:15:00,1.962911367,0.0,0.0,425.0,22.94000053,0.0,0
2023-04-07 22:20:00,1.940210819,0.0,0.0,425.0,23.02000046,0.0,0
2023-04-07 22:25:00,2.004052877,0.0,0.0,425.0,22.87000084,0.0,0
2023-04-07 22:30:00,2.045229673,0.0,0.0,425.0,23.02000046,0.0,0
2023-04-07 22:35:00,1.96834445,0.0,0.0,425.0,22.96999931,0.0,0
2023-04-07 22:40:00,1.93233335,0.0,0.0,425.0,22.92000008,0.0,0
2023-04-07 22:45:00,1.89059794,0.0,0.0,425.0,22.79999924,0.0,0
2023-04-07 22:50:00,1.940718293,0.0,0.0,425.0,22.81999969,0.0,0
2023-04-07 22:55:00,1.926009178,0.0,0.0,425.0,22.96999931,0.0,0
2023-04-07 23:00:00,1.912480116,0.0,0.0,425.0,22.87000084,0.0,0
2023-04-07 23:05:00,1.887276053,0.0,0.0,425.0,22.85000038,0.0,0
2023-04-07 23:10:00,1.951324344,0.0,0.0,425.0,22.79999924,0.0,0
2023-04-07 23:15:00,1.951188207,0.0,0.0,425.0,22.79999924,0.0,0
2023-04-07 23:20:00,1.936557531,0.0,0.0,425.0,22.81999969,0.0,0
2023-04-07 23:25:00,1.886506438,0.0,0.0,425.0,22.81999969,0.0,0
2023-04-07 23:30:00,1.847684622,0.0,0.0,425.0,22.85000038,0.0,0
2023-04-07 23:35:00,1.897063613,0.0,0.0,425.0,22.78000069,0.0,0
2023-04-07 23:40:00,1.953389287,0.0,0.0,425.0,22.75,0.0,0
2023-04-07 23:45:00,1.965457082,0.0,0.0,425.0,22.75,0.0,0
2023-04-07 23:50:00,1.967118621,0.0,0.0,425.0,22.75,0.0,0
2023-04-07 23:55:00,1.940039277,0.0,0.0,425.0,22.65999985,0.0,0
2023-04-08 00:00:00,1.942509174,0.0,0.0,425.0,22.75,0.0,0
2023-04-08 00:05:00,2.013824463,0.0,0.0,425.0,22.68000031,0.0,0
2023-04-08 00:10:00,1.973485231,0.0,0.0,425.0,22.72999954,0.0,0
2023-04-08 00:15:00,1.947028995,0.0,0.0,425.0,22.72999954,0.0,0
2023-04-08 00:20:00,2.004239082,0.0,0.0,425.0,22.65999985,0.0,0
2023-04-08 00:25:00,2.041600227,0.0,0.0,425.0,22.55999947,0.0,0
2023-04-08 00:30:00,1.9876858,0.0,0.0,425.0,22.61000061,0.0,0
2023-04-08 00:35:00,1.951733708,0.0,0.0,425.0,22.70000076,0.0,0
2023-04-08 00:40:00,1.985019326,0.0,0.0,425.0,22.72999954,0.0,0
2023-04-08 00:45:00,1.980332136,0.0,0.0,425.0,22.55999947,0.0,0
2023-04-08 00:50:00,1.955524802,0.0,0.0,425.0,22.42000008,0.0,0
2023-04-08 00:55:00,2.019646645,0.0,0.0,425.0,22.61000061,0.0,0
2023-04-08 01:00:00,1.959667802,0.0,0.0,425.0,22.57999992,0.0,0
2023-04-08 01:05:00,1.989277363,0.0,0.0,425.0,22.54000092,0.0,0
2023-04-08 01:10:00,1.924782991,0.0,0.0,425.0,22.55999947,0.0,0
2023-04-08 01:15:00,1.948669076,0.0,0.0,425.0,22.55999947,0.0,0
2023-04-08 01:20:00,1.937384009,0.0,0.0,425.0,22.51000023,0.0,0
2023-04-08 01:25:00,1.928801656,0.0,0.0,425.0,22.57999992,0.0,0
2023-04-08 01:30:00,1.909461737,0.0,0.0,425.0,22.51000023,0.0,0
2023-04-08 01:35:00,1.991629243,0.0,0.0,425.0,22.51000023,0.0,0
2023-04-08 01:40:00,1.97525394,0.0,0.0,425.0,22.55999947,0.0,0
2023-04-08 01:45:00,1.945568442,0.0,0.0,425.0,22.55999947,0.0,0
2023-04-08 01:50:00,1.921705127,0.0,0.0,425.0,22.48999977,0.0,0
2023-04-08 01:55:00,1.952709913,0.0,0.0,425.0,22.48999977,0.0,0
2023-04-08 02:00:00,1.972212911,0.0,0.0,425.0,22.55999947,0.0,0
2023-04-08 02:05:00,1.999162078,0.0,0.0,425.0,22.46999931,0.0,0
2023-04-08 02:10:00,1.950191498,0.0,0.0,425.0,22.44000053,0.0,0
2023-04-08 02:15:00,1.930943251,0.0,0.0,425.0,22.37999916,0.0,0
2023-04-08 02:20:00,1.925005436,0.0,0.0,425.0,22.46999931,0.0,0
2023-04-08 02:25:00,1.938000321,0.0,0.0,425.0,22.42000008,0.0,0
2023-04-08 02:30:00,1.940612674,0.0,0.0,425.0,22.32999992,0.0,0
2023-04-08 02:35:00,1.94020617,0.0,0.0,425.0,22.39999962,0.0,0
2023-04-08 02:40:00,1.916569233,0.0,0.0,425.0,22.39999962,0.0,0
2023-04-08 02:45:00,1.928976893,0.0,0.0,425.0,22.48999977,0.0,0
2023-04-08 02:50:00,1.973475337,0.0,0.0,425.0,22.54000092,0.0,0
2023-04-08 02:55:00,2.08540535,0.0,0.0,425.0,22.32999992,0.0,0
2023-04-08 03:00:00,2.011545658,0.0,0.0,425.0,22.44000053,0.0,0
2023-04-08 03:05:00,1.993311048,0.0,0.0,425.0,22.44000053,0.0,0
2023-04-08 03:10:00,1.991255164,0.0,0.0,425.0,22.39999962,0.0,0
2023-04-08 03:15:00,1.929931521,0.0,0.0,425.0,22.29000092,0.0,0
2023-04-08 03:20:00,2.030823469,0.0,0.0,425.0,22.37999916,0.0,0
2023-04-08 03:25:00,1.956474185,0.0,0.0,425.0,22.32999992,0.0,0
2023-04-08 03:30:00,1.978088379,0.0,0.0,425.0,22.35000038,0.0,0
2023-04-08 03:35:00,1.927641988,0.0,0.0,425.0,22.42000008,0.0,0
2023-04-08 03:40:00,1.897960186,0.0,0.0,425.0,22.44000053,0.0,0
2023-04-08 03:45:00,1.917631745,0.0,0.0,425.0,22.42000008,0.0,0
2023-04-08 03:50:00,1.946132779,0.0,0.0,425.0,22.37999916,0.0,0
2023-04-08 03:55:00,1.950410247,0.0,0.0,425.0,22.30999947,0.0,0
2023-04-08 04:00:00,1.926816583,0.0,0.0,425.0,22.30999947,0.0,0
2023-04-08 04:05:00,1.93002224,0.0,0.0,425.0,22.35000038,0.0,0
2023-04-08 04:10:00,1.904409766,0.0,0.0,425.0,22.39999962,0.0,0
2023-04-08 04:15:00,1.941730738,0.0,0.0,425.0,22.32999992,0.0,0
2023-04-08 04:20:00,1.93835783,0.0,0.0,425.0,22.21999931,0.0,0
2023-04-08 04:25:00,1.956948638,0.0,0.0,425.0,22.21999931,0.0,0
2023-04-08 04:30:00,1.907114387,0.0,0.0,425.0,22.44000053,0.0,0
2023-04-08 04:35:00,1.911336541,0.0,0.0,425.0,22.46999931,0.0,0
2023-04-08 04:40:00,1.936206698,0.0,0.0,425.0,22.29000092,0.0,0
2023-04-08 04:45:00,1.891581893,0.0,0.0,425.0,22.26000023,0.0,0
2023-04-08 04:50:00,1.949414849,0.0,0.0,425.0,22.29000092,0.0,0
2023-04-08 04:55:00,1.981566787,0.0,0.0,425.0,22.26000023,0.0,0
2023-04-08 05:00:00,1.96293211,0.0,0.0,425.0,22.37999916,0.0,0
2023-04-08 05:05:00,1.953022122,0.0,0.0,425.0,22.19000053,0.0,0
2023-04-08 05:10:00,1.970836878,0.0,0.0,425.0,22.19000053,0.0,0
2023-04-08 05:15:00,1.977606177,0.0,0.0,425.0,22.17000008,0.0,0
2023-04-08 05:20:00,2.037324667,0.0,0.0,425.0,22.30999947,0.0,0
2023-04-08 05:25:00,1.956901312,0.0,0.0,425.0,22.26000023,0.0,0
2023-04-08 05:30:00,1.967936039,0.0,0.0,425.0,22.14999962,0.0,0
2023-04-08 05:35:00,2.021513462,0.0,0.0,425.0,22.19000053,0.0,0
2023-04-08 05:40:00,1.972677827,0.0,0.0,425.0,22.29000092,0.0,0
2023-04-08 05:45:00,2.021191835,0.0,0.0,425.0,22.23999977,0.0,0
2023-04-08 05:50:00,1.968166471,0.0,0.0,425.0,22.26000023,0.0,0
2023-04-08 05:55:00,1.955298901,0.0,0.0,425.0,22.29000092,0.0,0
2023-04-08 06:00:00,1.920829892,0.0,0.0,425.0,22.26000023,0.0,0
2023-04-08 06:05:00,1.97332263,0.0,0.0,425.0,22.19000053,0.0,0
2023-04-08 06:10:00,2.048638821,0.0,0.0,425.0,22.14999962,0.0,0
2023-04-08 06:15:00,2.067779303,0.0,0.0,425.0,22.17000008,0.0,0
2023-04-08 06:20:00,2.003352642,0.0,0.0,425.0,22.05999947,0.0,0
2023-04-08 06:25:00,2.003655911,0.0,0.0,425.0,22.29000092,0.0,0
2023-04-08 06:30:00,1.950125694,0.0,0.0,425.0,22.10000038,0.0,0
2023-04-08 06:35:00,1.986509919,0.0,0.0,425.0,22.17000008,0.0,0
2023-04-08 06:40:00,1.984023571,0.0,0.0,425.0,22.30999947,0.0,0
2023-04-08 06:45:00,2.339895487,0.0,0.0,425.0,22.07999992,0.0,0
2023-04-08 06:50:00,2.765692949,0.0,0.0,425.0,22.14999962,0.0,0
2023-04-08 06:55:00,3.539489031,0.0,0.0,425.0,22.21999931,0.0,0
2023-04-08 07:00:00,4.159244061,0.0,0.0,425.0,22.10000038,0.0,0
2023-04-08 07:05:00,5.189764977,0.0,0.0,425.0,22.14999962,0.0,0
2023-04-08 07:10:00,6.044117451,0.0,0.0,425.0,22.19000053,0.0,0
2023-04-08 07:15:00,6.773083687,0.0,0.0,425.0,22.17000008,0.0,0
2023-04-08 07:20:00,7.873950958,0.0,0.0,425.0,22.12999916,0.0,0
2023-04-08 07:25:00,8.653719902,0.0,0.0,425.0,22.07999992,0.0,0
2023-04-08 07:30:00,9.625988007,0.0,0.0,425.0,22.10000038,0.0,0
2023-04-08 07:35:00,10.57065296,0.0,0.0,425.0,22.23999977,0.0,0
2023-04-08 07:40:00,11.14553738,0.0,0.0,425.0,22.14999962,0.0,0
2023-04-08 07:45:00,12.16832256,0.0,0.0,425.0,22.04000092,0.0,0
2023-04-08 07:50:00,12.68431091,0.0,0.0,425.0,22.19000053,0.0,0
2023-04-08 07:55:00,13.66001511,0.0,0.0,425.0,22.12999916,0.0,0
2023-04-08 08:00:00,14.03848267,0.0,0.0,425.0,22.05999947,0.0,0
2023-04-08 08:05:00,15.03460598,0.0,0.0,425.0,22.12999916,0.0,0
2023-04-08 08:10:00,15.3887167,0.0,0.0,425.0,21.96999931,0.0,0
2023-04-08 08:15:00,15.99088383,0.0,0.0,425.0,22.12999916,0.0,0
2023-04-08 08:20:00,16.63219261,0.0,0.0,425.0,22.17000008,0.0,0
2023-04-08 08:25:00,16.94218254,0.0,0.0,425.0,22.23999977,0.0,0
2023-04-08 08:30:00,17.3339138,0.0,0.0,425.0,22.07999992,0.0,0
2023-04-08 08:35:00,18.00769997,0.0,0.0,425.0,22.12999916,0.0,0
2023-04-08 08:40:00,18.21356392,0.0,0.0,425.0,22.04000092,0.0,0
2023-04-08 08:45:00,18.43580437,0.0,0.0,425.0,22.05999947,0.0,0
2023-04-08 08:50:00,19.04321671,0.0,0.0,425.0,21.98999977,0.0,0
2023-04-08 08:55:00,19.51059914,0.0,0.0,425.0,22.07999992,0.0,0
2023-04-08 09:00:00,19.67035484,0.0,0.0,425.0,22.04000092,0.0,0
2023-04-08 09:05:00,19.79580116,0.0,0.0,425.0,22.05999947,0.0,0
2023-04-08 09:10:00,20.23808479,0.0,0.0,425.0,21.96999931,0.0,0
2023-04-08 09:15:00,20.74750519,0.0,0.0,425.0,22.12999916,0.0,0
2023-04-08 09:20:00,20.9727993,0.0,0.0,425.0,22.21999931,0.0,0
2023-04-08 09:25:00,21.08495712,0.0,0.0,425.0,22.14999962,0.0,0
2023-04-08 09:30:00,21.30833817,0.0,0.0,425.0,22.14999962,0.0,0
2023-04-08 09:35:00,21.72784424,0.0,0.0,425.0,21.92000008,0.0,0
2023-04-08 09:40:00,22.05351448,0.0,0.0,425.0,22.21999931,0.0,0
2023-04-08 09:45:00,22.26871109,0.0,0.0,425.0,22.04000092,0.0,0
2023-04-08 09:50:00,22.36983871,0.0,0.0,425.0,22.14999962,0.0,0
2023-04-08 09:55:00,22.49357414,0.0,0.0,425.0,22.10000038,0.0,0
2023-04-08 10:00:00,22.60326576,0.0,0.0,425.0,22.12999916,0.0,0
2023-04-08 10:05:00,22.58782005,0.0,0.0,425.0,22.14999962,0.0,0
2023-04-08 10:10:00,22.7337513,0.0,0.0,425.0,22.29000092,0.0,0
2023-04-08 10:15:00,22.89167213,0.0,0.0,425.0,22.05999947,0.0,0
2023-04-08 10:20:00,23.09120369,0.0,0.0,425.0,22.23999977,0.0,0
2023-04-08 10:25:00,23.44812393,0.0,0.0,425.0,22.05999947,0.0,0
2023-04-08 10:30:00,23.63466454,0.0,0.0,425.0,22.05999947,0.0,0
2023-04-08 10:35:00,23.71998405,0.0,0.0,425.0,22.26000023,0.0,0
2023-04-08 10:40:00,23.6537323,0.0,0.0,425.0,22.10000038,0.0,0
2023-04-08 10:45:00,23.71723557,0.0,0.0,425.0,22.14999962,0.0,0
2023-04-08 10:50:00,23.74167252,0.0,0.0,425.0,22.19000053,0.0,0
2023-04-08 10:55:00,23.49575233,0.0,0.0,425.0,22.21999931,0.0,0
2023-04-08 11:00:00,23.48005104,0.0,0.0,425.0,22.14999962,0.0,0
2023-04-08 11:05:00,23.48246002,0.0,0.0,425.0,22.12999916,0.0,0
2023-04-08 11:10:00,23.49977875,0.0,0.0,425.0,22.12999916,0.0,0
2023-04-08 11:15:00,23.34440804,0.0,0.0,425.0,22.17000008,0.0,0
2023-04-08 11:20:00,23.33478546,0.0,0.0,425.0,22.23999977,0.0,0
2023-04-08 11:25:00,23.26074982,0.0,0.0,425.0,22.21999931,0.0,0
2023-04-08 11:30:00,23.24976158,0.0,0.0,425.0,22.12999916,0.0,0
2023-04-08 11:35:00,23.27485085,0.0,0.0,425.0,22.07999992,0.0,0
2023-04-08 11:40:00,23.22227669,0.0,0.0,425.0,22.14999962,0.0,0
2023-04-08 11:45:00,23.2402668,0.0,0.0,425.0,22.17000008,0.0,0
2023-04-08 11:50:00,23.17006683,0.0,0.0,425.0,22.17000008,0.0,0
2023-04-08 11:55:00,23.26224327,0.0,0.0,425.0,22.21999931,0.0,0
2023-04-08 12:00:00,23.53816795,0.0,0.0,425.0,22.05999947,0.0,0
2023-04-08 12:05:00,23.72843933,0.0,0.0,425.0,22.12999916,0.0,0
2023-04-08 12:10:00,23.9134903,0.0,0.0,425.0,22.29000092,0.0,0
2023-04-08 12:15:00,24.29588318,0.0,0.0,425.0,22.17000008,0.0,0
2023-04-08 12:20:00,25.09132195,0.0,0.0,425.0,22.21999931,0.0,0
2023-04-08 12:25:00,25.35259628,0.0,0.0,425.0,22.21999931,0.0,0
2023-04-08 12:30:00,25.41534996,0.0,0.0,425.0,22.19000053,0.0,0
2023-04-08 12:35:00,25.49535561,0.0,0.0,425.0,22.19000053,0.0,0
2023-04-08 12:40:00,26.1657238,0.0,0.0,425.0,22.29000092,0.0,0
2023-04-08 12:45:00,26.5971241,0.0,0.0,425.0,22.17000008,0.0,0
2023-04-08 12:50:00,26.78791428,0.0,0.0,425.0,22.29000092,0.0,0
2023-04-08 12:55:00,27.00332832,0.0,0.0,425.0,22.21999931,0.0,0
2023-04-08 13:00:00,27.55808449,0.0,0.0,425.0,22.23999977,0.0,0
2023-04-08 13:05:00,28.04165649,0.0,0.0,425.0,22.17000008,0.0,0
2023-04-08 13:10:00,28.2090683,0.0,0.0,425.0,22.19000053,0.0,0
2023-04-08 13:15:00,29.09695625,0.0,0.0,425.0,22.19000053,0.0,0
2023-04-08 13:20:00,29.54477692,0.0,0.0,425.0,22.21999931,0.0,0
2023-04-08 13:25:00,29.6838398,0.0,0.0,425.0,22.23999977,0.0,0
2023-04-08 13:30:00,29.6823864,0.0,0.0,425.0,22.17000008,0.0,0
2023-04-08 13:35:00,29.96331215,0.0,0.0,425.0,22.21999931,0.0,0
2023-04-08 13:40:00,30.72858047,0.0,0.0,425.0,22.29000092,0.0,0
2023-04-08 13:45:00,31.03740692,0.0,0.0,425.0,22.32999992,0.0,0
2023-04-08 13:50:00,31.10971832,0.0,0.0,425.0,22.14999962,0.0,0
2023-04-08 13:55:00,31.44768524,0.0,0.0,425.0,22.29000092,0.0,0
2023-04-08 14:00:00,31.92995071,0.0,0.0,425.0,22.19000053,0.0,0
2023-04-08 14:05:00,32.3345871,0.0,0.0,425.0,22.26000023,0.0,0
2023-04-08 14:10:00,32.50254059,0.0,0.0,425.0,22.21999931,0.0,0
2023-04-08 14:15:00,32.75859451,0.0,0.0,425.0,22.19000053,0.0,0
2023-04-08 14:20:00,33.68548203,0.0,0.0,425.0,22.42000008,0.0,0
2023-04-08 14:25:00,34.17306137,0.0,0.0,425.0,22.26000023,0.0,0
2023-04-08 14:30:00,35.24521255,0.0,0.0,425.0,22.39999962,0.0,0
2023-04-08 14:35:00,36.4671402,0.0,0.0,425.0,22.35000038,0.0,0
2023-04-08 14:40:00,37.76156998,0.0,0.0,425.0,22.30999947,0.0,0
2023-04-08 14:45:00,39.16616821,0.0,0.0,425.0,22.32999992,0.0,0
2023-04-08 14:50:00,40.68471909,0.0,0.0,425.0,22.39999962,0.0,0
2023-04-08 14:55:00,42.44589615,0.0,0.0,425.0,22.48999977,0.0,0
2023-04-08 15:00:00,44.43570709,0.0,0.0,425.0,22.48999977,0.0,0
2023-04-08 15:05:00,46.34110641,0.0,0.0,425.0,22.46999931,0.0,0
2023-04-08 15:10:00,48.45461273,0.0,0.0,425.0,22.46999931,0.0,0
2023-04-08 15:15:00,50.52892303,0.0,0.0,425.0,22.42000008,0.0,0
2023-04-08 15:20:00,52.71814346,0.0,0.0,425.0,22.44000053,0.0,0
2023-04-08 15:25:00,54.6829567,0.0,0.0,425.0,22.42000008,0.0,0
2023-04-08 15:30:00,56.41359711,0.0,0.0,425.0,22.44000053,0.0,0
2023-04-08 15:35:00,58.64203644,0.0,0.0,425.0,22.54000092,0.0,0
2023-04-08 15:40:00,60.72047424,0.0,0.0,425.0,22.68000031,0.0,0
2023-04-08 15:45:00,62.89756012,0.0,0.0,425.0,22.75,0.0,0
2023-04-08 15:50:00,64.94041443,0.0,0.0,425.0,22.62999916,0.0,0
2023-04-08 15:55:00,66.61224365,0.0,0.0,425.0,22.87000084,0.0,0
2023-04-08 16:00:00,68.09455109,0.0,0.0,425.0,22.87000084,0.0,0
2023-04-08 16:05:00,70.54504395,0.0,0.0,425.0,22.94000053,0.0,0
2023-04-08 16:10:00,71.73220062,0.0,0.0,425.0,22.98999977,0.0,0
2023-04-08 16:15:00,75.45449829,0.0,0.0,425.0,22.94000053,0.0,0
2023-04-08 16:20:00,78.05532837,0.0,0.0,425.0,23.09000015,0.0,0
2023-04-08 16:25:00,81.56452179,0.0,0.0,425.0,23.15999985,0.0,0
2023-04-08 16:30:00,84.72548676,0.0,0.0,425.0,23.22999954,0.0,0
2023-04-08 16:35:00,86.15624237,0.0,0.0,425.0,23.15999985,0.0,0
2023-04-08 16:40:00,92.74819183,0.0,0.0,425.0,23.37999916,0.0,0
2023-04-08 16:45:00,101.1281891,0.0,0.0,425.0,23.27000046,0.0,0
2023-04-08 16:50:00,141.1456299,0.0,0.0,425.0,23.37999916,0.0,0
2023-04-08 16:55:00,162.1192474,0.0,0.0,425.0,23.47999954,0.0,0
2023-04-08 17:00:00,163.434082,0.0,0.0,425.0,23.5,0.0,0
2023-04-08 17:05:00,164.9620056,0.0,0.0,425.0,23.56999969,0.0,0
2023-04-08 17:10:00,163.5922394,0.0,0.0,425.0,23.72999954,0.0,0
2023-04-08 17:15:00,178.8288574,0.0,0.0,425.0,23.72999954,0.0,0
2023-04-08 17:20:00,198.8544159,0.0,0.0,425.0,23.77000046,0.0,0
2023-04-08 17:25:00,220.5269165,0.0,0.0,425.0,24.12999916,0.0,0
2023-04-08 17:30:00,222.3368073,0.0,0.0,425.0,23.84000015,0.0,0
2023-04-08 17:35:00,234.8982391,0.0,0.0,425.0,23.94000053,0.0,0
2023-04-08 17:40:00,253.9412689,0.0,0.0,425.0,23.94000053,0.0,0
2023-04-08 17:45:00,270.374939,0.0,0.0,425.0,24.05999947,0.0,0
2023-04-08 17:50:00,275.5242004,0.0,0.0,425.0,23.95999908,0.0,0
2023-04-08 17:55:00,286.1478271,0.0,0.0,425.0,24.14999962,0.0,0
2023-04-08 18:00:00,292.7848816,0.0,0.0,425.0,24.20000076,0.0,0
2023-04-08 18:05:00,298.0281677,0.0,0.0,425.0,24.10000038,0.0,0
2023-04-08 18:10:00,291.8157349,0.0,0.0,425.0,24.17000008,0.0,0
2023-04-08 18:15:00,286.1341553,0.0,0.0,425.0,24.27000046,0.0,0
2023-04-08 18:20:00,260.2570496,0.0,0.0,425.0,24.45000076,0.0,0
2023-04-08 18:25:00,230.7748871,0.0,0.0,425.0,24.31999969,0.0,0
2023-04-08 18:30:00,197.3688049,0.0,0.0,425.0,24.31999969,0.0,0
2023-04-08 18:35:00,174.922287,0.0,0.0,425.0,24.31999969,0.0,0
2023-04-08 18:40:00,158.0639343,0.0,0.0,425.0,24.36000061,0.0,0
2023-04-08 18:45:00,140.1552277,0.0,0.0,425.0,24.5,0.0,0
2023-04-08 18:50:00,121.3402176,0.0,0.0,425.0,24.37999916,0.0,0
2023-04-08 18:55:00,108.4034424,0.0,0.0,425.0,24.5,0.0,0
2023-04-08 19:00:00,100.2798843,0.0,0.0,425.0,24.46999931,0.0,0
2023-04-08 19:05:00,92.28159332,0.0,0.0,425.0,24.34000015,0.0,0
2023-04-08 19:10:00,83.73095703,0.0,0.0,425.0,24.52000046,0.0,0
2023-04-08 19:15:00,72.7250824,0.0,0.0,425.0,24.79000092,0.0,0
2023-04-08 19:20:00,61.88440704,0.0,0.0,425.0,24.77000046,0.0,0
2023-04-08 19:25:00,45.27540588,0.0,0.0,425.0,24.79000092,0.0,0
2023-04-08 19:30:00,24.92944145,0.0,0.0,425.0,24.62999916,0.0,0
2023-04-08 19:35:00,17.60523796,0.0,0.0,425.0,24.55999947,0.0,0
2023-04-08 19:40:00,14.40633583,0.0,0.0,425.0,24.5,0.0,0
2023-04-08 19:45:00,12.18198681,0.0,0.0,425.0,24.52000046,0.0,0
2023-04-08 19:50:00,12.91064548,0.0,0.0,425.0,24.45000076,0.0,0
2023-04-08 19:55:00,8.746537209,0.0,0.0,425.0,24.43000031,0.0,0
2023-04-08 20:00:00,6.037320137,0.0,0.0,425.0,24.29000092,0.0,0
2023-04-08 20:05:00,4.402895451,0.0,0.0,425.0,24.29000092,0.0,0
2023-04-08 20:10:00,3.068830013,0.0,0.0,425.0,24.31999969,0.0,0
2023-04-08 20:15:00,2.342464924,0.0,0.0,425.0,24.17000008,0.0,0
2023-04-08 20:20:00,1.976505637,0.0,0.0,425.0,24.27000046,0.0,0
2023-04-08 20:25:00,1.870803714,0.0,0.0,425.0,24.10000038,0.0,0
2023-04-08 20:30:00,1.873815179,0.0,0.0,425.0,23.95999908,0.0,0
2023-04-08 20:35:00,1.898548245,0.0,0.0,425.0,24.10000038,0.0,0
2023-04-08 20:40:00,1.842853904,0.0,0.0,425.0,24.01000023,0.0,0
2023-04-08 20:45:00,1.89884007,0.0,0.0,425.0,23.97999954,0.0,0
2023-04-08 20:50:00,1.911532283,0.0,0.0,425.0,23.90999985,0.0,0
2023-04-08 20:55:00,1.885806322,0.0,0.0,425.0,23.88999939,0.0,0
2023-04-08 21:00:00,1.930903673,0.0,0.0,425.0,23.88999939,0.0,0
2023-04-08 21:05:00,1.938777804,0.0,0.0,425.0,23.88999939,0.0,0
2023-04-08 21:10:00,1.906378985,0.0,0.0,425.0,23.88999939,0.0,0
2023-04-08 21:15:00,1.908170462,0.0,0.0,425.0,23.87000084,0.0,0
2023-04-08 21:20:00,1.885653734,0.0,0.0,425.0,23.75,0.0,0
2023-04-08 21:25:00,1.903009176,0.0,0.0,425.0,23.77000046,0.0,0
2023-04-08 21:30:00,1.943082571,0.0,0.0,425.0,23.75,0.0,0
2023-04-08 21:35:00,1.983004928,0.0,0.0,425.0,23.77000046,0.0,0
2023-04-08 21:40:00,1.966035247,0.0,0.0,425.0,23.62999916,0.0,0
2023-04-08 21:45:00,1.943035126,0.0,0.0,425.0,23.70000076,0.0,0
2023-04-08 21:50:00,1.904003739,0.0,0.0,425.0,23.72999954,0.0,0
2023-04-08 21:55:00,1.943683267,0.0,0.0,425.0,23.68000031,0.0,0
2023-04-08 22:00:00,1.903110504,0.0,0.0,425.0,23.68000031,0.0,0
2023-04-08 22:05:00,1.943022251,0.0,0.0,425.0,23.61000061,0.0,0
2023-04-08 22:10:00,1.968907833,0.0,0.0,425.0,23.59000015,0.0,0
2023-04-08 22:15:00,1.921738505,0.0,0.0,425.0,23.61000061,0.0,0
2023-04-08 22:20:00,1.931975484,0.0,0.0,425.0,23.5,0.0,0
2023-04-08 22:25:00,1.954514861,0.0,0.0,425.0,23.52000046,0.0,0
2023-04-08 22:30:00,1.860837221,0.0,0.0,425.0,23.52000046,0.0,0
2023-04-08 22:35:00,1.916739345,0.0,0.0,425.0,23.52000046,0.0,0
2023-04-08 22:40:00,1.964244127,0.0,0.0,425.0,23.47999954,0.0,0
2023-04-08 22:45:00,1.884532809,0.0,0.0,425.0,23.37999916,0.0,0
2023-04-08 22:50:00,1.869303703,0.0,0.0,425.0,23.27000046,0.0,0
2023-04-08 22:55:00,1.874807119,0.0,0.0,425.0,23.27000046,0.0,0
2023-04-08 23:00:00,1.883310437,0.0,0.0,425.0,23.40999985,0.0,0
2023-04-08 23:05:00,1.853729963,0.0,0.0,425.0,23.22999954,0.0,0
2023-04-08 23:10:00,1.852076054,0.0,0.0,425.0,23.34000015,0.0,0
2023-04-08 23:15:00,1.925141811,0.0,0.0,425.0,23.29000092,0.0,0
2023-04-08 23:20:00,1.878223062,0.0,0.0,425.0,23.18000031,0.0,0
2023-04-08 23:25:00,1.91182363,0.0,0.0,425.0,23.18000031,0.0,0
2023-04-08 23:30:00,1.915959358,0.0,0.0,425.0,23.22999954,0.0,0
2023-04-08 23:35:00,1.907862306,0.0,0.0,425.0,23.22999954,0.0,0
2023-04-08 23:40:00,1.935925961,0.0,0.0,425.0,23.11000061,0.0,0
2023-04-08 23:45:00,1.904286385,0.0,0.0,425.0,23.09000015,0.0,0
2023-04-08 23:50:00,1.900166392,0.0,0.0,425.0,23.22999954,0.0,0
2023-04-08 23:55:00,1.890659332,0.0,0.0,425.0,23.22999954,0.0,0
2023-04-09 00:00:00,1.923644662,0.0,0.0,425.0,23.09000015,0.0,0
2023-04-09 00:05:00,1.930877686,0.0,0.0,425.0,23.04000092,0.0,0
2023-04-09 00:10:00,1.956956148,0.0,0.0,425.0,23.04000092,0.0,0
2023-04-09 00:15:00,1.979959965,0.0,0.0,425.0,23.15999985,0.0,0
2023-04-09 00:20:00,1.878578425,0.0,0.0,425.0,23.13999939,0.0,0
2023-04-09 00:25:00,1.944132447,0.0,0.0,425.0,23.13999939,0.0,0
2023-04-09 00:30:00,1.984361291,0.0,0.0,425.0,23.13999939,0.0,0
2023-04-09 00:35:00,1.930151463,0.0,0.0,425.0,23.09000015,0.0,0
2023-04-09 00:40:00,1.905446172,0.0,0.0,425.0,22.89999962,0.0,0
2023-04-09 00:45:00,1.95173192,0.0,0.0,425.0,23.04000092,0.0,0
2023-04-09 00:50:00,1.90960598,0.0,0.0,425.0,22.92000008,0.0,0
2023-04-09 00:55:00,1.930951476,0.0,0.0,425.0,23.04000092,0.0,0
2023-04-09 01:00:00,1.949521542,0.0,0.0,425.0,23.05999947,0.0,0
2023-04-09 01:05:00,1.922310472,0.0,0.0,425.0,23.11000061,0.0,0
2023-04-09 01:10:00,1.907910228,0.0,0.0,425.0,23.15999985,0.0,0
2023-04-09 01:15:00,1.871702194,0.0,0.0,425.0,23.09000015,0.0,0
2023-04-09 01:20:00,1.916296601,0.0,0.0,425.0,22.98999977,0.0,0
2023-04-09 01:25:00,1.924874902,0.0,0.0,425.0,22.92000008,0.0,0
2023-04-09 01:30:00,1.889599443,0.0,0.0,425.0,23.02000046,0.0,0
2023-04-09 01:35:00,1.840137482,0.0,0.0,425.0,22.87000084,0.0,0
2023-04-09 01:40:00,1.945179343,0.0,0.0,425.0,22.89999962,0.0,0
2023-04-09 01:45:00,1.830985546,0.0,0.0,425.0,23.02000046,0.0,0
2023-04-09 01:50:00,1.88847363,0.0,0.0,425.0,22.78000069,0.0,0
2023-04-09 01:55:00,1.93347919,0.0,0.0,425.0,22.87000084,0.0,0
2023-04-09 02:00:00,1.931355834,0.0,0.0,425.0,22.75,0.0,0
2023-04-09 02:05:00,1.921443224,0.0,0.0,425.0,22.92000008,0.0,0
2023-04-09 02:10:00,1.943496108,0.0,0.0,425.0,22.79999924,0.0,0
2023-04-09 02:15:00,1.910030484,0.0,0.0,425.0,22.85000038,0.0,0
2023-04-09 02:20:00,1.900956512,0.0,0.0,425.0,22.79999924,0.0,0
2023-04-09 02:25:00,1.924108625,0.0,0.0,425.0,22.79999924,0.0,0
2023-04-09 02:30:00,1.892816186,0.0,0.0,425.0,22.89999962,0.0,0
2023-04-09 02:35:00,1.965926409,0.0,0.0,425.0,22.85000038,0.0,0
2023-04-09 02:40:00,1.950658083,0.0,0.0,425.0,22.85000038,0.0,0
2023-04-09 02:45:00,2.017976999,0.0,0.0,425.0,22.94000053,0.0,0
2023-04-09 02:50:00,1.921088815,0.0,0.0,425.0,22.87000084,0.0,0
2023-04-09 02:55:00,1.928973198,0.0,0.0,425.0,22.87000084,0.0,0
2023-04-09 03:00:00,1.906798363,0.0,0.0,425.0,22.75,0.0,0
2023-04-09 03:05:00,1.916418433,0.0,0.0,425.0,22.70000076,0.0,0
2023-04-09 03:10:00,1.986668229,0.0,0.0,425.0,22.78000069,0.0,0
2023-04-09 03:15:00,1.967483163,0.0,0.0,425.0,22.78000069,0.0,0
2023-04-09 03:20:00,1.937263131,0.0,0.0,425.0,22.81999969,0.0,0
2023-04-09 03:25:00,1.911870837,0.0,0.0,425.0,22.72999954,0.0,0
2023-04-09 03:30:00,1.93629837,0.0,0.0,425.0,22.57999992,0.0,0
2023-04-09 03:35:00,1.853717208,0.0,0.0,425.0,22.78000069,0.0,0
2023-04-09 03:40:00,1.921070576,0.0,0.0,425.0,22.78000069,0.0,0
2023-04-09 03:45:00,1.922098279,0.0,0.0,425.0,22.57999992,0.0,0
2023-04-09 03:50:00,1.923373938,0.0,0.0,425.0,22.62999916,0.0,0
2023-04-09 03:55:00,1.901578546,0.0,0.0,425.0,22.68000031,0.0,0
2023-04-09 04:00:00,1.923345566,0.0,0.0,425.0,22.68000031,0.0,0
2023-04-09 04:05:00,1.889454126,0.0,0.0,425.0,22.70000076,0.0,0
2023-04-09 04:10:00,1.87732482,0.0,0.0,425.0,22.55999947,0.0,0
2023-04-09 04:15:00,1.89725399,0.0,0.0,425.0,22.79999924,0.0,0
2023-04-09 04:20:00,1.88674283,0.0,0.0,425.0,22.68000031,0.0,0
2023-04-09 04:25:00,1.901793122,0.0,0.0,425.0,22.68000031,0.0,0
2023-04-09 04:30:00,1.859715939,0.0,0.0,425.0,22.72999954,0.0,0
2023-04-09 04:35:00,1.887890101,0.0,0.0,425.0,22.62999916,0.0,0
2023-04-09 04:40:00,1.970308542,0.0,0.0,425.0,22.68000031,0.0,0
2023-04-09 04:45:00,1.928765059,0.0,0.0,425.0,22.68000031,0.0,0
2023-04-09 04:50:00,1.892013669,0.0,0.0,425.0,22.57999992,0.0,0
2023-04-09 04:55:00,1.906100988,0.0,0.0,425.0,22.65999985,0.0,0
2023-04-09 05:00:00,1.865789294,0.0,0.0,425.0,22.70000076,0.0,0
2023-04-09 05:05:00,1.971276164,0.0,0.0,425.0,22.57999992,0.0,0
2023-04-09 05:10:00,1.893508792,0.0,0.0,425.0,22.65999985,0.0,0
2023-04-09 05:15:00,1.944352269,0.0,0.0,425.0,22.57999992,0.0,0
2023-04-09 05:20:00,1.964593887,0.0,0.0,425.0,22.55999947,0.0,0
2023-04-09 05:25:00,1.926277518,0.0,0.0,425.0,22.57999992,0.0,0
2023-04-09 05:30:00,1.893398166,0.0,0.0,425.0,22.61000061,0.0,0
2023-04-09 05:35:00,1.984619141,0.0,0.0,425.0,22.65999985,0.0,0
2023-04-09 05:40:00,1.883224011,0.0,0.0,425.0,22.61000061,0.0,0
2023-04-09 05:45:00,2.057653666,0.0,0.0,425.0,22.68000031,0.0,0
2023-04-09 05:50:00,1.937988877,0.0,0.0,425.0,22.54000092,0.0,0
2023-04-09 05:55:00,1.962153316,0.0,0.0,425.0,22.55999947,0.0,0
2023-04-09 06:00:00,1.97855413,0.0,0.0,425.0,22.51000023,0.0,0
2023-04-09 06:05:00,1.987436533,0.0,0.0,425.0,22.51000023,0.0,0
2023-04-09 06:10:00,1.944054127,0.0,0.0,425.0,22.51000023,0.0,0
2023-04-09 06:15:00,1.957767725,0.0,0.0,425.0,22.55999947,0.0,0
2023-04-09 06:20:00,1.911541104,0.0,0.0,425.0,22.62999916,0.0,0
2023-04-09 06:25:00,1.862450004,0.0,0.0,425.0,22.51000023,0.0,0
2023-04-09 06:30:00,1.93642211,0.0,0.0,425.0,22.61000061,0.0,0
2023-04-09 06:35:00,1.909175634,0.0,0.0,425.0,22.44000053,0.0,0
2023-04-09 06:40:00,1.948779941,0.0,0.0,425.0,22.48999977,0.0,0
2023-04-09 06:45:00,1.835561276,0.0,0.0,425.0,22.55999947,0.0,0
2023-04-09 06:50:00,1.989862919,0.0,0.0,425.0,22.46999931,0.0,0
2023-04-09 06:55:00,1.928762436,0.0,0.0,425.0,22.42000008,0.0,0
2023-04-09 07:00:00,2.018640518,0.0,0.0,425.0,22.39999962,0.0,0
2023-04-09 07:05:00,2.31863761,0.0,0.0,425.0,22.37999916,0.0,0
2023-04-09 07:10:00,2.659020662,0.0,0.0,425.0,22.37999916,0.0,0
2023-04-09 07:15:00,2.854220152,0.0,0.0,425.0,22.55999947,0.0,0
2023-04-09 07:20:00,3.580135822,0.0,0.0,425.0,22.51000023,0.0,0
2023-04-09 07:25:00,3.931456089,0.0,0.0,425.0,22.62999916,0.0,0
2023-04-09 07:30:00,4.416167259,0.0,0.0,425.0,22.54000092,0.0,0
2023-04-09 07:35:00,5.135125637,0.0,0.0,425.0,22.44000053,0.0,0
2023-04-09 07:40:00,5.354169369,0.0,0.0,425.0,22.55999947,0.0,0
2023-04-09 07:45:00,5.950134754,0.0,0.0,425.0,22.62999916,0.0,0
2023-04-09 07:50:00,6.559304237,0.0,0.0,425.0,22.48999977,0.0,0
2023-04-09 07:55:00,6.785727024,0.0,0.0,425.0,22.46999931,0.0,0
2023-04-09 08:00:00,7.451511383,0.0,0.0,425.0,22.44000053,0.0,0
2023-04-09 08:05:00,8.086071014,0.0,0.0,425.0,22.44000053,0.0,0
2023-04-09 08:10:00,8.511282921,0.0,0.0,425.0,22.42000008,0.0,0
2023-04-09 08:15:00,9.190955162,0.0,0.0,425.0,22.39999962,0.0,0
2023-04-09 08:20:00,9.636058807,0.0,0.0,425.0,22.37999916,0.0,0
2023-04-09 08:25:00,10.24003792,0.0,0.0,425.0,22.39999962,0.0,0
2023-04-09 08:30:00,11.01366711,0.0,0.0,425.0,22.44000053,0.0,0
2023-04-09 08:35:00,11.96459961,0.0,0.0,425.0,22.44000053,0.0,0
2023-04-09 08:40:00,12.64979076,0.0,0.0,425.0,22.37999916,0.0,0
2023-04-09 08:45:00,13.67978668,0.0,0.0,425.0,22.32999992,0.0,0
2023-04-09 08:50:00,14.46496391,0.0,0.0,425.0,22.44000053,0.0,0
2023-04-09 08:55:00,15.32348442,0.0,0.0,425.0,22.39999962,0.0,0
2023-04-09 09:00:00,16.3976841,0.0,0.0,425.0,22.46999931,0.0,0
2023-04-09 09:05:00,16.91237831,0.0,0.0,425.0,22.39999962,0.0,0
2023-04-09 09:10:00,17.94247055,0.0,0.0,425.0,22.35000038,0.0,0
2023-04-09 09:15:00,18.66827202,0.0,0.0,425.0,22.46999931,0.0,0
2023-04-09 09:20:00,19.60655785,0.0,0.0,425.0,22.35000038,0.0,0
2023-04-09 09:25:00,20.80809212,0.0,0.0,425.0,22.44000053,0.0,0
2023-04-09 09:30:00,22.38576889,0.0,0.0,425.0,22.35000038,0.0,0
2023-04-09 09:35:00,23.9418087,0.0,0.0,425.0,22.35000038,0.0,0
2023-04-09 09:40:00,25.50038147,0.0,0.0,425.0,22.39999962,0.0,0
2023-04-09 09:45:00,25.83950043,0.0,0.0,425.0,22.42000008,0.0,0
2023-04-09 09:50:00,25.39805222,0.0,0.0,425.0,22.54000092,0.0,0
2023-04-09 09:55:00,25.44319725,0.0,0.0,425.0,22.44000053,0.0,0
2023-04-09 10:00:00,26.19735146,0.0,0.0,425.0,22.39999962,0.0,0
2023-04-09 10:05:00,26.72169685,0.0,0.0,425.0,22.61000061,0.0,0
2023-04-09 10:10:00,27.43389893,0.0,0.0,425.0,22.42000008,0.0,0
2023-04-09 10:15:00,28.58416176,0.0,0.0,425.0,22.44000053,0.0,0
2023-04-09 10:20:00,29.55825615,0.0,0.0,425.0,22.44000053,0.0,0
2023-04-09 10:25:00,29.77864265,0.0,0.0,425.0,22.44000053,0.0,0
2023-04-09 10:30:00,30.06451225,0.0,0.0,425.0,22.32999992,0.0,0
2023-04-09 10:35:00,30.02266884,0.0,0.0,425.0,22.55999947,0.0,0
2023-04-09 10:40:00,29.6878109,0.0,0.0,425.0,22.46999931,0.0,0
2023-04-09 10:45:00,29.52500916,0.0,0.0,425.0,22.42000008,0.0,0
2023-04-09 10:50:00,29.5193367,0.0,0.0,425.0,22.61000061,0.0,0
2023-04-09 10:55:00,29.5480175,0.0,0.0,425.0,22.32999992,0.0,0
2023-04-09 11:00:00,29.67759895,0.0,0.0,425.0,22.44000053,0.0,0
2023-04-09 11:05:00,29.94992638,0.0,0.0,425.0,22.46999931,0.0,0
2023-04-09 11:10:00,30.58252907,0.0,0.0,425.0,22.46999931,0.0,0
2023-04-09 11:15:00,30.91085243,0.0,0.0,425.0,22.37999916,0.0,0
2023-04-09 11:20:00,31.07968521,0.0,0.0,425.0,22.46999931,0.0,0
2023-04-09 11:25:00,31.9922657,0.0,0.0,425.0,22.46999931,0.0,0
2023-04-09 11:30:00,32.82337952,0.0,0.0,425.0,22.51000023,0.0,0
2023-04-09 11:35:00,33.86366653,0.0,0.0,425.0,22.62999916,0.0,0
2023-04-09 11:40:00,33.95241547,0.0,0.0,425.0,22.46999931,0.0,0
2023-04-09 11:45:00,34.08566666,0.0,0.0,425.0,22.51000023,0.0,0
2023-04-09 11:50:00,34.20369339,0.0,0.0,425.0,22.46999931,0.0,0
2023-04-09 11:55:00,34.05635452,0.0,0.0,425.0,22.54000092,0.0,0
2023-04-09 12:00:00,33.9492569,0.0,0.0,425.0,22.65999985,0.0,0
2023-04-09 12:05:00,33.91947174,0.0,0.0,425.0,22.42000008,0.0,0
2023-04-09 12:10:00,33.95116425,0.0,0.0,425.0,22.62999916,0.0,0
2023-04-09 12:15:00,34.53281784,0.0,0.0,425.0,22.51000023,0.0,0
2023-04-09 12:20:00,35.41400146,0.0,0.0,425.0,22.54000092,0.0,0
2023-04-09 12:25:00,36.00834274,0.0,0.0,425.0,22.57999992,0.0,0
2023-04-09 12:30:00,35.99767685,0.0,0.0,425.0,22.55999947,0.0,0
2023-04-09 12:35:00,35.49174881,0.0,0.0,425.0,22.46999931,0.0,0
2023-04-09 12:40:00,35.26054001,0.0,0.0,425.0,22.65999985,0.0,0
2023-04-09 12:45:00,34.31839371,0.0,0.0,425.0,22.61000061,0.0,0
2023-04-09 12:50:00,32.87619781,0.0,0.0,425.0,22.48999977,0.0,0
2023-04-09 12:55:00,31.34789276,0.0,0.0,425.0,22.61000061,0.0,0
2023-04-09 13:00:00,30.85979843,0.0,0.0,425.0,22.62999916,0.0,0
2023-04-09 13:05:00,31.32303429,0.0,0.0,425.0,22.78000069,0.0,0
2023-04-09 13:10:00,33.0327034,0.0,0.0,425.0,22.68000031,0.0,0
2023-04-09 13:15:00,34.74435043,0.0,0.0,425.0,22.62999916,0.0,0
2023-04-09 13:20:00,36.36336517,0.0,0.0,425.0,22.61000061,0.0,0
2023-04-09 13:25:00,37.89227676,0.0,0.0,425.0,22.57999992,0.0,0
2023-04-09 13:30:00,39.33100128,0.0,0.0,425.0,22.68000031,0.0,0
2023-04-09 13:35:00,40.77764511,0.0,0.0,425.0,22.65999985,0.0,0
2023-04-09 13:40:00,42.23010254,0.0,0.0,425.0,22.78000069,0.0,0
2023-04-09 13:45:00,43.13256454,0.0,0.0,425.0,22.70000076,0.0,0
2023-04-09 13:50:00,42.68939972,0.0,0.0,425.0,22.72999954,0.0,0
2023-04-09 13:55:00,43.66867828,0.0,0.0,425.0,22.68000031,0.0,0
2023-04-09 14:00:00,43.85850525,0.0,0.0,425.0,22.87000084,0.0,0
2023-04-09 14:05:00,44.08053589,0.0,0.0,425.0,22.72999954,0.0,0
2023-04-09 14:10:00,47.05757523,0.0,0.0,425.0,22.70000076,0.0,0
2023-04-09 14:15:00,49.11059952,0.0,0.0,425.0,22.79999924,0.0,0
2023-04-09 14:20:00,50.84170914,0.0,0.0,425.0,22.78000069,0.0,0
2023-04-09 14:25:00,48.96783829,0.0,0.0,425.0,22.81999969,0.0,0
2023-04-09 14:30:00,49.03468323,0.0,0.0,425.0,22.75,0.0,0
2023-04-09 14:35:00,49.71883392,0.0,0.0,425.0,22.85000038,0.0,0
2023-04-09 14:40:00,49.84357452,0.0,0.0,425.0,22.81999969,0.0,0
2023-04-09 14:45:00,48.66323853,0.0,0.0,425.0,22.79999924,0.0,0
2023-04-09 14:50:00,49.20918274,0.0,0.0,425.0,22.89999962,0.0,0
2023-04-09 14:55:00,50.66568756,0.0,0.0,425.0,22.79999924,0.0,0
2023-04-09 15:00:00,52.87253189,0.0,0.0,425.0,22.81999969,0.0,0
2023-04-09 15:05:00,55.9159584,0.0,0.0,425.0,22.85000038,0.0,0
2023-04-09 15:10:00,57.94638443,0.0,0.0,425.0,22.96999931,0.0,0
2023-04-09 15:15:00,59.29922104,0.0,0.0,425.0,22.96999931,0.0,0
2023-04-09 15:20:00,57.21829224,0.0,0.0,425.0,22.92000008,0.0,0
2023-04-09 15:25:00,55.29492569,0.0,0.0,425.0,22.94000053,0.0,0
2023-04-09 15:30:00,58.86699677,0.0,0.0,425.0,23.13999939,0.0,0
2023-04-09 15:35:00,60.46298599,0.0,0.0,425.0,23.13999939,0.0,0
2023-04-09 15:40:00,62.35669708,0.0,0.0,425.0,22.98999977,0.0,0
2023-04-09 15:45:00,67.23937225,0.0,0.0,425.0,23.02000046,0.0,0
2023-04-09 15:50:00,70.28527832,0.0,0.0,425.0,23.25,0.0,0
2023-04-09 15:55:00,72.25231934,0.0,0.0,425.0,23.18000031,0.0,0
2023-04-09 16:00:00,70.11370087,0.0,0.0,425.0,23.27000046,0.0,0
2023-04-09 16:05:00,66.36435699,0.0,0.0,425.0,23.29000092,0.0,0
2023-04-09 16:10:00,63.56239319,0.0,0.0,425.0,23.29000092,0.0,0
2023-04-09 16:15:00,61.44289398,0.0,0.0,425.0,23.27000046,0.0,0
2023-04-09 16:20:00,61.90861511,0.0,0.0,425.0,23.40999985,0.0,0
2023-04-09 16:25:00,64.25078583,0.0,0.0,425.0,23.31999969,0.0,0
2023-04-09 16:30:00,66.88874817,0.0,0.0,425.0,23.45000076,0.0,0
2023-04-09 16:35:00,68.20890808,0.0,0.0,425.0,23.43000031,0.0,0
2023-04-09 16:40:00,68.37866211,0.0,0.0,425.0,23.47999954,0.0,0
2023-04-09 16:45:00,66.79395294,0.0,0.0,425.0,23.5,0.0,0
2023-04-09 16:50:00,68.20666504,0.0,0.0,425.0,23.47999954,0.0,0
2023-04-09 16:55:00,67.22711945,0.0,0.0,425.0,23.52000046,0.0,0
2023-04-09 17:00:00,63.85417175,0.0,0.0,425.0,23.54000092,0.0,0
2023-04-09 17:05:00,60.66880417,0.0,0.0,425.0,23.54000092,0.0,0
2023-04-09 17:10:00,62.39939117,0.0,0.0,425.0,23.52000046,0.0,0
2023-04-09 17:15:00,52.57035828,0.0,0.0,425.0,23.52000046,0.0,0
2023-04-09 17:20:00,53.21999359,0.0,0.0,425.0,23.54000092,0.0,0
2023-04-09 17:25:00,50.40613174,0.0,0.0,425.0,23.54000092,0.0,0
2023-04-09 17:30:00,60.35943604,0.0,0.0,425.0,23.52000046,0.0,0
2023-04-09 17:35:00,58.49277496,0.0,0.0,425.0,23.47999954,0.0,0
2023-04-09 17:40:00,57.35323715,0.0,0.0,425.0,23.68000031,0.0,0
2023-04-09 17:45:00,50.29798508,0.0,0.0,425.0,23.54000092,0.0,0
2023-04-09 17:50:00,45.65458679,0.0,0.0,425.0,23.54000092,0.0,0
2023-04-09 17:55:00,48.78910446,0.0,0.0,425.0,23.52000046,0.0,0
2023-04-09 18:00:00,47.63349915,0.0,0.0,425.0,23.52000046,0.0,0
2023-04-09 18:05:00,46.18365097,0.0,0.0,425.0,23.61000061,0.0,0
2023-04-09 18:10:00,50.16011429,0.0,0.0,425.0,23.59000015,0.0,0
2023-04-09 18:15:00,46.95624924,0.0,0.0,425.0,23.43000031,0.0,0
2023-04-09 18:20:00,71.98280334,0.0,0.0,425.0,23.61000061,0.0,0
2023-04-09 18:25:00,66.91770935,0.0,0.0,425.0,23.47999954,0.0,0
2023-04-09 18:30:00,58.90989304,0.0,0.0,425.0,23.5,0.0,0
2023-04-09 18:35:00,35.64687729,0.0,0.0,425.0,23.61000061,0.0,0
2023-04-09 18:40:00,29.22680283,0.0,0.0,425.0,23.56999969,0.0,0
2023-04-09 18:45:00,26.07685661,0.0,0.0,425.0,23.54000092,0.0,0
2023-04-09 18:50:00,28.81530952,0.0,0.0,425.0,23.36000061,0.0,0
2023-04-09 18:55:00,22.32346344,0.0,0.0,425.0,23.52000046,0.0,0
2023-04-09 19:00:00,23.84544754,0.0,0.0,425.0,23.68000031,0.0,0
2023-04-09 19:05:00,24.89484787,0.0,0.0,425.0,23.37999916,0.0,0
2023-04-09 19:10:00,24.91190147,0.0,0.0,425.0,23.59000015,0.0,0
2023-04-09 19:15:00,22.79169464,0.0,0.0,425.0,23.54000092,0.0,0
2023-04-09 19:20:00,21.30308533,0.0,0.0,425.0,23.37999916,0.0,0
2023-04-09 19:25:00,18.49085617,0.0,0.0,425.0,23.45000076,0.0,0
2023-04-09 19:30:00,15.76198196,0.0,0.0,425.0,23.37999916,0.0,0
2023-04-09 19:35:00,13.4316721,0.0,0.0,425.0,23.45000076,0.0,0
2023-04-09 19:40:00,11.17752361,0.0,0.0,425.0,23.47999954,0.0,0
2023-04-09 19:45:00,8.850265503,0.0,0.0,425.0,23.36000061,0.0,0
2023-04-09 19:50:00,6.93270731,0.0,0.0,425.0,23.34000015,0.0,0
2023-04-09 19:55:00,5.537801743,0.0,0.0,425.0,23.34000015,0.0,0
2023-04-09 20:00:00,4.210354805,0.0,0.0,425.0,23.36000061,0.0,0
2023-04-09 20:05:00,3.152938843,0.0,0.0,425.0,23.37999916,0.0,0
2023-04-09 20:10:00,2.570332289,0.0,0.0,425.0,23.27000046,0.0,0
2023-04-09 20:15:00,2.012329578,0.0,0.0,425.0,23.31999969,0.0,0
2023-04-09 20:20:00,1.909929156,0.0,0.0,425.0,23.29000092,0.0,0
2023-04-09 20:25:00,1.903874278,0.0,0.0,425.0,23.22999954,0.0,0
2023-04-09 20:30:00,1.903309941,0.0,0.0,425.0,23.20000076,0.0,0
2023-04-09 20:35:00,1.910438538,0.0,0.0,425.0,23.20000076,0.0,0
2023-04-09 20:40:00,1.93402195,0.0,0.0,425.0,23.11000061,0.0,0
2023-04-09 20:45:00,1.90746665,0.0,0.0,425.0,23.15999985,0.0,0
2023-04-09 20:50:00,1.900772691,0.0,0.0,425.0,23.18000031,0.0,0
2023-04-09 20:55:00,1.907368898,0.0,0.0,425.0,23.15999985,0.0,0
2023-04-09 21:00:00,1.911757827,0.0,0.0,425.0,23.15999985,0.0,0
2023-04-09 21:05:00,1.917658448,0.0,0.0,425.0,23.13999939,0.0,0
2023-04-09 21:10:00,1.914943695,0.0,0.0,425.0,23.04000092,0.0,0
2023-04-09 21:15:00,1.964954019,0.0,0.0,425.0,23.09000015,0.0,0
2023-04-09 21:20:00,1.975360751,0.0,0.0,425.0,23.04000092,0.0,0
2023-04-09 21:25:00,1.916337252,0.0,0.0,425.0,23.04000092,0.0,0
2023-04-09 21:30:00,1.906044722,0.0,0.0,425.0,23.09000015,0.0,0
2023-04-09 21:35:00,1.920063973,0.0,0.0,425.0,22.98999977,0.0,0
2023-04-09 21:40:00,1.9911201,0.0,0.0,425.0,23.09000015,0.0,0
2023-04-09 21:45:00,1.921717525,0.0,0.0,425.0,23.05999947,0.0,0
2023-04-09 21:50:00,1.959191918,0.0,0.0,425.0,22.94000053,0.0,0
2023-04-09 21:55:00,1.922200084,0.0,0.0,425.0,23.02000046,0.0,0
2023-04-09 22:00:00,1.924278021,0.0,0.0,425.0,22.96999931,0.0,0
2023-04-09 22:05:00,1.934523463,0.0,0.0,425.0,23.02000046,0.0,0
2023-04-09 22:10:00,1.965394497,0.0,0.0,425.0,23.04000092,0.0,0
2023-04-09 22:15:00,2.049589396,0.0,0.0,425.0,22.98999977,0.0,0
2023-04-09 22:20:00,1.963463068,0.0,0.0,425.0,22.94000053,0.0,0
2023-04-09 22:25:00,1.923539877,0.0,0.0,425.0,22.92000008,0.0,0
2023-04-09 22:30:00,1.970823288,0.0,0.0,425.0,23.05999947,0.0,0
2023-04-09 22:35:00,1.96514988,0.0,0.0,425.0,22.96999931,0.0,0
2023-04-09 22:40:00,1.947516561,0.0,0.0,425.0,22.96999931,0.0,0
2023-04-09 22:45:00,1.928392053,0.0,0.0,425.0,22.96999931,0.0,0
2023-04-09 22:50:00,1.898655415,0.0,0.0,425.0,22.92000008,0.0,0
2023-04-09 22:55:00,1.8884691,0.0,0.0,425.0,23.02000046,0.0,0
2023-04-09 23:00:00,1.88789165,0.0,0.0,425.0,23.45000076,0.0,0
2023-04-09 23:05:00,1.886979938,0.0,0.0,425.0,22.94000053,0.0,0
2023-04-09 23:10:00,1.928372026,0.0,0.0,425.0,22.89999962,0.0,0
2023-04-09 23:15:00,1.883590341,0.0,0.0,425.0,22.96999931,0.0,0
2023-04-09 23:20:00,1.941549778,0.0,0.0,425.0,22.92000008,0.0,0
2023-04-09 23:25:00,1.873419642,0.0,0.0,425.0,22.85000038,0.0,0
2023-04-09 23:30:00,1.904647589,0.0,0.0,425.0,22.87000084,0.0,0
2023-04-09 23:35:00,1.878299236,0.0,0.0,425.0,22.87000084,0.0,0
2023-04-09 23:40:00,1.90597856,0.0,0.0,425.0,22.87000084,0.0,0
2023-04-09 23:45:00,1.915217996,0.0,0.0,425.0,22.81999969,0.0,0
2023-04-09 23:50:00,1.936324,0.0,0.0,425.0,22.92000008,0.0,0
2023-04-09 23:55:00,1.953094244,0.0,0.0,425.0,22.92000008,0.0,0
2023-04-10 00:00:00,1.956060529,0.0,0.0,425.0,22.87000084,0.0,0
2023-04-10 00:05:00,1.928553462,0.0,0.0,425.0,22.87000084,0.0,0
2023-04-10 00:10:00,1.996027708,0.0,0.0,425.0,22.81999969,0.0,0
2023-04-10 00:15:00,1.997953415,0.0,0.0,425.0,22.79999924,0.0,0
2023-04-10 00:20:00,1.922318578,0.0,0.0,425.0,22.65999985,0.0,0
2023-04-10 00:25:00,1.917160869,0.0,0.0,425.0,22.72999954,0.0,0
2023-04-10 00:30:00,1.904523611,0.0,0.0,425.0,22.70000076,0.0,0
2023-04-10 00:35:00,1.992145181,0.0,0.0,425.0,22.70000076,0.0,0
2023-04-10 00:40:00,2.013623953,0.0,0.0,425.0,22.79999924,0.0,0
2023-04-10 00:45:00,1.986750841,0.0,0.0,425.0,22.75,0.0,0
2023-04-10 00:50:00,1.920307994,0.0,0.0,425.0,22.72999954,0.0,0
2023-04-10 00:55:00,1.947799444,0.0,0.0,425.0,22.75,0.0,0
2023-04-10 01:00:00,1.985538006,0.0,0.0,425.0,22.81999969,0.0,0
2023-04-10 01:05:00,1.937342286,0.0,0.0,425.0,22.81999969,0.0,0
2023-04-10 01:10:00,1.992088556,0.0,0.0,425.0,22.70000076,0.0,0
2023-04-10 01:15:00,1.877860904,0.0,0.0,425.0,22.70000076,0.0,0
2023-04-10 01:20:00,1.956244588,0.0,0.0,425.0,22.62999916,0.0,0
2023-04-10 01:25:00,1.951824546,0.0,0.0,425.0,22.62999916,0.0,0
2023-04-10 01:30:00,1.930025816,0.0,0.0,425.0,22.62999916,0.0,0
2023-04-10 01:35:00,1.900093913,0.0,0.0,425.0,22.79999924,0.0,0
2023-04-10 01:40:00,1.911322594,0.0,0.0,425.0,22.72999954,0.0,0
2023-04-10 01:45:00,1.944015265,0.0,0.0,425.0,22.68000031,0.0,0
2023-04-10 01:50:00,1.900721192,0.0,0.0,425.0,22.68000031,0.0,0
2023-04-10 01:55:00,1.913683534,0.0,0.0,425.0,22.70000076,0.0,0
2023-04-10 02:00:00,1.876006007,0.0,0.0,425.0,22.62999916,0.0,0
2023-04-10 02:05:00,1.934188247,0.0,0.0,425.0,22.68000031,0.0,0
2023-04-10 02:10:00,1.898129582,0.0,0.0,425.0,22.65999985,0.0,0
2023-04-10 02:15:00,1.932010293,0.0,0.0,425.0,22.65999985,0.0,0
2023-04-10 02:20:00,1.922137618,0.0,0.0,425.0,22.65999985,0.0,0
2023-04-10 02:25:00,1.952168822,0.0,0.0,425.0,22.68000031,0.0,0
2023-04-10 02:30:00,1.93967104,0.0,0.0,425.0,22.62999916,0.0,0
2023-04-10 02:35:00,1.963549018,0.0,0.0,425.0,22.61000061,0.0,0
2023-04-10 02:40:00,1.968419433,0.0,0.0,425.0,22.68000031,0.0,0
2023-04-10 02:45:00,2.02132988,0.0,0.0,425.0,22.55999947,0.0,0
2023-04-10 02:50:00,1.92346406,0.0,0.0,425.0,22.65999985,0.0,0
2023-04-10 02:55:00,1.987556696,0.0,0.0,425.0,22.55999947,0.0,0
2023-04-10 03:00:00,1.986231089,0.0,0.0,425.0,22.62999916,0.0,0
2023-04-10 03:05:00,1.954692364,0.0,0.0,425.0,22.51000023,0.0,0
2023-04-10 03:10:00,2.043316603,0.0,0.0,425.0,22.62999916,0.0,0
2023-04-10 03:15:00,1.959380746,0.0,0.0,425.0,22.62999916,0.0,0
2023-04-10 03:20:00,1.92052865,0.0,0.0,425.0,22.61000061,0.0,0
2023-04-10 03:25:00,1.927212954,0.0,0.0,425.0,22.61000061,0.0,0
2023-04-10 03:30:00,1.952957749,0.0,0.0,425.0,22.68000031,0.0,0
2023-04-10 03:35:00,1.943255067,0.0,0.0,425.0,22.57999992,0.0,0
2023-04-10 03:40:00,1.921405435,0.0,0.0,425.0,22.61000061,0.0,0
2023-04-10 03:45:00,1.938816786,0.0,0.0,425.0,22.51000023,0.0,0
2023-04-10 03:50:00,1.947766304,0.0,0.0,425.0,22.46999931,0.0,0
2023-04-10 03:55:00,1.92385459,0.0,0.0,425.0,22.54000092,0.0,0
2023-04-10 04:00:00,1.93969965,0.0,0.0,425.0,22.51000023,0.0,0
2023-04-10 04:05:00,1.925280452,0.0,0.0,425.0,22.57999992,0.0,0
2023-04-10 04:10:00,1.93477881,0.0,0.0,425.0,22.54000092,0.0,0
2023-04-10 04:15:00,1.912928224,0.0,0.0,425.0,22.54000092,0.0,0
2023-04-10 04:20:00,1.909179807,0.0,0.0,425.0,22.51000023,0.0,0
2023-04-10 04:25:00,1.888413787,0.0,0.0,425.0,22.51000023,0.0,0
2023-04-10 04:30:00,1.906509519,0.0,0.0,425.0,22.51000023,0.0,0
2023-04-10 04:35:00,1.906131864,0.0,0.0,425.0,22.54000092,0.0,0
2023-04-10 04:40:00,1.89100492,0.0,0.0,425.0,22.37999916,0.0,0
2023-04-10 04:45:00,1.954248905,0.0,0.0,425.0,22.46999931,0.0,0
2023-04-10 04:50:00,1.924573898,0.0,0.0,425.0,22.51000023,0.0,0
2023-04-10 04:55:00,1.984218836,0.0,0.0,425.0,22.54000092,0.0,0
2023-04-10 05:00:00,1.948426962,0.0,0.0,425.0,22.35000038,0.0,0
2023-04-10 05:05:00,1.957323551,0.0,0.0,425.0,22.54000092,0.0,0
2023-04-10 05:10:00,1.970793963,0.0,0.0,425.0,22.44000053,0.0,0
2023-04-10 05:15:00,1.928940654,0.0,0.0,425.0,22.51000023,0.0,0
2023-04-10 05:20:00,2.004303694,0.0,0.0,425.0,22.55999947,0.0,0
2023-04-10 05:25:00,1.978222013,0.0,0.0,425.0,22.48999977,0.0,0
2023-04-10 05:30:00,2.020259857,0.0,0.0,425.0,22.42000008,0.0,0
2023-04-10 05:35:00,1.940282226,0.0,0.0,425.0,22.48999977,0.0,0
2023-04-10 05:40:00,1.998142719,0.0,0.0,425.0,22.37999916,0.0,0
2023-04-10 05:45:00,2.051705122,0.0,0.0,425.0,22.39999962,0.0,0
2023-04-10 05:50:00,1.997336745,0.0,0.0,425.0,22.35000038,0.0,0
2023-04-10 05:55:00,2.021433592,0.0,0.0,425.0,22.46999931,0.0,0
2023-04-10 06:00:00,1.938451886,0.0,0.0,425.0,22.48999977,0.0,0
2023-04-10 06:05:00,1.926088095,0.0,0.0,425.0,22.39999962,0.0,0
2023-04-10 06:10:00,2.039207935,0.0,0.0,425.0,22.35000038,0.0,0
2023-04-10 06:15:00,1.947860479,0.0,0.0,425.0,22.39999962,0.0,0
2023-04-10 06:20:00,1.972148299,0.0,0.0,425.0,22.44000053,0.0,0
2023-04-10 06:25:00,1.973300099,0.0,0.0,425.0,22.35000038,0.0,0
2023-04-10 06:30:00,1.957138658,0.0,0.0,425.0,22.21999931,0.0,0
2023-04-10 06:35:00,1.984477401,0.0,0.0,425.0,22.39999962,0.0,0
2023-04-10 06:40:00,2.219105721,0.0,0.0,425.0,22.32999992,0.0,0
2023-04-10 06:45:00,2.70084405,0.0,0.0,425.0,22.32999992,0.0,0
2023-04-10 06:50:00,3.272388458,0.0,0.0,425.0,22.30999947,0.0,0
2023-04-10 06:55:00,4.401083469,0.0,0.0,425.0,22.26000023,0.0,0
2023-04-10 07:00:00,5.344810486,0.0,0.0,425.0,22.30999947,0.0,0
2023-04-10 07:05:00,6.58874464,0.0,0.0,425.0,22.39999962,0.0,0
2023-04-10 07:10:00,7.58217001,0.0,0.0,425.0,22.29000092,0.0,0
2023-04-10 07:15:00,8.109452248,0.0,0.0,425.0,22.37999916,0.0,0
2023-04-10 07:20:00,9.093152046,0.0,0.0,425.0,22.32999992,0.0,0
2023-04-10 07:25:00,9.986779213,0.0,0.0,425.0,22.35000038,0.0,0
2023-04-10 07:30:00,10.90478611,0.0,0.0,425.0,22.39999962,0.0,0
2023-04-10 07:35:00,11.11196518,0.0,0.0,425.0,22.35000038,0.0,0
2023-04-10 07:40:00,11.51493359,0.0,0.0,425.0,22.35000038,0.0,0
2023-04-10 07:45:00,12.44011879,0.0,0.0,425.0,22.29000092,0.0,0
2023-04-10 07:50:00,13.7261076,0.0,0.0,425.0,22.35000038,0.0,0
2023-04-10 07:55:00,14.08226871,0.0,0.0,425.0,22.37999916,0.0,0
2023-04-10 08:00:00,14.8518219,0.0,0.0,425.0,22.75,0.0,0
2023-04-10 08:05:00,15.21140766,0.0,0.0,425.0,22.96999931,0.0,0
2023-04-10 08:10:00,15.28298187,0.0,0.0,425.0,22.98999977,0.0,0
2023-04-10 08:15:00,15.84065247,0.0,0.0,425.0,22.87000084,0.0,0
2023-04-10 08:20:00,16.67526054,0.0,0.0,425.0,22.98999977,0.0,0
2023-04-10 08:25:00,17.07157326,0.0,0.0,425.0,22.81999969,0.0,0
2023-04-10 08:30:00,18.06111526,0.0,0.0,425.0,22.70000076,0.0,0
2023-04-10 08:35:00,19.06215477,0.0,0.0,425.0,22.79999924,0.0,0
2023-04-10 08:40:00,19.78134727,0.0,0.0,425.0,22.68000031,0.0,0
2023-04-10 08:45:00,20.52442932,0.0,0.0,425.0,22.87000084,0.0,0
2023-04-10 08:50:00,21.15295029,0.0,0.0,425.0,22.92000008,0.0,0
2023-04-10 08:55:00,21.08867455,0.0,0.0,425.0,22.75,0.0,0
2023-04-10 09:00:00,20.56447983,0.0,0.0,425.0,22.78000069,0.0,0
2023-04-10 09:05:00,19.65436745,0.0,0.0,425.0,22.55999947,0.0,0
2023-04-10 09:10:00,19.9742775,0.0,0.0,425.0,22.81999969,0.0,0
2023-04-10 09:15:00,21.87628365,0.0,0.0,425.0,22.81999969,0.0,0
2023-04-10 09:20:00,23.860569,0.0,0.0,425.0,22.78000069,0.0,0
2023-04-10 09:25:00,24.94637871,0.0,0.0,425.0,22.81999969,0.0,0
2023-04-10 09:30:00,25.1401329,0.0,0.0,425.0,22.72999954,0.0,0
2023-04-10 09:35:00,23.98224831,0.0,0.0,425.0,22.65999985,0.0,0
2023-04-10 09:40:00,22.77624893,0.0,0.0,425.0,22.78000069,0.0,0
2023-04-10 09:45:00,23.0618782,0.0,0.0,425.0,22.92000008,0.0,0
2023-04-10 09:50:00,24.55522919,0.0,0.0,425.0,22.78000069,0.0,0
2023-04-10 09:55:00,25.53123283,0.0,0.0,425.0,22.79999924,0.0,0
2023-04-10 10:00:00,27.16862679,0.0,0.0,425.0,22.62999916,0.0,0
2023-04-10 10:05:00,28.11058044,0.0,0.0,425.0,22.85000038,0.0,0
2023-04-10 10:10:00,29.46261215,0.0,0.0,425.0,22.72999954,0.0,0
2023-04-10 10:15:00,30.55694008,0.0,0.0,425.0,22.62999916,0.0,0
2023-04-10 10:20:00,31.00510216,0.0,0.0,425.0,22.70000076,0.0,0
2023-04-10 10:25:00,30.56419945,0.0,0.0,425.0,22.61000061,0.0,0
2023-04-10 10:30:00,29.29680252,0.0,0.0,425.0,22.72999954,0.0,0
2023-04-10 10:35:00,27.46253204,0.0,0.0,425.0,22.61000061,0.0,0
2023-04-10 10:40:00,27.11199379,0.0,0.0,425.0,22.96999931,0.0,0
2023-04-10 10:45:00,27.97205162,0.0,0.0,425.0,22.75,0.0,0
2023-04-10 10:50:00,26.11074066,0.0,0.0,425.0,22.94000053,0.0,0
2023-04-10 10:55:00,26.64609146,0.0,0.0,425.0,22.79999924,0.0,0
2023-04-10 11:00:00,28.09201431,0.0,0.0,425.0,22.79999924,0.0,0
2023-04-10 11:05:00,27.84038925,0.0,0.0,425.0,22.85000038,0.0,0
2023-04-10 11:10:00,30.44006729,0.0,0.0,425.0,22.75,0.0,0
2023-04-10 11:15:00,32.32360077,0.0,0.0,425.0,22.89999962,0.0,0
2023-04-10 11:20:00,32.69103622,0.0,0.0,425.0,22.87000084,0.0,0
2023-04-10 11:25:00,34.29839325,0.0,0.0,425.0,22.87000084,0.0,0
2023-04-10 11:30:00,32.92255783,0.0,0.0,425.0,22.89999962,0.0,0
2023-04-10 11:35:00,33.29066086,0.0,0.0,425.0,22.89999962,0.0,0
2023-04-10 11:40:00,33.01407242,0.0,0.0,425.0,22.75,0.0,0
2023-04-10 11:45:00,34.36901855,0.0,0.0,425.0,22.75,0.0,0
2023-04-10 11:50:00,34.89068222,0.0,0.0,425.0,22.85000038,0.0,0
2023-04-10 11:55:00,34.39723206,0.0,0.0,425.0,22.75,0.0,0
2023-04-10 12:00:00,34.21961212,0.0,0.0,425.0,22.79999924,0.0,0
2023-04-10 12:05:00,35.24848557,0.0,0.0,425.0,22.87000084,0.0,0
2023-04-10 12:10:00,37.98700333,0.0,0.0,425.0,22.96999931,0.0,0
2023-04-10 12:15:00,39.57976151,0.0,0.0,425.0,22.94000053,0.0,0
2023-04-10 12:20:00,40.81599808,0.0,0.0,425.0,22.79999924,0.0,0
2023-04-10 12:25:00,41.07759476,0.0,0.0,425.0,22.94000053,0.0,0
2023-04-10 12:30:00,41.11865234,0.0,0.0,425.0,22.89999962,0.0,0
2023-04-10 12:35:00,41.19484329,0.0,0.0,425.0,22.85000038,0.0,0
2023-04-10 12:40:00,43.13446426,0.0,0.0,425.0,22.89999962,0.0,0
2023-04-10 12:45:00,44.51844406,0.0,0.0,425.0,22.81999969,0.0,0
2023-04-10 12:50:00,45.25745773,0.0,0.0,425.0,22.85000038,0.0,0
2023-04-10 12:55:00,45.37973785,0.0,0.0,425.0,22.94000053,0.0,0
2023-04-10 13:00:00,44.59615326,0.0,0.0,425.0,23.09000015,0.0,0
2023-04-10 13:05:00,44.40821457,0.0,0.0,425.0,22.94000053,0.0,0
2023-04-10 13:10:00,45.29428864,0.0,0.0,425.0,22.87000084,0.0,0
2023-04-10 13:15:00,45.63026428,0.0,0.0,425.0,22.92000008,0.0,0
2023-04-10 13:20:00,46.59702301,0.0,0.0,475.0,22.81999969,0.0,1
2023-04-10 13:25:00,45.96344376,0.0,0.0,475.0,23.05999947,0.0,1
2023-04-10 13:30:00,45.7271347,0.0,0.0,475.0,22.98999977,0.0,1
2023-04-10 13:35:00,46.66676331,0.0,0.0,475.0,22.98999977,0.0,1
2023-04-10 13:40:00,45.49843597,0.0,0.0,475.0,22.98999977,0.0,1
2023-04-10 13:45:00,45.14192963,0.0,0.0,475.0,23.04000092,0.0,1
2023-04-10 13:50:00,43.13108444,0.0,0.0,475.0,22.98999977,0.0,1
2023-04-10 13:55:00,45.8347168,0.0,0.0,475.0,22.96999931,0.0,1
2023-04-10 14:00:00,48.12694931,0.0,0.0,475.0,23.09000015,0.0,1
2023-04-10 14:05:00,48.90121078,0.0,0.0,475.0,23.02000046,0.0,1
2023-04-10 14:10:00,46.2145195,0.0,0.0,475.0,23.02000046,0.0,1
2023-04-10 14:15:00,51.33693695,0.0,0.0,475.0,23.11000061,0.0,1
2023-04-10 14:20:00,49.22649384,0.0,0.0,475.0,23.15999985,0.0,1
2023-04-10 14:25:00,46.33221436,0.0,0.0,475.0,23.13999939,0.0,1
2023-04-10 14:30:00,46.27949905,0.0,0.0,475.0,23.09000015,0.0,1
2023-04-10 14:35:00,47.39498138,0.0,0.0,475.0,23.15999985,0.0,1
2023-04-10 14:40:00,51.53699112,0.0,0.0,475.0,23.04000092,0.0,1
2023-04-10 14:45:00,55.24044037,0.0,0.0,475.0,23.25,0.0,1
2023-04-10 14:50:00,54.15267181,0.0,0.0,475.0,23.04000092,0.0,1
2023-04-10 14:55:00,52.45447159,0.0,0.0,425.0,23.13999939,0.0,0
2023-04-10 15:00:00,50.56874466,0.0,0.0,425.0,23.20000076,0.0,0
2023-04-10 15:05:00,50.93686295,0.0,0.0,425.0,23.18000031,0.0,0
2023-04-10 15:10:00,45.06226349,0.0,0.0,425.0,23.20000076,0.0,0
2023-04-10 15:15:00,41.18784714,0.0,0.0,425.0,23.22999954,0.0,0
2023-04-10 15:20:00,40.68187332,0.0,0.0,425.0,23.09000015,0.0,0
2023-04-10 15:25:00,43.08032227,0.0,0.0,425.0,23.22999954,0.0,0
2023-04-10 15:30:00,47.19979858,0.0,0.0,425.0,23.29000092,0.0,0
2023-04-10 15:35:00,51.30682755,0.0,0.0,425.0,23.22999954,0.0,0
2023-04-10 15:40:00,52.15129852,0.0,0.0,425.0,23.31999969,0.0,0
2023-04-10 15:45:00,49.1817894,0.0,0.0,425.0,23.20000076,0.0,0
2023-04-10 15:50:00,44.22476959,0.0,0.0,425.0,23.34000015,0.0,0
2023-04-10 15:55:00,40.08021927,0.0,0.0,425.0,23.15999985,0.0,0
2023-04-10 16:00:00,35.67838669,0.0,0.0,425.0,23.22999954,0.0,0
2023-04-10 16:05:00,34.68740082,0.0,0.0,425.0,23.31999969,0.0,0
2023-04-10 16:10:00,32.61374664,0.0,0.0,425.0,23.36000061,0.0,0
2023-04-10 16:15:00,29.50654602,0.0,0.0,425.0,22.98999977,0.0,0
2023-04-10 16:20:00,27.15267563,0.0,0.0,425.0,22.85000038,0.0,0
2023-04-10 16:25:00,24.60122108,0.0,0.0,425.0,22.72999954,0.0,0
2023-04-10 16:30:00,21.84847069,0.0,0.0,425.0,22.75,0.0,0
2023-04-10 16:35:00,19.39925766,0.0,0.0,425.0,22.85000038,0.0,0
2023-04-10 16:40:00,17.47279739,0.0,0.0,425.0,22.72999954,0.0,0
2023-04-10 16:45:00,15.69570446,0.0,0.0,425.0,22.65999985,0.0,0
2023-04-10 16:50:00,14.24779415,0.0,0.0,425.0,22.78000069,0.0,0
2023-04-10 16:55:00,14.10126972,0.0,0.0,425.0,22.85000038,0.0,0
2023-04-10 17:00:00,15.17626095,0.0,0.0,425.0,22.79999924,0.0,0
2023-04-10 17:05:00,17.67130661,0.0,0.0,425.0,22.72999954,0.0,0
2023-04-10 17:10:00,24.64791489,0.0,0.0,425.0,22.75,0.0,0
2023-04-10 17:15:00,43.38191605,0.0,0.0,425.0,22.65999985,0.0,0
2023-04-10 17:20:00,85.72847748,0.0,0.0,425.0,22.68000031,0.0,0
2023-04-10 17:25:00,64.21725464,0.0,0.0,425.0,22.68000031,0.0,0
2023-04-10 17:30:00,48.40324402,0.0,0.0,425.0,22.81999969,0.0,0
2023-04-10 17:35:00,53.80373001,0.0,0.0,425.0,22.79999924,0.0,0
2023-04-10 17:40:00,49.28955841,0.0,0.0,425.0,22.68000031,0.0,0
2023-04-10 17:45:00,38.52584839,0.0,0.0,425.0,22.65999985,0.0,0
2023-04-10 17:50:00,30.94624901,0.0,0.0,425.0,22.68000031,0.0,0
2023-04-10 17:55:00,25.56894112,0.0,0.0,425.0,22.68000031,0.0,0
2023-04-10 18:00:00,21.1534214,0.0,0.0,425.0,22.78000069,0.0,0
2023-04-10 18:05:00,16.57991028,0.0,0.0,425.0,22.75,0.0,0
2023-04-10 18:10:00,12.94231796,0.0,0.0,425.0,22.87000084,0.0,0
2023-04-10 18:15:00,11.21251106,0.0,0.0,425.0,22.85000038,0.0,0
2023-04-10 18:20:00,10.37392139,0.0,0.0,425.0,22.85000038,0.0,0
2023-04-10 18:25:00,9.761936188,0.0,0.0,425.0,22.68000031,0.0,0
2023-04-10 18:30:00,9.435779572,0.0,0.0,425.0,22.78000069,0.0,0
2023-04-10 18:35:00,9.481898308,0.0,0.0,425.0,22.70000076,0.0,0
2023-04-10 18:40:00,9.675003052,0.0,0.0,425.0,22.70000076,0.0,0
2023-04-10 18:45:00,10.31483746,0.0,0.0,425.0,22.78000069,0.0,0
2023-04-10 18:50:00,9.96249485,0.0,0.0,425.0,22.72999954,0.0,0
2023-04-10 18:55:00,9.118678093,0.0,0.0,425.0,22.62999916,0.0,0
2023-04-10 19:00:00,7.611255169,0.0,0.0,425.0,22.57999992,0.0,0
2023-04-10 19:05:00,5.955245018,0.0,0.0,425.0,22.75,0.0,0
2023-04-10 19:10:00,4.788337708,0.0,0.0,425.0,22.68000031,0.0,0
2023-04-10 19:15:00,4.168570042,0.0,1.0,425.0,22.57999992,0.0,0
2023-04-10 19:20:00,3.781184673,0.0,0.0,425.0,22.61000061,0.0,0
2023-04-10 19:25:00,3.159333229,0.0,0.0,425.0,22.51000023,0.0,0
2023-04-10 19:30:00,2.790327549,0.0,0.0,425.0,22.62999916,0.0,0
2023-04-10 19:35:00,2.700915098,0.0,0.0,425.0,22.61000061,0.0,0
2023-04-10 19:40:00,2.489006996,0.0,0.0,425.0,22.55999947,0.0,0
2023-04-10 19:45:00,2.01183033,0.0,0.0,425.0,22.61000061,0.0,0
2023-04-10 19:50:00,1.95133245,0.0,0.0,425.0,22.65999985,0.0,0
2023-04-10 19:55:00,1.922439814,0.0,0.0,425.0,22.72999954,0.0,0
2023-04-10 20:00:00,1.890210509,0.0,0.0,425.0,22.55999947,0.0,0
2023-04-10 20:05:00,1.859321117,0.0,0.0,425.0,22.62999916,0.0,0
2023-04-10 20:10:00,1.933630467,0.0,0.0,425.0,22.61000061,0.0,0
2023-04-10 20:15:00,1.912878871,0.0,0.0,425.0,22.62999916,0.0,0
2023-04-10 20:20:00,1.905546188,0.0,0.0,425.0,22.61000061,0.0,0
2023-04-10 20:25:00,1.897188664,0.0,0.0,425.0,22.61000061,0.0,0
2023-04-10 20:30:00,1.910001397,0.0,0.0,425.0,22.61000061,0.0,0
2023-04-10 20:35:00,1.902697086,0.0,0.0,425.0,22.61000061,0.0,0
2023-04-10 20:40:00,1.867326737,0.0,0.0,425.0,22.61000061,0.0,0
2023-04-10 20:45:00,1.930758715,0.0,0.0,425.0,22.44000053,0.0,0
2023-04-10 20:50:00,1.963597536,0.0,0.0,425.0,22.54000092,0.0,0
2023-04-10 20:55:00,1.903494597,0.0,0.0,425.0,22.57999992,0.0,0
2023-04-10 21:00:00,1.896056533,0.0,0.0,425.0,22.48999977,0.0,0
2023-04-10 21:05:00,1.89819169,0.0,0.0,425.0,22.57999992,0.0,0
2023-04-10 21:10:00,1.90974474,0.0,0.0,425.0,22.44000053,0.0,0
2023-04-10 21:15:00,1.941280842,0.0,0.0,425.0,22.48999977,0.0,0
2023-04-10 21:20:00,1.925670743,0.0,0.0,425.0,22.55999947,0.0,0
2023-04-10 21:25:00,2.023986816,0.0,0.0,425.0,22.54000092,0.0,0
2023-04-10 21:30:00,1.965940237,0.0,0.0,425.0,22.54000092,0.0,0
2023-04-10 21:35:00,1.949095488,0.0,0.0,425.0,22.37999916,0.0,0
2023-04-10 21:40:00,1.964988112,0.0,0.0,425.0,22.57999992,0.0,0
2023-04-10 21:45:00,2.094284535,0.0,0.0,425.0,22.65999985,0.0,0
2023-04-10 21:50:00,1.919229507,0.0,0.0,425.0,22.46999931,0.0,0
2023-04-10 21:55:00,1.957433581,0.0,0.0,425.0,22.44000053,0.0,0
2023-04-10 22:00:00,1.94939816,0.0,0.0,425.0,22.39999962,0.0,0
2023-04-10 22:05:00,1.954747319,0.0,0.0,425.0,22.44000053,0.0,0
2023-04-10 22:10:00,2.021281481,0.0,0.0,425.0,22.61000061,0.0,0
2023-04-10 22:15:00,1.953547835,0.0,0.0,425.0,22.44000053,0.0,0
2023-04-10 22:20:00,1.937643051,0.0,0.0,425.0,22.42000008,0.0,0
2023-04-10 22:25:00,2.000871658,0.0,0.0,425.0,22.42000008,0.0,0
2023-04-10 22:30:00,1.965118408,0.0,0.0,425.0,22.46999931,0.0,0
2023-04-10 22:35:00,1.973195434,0.0,0.0,425.0,22.46999931,0.0,0
2023-04-10 22:40:00,1.910205364,0.0,0.0,425.0,22.39999962,0.0,0
2023-04-10 22:45:00,1.913019419,0.0,0.0,425.0,22.54000092,0.0,0
2023-04-10 22:50:00,1.865845919,0.0,0.0,425.0,22.44000053,0.0,0
2023-04-10 22:55:00,1.929952741,0.0,0.0,425.0,22.42000008,0.0,0
2023-04-10 23:00:00,1.934636474,0.0,0.0,425.0,22.46999931,0.0,0
2023-04-10 23:05:00,1.911766172,0.0,0.0,425.0,22.42000008,0.0,0
2023-04-10 23:10:00,1.899920344,0.0,0.0,425.0,22.44000053,0.0,0
2023-04-10 23:15:00,1.882472038,0.0,0.0,425.0,22.46999931,0.0,0
2023-04-10 23:20:00,1.929358959,0.0,0.0,425.0,22.44000053,0.0,0
2023-04-10 23:25:00,1.947981358,0.0,0.0,425.0,23.62999916,0.0,0
2023-04-10 23:30:00,1.967297077,0.0,0.0,425.0,22.37999916,0.0,0
2023-04-10 23:35:00,1.916298747,0.0,0.0,425.0,22.46999931,0.0,0
2023-04-10 23:40:00,1.951779962,0.0,0.0,425.0,22.44000053,0.0,0
2023-04-10 23:45:00,1.8952353,0.0,0.0,425.0,22.32999992,0.0,0
2023-04-10 23:50:00,1.922286868,0.0,0.0,425.0,22.35000038,0.0,0
2023-04-10 23:55:00,1.999725938,0.0,0.0,425.0,22.37999916,0.0,0
2023-04-11 00:00:00,1.954782844,0.0,0.0,425.0,22.39999962,0.0,0
2023-04-11 00:05:00,1.939493537,0.0,0.0,425.0,22.23999977,0.0,0
2023-04-11 00:10:00,1.940898418,0.0,0.0,425.0,22.42000008,0.0,0
2023-04-11 00:15:00,1.940834403,0.0,0.0,425.0,22.26000023,0.0,0
2023-04-11 00:20:00,2.00478673,0.0,0.0,425.0,22.29000092,0.0,0
2023-04-11 00:25:00,1.959312201,0.0,0.0,425.0,22.35000038,0.0,0
2023-04-11 00:30:00,1.984520912,0.0,0.0,425.0,22.35000038,0.0,0
2023-04-11 00:35:00,1.936968207,0.0,0.0,425.0,22.37999916,0.0,0
2023-04-11 00:40:00,1.91340065,0.0,0.0,425.0,22.26000023,0.0,0
2023-04-11 00:45:00,1.955348015,0.0,0.0,425.0,22.32999992,0.0,0
2023-04-11 00:50:00,1.941768289,0.0,0.0,425.0,22.35000038,0.0,0
2023-04-11 00:55:00,1.984221935,0.0,0.0,425.0,22.26000023,0.0,0
2023-04-11 01:00:00,1.931773543,0.0,0.0,425.0,22.35000038,0.0,0
2023-04-11 01:05:00,1.958481669,0.0,0.0,425.0,22.26000023,0.0,0
2023-04-11 01:10:00,1.941844225,0.0,0.0,425.0,22.35000038,0.0,0
2023-04-11 01:15:00,1.947840333,0.0,0.0,425.0,22.26000023,0.0,0
2023-04-11 01:20:00,1.899568558,0.0,0.0,425.0,22.39999962,0.0,0
2023-04-11 01:25:00,1.889053702,0.0,0.0,425.0,22.29000092,0.0,0
2023-04-11 01:30:00,1.886411309,0.0,0.0,425.0,22.26000023,0.0,0
2023-04-11 01:35:00,1.894731641,0.0,0.0,425.0,22.21999931,0.0,0
2023-04-11 01:40:00,1.932728291,0.0,0.0,425.0,22.19000053,0.0,0
2023-04-11 01:45:00,1.920036912,0.0,0.0,425.0,22.26000023,0.0,0
2023-04-11 01:50:00,1.907201767,0.0,0.0,425.0,22.37999916,0.0,0
2023-04-11 01:55:00,1.932818651,0.0,0.0,425.0,22.35000038,0.0,0
2023-04-11 02:00:00,1.931577086,0.0,0.0,425.0,22.35000038,0.0,0
2023-04-11 02:05:00,1.887757063,0.0,0.0,425.0,22.35000038,0.0,0
2023-04-11 02:10:00,1.909634113,0.0,0.0,425.0,22.21999931,0.0,0
2023-04-11 02:15:00,1.96316278,0.0,0.0,425.0,22.17000008,0.0,0
2023-04-11 02:20:00,2.005476475,0.0,0.0,425.0,22.39999962,0.0,0
2023-04-11 02:25:00,1.907910466,0.0,0.0,425.0,22.29000092,0.0,0
2023-04-11 02:30:00,1.913956404,0.0,0.0,425.0,22.21999931,0.0,0
2023-04-11 02:35:00,1.99122417,0.0,0.0,425.0,22.37999916,0.0,0
2023-04-11 02:40:00,2.010745764,0.0,0.0,425.0,22.30999947,0.0,0
2023-04-11 02:45:00,1.96660614,0.0,0.0,425.0,22.35000038,0.0,0
2023-04-11 02:50:00,1.942726612,0.0,0.0,425.0,22.23999977,0.0,0
2023-04-11 02:55:00,1.906736732,0.0,0.0,425.0,22.30999947,0.0,0
2023-04-11 03:00:00,2.034685135,0.0,0.0,425.0,22.30999947,0.0,0
2023-04-11 03:05:00,2.003439665,0.0,0.0,425.0,22.19000053,0.0,0
2023-04-11 03:10:00,1.955425024,0.0,0.0,425.0,22.30999947,0.0,0
2023-04-11 03:15:00,1.95929122,0.0,0.0,425.0,22.19000053,0.0,0
2023-04-11 03:20:00,2.014718056,0.0,0.0,425.0,22.17000008,0.0,0
2023-04-11 03:25:00,2.011622667,0.0,0.0,425.0,22.29000092,0.0,0
2023-04-11 03:30:00,1.948018313,0.0,0.0,425.0,22.30999947,0.0,0
2023-04-11 03:35:00,1.932222486,0.0,0.0,425.0,22.19000053,0.0,0
2023-04-11 03:40:00,1.93593061,0.0,0.0,425.0,22.19000053,0.0,0
2023-04-11 03:45:00,2.004024506,0.0,0.0,425.0,22.30999947,0.0,0
2023-04-11 03:50:00,1.924774289,0.0,0.0,425.0,22.12999916,0.0,0
2023-04-11 03:55:00,1.959929705,0.0,0.0,425.0,22.21999931,0.0,0
2023-04-11 04:00:00,1.943675399,0.0,0.0,425.0,22.30999947,0.0,0
2023-04-11 04:05:00,1.902184606,0.0,0.0,425.0,22.26000023,0.0,0
2023-04-11 04:10:00,1.900068998,0.0,0.0,425.0,22.30999947,0.0,0
2023-04-11 04:15:00,1.928056598,0.0,0.0,425.0,22.23999977,0.0,0
2023-04-11 04:20:00,1.930520415,0.0,0.0,425.0,22.29000092,0.0,0
2023-04-11 04:25:00,1.946790814,0.0,0.0,425.0,22.14999962,0.0,0
2023-04-11 04:30:00,1.952268481,0.0,0.0,425.0,22.32999992,0.0,0
2023-04-11 04:35:00,1.957062602,0.0,0.0,425.0,22.19000053,0.0,0
2023-04-11 04:40:00,1.962464571,0.0,0.0,425.0,22.23999977,0.0,0
2023-04-11 04:45:00,1.969546199,0.0,0.0,425.0,22.19000053,0.0,0
2023-04-11 04:50:00,1.947485924,0.0,0.0,425.0,22.32999992,0.0,0
2023-04-11 04:55:00,1.974431992,0.0,0.0,425.0,22.07999992,0.0,0
2023-04-11 05:00:00,1.981101513,0.0,0.0,425.0,22.10000038,0.0,0
2023-04-11 05:05:00,1.965161681,0.0,0.0,425.0,22.07999992,0.0,0
2023-04-11 05:10:00,1.920635223,0.0,0.0,425.0,22.26000023,0.0,0
2023-04-11 05:15:00,1.972439885,0.0,0.0,425.0,22.19000053,0.0,0
2023-04-11 05:20:00,1.965208292,0.0,0.0,425.0,22.21999931,0.0,0
2023-04-11 05:25:00,1.968239307,0.0,0.0,425.0,22.21999931,0.0,0
2023-04-11 05:30:00,2.001858473,0.0,0.0,425.0,22.19000053,0.0,0
2023-04-11 05:35:00,1.979056597,0.0,0.0,425.0,22.19000053,0.0,0
2023-04-11 05:40:00,2.018244743,0.0,0.0,425.0,22.10000038,0.0,0
2023-04-11 05:45:00,1.952269316,0.0,0.0,425.0,22.21999931,0.0,0
2023-04-11 05:50:00,1.98839891,0.0,0.0,425.0,22.23999977,0.0,0
2023-04-11 05:55:00,1.991546631,0.0,0.0,425.0,22.30999947,0.0,0
2023-04-11 06:00:00,1.93592763,0.0,0.0,425.0,22.19000053,0.0,0
2023-04-11 06:05:00,1.972141862,0.0,0.0,425.0,22.17000008,0.0,0
2023-04-11 06:10:00,1.951159716,0.0,0.0,425.0,22.19000053,0.0,0
2023-04-11 06:15:00,1.941740036,0.0,0.0,425.0,22.32999992,0.0,0
2023-04-11 06:20:00,1.944933057,0.0,0.0,425.0,22.19000053,0.0,0
2023-04-11 06:25:00,1.924188137,0.0,0.0,425.0,22.17000008,0.0,0
2023-04-11 06:30:00,1.896482229,0.0,0.0,425.0,22.12999916,0.0,0
2023-04-11 06:35:00,1.930930734,0.0,0.0,425.0,22.05999947,0.0,0
2023-04-11 06:40:00,1.922615767,0.0,0.0,425.0,22.17000008,0.0,0
2023-04-11 06:45:00,1.940925479,0.0,0.0,425.0,22.10000038,0.0,0
2023-04-11 06:50:00,1.90598309,0.0,0.0,425.0,22.10000038,0.0,0
2023-04-11 06:55:00,1.949990749,0.0,0.0,425.0,22.17000008,0.0,0
2023-04-11 07:00:00,1.956451654,0.0,0.0,425.0,22.21999931,0.0,0
2023-04-11 07:05:00,1.955740929,0.0,0.0,425.0,22.12999916,0.0,0
2023-04-11 07:10:00,1.922974825,0.0,0.0,425.0,22.10000038,0.0,0
2023-04-11 07:15:00,2.436166525,0.0,0.0,425.0,22.19000053,0.0,0
2023-04-11 07:20:00,3.440580845,0.0,0.0,425.0,22.21999931,0.0,0
2023-04-11 07:25:00,5.115727425,0.0,0.0,425.0,22.19000053,0.0,0
2023-04-11 07:30:00,6.603304863,0.0,0.0,425.0,22.21999931,0.0,0
2023-04-11 07:35:00,7.352153778,0.0,0.0,425.0,22.23999977,0.0,0
2023-04-11 07:40:00,5.678456783,0.0,0.0,425.0,22.17000008,0.0,0
2023-04-11 07:45:00,6.628494263,0.0,0.0,425.0,22.23999977,0.0,0
2023-04-11 07:50:00,7.168945789,0.0,0.0,425.0,22.17000008,0.0,0
2023-04-11 07:55:00,5.778326035,0.0,0.0,425.0,22.19000053,0.0,0
2023-04-11 08:00:00,5.829670429,0.0,0.0,425.0,22.42000008,0.0,0
2023-04-11 08:05:00,5.916313648,0.0,0.0,425.0,22.35000038,0.0,0
2023-04-11 08:10:00,8.08023262,0.0,0.0,425.0,22.37999916,0.0,0
2023-04-11 08:15:00,10.26972485,0.0,0.0,425.0,22.35000038,0.0,0
2023-04-11 08:20:00,12.52704048,0.0,0.0,425.0,22.21999931,0.0,0
2023-04-11 08:25:00,12.5263052,0.0,0.0,425.0,22.37999916,0.0,0
2023-04-11 08:30:00,8.452102661,0.0,0.0,425.0,22.57999992,0.0,0
2023-04-11 08:35:00,10.49771309,0.0,0.0,425.0,22.44000053,0.0,0
2023-04-11 08:40:00,9.720758438,0.0,0.0,425.0,22.46999931,0.0,0
2023-04-11 08:45:00,6.108026028,0.0,0.0,425.0,22.44000053,0.0,0
2023-04-11 08:50:00,7.561373234,0.0,0.0,425.0,22.44000053,0.0,0
2023-04-11 08:55:00,8.002766609,0.0,0.0,425.0,22.42000008,0.0,0
2023-04-11 09:00:00,7.701290608,0.0,0.0,425.0,22.44000053,0.0,0
2023-04-11 09:05:00,7.140175819,0.0,0.0,425.0,22.37999916,0.0,0
2023-04-11 09:10:00,14.49136448,0.0,0.0,425.0,22.54000092,0.0,0
2023-04-11 09:15:00,19.24077988,0.0,0.0,425.0,22.55999947,0.0,0
2023-04-11 09:20:00,20.52249908,0.0,0.0,425.0,22.37999916,0.0,0
2023-04-11 09:25:00,21.47829056,0.0,0.0,425.0,22.61000061,0.0,0
2023-04-11 09:30:00,22.31047249,0.0,0.0,490.0,22.51000023,0.0,1
2023-04-11 09:35:00,23.54560471,0.0,0.0,490.0,22.51000023,0.0,1
2023-04-11 09:40:00,25.03892899,0.0,0.0,490.0,22.48999977,0.0,1
2023-04-11 09:45:00,26.98726082,0.0,0.0,490.0,22.51000023,0.0,1
2023-04-11 09:50:00,26.83186531,0.0,0.0,490.0,22.48999977,0.0,1
2023-04-11 09:55:00,24.49821091,0.0,0.0,490.0,22.54000092,0.0,1
2023-04-11 10:00:00,23.84220314,0.0,1.0,490.0,22.44000053,0.0,1
2023-04-11 10:05:00,21.55343246,0.0,0.0,490.0,22.51000023,0.0,1
2023-04-11 10:10:00,24.53814888,0.0,0.0,490.0,22.62999916,0.0,1
2023-04-11 10:15:00,25.25607109,0.0,0.0,490.0,22.62999916,0.0,1
2023-04-11 10:20:00,27.19953728,0.0,0.0,540.0,22.61000061,0.0,1
2023-04-11 10:25:00,27.55256462,0.0,0.0,540.0,22.62999916,0.0,1
2023-04-11 10:30:00,29.56907272,0.0,0.0,540.0,22.81999969,0.0,1
2023-04-11 10:35:00,28.41103745,0.0,1.0,590.0,22.72999954,0.0,1
2023-04-11 10:40:00,66.50056458,0.0,1.0,690.0,22.70000076,0.0,1
2023-04-11 10:45:00,103.2070847,0.0,4.0,690.0,22.87000084,0.0,1
2023-04-11 10:50:00,107.432579,0.0,4.0,690.0,23.05999947,0.0,1
2023-04-11 10:55:00,111.3756561,0.0,4.0,740.0,23.13999939,0.0,1
2023-04-11 11:00:00,117.2273788,0.0,8.0,740.0,23.36000061,0.0,1
2023-04-11 11:05:00,52.93435669,0.0,4.0,803.0,23.37999916,0.0,1
2023-04-11 11:10:00,30.68152809,0.0,4.0,803.0,23.34000015,0.0,1
2023-04-11 11:15:00,30.63909149,0.0,3.0,752.0,23.40999985,0.0,1
2023-04-11 11:20:00,31.80948257,0.0,4.0,752.0,23.29000092,0.0,1
2023-04-11 11:25:00,33.34667587,0.0,3.0,752.0,23.34000015,0.0,1
2023-04-11 11:30:00,33.62889481,0.0,4.0,752.0,23.47999954,0.0,1
2023-04-11 11:35:00,33.52895737,0.0,3.0,752.0,23.43000031,0.0,1
2023-04-11 11:40:00,33.82281494,0.0,3.0,752.0,23.5,0.0,1
2023-04-11 11:45:00,32.05184174,0.0,3.0,736.0,23.47999954,0.0,1
2023-04-11 11:50:00,33.37239838,0.0,4.0,736.0,23.54000092,0.0,1
2023-04-11 11:55:00,33.58308029,0.0,4.0,736.0,23.47999954,0.0,1
2023-04-11 12:00:00,34.55412292,0.0,4.0,736.0,23.62999916,0.0,1
2023-04-11 12:05:00,39.11069107,0.0,1.0,736.0,23.37999916,0.0,1
2023-04-11 12:10:00,36.75309372,0.0,0.0,686.0,23.29000092,0.0,1
2023-04-11 12:15:00,27.26589203,0.0,0.0,686.0,23.27000046,0.0,1
2023-04-11 12:20:00,19.39406776,0.0,1.0,686.0,23.37999916,0.0,1
2023-04-11 12:25:00,21.7519989,0.0,0.0,686.0,23.36000061,0.0,1
2023-04-11 12:30:00,28.62267494,0.0,1.0,686.0,23.27000046,0.0,1
2023-04-11 12:35:00,33.96049118,0.0,6.0,736.0,23.27000046,0.0,1
2023-04-11 12:40:00,34.19489288,0.0,6.0,786.0,23.5,0.0,1
2023-04-11 12:45:00,20.67793465,0.0,0.0,786.0,23.47999954,0.0,1
2023-04-11 12:50:00,13.03377724,0.0,0.0,736.0,23.27000046,0.0,1
2023-04-11 12:55:00,13.36784554,0.0,0.0,687.0,23.40999985,0.0,1
2023-04-11 13:00:00,17.8245945,0.0,0.0,687.0,23.22999954,0.0,1
2023-04-11 13:05:00,29.16921997,0.0,0.0,687.0,23.34000015,0.0,1
2023-04-11 13:10:00,43.3747139,0.0,0.0,687.0,23.25,0.0,1
2023-04-11 13:15:00,45.35416412,0.0,0.0,687.0,23.34000015,0.0,1
2023-04-11 13:20:00,46.13637543,0.0,0.0,637.0,23.20000076,0.0,1
2023-04-11 13:25:00,45.14577484,0.0,0.0,637.0,23.34000015,0.0,1
2023-04-11 13:30:00,50.29367828,0.0,2.0,637.0,23.34000015,0.0,1
2023-04-11 13:35:00,33.57658386,0.0,4.0,687.0,23.59000015,0.0,1
2023-04-11 13:40:00,18.95443344,0.0,5.0,737.0,23.70000076,0.0,1
2023-04-11 13:45:00,22.47989082,0.0,4.0,737.0,23.59000015,0.0,1
2023-04-11 13:50:00,39.0188446,0.0,4.0,787.0,23.65999985,0.0,1
2023-04-11 13:55:00,46.57210922,0.0,4.0,787.0,23.72999954,0.0,1
2023-04-11 14:00:00,42.62336731,0.0,8.0,787.0,23.97999954,0.0,1
2023-04-11 14:05:00,17.89832687,0.0,7.0,838.0,23.97999954,0.0,1
2023-04-11 14:10:00,97.93035889,0.0,4.0,838.0,24.17000008,0.0,1
2023-04-11 14:15:00,100.933754,0.0,6.0,838.0,24.31999969,0.0,1
2023-04-11 14:20:00,104.1111526,0.0,8.0,838.0,24.40999985,0.0,1
2023-04-11 14:25:00,126.2594299,0.0,7.0,838.0,24.43000031,0.0,1
2023-04-11 14:30:00,129.6953735,0.0,9.0,838.0,24.31999969,0.0,1
2023-04-11 14:35:00,125.5847931,0.0,7.0,838.0,24.5,0.0,1
2023-04-11 14:40:00,129.3257599,0.0,9.0,888.0,24.71999931,0.0,1
2023-04-11 14:45:00,34.94984436,0.0,9.0,838.0,24.45000076,0.0,1
2023-04-11 14:50:00,36.4390564,0.0,7.0,888.0,24.37999916,0.0,1
2023-04-11 14:55:00,42.0639267,0.0,9.0,838.0,24.45000076,0.0,1
2023-04-11 15:00:00,44.61309052,0.0,9.0,838.0,24.55999947,0.0,1
2023-04-11 15:05:00,44.11300278,0.0,9.0,838.0,24.68000031,0.0,1
2023-04-11 15:10:00,40.63531494,0.0,8.0,838.0,24.70000076,0.0,1
2023-04-11 15:15:00,50.68611145,0.0,5.0,838.0,24.55999947,0.0,1
2023-04-11 15:20:00,62.70772552,0.0,3.0,838.0,24.55999947,0.0,1
2023-04-11 15:25:00,68.94068146,0.0,3.0,788.0,24.55999947,0.0,1
2023-04-11 15:30:00,63.99344254,0.0,4.0,788.0,24.52000046,0.0,1
2023-04-11 15:35:00,37.60900879,0.0,7.0,788.0,24.62999916,0.0,1
2023-04-11 15:40:00,33.69940567,0.0,8.0,738.0,24.52000046,0.0,1
2023-04-11 15:45:00,31.04110336,0.0,8.0,788.0,24.65999985,0.0,1
2023-04-11 15:50:00,25.88875198,0.0,8.0,788.0,24.65999985,0.0,1
2023-04-11 15:55:00,18.85021019,0.0,6.0,832.0,24.43000031,0.0,1
2023-04-11 16:00:00,12.58612347,0.0,3.0,732.0,24.36000061,0.0,1
2023-04-11 16:05:00,7.276031971,0.0,3.0,682.0,24.20000076,0.0,1
2023-04-11 16:10:00,5.40799284,0.0,2.0,682.0,24.03000069,0.0,1
2023-04-11 16:15:00,8.860653877,0.0,3.0,624.0,24.03000069,0.0,1
2023-04-11 16:20:00,47.75740433,0.0,1.0,738.0,24.05999947,0.0,1
2023-04-11 16:25:00,59.74942017,0.0,0.0,688.0,24.17000008,0.0,1
2023-04-11 16:30:00,60.90811539,0.0,0.0,688.0,24.21999931,0.0,1
2023-04-11 16:35:00,51.35308456,0.0,0.0,688.0,24.10000038,0.0,1
2023-04-11 16:40:00,44.83505249,0.0,0.0,688.0,24.07999992,0.0,1
2023-04-11 16:45:00,13.22693157,0.0,0.0,688.0,24.20000076,0.0,1
2023-04-11 16:50:00,12.26701641,0.0,0.0,688.0,24.17000008,0.0,1
2023-04-11 16:55:00,23.91790009,0.0,0.0,688.0,23.97999954,0.0,1
2023-04-11 17:00:00,16.97291565,0.0,0.0,688.0,23.94000053,0.0,1
2023-04-11 17:05:00,13.84939289,0.0,0.0,693.0,23.94000053,0.0,1
2023-04-11 17:10:00,20.33196449,0.0,0.0,693.0,23.90999985,0.0,1
2023-04-11 17:15:00,27.46015739,0.0,0.0,693.0,23.77000046,0.0,1
2023-04-11 17:20:00,41.00045395,0.0,0.0,693.0,23.90999985,0.0,1
2023-04-11 17:25:00,40.03019714,0.0,0.0,693.0,23.84000015,0.0,1
2023-04-11 17:30:00,101.2136841,0.0,0.0,693.0,23.77000046,0.0,1
2023-04-11 17:35:00,57.72054672,0.0,0.0,693.0,23.84000015,0.0,1
2023-04-11 17:40:00,155.6479034,0.0,0.0,693.0,23.81999969,0.0,1
2023-04-11 17:45:00,99.20895386,0.0,0.0,693.0,23.59000015,0.0,1
2023-04-11 17:50:00,285.7924194,0.0,0.0,693.0,23.65999985,0.0,1
2023-04-11 17:55:00,302.2084351,0.0,0.0,693.0,23.77000046,0.0,1
2023-04-11 18:00:00,79.73226929,0.0,0.0,693.0,23.87000084,0.0,1
2023-04-11 18:05:00,215.5223389,0.0,0.0,693.0,23.88999939,0.0,1
2023-04-11 18:10:00,233.1737366,0.0,0.0,693.0,23.90999985,0.0,1
2023-04-11 18:15:00,121.6038132,0.0,0.0,693.0,23.90999985,0.0,1
2023-04-11 18:20:00,172.7993011,0.0,0.0,693.0,23.84000015,0.0,1
2023-04-11 18:25:00,109.5352325,0.0,0.0,693.0,23.90999985,0.0,1
2023-04-11 18:30:00,115.8740463,0.0,0.0,693.0,23.95999908,0.0,1
2023-04-11 18:35:00,62.30418015,0.0,0.0,693.0,24.03000069,0.0,1
2023-04-11 18:40:00,22.96835327,0.0,0.0,693.0,23.81999969,0.0,1
2023-04-11 18:45:00,9.591345787,0.0,0.0,693.0,23.95999908,0.0,1
2023-04-11 18:50:00,5.598526001,0.0,0.0,693.0,23.81999969,0.0,1
2023-04-11 18:55:00,8.481636047,0.0,0.0,693.0,23.87000084,0.0,1
2023-04-11 19:00:00,21.44668961,0.0,0.0,693.0,23.72999954,0.0,1
2023-04-11 19:05:00,20.24552155,0.0,0.0,693.0,23.72999954,0.0,1
2023-04-11 19:10:00,9.95287323,0.0,0.0,693.0,23.68000031,0.0,1
2023-04-11 19:15:00,5.478000164,0.0,0.0,641.0,23.72999954,0.0,1
2023-04-11 19:20:00,5.25133276,0.0,0.0,641.0,23.75,0.0,1
2023-04-11 19:25:00,4.205730438,0.0,0.0,641.0,23.65999985,0.0,1
2023-04-11 19:30:00,4.016812325,0.0,0.0,641.0,23.70000076,0.0,1
2023-04-11 19:35:00,2.864104271,0.0,0.0,641.0,23.54000092,0.0,1
2023-04-11 19:40:00,2.559364796,0.0,0.0,641.0,23.52000046,0.0,1
2023-04-11 19:45:00,2.07848382,0.0,0.0,641.0,23.5,0.0,1
2023-04-11 19:50:00,1.963878274,0.0,0.0,641.0,23.47999954,0.0,1
2023-04-11 19:55:00,1.946122289,0.0,0.0,641.0,23.5,0.0,1
2023-04-11 20:00:00,1.894784212,0.0,0.0,641.0,23.47999954,0.0,1
2023-04-11 20:05:00,1.944139004,0.0,0.0,641.0,23.43000031,0.0,1
2023-04-11 20:10:00,1.923099756,0.0,0.0,641.0,23.40999985,0.0,1
2023-04-11 20:15:00,1.892302036,0.0,0.0,641.0,23.40999985,0.0,1
2023-04-11 20:20:00,1.915258765,0.0,0.0,641.0,23.37999916,0.0,1
2023-04-11 20:25:00,1.911061287,0.0,0.0,641.0,23.5,0.0,1
2023-04-11 20:30:00,1.87254405,0.0,0.0,641.0,23.37999916,0.0,1
2023-04-11 20:35:00,1.875810266,0.0,0.0,641.0,23.29000092,0.0,1
2023-04-11 20:40:00,1.922413707,0.0,0.0,641.0,23.29000092,0.0,1
2023-04-11 20:45:00,1.922132969,0.0,0.0,641.0,23.29000092,0.0,1
2023-04-11 20:50:00,1.902726769,0.0,0.0,663.0,23.29000092,0.0,1
2023-04-11 20:55:00,1.906115532,0.0,0.0,663.0,23.36000061,0.0,1
2023-04-11 21:00:00,2.01003933,0.0,0.0,663.0,23.36000061,0.0,1
2023-04-11 21:05:00,1.950201273,0.0,0.0,663.0,23.22999954,0.0,1
2023-04-11 21:10:00,1.893897533,0.0,0.0,663.0,23.31999969,0.0,1
2023-04-11 21:15:00,1.964811444,0.0,0.0,663.0,23.25,0.0,1
2023-04-11 21:20:00,1.944108844,0.0,0.0,663.0,23.25,0.0,1
2023-04-11 21:25:00,1.90638876,0.0,0.0,663.0,23.22999954,0.0,1
2023-04-11 21:30:00,1.931920886,0.0,0.0,663.0,23.22999954,0.0,1
2023-04-11 21:35:00,1.930296183,0.0,0.0,663.0,23.11000061,0.0,1
2023-04-11 21:40:00,1.916108251,0.0,0.0,663.0,23.15999985,0.0,1
2023-04-11 21:45:00,1.933358312,0.0,0.0,663.0,23.15999985,0.0,1
2023-04-11 21:50:00,2.039276362,0.0,0.0,663.0,23.15999985,0.0,1
2023-04-11 21:55:00,1.909446359,0.0,0.0,663.0,23.22999954,0.0,1
2023-04-11 22:00:00,1.985772133,0.0,0.0,663.0,23.20000076,0.0,0
2023-04-11 22:05:00,1.94507432,0.0,0.0,663.0,23.15999985,0.0,0
2023-04-11 22:10:00,1.926704288,0.0,0.0,663.0,23.22999954,0.0,0
2023-04-11 22:15:00,1.952386499,0.0,0.0,663.0,23.09000015,0.0,0
2023-04-11 22:20:00,1.885022044,0.0,0.0,663.0,23.09000015,0.0,0
2023-04-11 22:25:00,2.041433334,0.0,0.0,663.0,23.05999947,0.0,0
2023-04-11 22:30:00,1.945297957,0.0,0.0,663.0,23.13999939,0.0,0
2023-04-11 22:35:00,1.964734912,0.0,0.0,663.0,22.98999977,0.0,0
2023-04-11 22:40:00,2.014680386,0.0,0.0,663.0,23.02000046,0.0,0
2023-04-11 22:45:00,1.963275552,0.0,0.0,663.0,23.04000092,0.0,0
2023-04-11 22:50:00,1.974981189,0.0,0.0,663.0,23.02000046,0.0,0
2023-04-11 22:55:00,1.872310877,0.0,0.0,663.0,23.11000061,0.0,0
2023-04-11 23:00:00,1.988936544,0.0,0.0,663.0,23.13999939,0.0,0
2023-04-11 23:05:00,1.909924626,0.0,0.0,663.0,22.94000053,0.0,0
2023-04-11 23:10:00,1.90760386,0.0,0.0,663.0,22.98999977,0.0,0
2023-04-11 23:15:00,1.908062697,0.0,0.0,663.0,23.02000046,0.0,0
2023-04-11 23:20:00,1.933344722,0.0,0.0,663.0,22.94000053,0.0,0
2023-04-11 23:25:00,1.930063486,0.0,0.0,663.0,22.94000053,0.0,0
2023-04-11 23:30:00,1.935679793,0.0,0.0,663.0,22.87000084,0.0,0
2023-04-11 23:35:00,1.943377614,0.0,0.0,663.0,23.05999947,0.0,0
2023-04-11 23:40:00,1.921935558,0.0,0.0,663.0,22.79999924,0.0,0
2023-04-11 23:45:00,1.897489905,0.0,0.0,663.0,22.96999931,0.0,0
2023-04-11 23:50:00,1.912347555,0.0,0.0,663.0,22.98999977,0.0,0
2023-04-11 23:55:00,1.918483734,0.0,0.0,663.0,23.02000046,0.0,0
2023-04-12 00:00:00,1.903614402,0.0,0.0,663.0,22.87000084,0.0,0
2023-04-12 00:05:00,1.950576067,0.0,0.0,663.0,22.92000008,0.0,0
2023-04-12 00:10:00,1.94437182,0.0,0.0,663.0,22.94000053,0.0,0
2023-04-12 00:15:00,1.922398329,0.0,0.0,663.0,22.87000084,0.0,0
2023-04-12 00:20:00,1.925719738,0.0,0.0,663.0,22.94000053,0.0,0
2023-04-12 00:25:00,1.883027434,0.0,0.0,663.0,22.87000084,0.0,0
2023-04-12 00:30:00,2.005870819,0.0,0.0,663.0,22.89999962,0.0,0
2023-04-12 00:35:00,2.00301981,0.0,0.0,663.0,22.89999962,0.0,0
2023-04-12 00:40:00,1.962852478,0.0,0.0,663.0,22.92000008,0.0,0
2023-04-12 00:45:00,1.901367784,0.0,0.0,592.0,22.94000053,0.0,0
2023-04-12 00:50:00,1.943632841,0.0,0.0,592.0,22.79999924,0.0,0
2023-04-12 00:55:00,1.960287929,0.0,0.0,592.0,22.85000038,0.0,0
2023-04-12 01:00:00,1.986726046,0.0,0.0,622.0,22.79999924,0.0,0
2023-04-12 01:05:00,1.927279234,0.0,0.0,622.0,22.89999962,0.0,0
2023-04-12 01:10:00,1.933839202,0.0,0.0,622.0,22.79999924,0.0,0
2023-04-12 01:15:00,1.92721343,0.0,0.0,622.0,22.85000038,0.0,0
2023-04-12 01:20:00,1.910732389,0.0,0.0,622.0,22.85000038,0.0,0
2023-04-12 01:25:00,1.948905349,0.0,0.0,622.0,22.85000038,0.0,0
2023-04-12 01:30:00,1.925142169,0.0,0.0,622.0,22.87000084,0.0,0
2023-04-12 01:35:00,1.911204577,0.0,0.0,622.0,22.85000038,0.0,0
2023-04-12 01:40:00,1.975205898,0.0,0.0,622.0,22.70000076,0.0,0
2023-04-12 01:45:00,1.907714963,0.0,0.0,622.0,22.79999924,0.0,0
2023-04-12 01:50:00,1.904923677,0.0,0.0,622.0,22.75,0.0,0
2023-04-12 01:55:00,1.914784312,0.0,0.0,622.0,22.81999969,0.0,0
2023-04-12 02:00:00,1.934668541,0.0,0.0,622.0,22.81999969,0.0,0
2023-04-12 02:05:00,1.930061221,0.0,0.0,622.0,22.78000069,0.0,0
2023-04-12 02:10:00,1.955136299,0.0,0.0,622.0,22.79999924,0.0,0
2023-04-12 02:15:00,1.940962076,0.0,0.0,622.0,22.57999992,0.0,0
2023-04-12 02:20:00,1.954456329,0.0,0.0,622.0,22.79999924,0.0,0
2023-04-12 02:25:00,1.92462492,0.0,0.0,622.0,22.75,0.0,0
2023-04-12 02:30:00,1.949170947,0.0,0.0,622.0,22.75,0.0,0
2023-04-12 02:35:00,1.894237638,0.0,0.0,622.0,22.61000061,0.0,0
2023-04-12 02:40:00,1.905937433,0.0,0.0,622.0,22.68000031,0.0,0
2023-04-12 02:45:00,1.94987905,0.0,0.0,622.0,22.65999985,0.0,0
2023-04-12 02:50:00,1.947255373,0.0,0.0,622.0,22.70000076,0.0,0
2023-04-12 02:55:00,2.025693655,0.0,0.0,622.0,22.70000076,0.0,0
2023-04-12 03:00:00,1.98948741,0.0,0.0,622.0,22.68000031,0.0,0
2023-04-12 03:05:00,1.971315146,0.0,0.0,622.0,22.62999916,0.0,0
2023-04-12 03:10:00,1.963111877,0.0,0.0,622.0,22.75,0.0,0
2023-04-12 03:15:00,1.935852885,0.0,0.0,622.0,22.78000069,0.0,0
2023-04-12 03:20:00,1.94289577,0.0,0.0,622.0,22.78000069,0.0,0
2023-04-12 03:25:00,1.992064953,0.0,0.0,622.0,22.68000031,0.0,0
2023-04-12 03:30:00,1.952550054,0.0,0.0,622.0,22.78000069,0.0,0
2023-04-12 03:35:00,1.974587202,0.0,0.0,622.0,22.61000061,0.0,0
2023-04-12 03:40:00,1.904506803,0.0,0.0,622.0,22.62999916,0.0,0
2023-04-12 03:45:00,1.970071316,0.0,0.0,622.0,22.78000069,0.0,0
2023-04-12 03:50:00,1.92483902,0.0,0.0,622.0,22.72999954,0.0,0
2023-04-12 03:55:00,1.917981625,0.0,0.0,622.0,22.72999954,0.0,0
2023-04-12 04:00:00,1.894396067,0.0,0.0,622.0,22.61000061,0.0,0
2023-04-12 04:05:00,1.932581544,0.0,0.0,572.0,22.72999954,0.0,0
2023-04-12 04:10:00,1.95249331,0.0,0.0,572.0,22.61000061,0.0,0
2023-04-12 04:15:00,1.937515259,0.0,0.0,572.0,22.55999947,0.0,0
2023-04-12 04:20:00,1.904991031,0.0,0.0,576.0,22.72999954,0.0,0
2023-04-12 04:25:00,1.949823022,0.0,0.0,576.0,22.51000023,0.0,0
2023-04-12 04:30:00,1.889987469,0.0,0.0,576.0,22.61000061,0.0,0
2023-04-12 04:35:00,1.927766681,0.0,0.0,576.0,22.72999954,0.0,0
2023-04-12 04:40:00,1.906576634,0.0,0.0,576.0,22.61000061,0.0,0
2023-04-12 04:45:00,1.914997578,0.0,0.0,576.0,22.72999954,0.0,0
2023-04-12 04:50:00,1.922461629,0.0,0.0,576.0,22.54000092,0.0,0
2023-04-12 04:55:00,1.901767016,0.0,0.0,576.0,22.55999947,0.0,0
2023-04-12 05:00:00,1.963411927,0.0,0.0,576.0,22.57999992,0.0,0
2023-04-12 05:05:00,1.9429667,0.0,0.0,576.0,22.62999916,0.0,0
2023-04-12 05:10:00,1.974842668,0.0,0.0,576.0,22.61000061,0.0,0
2023-04-12 05:15:00,1.993774295,0.0,0.0,576.0,22.61000061,0.0,0
2023-04-12 05:20:00,1.954808712,0.0,0.0,576.0,22.57999992,0.0,0
2023-04-12 05:25:00,1.940432072,0.0,0.0,576.0,22.61000061,0.0,0
2023-04-12 05:30:00,1.971153379,0.0,0.0,576.0,22.61000061,0.0,0
2023-04-12 05:35:00,1.965634584,0.0,0.0,576.0,22.72999954,0.0,0
2023-04-12 05:40:00,1.933640242,0.0,0.0,576.0,22.61000061,0.0,0
2023-04-12 05:45:00,1.979394674,0.0,0.0,576.0,22.75,0.0,0
2023-04-12 05:50:00,2.013211012,0.0,0.0,576.0,22.57999992,0.0,0
2023-04-12 05:55:00,1.924926758,0.0,0.0,576.0,22.57999992,0.0,0
2023-04-12 06:00:00,1.98541832,0.0,0.0,576.0,22.48999977,0.0,0
2023-04-12 06:05:00,1.892621756,0.0,0.0,576.0,22.48999977,0.0,0
2023-04-12 06:10:00,1.978966355,0.0,0.0,576.0,22.54000092,0.0,0
2023-04-12 06:15:00,1.948531508,0.0,0.0,576.0,22.55999947,0.0,0
2023-04-12 06:20:00,1.995702267,0.0,0.0,576.0,22.54000092,0.0,0
2023-04-12 06:25:00,1.917174339,0.0,0.0,576.0,22.55999947,0.0,0
2023-04-12 06:30:00,1.99181962,0.0,0.0,576.0,22.55999947,0.0,0
2023-04-12 06:35:00,2.452032805,0.0,0.0,576.0,22.55999947,0.0,0
2023-04-12 06:40:00,2.773902416,0.0,0.0,576.0,22.54000092,0.0,0
2023-04-12 06:45:00,3.73501873,0.0,0.0,576.0,22.48999977,0.0,0
2023-04-12 06:50:00,4.644115925,0.0,0.0,576.0,22.57999992,0.0,0
2023-04-12 06:55:00,5.267550468,0.0,0.0,526.0,22.61000061,0.0,0
2023-04-12 07:00:00,5.434148789,0.0,0.0,526.0,22.51000023,0.0,1
2023-04-12 07:05:00,7.102370739,0.0,0.0,526.0,22.39999962,0.0,1
2023-04-12 07:10:00,8.94315815,0.0,0.0,526.0,22.65999985,0.0,1
2023-04-12 07:15:00,9.943314552,0.0,0.0,526.0,22.46999931,0.0,1
2023-04-12 07:20:00,10.96873093,0.0,0.0,526.0,22.46999931,0.0,1
2023-04-12 07:25:00,12.15287685,0.0,0.0,526.0,22.46999931,0.0,1
2023-04-12 07:30:00,12.63086796,0.0,0.0,526.0,22.51000023,0.0,1
2023-04-12 07:35:00,13.58976173,0.0,0.0,526.0,22.54000092,0.0,1
2023-04-12 07:40:00,13.93978977,0.0,0.0,526.0,22.51000023,0.0,1
2023-04-12 07:45:00,14.18061829,0.0,0.0,526.0,22.48999977,0.0,1
2023-04-12 07:50:00,14.26236725,0.0,0.0,526.0,22.61000061,0.0,1
2023-04-12 07:55:00,14.13501263,0.0,0.0,526.0,22.44000053,0.0,1
2023-04-12 08:00:00,13.99253464,0.0,0.0,526.0,22.72999954,0.0,1
2023-04-12 08:05:00,14.50058746,0.0,0.0,476.0,22.85000038,0.0,1
2023-04-12 08:10:00,14.64932156,0.0,0.0,476.0,22.78000069,0.0,1
2023-04-12 08:15:00,15.69354534,0.0,0.0,476.0,22.55999947,0.0,1
2023-04-12 08:20:00,16.73671532,0.0,0.0,476.0,22.65999985,0.0,1
2023-04-12 08:25:00,17.90315437,0.0,0.0,476.0,22.55999947,0.0,1
2023-04-12 08:30:00,16.93845749,0.0,2.0,476.0,22.55999947,0.0,1
2023-04-12 08:35:00,17.22945786,0.0,2.0,476.0,22.65999985,0.0,1
2023-04-12 08:40:00,17.90662384,0.0,3.0,576.0,22.78000069,0.0,1
2023-04-12 08:45:00,17.63689995,0.0,7.0,677.0,22.96999931,0.0,1
2023-04-12 08:50:00,17.10714531,0.0,0.0,727.0,22.70000076,0.0,1
2023-04-12 08:55:00,16.29188538,0.0,0.0,677.0,22.68000031,0.0,1
2023-04-12 09:00:00,16.0642128,0.0,0.0,627.0,22.78000069,0.0,1
2023-04-12 09:05:00,15.30263805,0.0,0.0,577.0,22.79999924,0.0,1
2023-04-12 09:10:00,15.16279793,0.0,0.0,577.0,22.79999924,0.0,1
2023-04-12 09:15:00,15.38545132,0.0,0.0,527.0,22.62999916,0.0,1
2023-04-12 09:20:00,16.19694328,0.0,0.0,527.0,22.79999924,0.0,1
2023-04-12 09:25:00,17.26368904,0.0,0.0,477.0,22.57999992,0.0,1
2023-04-12 09:30:00,18.84055901,0.0,0.0,477.0,22.78000069,0.0,1
2023-04-12 09:35:00,21.17059517,0.0,0.0,477.0,22.81999969,0.0,1
2023-04-12 09:40:00,20.92424583,0.0,0.0,477.0,22.79999924,0.0,1
2023-04-12 09:45:00,20.5100193,0.0,0.0,477.0,22.78000069,0.0,1
2023-04-12 09:50:00,20.38175583,0.0,0.0,477.0,22.75,0.0,1
2023-04-12 09:55:00,22.8898468,0.0,0.0,477.0,22.72999954,0.0,1
2023-04-12 10:00:00,22.11471176,0.0,0.0,477.0,22.70000076,0.0,1
2023-04-12 10:05:00,23.83283234,0.0,0.0,477.0,22.68000031,0.0,1
2023-04-12 10:10:00,24.29959679,0.0,0.0,477.0,22.75,0.0,1
2023-04-12 10:15:00,20.94204903,0.0,0.0,477.0,22.70000076,0.0,1
2023-04-12 10:20:00,21.27706909,0.0,0.0,477.0,22.78000069,0.0,1
2023-04-12 10:25:00,21.7724247,0.0,0.0,477.0,22.70000076,0.0,1
2023-04-12 10:30:00,23.94983673,0.0,0.0,477.0,22.96999931,0.0,1
2023-04-12 10:35:00,23.84100723,0.0,0.0,477.0,22.78000069,0.0,1
2023-04-12 10:40:00,22.92453194,0.0,0.0,477.0,22.81999969,0.0,1
2023-04-12 10:45:00,25.02978897,0.0,0.0,477.0,22.87000084,0.0,1
2023-04-12 10:50:00,24.09409142,0.0,0.0,477.0,22.89999962,0.0,1
2023-04-12 10:55:00,25.38139534,0.0,0.0,477.0,23.04000092,0.0,1
2023-04-12 11:00:00,27.68068695,0.0,0.0,477.0,22.85000038,0.0,1
2023-04-12 11:05:00,24.30487823,0.0,0.0,477.0,22.87000084,0.0,1
2023-04-12 11:10:00,21.04566193,0.0,0.0,477.0,22.92000008,0.0,1
2023-04-12 11:15:00,22.11034393,0.0,0.0,539.0,22.94000053,0.0,1
2023-04-12 11:20:00,25.86377144,0.0,5.0,639.0,23.09000015,0.0,1
2023-04-12 11:25:00,24.49331474,0.0,5.0,689.0,23.20000076,0.0,1
2023-04-12 11:30:00,22.42617798,0.0,0.0,739.0,23.34000015,0.0,1
2023-04-12 11:35:00,22.30439186,0.0,0.0,689.0,23.18000031,0.0,1
2023-04-12 11:40:00,23.80225945,0.0,0.0,589.0,23.18000031,0.0,1
2023-04-12 11:45:00,23.61417007,0.0,0.0,589.0,23.15999985,0.0,1
2023-04-12 11:50:00,22.85632706,0.0,0.0,589.0,23.04000092,0.0,1
2023-04-12 11:55:00,23.94768143,0.0,0.0,538.0,23.15999985,0.0,1
2023-04-12 12:00:00,24.92624283,0.0,0.0,538.0,23.05999947,0.0,1
2023-04-12 12:05:00,24.70246124,0.0,0.0,538.0,23.20000076,0.0,1
2023-04-12 12:10:00,25.33263969,0.0,0.0,538.0,23.25,0.0,1
2023-04-12 12:15:00,25.39610672,0.0,1.0,588.0,23.61000061,0.0,1
2023-04-12 12:20:00,29.68624878,0.0,4.0,636.0,24.05999947,0.0,1
2023-04-12 12:25:00,30.03931236,0.0,4.0,636.0,24.61000061,0.0,1
2023-04-12 12:30:00,34.19207001,0.0,8.0,636.0,24.21999931,0.0,1
2023-04-12 12:35:00,35.21422958,0.0,3.0,636.0,23.5,0.0,1
2023-04-12 12:40:00,36.3114624,0.0,3.0,636.0,24.95000076,0.0,1
2023-04-12 12:45:00,41.01364517,0.0,3.0,686.0,24.54000092,0.0,1
2023-04-12 12:50:00,43.72372055,0.0,3.0,686.0,25.18000031,0.0,1
2023-04-12 12:55:00,47.8587265,0.0,4.0,686.0,25.64999962,0.0,1
2023-04-12 13:00:00,48.58595657,0.0,4.0,686.0,25.60000038,0.0,1
2023-04-12 13:05:00,47.42938614,0.0,4.0,686.0,25.53000069,0.0,1
2023-04-12 13:10:00,45.8810997,0.0,2.0,686.0,25.0,0.0,1
2023-04-12 13:15:00,48.13831711,0.0,3.0,686.0,24.45000076,0.0,1
2023-04-12 13:20:00,45.47371674,0.0,2.0,636.0,24.54000092,0.0,1
2023-04-12 13:25:00,45.95341873,0.0,3.0,636.0,25.13999939,0.0,1
2023-04-12 13:30:00,45.60241699,0.0,3.0,636.0,25.60000038,0.0,1
2023-04-12 13:35:00,44.64811325,0.0,3.0,636.0,25.60000038,0.0,1
2023-04-12 13:40:00,46.35175323,0.0,3.0,636.0,25.62999916,0.0,1
2023-04-12 13:45:00,49.6754303,0.0,3.0,636.0,25.18000031,0.0,1
2023-04-12 13:50:00,50.63135147,0.0,3.0,636.0,24.43000031,0.0,1
2023-04-12 13:55:00,42.41867065,0.0,5.0,636.0,24.95000076,0.0,1
2023-04-12 14:00:00,39.37928009,0.0,3.0,636.0,24.34000015,0.0,1
2023-04-12 14:05:00,38.48955536,0.0,4.0,636.0,23.84000015,0.0,1
2023-04-12 14:10:00,37.77862549,0.0,3.0,636.0,24.21999931,0.0,1
2023-04-12 14:15:00,35.3429451,0.0,3.0,636.0,24.87999916,0.0,1
2023-04-12 14:20:00,29.79859543,0.0,3.0,636.0,24.95000076,0.0,1
2023-04-12 14:25:00,27.99927139,0.0,3.0,636.0,24.80999947,0.0,1
2023-04-12 14:30:00,25.75512314,0.0,3.0,662.0,24.17000008,0.0,1
2023-04-12 14:35:00,21.72442818,0.0,4.0,662.0,23.90999985,0.0,1
2023-04-12 14:40:00,19.26779175,0.0,5.0,662.0,23.79999924,0.0,1
2023-04-12 14:45:00,18.70887756,0.0,3.0,662.0,23.70000076,0.0,1
2023-04-12 14:50:00,22.99290276,0.0,3.0,662.0,23.62999916,0.0,1
2023-04-12 14:55:00,27.19052505,0.0,3.0,662.0,23.79999924,0.0,1
2023-04-12 15:00:00,28.47477531,0.0,3.0,662.0,23.77000046,0.0,1
2023-04-12 15:05:00,29.44445038,0.0,3.0,662.0,23.84000015,0.0,1
2023-04-12 15:10:00,31.99090195,0.0,3.0,601.0,23.87000084,0.0,1
2023-04-12 15:15:00,26.30192566,0.0,3.0,638.0,23.88999939,0.0,1
2023-04-12 15:20:00,23.65762138,0.0,3.0,638.0,24.07999992,0.0,1
2023-04-12 15:25:00,24.39698792,0.0,3.0,638.0,23.81999969,0.0,1
2023-04-12 15:30:00,21.17858505,0.0,0.0,638.0,23.62999916,0.0,1
2023-04-12 15:35:00,19.06448746,0.0,0.0,588.0,23.62999916,0.0,1
2023-04-12 15:40:00,17.15884781,0.0,0.0,538.0,23.47999954,0.0,1
2023-04-12 15:45:00,15.59822655,0.0,0.0,538.0,23.52000046,0.0,1
2023-04-12 15:50:00,15.28394127,0.0,0.0,538.0,23.52000046,0.0,1
2023-04-12 15:55:00,13.99193954,0.0,0.0,538.0,23.40999985,0.0,1
2023-04-12 16:00:00,12.77407646,0.0,0.0,541.0,23.70000076,0.0,1
2023-04-12 16:05:00,12.62959576,0.0,0.0,541.0,23.37999916,0.0,1
2023-04-12 16:10:00,12.50548458,0.0,0.0,541.0,23.37999916,0.0,1
2023-04-12 16:15:00,11.76948929,0.0,0.0,541.0,23.47999954,0.0,1
2023-04-12 16:20:00,16.13072586,1.0,0.0,541.0,23.47999954,0.0,1
2023-04-12 16:25:00,65.0839386,0.0,2.0,641.0,23.52000046,0.0,1
2023-04-12 16:30:00,17.28893089,0.0,0.0,641.0,23.56999969,0.0,1
2023-04-12 16:35:00,15.031003,0.0,0.0,641.0,23.54000092,0.0,1
2023-04-12 16:40:00,15.37123203,0.0,0.0,641.0,23.43000031,0.0,1
2023-04-12 16:45:00,15.63662815,0.0,0.0,641.0,23.37999916,0.0,1
2023-04-12 16:50:00,14.77599716,0.0,0.0,641.0,23.43000031,0.0,1
2023-04-12 16:55:00,13.88957691,0.0,0.0,641.0,23.29000092,0.0,1
2023-04-12 17:00:00,13.48808575,0.0,0.0,641.0,23.37999916,0.0,1
2023-04-12 17:05:00,12.67185688,0.0,0.0,641.0,23.36000061,0.0,1
2023-04-12 17:10:00,12.36252117,0.0,0.0,641.0,23.29000092,0.0,1
2023-04-12 17:15:00,11.53896427,0.0,0.0,641.0,23.31999969,0.0,1
2023-04-12 17:20:00,10.96024513,0.0,0.0,641.0,23.40999985,0.0,1
2023-04-12 17:25:00,9.77068615,0.0,0.0,641.0,23.29000092,0.0,1
2023-04-12 17:30:00,9.279258728,0.0,0.0,641.0,23.27000046,0.0,1
2023-04-12 17:35:00,9.79287529,0.0,0.0,641.0,23.29000092,0.0,1
2023-04-12 17:40:00,9.624836922,0.0,0.0,641.0,23.22999954,0.0,1
2023-04-12 17:45:00,8.475079536,0.0,0.0,641.0,23.11000061,0.0,1
2023-04-12 17:50:00,8.82054615,0.0,0.0,641.0,23.25,0.0,1
2023-04-12 17:55:00,9.021632195,0.0,0.0,641.0,23.15999985,0.0,1
2023-04-12 18:00:00,8.339030266,0.0,0.0,641.0,23.25,0.0,1
2023-04-12 18:05:00,7.15023613,0.0,0.0,641.0,23.13999939,0.0,1
2023-04-12 18:10:00,6.56534338,0.0,0.0,641.0,23.15999985,0.0,1
2023-04-12 18:15:00,5.764860153,0.0,0.0,641.0,23.15999985,0.0,1
2023-04-12 18:20:00,5.330211163,0.0,0.0,641.0,23.13999939,0.0,1
2023-04-12 18:25:00,4.660066605,0.0,0.0,641.0,23.05999947,0.0,1
2023-04-12 18:30:00,4.139606476,0.0,0.0,641.0,23.13999939,0.0,1
2023-04-12 18:35:00,3.976159811,0.0,0.0,641.0,23.18000031,0.0,1
2023-04-12 18:40:00,3.952449322,0.0,0.0,641.0,23.05999947,0.0,1
2023-04-12 18:45:00,3.967141151,0.0,0.0,641.0,22.92000008,0.0,1
2023-04-12 18:50:00,3.997447014,0.0,0.0,641.0,23.20000076,0.0,1
2023-04-12 18:55:00,3.837446213,0.0,0.0,641.0,23.13999939,0.0,1
2023-04-12 19:00:00,3.727505207,0.0,0.0,641.0,23.05999947,0.0,1
2023-04-12 19:05:00,3.794414282,0.0,0.0,641.0,23.05999947,0.0,1
2023-04-12 19:10:00,3.456637383,0.0,0.0,641.0,22.98999977,0.0,1
2023-04-12 19:15:00,3.984261274,0.0,0.0,641.0,23.05999947,0.0,1
2023-04-12 19:20:00,4.269670487,0.0,0.0,641.0,23.15999985,0.0,1
2023-04-12 19:25:00,4.439110756,0.0,0.0,641.0,22.96999931,0.0,1
2023-04-12 19:30:00,3.385961533,0.0,0.0,641.0,23.02000046,0.0,1
2023-04-12 19:35:00,2.794166088,0.0,0.0,641.0,23.05999947,0.0,1
2023-04-12 19:40:00,2.488870382,0.0,0.0,641.0,23.02000046,0.0,1
2023-04-12 19:45:00,2.166627169,0.0,0.0,641.0,22.94000053,0.0,1
2023-04-12 19:50:00,1.997228503,0.0,0.0,641.0,22.92000008,0.0,1
2023-04-12 19:55:00,1.947601318,0.0,0.0,641.0,22.92000008,0.0,1
2023-04-12 20:00:00,1.911024451,0.0,0.0,641.0,22.92000008,0.0,1
2023-04-12 20:05:00,1.898133755,0.0,0.0,641.0,23.09000015,0.0,1
2023-04-12 20:10:00,1.911307335,0.0,0.0,641.0,22.96999931,0.0,1
2023-04-12 20:15:00,1.912165165,0.0,0.0,641.0,23.05999947,0.0,1
2023-04-12 20:20:00,1.971127033,0.0,0.0,641.0,22.92000008,0.0,1
2023-04-12 20:25:00,1.884997487,0.0,0.0,641.0,22.79999924,0.0,1
2023-04-12 20:30:00,1.945788384,0.0,0.0,641.0,22.87000084,0.0,1
2023-04-12 20:35:00,1.921480894,0.0,0.0,641.0,22.87000084,0.0,1
2023-04-12 20:40:00,1.929970384,0.0,0.0,641.0,22.81999969,0.0,1
2023-04-12 20:45:00,1.954975963,0.0,0.0,641.0,22.92000008,0.0,1
2023-04-12 20:50:00,1.913079023,0.0,0.0,641.0,22.79999924,0.0,1
2023-04-12 20:55:00,1.905121684,0.0,0.0,641.0,22.87000084,0.0,1
2023-04-12 21:00:00,1.907360315,0.0,0.0,641.0,22.89999962,0.0,1
2023-04-12 21:05:00,1.888179302,0.0,0.0,641.0,22.89999962,0.0,1
2023-04-12 21:10:00,1.948787093,0.0,0.0,641.0,22.79999924,0.0,1
2023-04-12 21:15:00,1.923181057,0.0,0.0,641.0,22.78000069,0.0,1
2023-04-12 21:20:00,1.920904875,0.0,0.0,641.0,22.68000031,0.0,1
2023-04-12 21:25:00,1.908182144,0.0,0.0,641.0,22.72999954,0.0,1
2023-04-12 21:30:00,1.945898652,0.0,0.0,641.0,22.81999969,0.0,1
2023-04-12 21:35:00,1.915727019,0.0,0.0,641.0,22.79999924,0.0,1
2023-04-12 21:40:00,1.998480201,0.0,0.0,641.0,22.81999969,0.0,1
2023-04-12 21:45:00,1.940095544,0.0,0.0,572.0,22.72999954,0.0,1
2023-04-12 21:50:00,1.95621562,0.0,0.0,572.0,22.81999969,0.0,1
2023-04-12 21:55:00,1.960881949,0.0,0.0,572.0,22.81999969,0.0,1
2023-04-12 22:00:00,1.916757226,0.0,0.0,572.0,22.78000069,0.0,0
2023-04-12 22:05:00,1.94416213,0.0,0.0,572.0,22.81999969,0.0,0
2023-04-12 22:10:00,1.935065985,0.0,0.0,572.0,22.78000069,0.0,0
2023-04-12 22:15:00,1.935401917,0.0,0.0,572.0,22.78000069,0.0,0
2023-04-12 22:20:00,1.891807199,0.0,0.0,572.0,22.70000076,0.0,0
2023-04-12 22:25:00,1.952366829,0.0,0.0,596.0,22.78000069,0.0,0
2023-04-12 22:30:00,1.919556022,0.0,0.0,596.0,22.79999924,0.0,0
2023-04-12 22:35:00,1.961152554,0.0,0.0,596.0,22.70000076,0.0,0
2023-04-12 22:40:00,1.920176148,0.0,0.0,596.0,22.70000076,0.0,0
2023-04-12 22:45:00,1.993506432,0.0,0.0,596.0,22.75,0.0,0
2023-04-12 22:50:00,1.949187517,0.0,0.0,596.0,22.65999985,0.0,0
2023-04-12 22:55:00,1.91616106,0.0,0.0,596.0,22.78000069,0.0,0
2023-04-12 23:00:00,1.915154576,0.0,0.0,596.0,22.68000031,0.0,0
2023-04-12 23:05:00,1.912489176,0.0,0.0,596.0,22.75,0.0,0
2023-04-12 23:10:00,1.905683398,0.0,0.0,596.0,22.62999916,0.0,0
2023-04-12 23:15:00,1.897111774,0.0,0.0,596.0,22.68000031,0.0,0
2023-04-12 23:20:00,1.894821882,0.0,0.0,596.0,22.62999916,0.0,0
2023-04-12 23:25:00,1.907471299,0.0,0.0,596.0,22.62999916,0.0,0
2023-04-12 23:30:00,1.918642521,0.0,0.0,596.0,22.79999924,0.0,0
2023-04-12 23:35:00,1.94795239,0.0,0.0,596.0,22.78000069,0.0,0
2023-04-12 23:40:00,1.910100699,0.0,0.0,596.0,22.72999954,0.0,0
2023-04-12 23:45:00,1.915607214,0.0,0.0,596.0,22.68000031,0.0,0
2023-04-12 23:50:00,1.947637439,0.0,0.0,596.0,22.68000031,0.0,0
2023-04-12 23:55:00,1.974325061,0.0,0.0,596.0,22.78000069,0.0,0
2023-04-13 00:00:00,1.94137907,0.0,0.0,596.0,22.62999916,0.0,0
2023-04-13 00:05:00,1.937656164,0.0,0.0,537.0,22.65999985,0.0,0
2023-04-13 00:10:00,1.968376637,0.0,0.0,537.0,22.65999985,0.0,0
2023-04-13 00:15:00,1.933672786,0.0,0.0,537.0,22.57999992,0.0,0
2023-04-13 00:20:00,1.942800641,0.0,0.0,537.0,22.68000031,0.0,0
2023-04-13 00:25:00,1.971127391,0.0,0.0,537.0,22.62999916,0.0,0
2023-04-13 00:30:00,1.908742309,0.0,0.0,560.0,22.55999947,0.0,0
2023-04-13 00:35:00,1.956587911,0.0,0.0,560.0,22.70000076,0.0,0
2023-04-13 00:40:00,1.945028544,0.0,0.0,560.0,22.65999985,0.0,0
2023-04-13 00:45:00,1.899572969,0.0,0.0,560.0,22.68000031,0.0,0
2023-04-13 00:50:00,1.957582116,0.0,0.0,560.0,22.65999985,0.0,0
2023-04-13 00:55:00,2.029127598,0.0,0.0,560.0,22.65999985,0.0,0
2023-04-13 01:00:00,1.953886747,0.0,0.0,560.0,22.61000061,0.0,0
2023-04-13 01:05:00,1.927060127,0.0,0.0,560.0,22.55999947,0.0,0
2023-04-13 01:10:00,1.928337336,0.0,0.0,560.0,22.68000031,0.0,0
2023-04-13 01:15:00,1.921789765,0.0,0.0,560.0,22.55999947,0.0,0
2023-04-13 01:20:00,1.895841956,0.0,0.0,560.0,22.54000092,0.0,0
2023-04-13 01:25:00,1.918929815,0.0,0.0,560.0,22.68000031,0.0,0
2023-04-13 01:30:00,1.915856481,0.0,0.0,560.0,22.57999992,0.0,0
2023-04-13 01:35:00,1.893599987,0.0,0.0,560.0,22.61000061,0.0,0
2023-04-13 01:40:00,1.89409101,0.0,0.0,560.0,22.57999992,0.0,0
2023-04-13 01:45:00,1.913838625,0.0,0.0,560.0,22.61000061,0.0,0
2023-04-13 01:50:00,1.918358445,0.0,0.0,560.0,22.62999916,0.0,0
2023-04-13 01:55:00,1.903473735,0.0,0.0,560.0,22.62999916,0.0,0
2023-04-13 02:00:00,1.920561314,0.0,0.0,560.0,22.61000061,0.0,0
2023-04-13 02:05:00,1.901252627,0.0,0.0,560.0,22.46999931,0.0,0
2023-04-13 02:10:00,1.937831879,0.0,0.0,560.0,22.65999985,0.0,0
2023-04-13 02:15:00,1.927845955,0.0,0.0,560.0,22.51000023,0.0,0
2023-04-13 02:20:00,1.909369707,0.0,0.0,560.0,22.51000023,0.0,0
2023-04-13 02:25:00,1.915280461,0.0,0.0,560.0,22.55999947,0.0,0
2023-04-13 02:30:00,1.908578277,0.0,0.0,560.0,22.55999947,0.0,0
2023-04-13 02:35:00,1.947782993,0.0,0.0,560.0,22.68000031,0.0,0
2023-04-13 02:40:00,1.912827134,0.0,0.0,560.0,22.55999947,0.0,0
2023-04-13 02:45:00,1.914069891,0.0,0.0,560.0,22.46999931,0.0,0
2023-04-13 02:50:00,2.003203154,0.0,0.0,560.0,22.61000061,0.0,0
2023-04-13 02:55:00,1.923058152,0.0,0.0,560.0,22.54000092,0.0,0
2023-04-13 03:00:00,2.010126114,0.0,0.0,560.0,22.57999992,0.0,0
2023-04-13 03:05:00,1.944552422,0.0,0.0,510.0,22.57999992,0.0,0
2023-04-13 03:10:00,1.911353827,0.0,0.0,510.0,22.46999931,0.0,0
2023-04-13 03:15:00,1.96946466,0.0,0.0,510.0,22.54000092,0.0,0
2023-04-13 03:20:00,1.994948864,0.0,0.0,510.0,22.62999916,0.0,0
2023-04-13 03:25:00,1.934039712,0.0,0.0,510.0,22.61000061,0.0,0
2023-04-13 03:30:00,1.94962287,0.0,0.0,510.0,22.51000023,0.0,0
2023-04-13 03:35:00,1.919694543,0.0,0.0,510.0,22.57999992,0.0,0
2023-04-13 03:40:00,1.957971931,0.0,0.0,510.0,22.51000023,0.0,0
2023-04-13 03:45:00,1.990007639,0.0,0.0,510.0,22.35000038,0.0,0
2023-04-13 03:50:00,1.980430126,0.0,0.0,510.0,22.57999992,0.0,0
2023-04-13 03:55:00,1.930938482,0.0,0.0,510.0,22.65999985,0.0,0
2023-04-13 04:00:00,1.92668736,0.0,0.0,510.0,22.44000053,0.0,0
2023-04-13 04:05:00,1.852847219,0.0,0.0,510.0,22.54000092,0.0,0
2023-04-13 04:10:00,1.881094456,0.0,0.0,510.0,22.62999916,0.0,0
2023-04-13 04:15:00,1.920360684,0.0,0.0,510.0,22.61000061,0.0,0
2023-04-13 04:20:00,1.91381824,0.0,0.0,510.0,22.55999947,0.0,0
2023-04-13 04:25:00,1.893375158,0.0,0.0,510.0,22.54000092,0.0,0
2023-04-13 04:30:00,1.887679815,0.0,0.0,510.0,22.57999992,0.0,0
2023-04-13 04:35:00,1.903574824,0.0,0.0,510.0,22.54000092,0.0,0
2023-04-13 04:40:00,1.923208594,0.0,0.0,510.0,22.55999947,0.0,0
2023-04-13 04:45:00,1.872628331,0.0,0.0,510.0,22.54000092,0.0,0
2023-04-13 04:50:00,1.917460084,0.0,0.0,510.0,22.57999992,0.0,0
2023-04-13 04:55:00,1.893023133,0.0,0.0,510.0,22.54000092,0.0,0
2023-04-13 05:00:00,1.893962503,0.0,0.0,510.0,22.54000092,0.0,0
2023-04-13 05:05:00,1.912112474,0.0,0.0,510.0,22.51000023,0.0,0
2023-04-13 05:10:00,1.885475755,0.0,0.0,510.0,22.46999931,0.0,0
2023-04-13 05:15:00,1.900189281,0.0,0.0,510.0,22.61000061,0.0,0
2023-04-13 05:20:00,1.969187379,0.0,0.0,510.0,22.51000023,0.0,0
2023-04-13 05:25:00,1.951698303,0.0,0.0,510.0,22.57999992,0.0,0
2023-04-13 05:30:00,1.95227325,0.0,0.0,510.0,22.55999947,0.0,0
2023-04-13 05:35:00,1.95032692,0.0,0.0,510.0,22.54000092,0.0,0
2023-04-13 05:40:00,1.995344162,0.0,0.0,510.0,22.44000053,0.0,0
2023-04-13 05:45:00,1.981188655,0.0,0.0,510.0,22.39999962,0.0,0
2023-04-13 05:50:00,1.940450549,0.0,0.0,510.0,22.48999977,0.0,0
2023-04-13 05:55:00,1.906036496,0.0,0.0,510.0,22.54000092,0.0,0
2023-04-13 06:00:00,1.912785649,0.0,0.0,510.0,22.42000008,0.0,0
2023-04-13 06:05:00,1.885311365,0.0,0.0,510.0,22.48999977,0.0,0
2023-04-13 06:10:00,1.950555325,0.0,0.0,510.0,22.44000053,0.0,0
2023-04-13 06:15:00,1.901474357,0.0,0.0,510.0,22.54000092,0.0,0
2023-04-13 06:20:00,1.964220762,0.0,0.0,510.0,22.42000008,0.0,0
2023-04-13 06:25:00,1.933594823,0.0,0.0,460.0,22.46999931,0.0,0
2023-04-13 06:30:00,1.926133394,0.0,0.0,460.0,22.48999977,0.0,0
2023-04-13 06:35:00,1.952582955,0.0,0.0,460.0,22.44000053,0.0,0
2023-04-13 06:40:00,1.967391968,0.0,0.0,460.0,22.42000008,0.0,0
2023-04-13 06:45:00,1.928545237,0.0,0.0,460.0,22.51000023,0.0,0
2023-04-13 06:50:00,1.918821573,0.0,0.0,460.0,22.48999977,0.0,0
2023-04-13 06:55:00,1.917049766,0.0,0.0,460.0,22.37999916,0.0,0
2023-04-13 07:00:00,1.895889759,0.0,0.0,460.0,22.48999977,0.0,0
2023-04-13 07:05:00,1.89943099,0.0,0.0,460.0,22.42000008,0.0,0
2023-04-13 07:10:00,1.892017841,0.0,0.0,460.0,22.44000053,0.0,0
2023-04-13 07:15:00,1.933033824,0.0,0.0,460.0,22.44000053,0.0,0
2023-04-13 07:20:00,1.887178779,0.0,0.0,460.0,22.42000008,0.0,0
2023-04-13 07:25:00,1.885848999,0.0,0.0,460.0,22.51000023,0.0,0
2023-04-13 07:30:00,1.94076407,0.0,0.0,460.0,22.23999977,0.0,0
2023-04-13 07:35:00,1.941443443,0.0,0.0,460.0,22.30999947,0.0,0
2023-04-13 07:40:00,1.973264098,0.0,0.0,460.0,22.51000023,0.0,0
2023-04-13 07:45:00,1.950016141,0.0,0.0,460.0,22.37999916,0.0,0
2023-04-13 07:50:00,1.950283527,0.0,0.0,460.0,22.39999962,0.0,0
2023-04-13 07:55:00,1.967365384,0.0,0.0,460.0,22.44000053,0.0,0
2023-04-13 08:00:00,2.0855124,0.0,0.0,460.0,22.85000038,0.0,0
2023-04-13 08:05:00,2.512468576,0.0,0.0,460.0,22.89999962,0.0,0
2023-04-13 08:10:00,3.756451607,0.0,0.0,460.0,23.04000092,0.0,0
2023-04-13 08:15:00,5.652182579,0.0,0.0,460.0,23.02000046,0.0,0
2023-04-13 08:20:00,6.706438541,0.0,0.0,460.0,22.96999931,0.0,0
2023-04-13 08:25:00,6.960139751,0.0,0.0,460.0,23.11000061,0.0,0
2023-04-13 08:30:00,8.047760963,0.0,0.0,460.0,22.57999992,0.0,0
2023-04-13 08:35:00,9.58199501,0.0,1.0,460.0,22.51000023,0.0,0
2023-04-13 08:40:00,11.84043407,0.0,2.0,460.0,22.57999992,0.0,0
2023-04-13 08:45:00,15.3770628,0.0,3.0,460.0,22.72999954,0.0,0
2023-04-13 08:50:00,22.81097221,0.0,3.0,510.0,22.78000069,0.0,1
2023-04-13 08:55:00,26.71928215,0.0,4.0,560.0,22.75,0.0,1
2023-04-13 09:00:00,24.09176254,0.0,6.0,610.0,22.96999931,0.0,1
2023-04-13 09:05:00,24.80496597,0.0,6.0,710.0,22.98999977,0.0,1
2023-04-13 09:10:00,23.56069946,0.0,8.0,810.0,23.05999947,0.0,1
2023-04-13 09:15:00,21.6053524,0.0,3.0,810.0,23.13999939,0.0,1
2023-04-13 09:20:00,22.56509399,0.0,4.0,759.0,23.22999954,0.0,1
2023-04-13 09:25:00,23.22415352,0.0,4.0,709.0,23.22999954,0.0,1
2023-04-13 09:30:00,24.11904907,0.0,4.0,709.0,23.40999985,0.0,1
2023-04-13 09:35:00,23.71823311,0.0,3.0,709.0,23.29000092,0.0,1
2023-04-13 09:40:00,25.53305435,0.0,3.0,659.0,23.29000092,0.0,1
2023-04-13 09:45:00,26.27895164,0.0,4.0,659.0,23.27000046,0.0,1
2023-04-13 09:50:00,26.1107502,0.0,3.0,659.0,23.29000092,0.0,1
2023-04-13 09:55:00,26.32936287,0.0,3.0,659.0,23.34000015,0.0,1
2023-04-13 10:00:00,25.95224762,0.0,2.0,659.0,23.47999954,0.0,1
2023-04-13 10:05:00,26.32492065,0.0,2.0,659.0,23.34000015,0.0,1
2023-04-13 10:10:00,25.866745,0.0,3.0,659.0,23.34000015,0.0,1
2023-04-13 10:15:00,26.42464066,0.0,3.0,659.0,23.40999985,0.0,1
2023-04-13 10:20:00,25.83048439,0.0,3.0,659.0,23.54000092,0.0,1
2023-04-13 10:25:00,25.02531052,0.0,3.0,659.0,23.5,0.0,1
2023-04-13 10:30:00,24.89540291,0.0,3.0,659.0,23.54000092,0.0,1
2023-04-13 10:35:00,24.70030022,0.0,3.0,659.0,23.56999969,0.0,1
2023-04-13 10:40:00,25.22652054,0.0,2.0,687.0,23.43000031,0.0,1
2023-04-13 10:45:00,25.31365776,0.0,3.0,687.0,23.54000092,0.0,1
2023-04-13 10:50:00,24.77559662,0.0,3.0,687.0,23.54000092,0.0,1
2023-04-13 10:55:00,25.02767563,0.0,3.0,687.0,23.45000076,0.0,1
2023-04-13 11:00:00,25.31882668,0.0,3.0,687.0,23.5,0.0,1
2023-04-13 11:05:00,24.64745522,0.0,3.0,687.0,23.52000046,0.0,1
2023-04-13 11:10:00,26.73226929,0.0,3.0,687.0,23.40999985,0.0,1
2023-04-13 11:15:00,29.32620239,0.0,3.0,687.0,23.43000031,0.0,1
2023-04-13 11:20:00,31.16631126,0.0,3.0,687.0,23.45000076,0.0,1
2023-04-13 11:25:00,27.52423096,0.0,3.0,687.0,23.5,0.0,1
2023-04-13 11:30:00,26.73340034,0.0,0.0,687.0,23.47999954,0.0,1
2023-04-13 11:35:00,29.70730782,0.0,0.0,687.0,23.47999954,0.0,1
2023-04-13 11:40:00,30.05940819,0.0,0.0,687.0,23.25,0.0,1
2023-04-13 11:45:00,24.69158745,0.0,0.0,637.0,23.11000061,0.0,1
2023-04-13 11:50:00,25.79677773,0.0,0.0,637.0,23.18000031,0.0,1
2023-04-13 11:55:00,25.6023922,0.0,0.0,587.0,23.37999916,0.0,1
2023-04-13 12:00:00,25.12599754,0.0,0.0,587.0,23.40999985,0.0,1
2023-04-13 12:05:00,30.53530121,0.0,0.0,587.0,23.5,0.0,1
2023-04-13 12:10:00,30.11790085,0.0,0.0,587.0,23.47999954,0.0,1
2023-04-13 12:15:00,36.61167908,0.0,0.0,587.0,23.65999985,0.0,1
2023-04-13 12:20:00,36.99399567,0.0,0.0,587.0,23.11000061,0.0,1
2023-04-13 12:25:00,32.70181274,0.0,0.0,587.0,23.47999954,0.0,1
2023-04-13 12:30:00,38.08181763,0.0,0.0,587.0,23.45000076,0.0,1
2023-04-13 12:35:00,36.37506104,0.0,0.0,587.0,23.37999916,0.0,1
2023-04-13 12:40:00,34.31557083,0.0,0.0,587.0,23.47999954,0.0,1
2023-04-13 12:45:00,34.6787796,0.0,3.0,637.0,23.77000046,0.0,1
2023-04-13 12:50:00,33.78528214,0.0,3.0,637.0,24.14999962,0.0,1
2023-04-13 12:55:00,34.90419006,0.0,3.0,687.0,24.62999916,0.0,1
2023-04-13 13:00:00,36.29401779,0.0,2.0,687.0,24.55999947,0.0,1
2023-04-13 13:05:00,37.64430618,0.0,3.0,687.0,25.38999939,0.0,1
2023-04-13 13:10:00,41.94234085,0.0,3.0,737.0,25.53000069,0.0,1
2023-04-13 13:15:00,31.74647713,0.0,3.0,737.0,25.53000069,0.0,1
2023-04-13 13:20:00,28.76457596,0.0,3.0,737.0,25.60000038,0.0,1
2023-04-13 13:25:00,45.29951096,0.0,3.0,737.0,25.31999969,0.0,1
2023-04-13 13:30:00,136.4920197,0.0,3.0,635.0,25.25,0.0,1
2023-04-13 13:35:00,152.6906433,0.0,3.0,685.0,25.38999939,0.0,1
2023-04-13 13:40:00,165.4773102,0.0,3.0,685.0,25.81999969,0.0,1
2023-04-13 13:45:00,164.8816681,0.0,3.0,685.0,25.67000008,0.0,1
2023-04-13 13:50:00,156.4398346,0.0,3.0,685.0,25.71999931,0.0,1
2023-04-13 13:55:00,160.9085846,0.0,3.0,585.0,25.95999908,0.0,1
2023-04-13 14:00:00,160.1967316,0.0,3.0,635.0,25.88999939,0.0,1
2023-04-13 14:05:00,163.3310242,0.0,3.0,635.0,25.06999969,0.0,1
2023-04-13 14:10:00,163.6462402,0.0,2.0,635.0,25.67000008,0.0,1
2023-04-13 14:15:00,148.0988464,0.0,3.0,635.0,26.26000023,0.0,1
2023-04-13 14:20:00,145.621048,0.0,3.0,635.0,26.07999992,0.0,1
2023-04-13 14:25:00,145.3074646,0.0,3.0,635.0,26.07999992,0.0,1
2023-04-13 14:30:00,147.6712494,0.0,3.0,635.0,26.0,0.0,1
2023-04-13 14:35:00,141.6934509,0.0,3.0,635.0,25.97999954,0.0,1
2023-04-13 14:40:00,141.028717,0.0,2.0,635.0,25.70000076,0.0,1
2023-04-13 14:45:00,137.6278076,0.0,3.0,635.0,26.10000038,0.0,1
2023-04-13 14:50:00,139.7326813,0.0,3.0,635.0,26.0,0.0,1
2023-04-13 14:55:00,119.7235031,0.0,3.0,635.0,25.86000061,0.0,1
2023-04-13 15:00:00,129.434021,0.0,3.0,635.0,26.07999992,0.0,1
2023-04-13 15:05:00,124.2203979,0.0,3.0,635.0,25.18000031,0.0,1
2023-04-13 15:10:00,118.4192429,0.0,0.0,584.0,24.62999916,0.0,1
2023-04-13 15:15:00,116.4588013,0.0,1.0,584.0,25.97999954,0.0,1
2023-04-13 15:20:00,118.579834,0.0,1.0,634.0,25.84000015,0.0,1
2023-04-13 15:25:00,132.9313507,0.0,1.0,634.0,25.97999954,0.0,1
2023-04-13 15:30:00,136.0528564,0.0,1.0,634.0,26.13999939,0.0,1
2023-04-13 15:35:00,50.45261765,0.0,0.0,634.0,26.20999908,0.0,1
2023-04-13 15:40:00,19.50424767,0.0,0.0,634.0,25.95999908,0.0,1
2023-04-13 15:45:00,13.56518364,0.0,0.0,634.0,26.0,0.0,1
2023-04-13 15:50:00,12.36959553,0.0,0.0,634.0,26.13999939,0.0,1
2023-04-13 15:55:00,12.89795876,0.0,0.0,584.0,25.35000038,0.0,1
2023-04-13 16:00:00,16.74863434,0.0,0.0,584.0,25.22999954,0.0,1
2023-04-13 16:05:00,28.15964127,0.0,0.0,584.0,25.20999908,0.0,1
2023-04-13 16:10:00,38.92372131,0.0,0.0,584.0,24.34000015,0.0,1
2023-04-13 16:15:00,16.05515671,0.0,2.0,584.0,23.75,0.0,1
2023-04-13 16:20:00,11.10436058,0.0,3.0,604.0,23.72999954,0.0,1
2023-04-13 16:25:00,23.1741066,0.0,3.0,604.0,23.94000053,0.0,1
2023-04-13 16:30:00,50.96447372,0.0,3.0,654.0,23.81999969,0.0,1
2023-04-13 16:35:00,42.11008453,0.0,3.0,654.0,24.01000023,0.0,1
2023-04-13 16:40:00,30.66303635,0.0,3.0,654.0,24.05999947,0.0,1
2023-04-13 16:45:00,35.41046143,0.0,2.0,704.0,23.95999908,0.0,1
2023-04-13 16:50:00,72.75318146,0.0,2.0,704.0,24.07999992,0.0,1
2023-04-13 16:55:00,119.4491119,0.0,2.0,704.0,23.97999954,0.0,1
2023-04-13 17:00:00,91.69007874,0.0,2.0,704.0,24.03000069,0.0,1
2023-04-13 17:05:00,82.6132431,0.0,2.0,704.0,24.10000038,0.0,1
2023-04-13 17:10:00,77.25527191,0.0,2.0,754.0,24.12999916,0.0,1
2023-04-13 17:15:00,86.39076996,0.0,2.0,754.0,24.29000092,0.0,1
2023-04-13 17:20:00,28.24180031,0.0,2.0,754.0,24.21999931,0.0,1
2023-04-13 17:25:00,45.90816116,0.0,2.0,804.0,24.31999969,0.0,1
2023-04-13 17:30:00,64.43992615,0.0,2.0,804.0,24.27000046,0.0,1
2023-04-13 17:35:00,42.48028183,0.0,2.0,804.0,24.31999969,0.0,1
2023-04-13 17:40:00,88.17556,0.0,1.0,854.0,24.43000031,0.0,1
2023-04-13 17:45:00,93.39768219,0.0,0.0,854.0,24.37999916,0.0,1
2023-04-13 17:50:00,78.17746735,0.0,0.0,854.0,24.43000031,0.0,1
2023-04-13 17:55:00,70.04895782,0.0,0.0,854.0,24.45000076,0.0,1
2023-04-13 18:00:00,85.71334839,0.0,0.0,854.0,24.43000031,0.0,1
2023-04-13 18:05:00,88.25678253,0.0,0.0,854.0,24.40999985,0.0,1
2023-04-13 18:10:00,83.25450134,0.0,0.0,854.0,24.52000046,0.0,1
2023-04-13 18:15:00,63.97585297,0.0,0.0,854.0,24.40999985,0.0,1
2023-04-13 18:20:00,64.02619171,0.0,0.0,854.0,24.52000046,0.0,1
2023-04-13 18:25:00,75.93100739,0.0,0.0,854.0,24.43000031,0.0,1
2023-04-13 18:30:00,32.46686172,0.0,0.0,854.0,24.45000076,0.0,1
2023-04-13 18:35:00,12.31263828,0.0,0.0,854.0,24.46999931,0.0,1
2023-04-13 18:40:00,8.732031822,0.0,0.0,804.0,24.45000076,0.0,1
2023-04-13 18:45:00,6.220605373,0.0,0.0,804.0,24.31999969,0.0,1
2023-04-13 18:50:00,3.874106169,0.0,0.0,804.0,24.34000015,0.0,1
2023-04-13 18:55:00,3.192484856,0.0,0.0,804.0,24.34000015,0.0,1
2023-04-13 19:00:00,2.756084204,0.0,0.0,804.0,24.23999977,0.0,1
2023-04-13 19:05:00,2.6819067,0.0,0.0,804.0,24.36000061,0.0,1
2023-04-13 19:10:00,2.749278069,0.0,0.0,804.0,24.21999931,0.0,1
2023-04-13 19:15:00,4.791687489,0.0,0.0,804.0,24.31999969,0.0,1
2023-04-13 19:20:00,11.74184036,0.0,0.0,804.0,24.34000015,0.0,1
2023-04-13 19:25:00,13.95531368,0.0,0.0,804.0,24.43000031,0.0,1
2023-04-13 19:30:00,8.692714691,0.0,0.0,804.0,24.34000015,0.0,1
2023-04-13 19:35:00,4.562449932,0.0,0.0,804.0,24.10000038,0.0,1
2023-04-13 19:40:00,2.761976004,0.0,0.0,804.0,24.10000038,0.0,1
2023-04-13 19:45:00,2.62817502,0.0,0.0,754.0,24.20000076,0.0,1
2023-04-13 19:50:00,2.060267448,0.0,0.0,754.0,24.07999992,0.0,1
2023-04-13 19:55:00,1.911793232,0.0,0.0,754.0,23.97999954,0.0,1
2023-04-13 20:00:00,1.920986056,0.0,0.0,754.0,23.97999954,0.0,1
2023-04-13 20:05:00,1.986795902,0.0,0.0,754.0,23.95999908,0.0,1
2023-04-13 20:10:00,2.507910967,0.0,0.0,754.0,23.95999908,0.0,1
2023-04-13 20:15:00,2.153177738,0.0,0.0,754.0,23.95999908,0.0,1
2023-04-13 20:20:00,1.864815474,0.0,0.0,754.0,23.95999908,0.0,1
2023-04-13 20:25:00,1.860653997,0.0,0.0,754.0,23.84000015,0.0,1
2023-04-13 20:30:00,1.880582809,0.0,0.0,754.0,23.79999924,0.0,1
2023-04-13 20:35:00,1.882273674,0.0,0.0,754.0,23.77000046,0.0,1
2023-04-13 20:40:00,1.944069266,0.0,0.0,754.0,23.70000076,0.0,1
2023-04-13 20:45:00,1.907743573,0.0,0.0,754.0,23.72999954,0.0,1
2023-04-13 20:50:00,1.903103828,0.0,0.0,754.0,23.77000046,0.0,1
2023-04-13 20:55:00,1.866132617,0.0,0.0,754.0,23.79999924,0.0,1
2023-04-13 21:00:00,1.879909515,0.0,0.0,754.0,23.70000076,0.0,1
2023-04-13 21:05:00,1.898301244,0.0,0.0,754.0,23.65999985,0.0,1
2023-04-13 21:10:00,1.886634946,0.0,0.0,754.0,23.75,0.0,1
2023-04-13 21:15:00,1.885112524,0.0,0.0,754.0,23.75,0.0,1
2023-04-13 21:20:00,1.92378974,0.0,0.0,754.0,23.65999985,0.0,1
2023-04-13 21:25:00,1.844303966,0.0,0.0,754.0,23.59000015,0.0,1
2023-04-13 21:30:00,1.942177892,0.0,0.0,754.0,23.62999916,0.0,1
2023-04-13 21:35:00,1.879284978,0.0,0.0,754.0,23.62999916,0.0,1
2023-04-13 21:40:00,1.867631197,0.0,0.0,754.0,23.72999954,0.0,1
2023-04-13 21:45:00,2.023072004,0.0,0.0,754.0,23.65999985,0.0,1
2023-04-13 21:50:00,2.00731945,0.0,0.0,754.0,23.47999954,0.0,1
2023-04-13 21:55:00,1.92626214,0.0,0.0,754.0,23.54000092,0.0,1
2023-04-13 22:00:00,1.889772058,0.0,0.0,754.0,23.5,0.0,0
2023-04-13 22:05:00,1.906168103,0.0,0.0,754.0,23.56999969,0.0,0
2023-04-13 22:10:00,1.926869273,0.0,0.0,754.0,23.40999985,0.0,0
2023-04-13 22:15:00,1.934005022,0.0,0.0,754.0,23.5,0.0,0
2023-04-13 22:20:00,1.945452809,0.0,0.0,754.0,23.54000092,0.0,0
2023-04-13 22:25:00,1.894524694,0.0,0.0,704.0,23.40999985,0.0,0
2023-04-13 22:30:00,1.946319342,0.0,0.0,704.0,23.45000076,0.0,0
2023-04-13 22:35:00,1.94328773,0.0,0.0,704.0,23.45000076,0.0,0
2023-04-13 22:40:00,1.942082524,0.0,0.0,704.0,23.5,0.0,0
2023-04-13 22:45:00,1.939955473,0.0,0.0,704.0,23.37999916,0.0,0
2023-04-13 22:50:00,1.871304631,0.0,0.0,704.0,23.40999985,0.0,0
2023-04-13 22:55:00,1.871558547,0.0,0.0,704.0,23.25,0.0,0
2023-04-13 23:00:00,1.895855665,0.0,0.0,704.0,23.43000031,0.0,0
2023-04-13 23:05:00,1.912941694,0.0,0.0,704.0,23.31999969,0.0,0
2023-04-13 23:10:00,1.867051125,0.0,0.0,704.0,23.29000092,0.0,0
2023-04-13 23:15:00,1.914492726,0.0,0.0,704.0,23.40999985,0.0,0
2023-04-13 23:20:00,1.889710307,0.0,0.0,704.0,23.40999985,0.0,0
2023-04-13 23:25:00,1.876289606,0.0,0.0,704.0,23.36000061,0.0,0
2023-04-13 23:30:00,1.977168322,0.0,0.0,704.0,23.29000092,0.0,0
2023-04-13 23:35:00,1.908983469,0.0,0.0,704.0,23.29000092,0.0,0
2023-04-13 23:40:00,1.907794714,0.0,0.0,704.0,23.29000092,0.0,0
2023-04-13 23:45:00,1.920303345,0.0,0.0,704.0,23.36000061,0.0,0
2023-04-13 23:50:00,1.847334147,0.0,0.0,637.0,23.36000061,0.0,0
2023-04-13 23:55:00,1.961449266,0.0,0.0,637.0,23.25,0.0,0
2023-04-14 00:00:00,1.956729651,0.0,0.0,637.0,23.22999954,0.0,0
2023-04-14 00:05:00,1.971008301,0.0,0.0,637.0,23.31999969,0.0,0
2023-04-14 00:10:00,1.933279753,0.0,0.0,637.0,23.27000046,0.0,0
2023-04-14 00:15:00,1.952741623,0.0,0.0,637.0,23.31999969,0.0,0
2023-04-14 00:20:00,1.952700734,0.0,0.0,637.0,23.20000076,0.0,0
2023-04-14 00:25:00,1.947458863,0.0,0.0,658.0,23.31999969,0.0,0
2023-04-14 00:30:00,1.94461751,0.0,0.0,658.0,23.20000076,0.0,0
2023-04-14 00:35:00,1.943653822,0.0,0.0,658.0,23.25,0.0,0
2023-04-14 00:40:00,2.005573511,0.0,0.0,658.0,23.27000046,0.0,0
2023-04-14 00:45:00,1.912418366,0.0,0.0,658.0,23.13999939,0.0,0
2023-04-14 00:50:00,1.891441703,0.0,0.0,658.0,23.13999939,0.0,0
2023-04-14 00:55:00,1.90857935,0.0,0.0,658.0,23.13999939,0.0,0
2023-04-14 01:00:00,1.875560045,0.0,,658.0,23.15999985,0.0,0
2023-04-14 01:05:00,1.907679439,0.0,,658.0,23.13999939,0.0,0
2023-04-14 01:10:00,1.945595622,0.0,,658.0,23.22999954,0.0,0
2023-04-14 01:15:00,1.960187793,0.0,,658.0,23.15999985,0.0,0
2023-04-14 01:20:00,1.939728022,0.0,,658.0,23.18000031,0.0,0
2023-04-14 01:25:00,1.945984125,0.0,,658.0,23.13999939,0.0,0
2023-04-14 01:30:00,1.934753537,0.0,,658.0,23.13999939,0.0,0
2023-04-14 01:35:00,1.916655779,0.0,,658.0,22.81999969,0.0,0
2023-04-14 01:40:00,1.909386039,0.0,,658.0,23.05999947,0.0,0
2023-04-14 01:45:00,1.88905406,0.0,,658.0,23.02000046,0.0,0
2023-04-14 01:50:00,1.889951229,0.0,,658.0,23.11000061,0.0,0
2023-04-14 01:55:00,1.88785696,0.0,,658.0,23.09000015,0.0,0
2023-04-14 02:00:00,1.89422977,0.0,,658.0,23.11000061,0.0,0
2023-04-14 02:05:00,1.936267376,0.0,,658.0,23.13999939,0.0,0
2023-04-14 02:10:00,1.980834365,0.0,,658.0,23.15999985,0.0,0
2023-04-14 02:15:00,1.900183439,0.0,,591.0,22.94000053,0.0,0
2023-04-14 02:20:00,1.904774427,0.0,,591.0,23.09000015,0.0,0
2023-04-14 02:25:00,1.932029009,0.0,,591.0,22.98999977,0.0,0
2023-04-14 02:30:00,1.900646091,0.0,,591.0,22.98999977,0.0,0
2023-04-14 02:35:00,1.945436597,0.0,,591.0,23.09000015,0.0,0
2023-04-14 02:40:00,2.030923367,0.0,,591.0,23.11000061,0.0,0
2023-04-14 02:45:00,1.971393108,0.0,,591.0,22.92000008,0.0,0
2023-04-14 02:50:00,1.932843328,0.0,,612.0,23.02000046,0.0,0
2023-04-14 02:55:00,1.93712163,0.0,,612.0,22.98999977,0.0,0
2023-04-14 03:00:00,1.981654644,0.0,,612.0,23.02000046,0.0,0
2023-04-14 03:05:00,1.991581202,0.0,,612.0,23.04000092,0.0,0
2023-04-14 03:10:00,1.992090225,0.0,,612.0,23.04000092,0.0,0
2023-04-14 03:15:00,1.966882587,0.0,,612.0,23.04000092,0.0,0
2023-04-14 03:20:00,1.918949962,0.0,,612.0,22.92000008,0.0,0
2023-04-14 03:25:00,1.997278094,0.0,,612.0,22.92000008,0.0,0
2023-04-14 03:30:00,1.98301506,0.0,,612.0,23.05999947,0.0,0
2023-04-14 03:35:00,1.933148027,0.0,,612.0,22.87000084,0.0,0
2023-04-14 03:40:00,1.903915048,0.0,,612.0,22.92000008,0.0,0
2023-04-14 03:45:00,2.006010771,0.0,,612.0,23.02000046,0.0,0
2023-04-14 03:50:00,1.885043144,0.0,,612.0,22.92000008,0.0,0
2023-04-14 03:55:00,1.965873599,0.0,,612.0,23.04000092,0.0,0
2023-04-14 04:00:00,1.907753706,0.0,,612.0,22.94000053,0.0,0
2023-04-14 04:05:00,2.043916702,0.0,,612.0,23.02000046,0.0,0
2023-04-14 04:10:00,1.931196809,0.0,,612.0,22.94000053,0.0,0
2023-04-14 04:15:00,1.95590663,0.0,,612.0,22.94000053,0.0,0
2023-04-14 04:20:00,1.951333642,0.0,,612.0,22.89999962,0.0,0
2023-04-14 04:25:00,1.889825106,0.0,,612.0,22.85000038,0.0,0
2023-04-14 04:30:00,1.931777597,0.0,,612.0,22.96999931,0.0,0
2023-04-14 04:35:00,1.941019058,0.0,,612.0,22.87000084,0.0,0
2023-04-14 04:40:00,1.954502821,0.0,,612.0,22.85000038,0.0,0
2023-04-14 04:45:00,1.948178411,0.0,,612.0,22.94000053,0.0,0
2023-04-14 04:50:00,1.951547742,0.0,,612.0,22.81999969,0.0,0
2023-04-14 04:55:00,1.917200685,0.0,,612.0,22.94000053,0.0,0
2023-04-14 05:00:00,1.934611201,0.0,,612.0,23.02000046,0.0,0
2023-04-14 05:05:00,1.969787121,0.0,,612.0,22.92000008,0.0,0
2023-04-14 05:10:00,1.935994148,0.0,,562.0,22.79999924,0.0,0
2023-04-14 05:15:00,1.926422715,0.0,,562.0,22.87000084,0.0,0
2023-04-14 05:20:00,1.895565629,0.0,,562.0,22.81999969,0.0,0
2023-04-14 05:25:00,1.915023804,0.0,,562.0,22.87000084,0.0,0
2023-04-14 05:30:00,1.887198448,0.0,,562.0,22.79999924,0.0,0
2023-04-14 05:35:00,1.973561287,0.0,,562.0,22.70000076,0.0,0
2023-04-14 05:40:00,1.948176265,0.0,,562.0,22.79999924,0.0,0
2023-04-14 05:45:00,1.957422495,0.0,,562.0,22.85000038,0.0,0
2023-04-14 05:50:00,1.909754276,0.0,,562.0,22.89999962,0.0,0
2023-04-14 05:55:00,1.969430685,0.0,,562.0,22.89999962,0.0,0
2023-04-14 06:00:00,1.952752233,0.0,,562.0,22.92000008,0.0,0
2023-04-14 06:05:00,1.928046703,0.0,,562.0,22.79999924,0.0,0
2023-04-14 06:10:00,1.939678073,0.0,,562.0,22.68000031,0.0,0
2023-04-14 06:15:00,1.969757557,0.0,,562.0,22.65999985,0.0,0
2023-04-14 06:20:00,1.951131105,0.0,,562.0,22.68000031,0.0,0
2023-04-14 06:25:00,1.934047222,0.0,,562.0,22.78000069,0.0,0
2023-04-14 06:30:00,1.949658632,0.0,,562.0,22.78000069,0.0,0
2023-04-14 06:35:00,1.941165686,0.0,,562.0,22.70000076,0.0,0
2023-04-14 06:40:00,2.025867939,0.0,,562.0,22.75,0.0,0
2023-04-14 06:45:00,2.253500938,0.0,,562.0,22.70000076,0.0,0
2023-04-14 06:50:00,2.626176357,0.0,,562.0,22.79999924,0.0,0
2023-04-14 06:55:00,2.741881609,0.0,,562.0,22.70000076,0.0,0
2023-04-14 07:00:00,2.826931238,0.0,,562.0,22.68000031,0.0,1
2023-04-14 07:05:00,3.236076593,0.0,,562.0,22.79999924,0.0,1
2023-04-14 07:10:00,3.691139698,0.0,,562.0,22.78000069,0.0,1
2023-04-14 07:15:00,3.932537079,0.0,,562.0,22.85000038,0.0,1
2023-04-14 07:20:00,4.025729656,0.0,,562.0,22.78000069,0.0,1
2023-04-14 07:25:00,4.404960632,0.0,,562.0,22.78000069,0.0,1
2023-04-14 07:30:00,4.921999931,0.0,,562.0,22.57999992,0.0,1
2023-04-14 07:35:00,5.282869816,0.0,,562.0,22.70000076,0.0,1
2023-04-14 07:40:00,5.403628826,0.0,,562.0,22.72999954,0.0,1
2023-04-14 07:45:00,5.834650993,0.0,,562.0,22.68000031,0.0,1
2023-04-14 07:50:00,6.550810814,0.0,,562.0,22.68000031,0.0,1
2023-04-14 07:55:00,6.8355093,0.0,,562.0,22.68000031,0.0,1
2023-04-14 08:00:00,7.326976299,0.0,,512.0,22.96999931,0.0,1
2023-04-14 08:05:00,8.009225845,0.0,,462.0,23.22999954,0.0,0
2023-04-14 08:10:00,8.292571068,0.0,,462.0,23.11000061,0.0,0
2023-04-14 08:15:00,9.092097282,0.0,,462.0,23.05999947,0.0,0
2023-04-14 08:20:00,9.402146339,0.0,,462.0,23.13999939,0.0,0
2023-04-14 08:25:00,9.889486313,0.0,,462.0,22.89999962,0.0,0
2023-04-14 08:30:00,10.93756485,0.0,,462.0,22.85000038,0.0,0
2023-04-14 08:35:00,11.10390568,0.0,,462.0,22.89999962,0.0,0
2023-04-14 08:40:00,11.54413795,0.0,,512.0,23.04000092,0.0,1
2023-04-14 08:45:00,12.46412468,0.0,,512.0,22.89999962,0.0,1
2023-04-14 08:50:00,13.19115543,0.0,,512.0,23.13999939,0.0,1
2023-04-14 08:55:00,13.5361433,0.0,,512.0,23.11000061,0.0,1
2023-04-14 09:00:00,13.07439518,0.0,,512.0,23.20000076,0.0,1
2023-04-14 09:05:00,13.49256992,0.0,,512.0,23.47999954,0.0,1
2023-04-14 09:10:00,13.74344635,0.0,,512.0,23.77000046,0.0,1
2023-04-14 09:15:00,14.0089407,0.0,,512.0,23.68000031,0.0,1
2023-04-14 09:20:00,13.04237366,0.0,,512.0,23.68000031,0.0,1
2023-04-14 09:25:00,12.73835659,0.0,,512.0,23.5,0.0,1
2023-04-14 09:30:00,12.76888943,0.0,,571.0,23.61000061,0.0,1
2023-04-14 09:35:00,13.82613373,0.0,,571.0,23.5,0.0,1
2023-04-14 09:40:00,14.74186516,0.0,,571.0,23.90999985,0.0,1
2023-04-14 09:45:00,15.92849255,0.0,,571.0,23.77000046,0.0,1
2023-04-14 09:50:00,15.44838524,0.0,,586.0,23.77000046,0.0,1
2023-04-14 09:55:00,15.51447582,0.0,,586.0,24.01000023,0.0,1
2023-04-14 10:00:00,15.84849644,0.0,,586.0,23.77000046,0.0,1
2023-04-14 10:05:00,16.00402641,0.0,,586.0,23.79999924,0.0,1
2023-04-14 10:10:00,16.45660973,0.0,,586.0,24.10000038,0.0,1
2023-04-14 10:15:00,16.72335625,0.0,,586.0,24.71999931,0.0,1
2023-04-14 10:20:00,14.84117603,0.0,,586.0,24.84000015,0.0,1
2023-04-14 10:25:00,14.16165352,0.0,,586.0,24.79000092,0.0,1
2023-04-14 10:30:00,15.04797745,0.0,,586.0,24.93000031,0.0,1
2023-04-14 10:35:00,15.2833004,0.0,,586.0,24.71999931,0.0,1
2023-04-14 10:40:00,16.01125908,0.0,,586.0,24.37999916,0.0,1
2023-04-14 10:45:00,15.89923286,0.0,,586.0,23.90999985,0.0,1
2023-04-14 10:50:00,16.46200943,0.0,,586.0,24.07999992,0.0,1
2023-04-14 10:55:00,17.45181084,0.0,,586.0,24.54000092,0.0,1
2023-04-14 11:00:00,18.23604393,0.0,,586.0,24.90999985,0.0,1
2023-04-14 11:05:00,18.33513069,0.0,,586.0,25.02000046,0.0,1
2023-04-14 11:10:00,17.92531204,0.0,,586.0,24.80999947,0.0,1
2023-04-14 11:15:00,19.04605103,0.0,,586.0,24.71999931,0.0,1
2023-04-14 11:20:00,18.98203659,0.0,,586.0,24.75,0.0,1
2023-04-14 11:25:00,18.51564598,0.0,,586.0,24.43000031,0.0,1
2023-04-14 11:30:00,19.17813301,0.0,,607.0,24.29000092,0.0,1
2023-04-14 11:35:00,18.92222977,0.0,,607.0,24.70000076,0.0,1
2023-04-14 11:40:00,18.45442963,0.0,,607.0,24.59000015,0.0,1
2023-04-14 11:45:00,22.91857338,0.0,,607.0,24.43000031,0.0,1
2023-04-14 11:50:00,23.51154137,0.0,,607.0,24.5,0.0,1
2023-04-14 11:55:00,23.79092598,0.0,,607.0,24.70000076,0.0,1
2023-04-14 12:00:00,23.89948654,0.0,,607.0,24.17000008,0.0,1
2023-04-14 12:05:00,24.90975189,0.0,,557.0,24.36000061,0.0,1
2023-04-14 12:10:00,25.8683815,0.0,,608.0,24.23999977,0.0,1
2023-04-14 12:15:00,26.71563149,0.0,,608.0,24.45000076,0.0,1
2023-04-14 12:20:00,26.78869057,0.0,,608.0,24.20000076,0.0,1
2023-04-14 12:25:00,26.78329468,0.0,,608.0,24.21999931,0.0,1
2023-04-14 12:30:00,26.98384666,0.0,,557.0,23.90999985,0.0,1
2023-04-14 12:35:00,27.41278458,0.0,,657.0,24.21999931,0.0,1
2023-04-14 12:40:00,27.4137764,0.0,,657.0,24.12999916,0.0,1
2023-04-14 12:45:00,27.80112457,0.0,,657.0,24.05999947,0.0,1
2023-04-14 12:50:00,27.68810463,0.0,,657.0,23.72999954,0.0,1
2023-04-14 12:55:00,28.18525887,0.0,,657.0,24.07999992,0.0,1
2023-04-14 13:00:00,28.73918533,0.0,,657.0,23.61000061,0.0,1
2023-04-14 13:05:00,30.73340797,0.0,,604.0,23.5,0.0,1
2023-04-14 13:10:00,27.19122696,0.0,,704.0,23.56999969,0.0,1
2023-04-14 13:15:00,27.78780746,0.0,,754.0,23.79999924,0.0,1
2023-04-14 13:20:00,27.14088058,0.0,,754.0,23.77000046,0.0,1
2023-04-14 13:25:00,27.54789352,0.0,,754.0,23.88999939,0.0,1
2023-04-14 13:30:00,25.45498848,0.0,,704.0,23.88999939,0.0,1
2023-04-14 13:35:00,27.20328903,0.0,,704.0,23.97999954,0.0,1
2023-04-14 13:40:00,24.43638992,0.0,,704.0,23.95999908,0.0,1
2023-04-14 13:45:00,24.9476738,0.0,,704.0,23.84000015,0.0,1
2023-04-14 13:50:00,24.45479012,0.0,,654.0,23.95999908,0.0,1
2023-04-14 13:55:00,23.51741982,0.0,,654.0,24.37999916,0.0,1
2023-04-14 14:00:00,23.39414406,0.0,,654.0,23.68000031,0.0,1
2023-04-14 14:05:00,24.58789635,0.0,,654.0,23.70000076,0.0,1
2023-04-14 14:10:00,25.10683823,0.0,,604.0,23.81999969,0.0,1
2023-04-14 14:15:00,25.01431084,0.0,,604.0,25.02000046,0.0,1
2023-04-14 14:20:00,25.29370308,0.0,,608.0,24.01000023,0.0,1
2023-04-14 14:25:00,24.36635971,0.0,,608.0,24.10000038,0.0,1
2023-04-14 14:30:00,23.77614975,0.0,,608.0,24.43000031,0.0,1
2023-04-14 14:35:00,24.05886269,0.0,,608.0,23.79999924,0.0,1
2023-04-14 14:40:00,24.0363903,0.0,,608.0,23.79999924,0.0,1
2023-04-14 14:45:00,24.13577271,0.0,,608.0,23.77000046,0.0,1
2023-04-14 14:50:00,23.96051216,0.0,,608.0,23.97999954,0.0,1
2023-04-14 14:55:00,24.40937805,0.0,,608.0,24.37999916,0.0,1
2023-04-14 15:00:00,23.94803619,0.0,,608.0,24.70000076,0.0,1
2023-04-14 15:05:00,22.85312271,0.0,,608.0,24.59000015,0.0,1
2023-04-14 15:10:00,22.447258,0.0,,608.0,24.52000046,0.0,1
2023-04-14 15:15:00,22.49521065,0.0,,608.0,24.20000076,0.0,1
2023-04-14 15:20:00,23.78447533,0.0,,557.0,24.23999977,0.0,1
2023-04-14 15:25:00,23.35527039,0.0,,607.0,24.23999977,0.0,1
2023-04-14 15:30:00,22.17160988,0.0,,607.0,24.61000061,0.0,1
2023-04-14 15:35:00,21.50564384,0.0,,607.0,24.52000046,0.0,1
2023-04-14 15:40:00,21.09826088,0.0,,607.0,24.52000046,0.0,1
2023-04-14 15:45:00,19.0481205,0.0,,607.0,24.62999916,0.0,1
2023-04-14 15:50:00,17.10452461,0.0,,607.0,24.55999947,0.0,1
2023-04-14 15:55:00,15.62452412,0.0,,607.0,24.54000092,0.0,1
2023-04-14 16:00:00,14.49622917,0.0,,607.0,24.93000031,0.0,1
2023-04-14 16:05:00,14.01206493,0.0,,607.0,24.95000076,0.0,1
2023-04-14 16:10:00,13.56013584,0.0,,607.0,24.96999931,0.0,1
2023-04-14 16:15:00,12.88879395,0.0,,607.0,24.96999931,0.0,1
2023-04-14 16:20:00,12.49978161,0.0,,607.0,25.06999969,0.0,1
2023-04-14 16:25:00,12.57293224,0.0,,607.0,25.02000046,0.0,1
2023-04-14 16:30:00,12.53323841,0.0,,607.0,24.87999916,0.0,1
2023-04-14 16:35:00,11.21168232,0.0,,607.0,25.02000046,0.0,1
2023-04-14 16:40:00,9.910719872,0.0,,607.0,25.09000015,0.0,1
2023-04-14 16:45:00,9.492222786,0.0,,607.0,24.96999931,0.0,1
2023-04-14 16:50:00,8.74423027,0.0,,607.0,24.93000031,0.0,1
2023-04-14 16:55:00,8.364951134,0.0,,607.0,24.87999916,0.0,1
2023-04-14 17:00:00,8.225873947,0.0,,607.0,24.87999916,0.0,1
2023-04-14 17:05:00,7.032920361,0.0,,607.0,24.96999931,0.0,1
2023-04-14 17:10:00,6.716160774,0.0,,607.0,25.02000046,0.0,1
2023-04-14 17:15:00,7.081399918,0.0,,607.0,25.02000046,0.0,1
2023-04-14 17:20:00,7.466864586,0.0,,607.0,24.86000061,0.0,1
2023-04-14 17:25:00,7.515928745,0.0,,607.0,25.0,0.0,1
2023-04-14 17:30:00,7.016494274,0.0,,607.0,24.93000031,0.0,1
2023-04-14 17:35:00,6.292505264,0.0,,607.0,25.06999969,0.0,1
2023-04-14 17:40:00,5.564952374,0.0,,607.0,25.06999969,0.0,1
2023-04-14 17:45:00,5.448073864,0.0,,607.0,25.06999969,0.0,1
2023-04-14 17:50:00,5.302356243,0.0,,607.0,24.96999931,0.0,1
2023-04-14 17:55:00,4.802507401,0.0,,607.0,25.02000046,0.0,1
2023-04-14 18:00:00,5.108886719,0.0,,607.0,25.25,0.0,1
2023-04-14 18:05:00,5.239258766,0.0,,607.0,25.35000038,0.0,1
2023-04-14 18:10:00,4.830142021,0.0,,607.0,25.31999969,0.0,1
2023-04-14 18:15:00,4.180737019,0.0,,607.0,25.31999969,0.0,1
2023-04-14 18:20:00,4.105205536,0.0,,607.0,25.28000069,0.0,1
2023-04-14 18:25:00,4.20731926,0.0,,607.0,25.35000038,0.0,1
2023-04-14 18:30:00,4.175497532,0.0,,607.0,25.13999939,0.0,1
2023-04-14 18:35:00,4.072971344,0.0,,607.0,25.29999924,0.0,1
2023-04-14 18:40:00,3.995481491,0.0,,607.0,25.18000031,0.0,1
2023-04-14 18:45:00,3.904039621,0.0,,607.0,25.25,0.0,1
2023-04-14 18:50:00,3.272320986,0.0,,557.0,25.18000031,0.0,1
2023-04-14 18:55:00,2.856327295,0.0,,557.0,25.25,0.0,1
2023-04-14 19:00:00,2.734311342,0.0,,557.0,25.20999908,0.0,1
2023-04-14 19:05:00,2.362854481,0.0,,557.0,25.22999954,0.0,1
2023-04-14 19:10:00,2.111608982,0.0,,557.0,25.18000031,0.0,1
2023-04-14 19:15:00,1.959071755,0.0,,557.0,25.38999939,0.0,1
2023-04-14 19:20:00,1.983083844,0.0,,557.0,25.15999985,0.0,1
2023-04-14 19:25:00,1.970826268,0.0,,557.0,25.22999954,0.0,1
2023-04-14 19:30:00,1.962851405,0.0,,557.0,25.20999908,0.0,1
2023-04-14 19:35:00,1.884353995,0.0,,557.0,25.11000061,0.0,1
2023-04-14 19:40:00,1.960911512,0.0,,557.0,25.31999969,0.0,1
2023-04-14 19:45:00,1.907050729,0.0,,557.0,25.28000069,0.0,1
2023-04-14 19:50:00,1.956851482,0.0,,557.0,25.20999908,0.0,1
2023-04-14 19:55:00,1.927766323,0.0,,557.0,25.13999939,0.0,1
2023-04-14 20:00:00,1.909108281,0.0,,557.0,25.11000061,0.0,1
2023-04-14 20:05:00,1.879363418,0.0,,507.0,25.04000092,0.0,1
2023-04-14 20:10:00,1.936326981,0.0,,507.0,25.11000061,0.0,1
2023-04-14 20:15:00,1.991152644,0.0,,507.0,25.02000046,0.0,1
2023-04-14 20:20:00,1.914233089,0.0,,507.0,25.02000046,0.0,1
2023-04-14 20:25:00,1.891089201,0.0,,507.0,25.04000092,0.0,1
2023-04-14 20:30:00,1.880661011,0.0,,507.0,25.04000092,0.0,1
2023-04-14 20:35:00,1.860782385,0.0,,507.0,25.04000092,0.0,1
2023-04-14 20:40:00,1.89367795,0.0,,507.0,25.04000092,0.0,1
2023-04-14 20:45:00,1.895432472,0.0,,507.0,25.18000031,0.0,1
2023-04-14 20:50:00,1.931007266,0.0,,507.0,25.18000031,0.0,1
2023-04-14 20:55:00,1.891335964,0.0,,507.0,25.13999939,0.0,1
2023-04-14 21:00:00,1.876820564,0.0,,507.0,25.02000046,0.0,1
2023-04-14 21:05:00,1.95166111,0.0,,507.0,25.13999939,0.0,1
2023-04-14 21:10:00,1.934206009,0.0,,507.0,25.18000031,0.0,1
2023-04-14 21:15:00,1.911618233,0.0,,507.0,25.06999969,0.0,1
2023-04-14 21:20:00,1.877573729,0.0,,507.0,25.20999908,0.0,1
2023-04-14 21:25:00,1.980822206,0.0,,507.0,25.04000092,0.0,1
2023-04-14 21:30:00,1.897263765,0.0,,507.0,25.13999939,0.0,1
2023-04-14 21:35:00,1.947528839,0.0,,507.0,25.15999985,0.0,1
2023-04-14 21:40:00,1.952957749,0.0,,507.0,25.13999939,0.0,1
2023-04-14 21:45:00,1.916654348,0.0,,507.0,25.25,0.0,1
2023-04-14 21:50:00,1.976504922,0.0,,507.0,25.15999985,0.0,1
2023-04-14 21:55:00,1.972909451,0.0,,507.0,25.04000092,0.0,1
2023-04-14 22:00:00,1.910972953,0.0,,507.0,25.15999985,0.0,0
2023-04-14 22:05:00,1.953710198,0.0,,507.0,25.28000069,0.0,0
2023-04-14 22:10:00,1.924217463,0.0,,507.0,25.06999969,0.0,0
2023-04-14 22:15:00,1.93574965,0.0,,507.0,25.11000061,0.0,0
2023-04-14 22:20:00,1.928387523,0.0,,507.0,25.06999969,0.0,0
2023-04-14 22:25:00,1.941417098,0.0,,507.0,25.13999939,0.0,0
2023-04-14 22:30:00,2.044368506,0.0,,507.0,25.11000061,0.0,0
2023-04-14 22:35:00,1.890250683,0.0,,507.0,25.04000092,0.0,0
2023-04-14 22:40:00,1.904135704,0.0,,507.0,25.13999939,0.0,0
2023-04-14 22:45:00,1.955034733,0.0,,507.0,25.18000031,0.0,0
2023-04-14 22:50:00,1.913991213,0.0,,507.0,25.18000031,0.0,0
2023-04-14 22:55:00,1.902124286,0.0,,457.0,25.09000015,0.0,0
2023-04-14 23:00:00,1.88434422,0.0,,457.0,25.20999908,0.0,0
2023-04-14 23:05:00,1.91659534,0.0,,457.0,24.96999931,0.0,0
2023-04-14 23:10:00,1.884135127,0.0,,457.0,25.06999969,0.0,0
2023-04-14 23:15:00,1.963516474,0.0,,457.0,25.04000092,0.0,0
2023-04-14 23:20:00,1.860545874,0.0,,457.0,25.11000061,0.0,0
2023-04-14 23:25:00,1.921924949,0.0,,457.0,25.11000061,0.0,0
2023-04-14 23:30:00,1.872858167,0.0,,457.0,25.04000092,0.0,0
2023-04-14 23:35:00,1.94468534,0.0,,457.0,25.11000061,0.0,0
2023-04-14 23:40:00,1.89232409,0.0,,457.0,25.18000031,0.0,0
2023-04-14 23:45:00,1.982354283,0.0,,457.0,25.11000061,0.0,0
2023-04-14 23:50:00,1.912908912,0.0,,457.0,24.96999931,0.0,0
2023-04-14 23:55:00,1.90953815,0.0,,457.0,25.20999908,0.0,0
2023-04-15 00:00:00,1.916984439,0.0,,457.0,25.13999939,0.0,0
2023-04-15 00:05:00,1.939022064,0.0,,457.0,25.04000092,0.0,0
2023-04-15 00:10:00,1.931541085,0.0,,457.0,25.13999939,0.0,0
2023-04-15 00:15:00,1.976544619,0.0,,457.0,25.0,0.0,0
2023-04-15 00:20:00,2.019791842,0.0,,457.0,25.11000061,0.0,0
2023-04-15 00:25:00,1.960101366,0.0,,457.0,25.06999969,0.0,0
2023-04-15 00:30:00,1.890519619,0.0,,457.0,25.25,0.0,0
2023-04-15 00:35:00,2.04282546,0.0,,457.0,25.13999939,0.0,0
2023-04-15 00:40:00,1.930799961,0.0,,457.0,25.02000046,0.0,0
2023-04-15 00:45:00,1.929979682,0.0,,457.0,24.86000061,0.0,0
2023-04-15 00:50:00,1.926596522,0.0,,457.0,25.20999908,0.0,0
2023-04-15 00:55:00,1.937695861,0.0,,457.0,25.22999954,0.0,0
2023-04-15 01:00:00,1.974429846,0.0,,457.0,25.20999908,0.0,0
2023-04-15 01:05:00,1.902711272,0.0,,457.0,24.96999931,0.0,0
2023-04-15 01:10:00,1.892543435,0.0,,457.0,25.06999969,0.0,0
2023-04-15 01:15:00,1.885118961,0.0,,457.0,25.15999985,0.0,0
2023-04-15 01:20:00,1.994503856,0.0,,457.0,25.15999985,0.0,0
2023-04-15 01:25:00,1.947503209,0.0,,457.0,25.13999939,0.0,0
2023-04-15 01:30:00,1.884841204,0.0,,457.0,24.96999931,0.0,0
2023-04-15 01:35:00,1.9525249,0.0,,457.0,25.0,0.0,0
2023-04-15 01:40:00,1.881795883,0.0,,457.0,25.11000061,0.0,0
2023-04-15 01:45:00,1.924222231,0.0,,457.0,25.09000015,0.0,0
2023-04-15 01:50:00,1.960058928,0.0,,457.0,24.90999985,0.0,0
2023-04-15 01:55:00,1.908166528,0.0,,457.0,24.80999947,0.0,0
2023-04-15 02:00:00,1.912209868,0.0,,457.0,24.77000046,0.0,0
2023-04-15 02:05:00,1.951628447,0.0,,457.0,24.84000015,0.0,0
2023-04-15 02:10:00,1.947634459,0.0,,457.0,24.96999931,0.0,0
2023-04-15 02:15:00,1.920405865,0.0,,457.0,24.86000061,0.0,0
2023-04-15 02:20:00,1.940250754,0.0,,457.0,25.0,0.0,0
2023-04-15 02:25:00,1.931341887,0.0,,457.0,24.75,0.0,0
2023-04-15 02:30:00,1.914775372,0.0,,457.0,24.95000076,0.0,0
2023-04-15 02:35:00,1.974359274,0.0,,457.0,24.95000076,0.0,0
2023-04-15 02:40:00,1.965331197,0.0,,457.0,24.84000015,0.0,0
2023-04-15 02:45:00,1.993242383,0.0,,457.0,24.68000031,0.0,0
2023-04-15 02:50:00,1.963901162,0.0,,457.0,24.93000031,0.0,0
2023-04-15 02:55:00,2.002526045,0.0,,457.0,24.70000076,0.0,0
2023-04-15 03:00:00,1.940798283,0.0,,457.0,24.65999985,0.0,0
2023-04-15 03:05:00,1.962503791,0.0,,457.0,24.68000031,0.0,0
2023-04-15 03:10:00,1.955203295,0.0,,457.0,24.75,0.0,0
2023-04-15 03:15:00,2.007276774,0.0,,457.0,24.65999985,0.0,0
2023-04-15 03:20:00,1.967635155,0.0,,457.0,24.70000076,0.0,0
2023-04-15 03:25:00,1.985008478,0.0,,457.0,24.68000031,0.0,0
2023-04-15 03:30:00,1.955672741,0.0,,457.0,24.70000076,0.0,0
2023-04-15 03:35:00,1.959439755,0.0,,457.0,24.61000061,0.0,0
2023-04-15 03:40:00,2.019699097,0.0,,457.0,24.59000015,0.0,0
2023-04-15 03:45:00,1.961182714,0.0,,457.0,24.61000061,0.0,0
2023-04-15 03:50:00,1.885054588,0.0,,457.0,24.54000092,0.0,0
2023-04-15 03:55:00,1.940494061,0.0,,457.0,24.59000015,0.0,0
2023-04-15 04:00:00,1.926186442,0.0,,457.0,24.75,0.0,0
2023-04-15 04:05:00,1.906235576,0.0,,457.0,24.84000015,0.0,0
2023-04-15 04:10:00,1.953283548,0.0,,457.0,24.79000092,0.0,0
2023-04-15 04:15:00,1.886947393,0.0,,457.0,24.90999985,0.0,0
2023-04-15 04:20:00,1.937983275,0.0,,457.0,24.68000031,0.0,0
2023-04-15 04:25:00,1.898001432,0.0,,457.0,24.77000046,0.0,0
2023-04-15 04:30:00,1.939775467,0.0,,457.0,24.75,0.0,0
2023-04-15 04:35:00,1.933379889,0.0,,457.0,24.79000092,0.0,0
2023-04-15 04:40:00,1.942377687,0.0,,457.0,24.70000076,0.0,0
2023-04-15 04:45:00,1.949957132,0.0,,457.0,24.70000076,0.0,0
2023-04-15 04:50:00,1.923170686,0.0,,457.0,24.80999947,0.0,0
2023-04-15 04:55:00,1.956023097,0.0,,457.0,24.75,0.0,0
2023-04-15 05:00:00,1.913404942,0.0,,457.0,24.68000031,0.0,0
2023-04-15 05:05:00,1.886142731,0.0,,457.0,24.70000076,0.0,0
2023-04-15 05:10:00,1.891453147,0.0,,457.0,24.70000076,0.0,0
2023-04-15 05:15:00,1.955248952,0.0,,457.0,24.70000076,0.0,0
2023-04-15 05:20:00,1.927182913,0.0,,457.0,24.68000031,0.0,0
2023-04-15 05:25:00,2.012397289,0.0,,457.0,24.79000092,0.0,0
2023-04-15 05:30:00,1.95837903,0.0,,457.0,24.62999916,0.0,0
2023-04-15 05:35:00,1.96936667,0.0,,457.0,24.79000092,0.0,0
2023-04-15 05:40:00,1.971668363,0.0,,457.0,24.70000076,0.0,0
2023-04-15 05:45:00,1.910333872,0.0,,457.0,24.80999947,0.0,0
2023-04-15 05:50:00,2.02717042,0.0,,457.0,24.71999931,0.0,0
2023-04-15 05:55:00,1.969611049,0.0,,457.0,24.87999916,0.0,0
2023-04-15 06:00:00,1.914459705,0.0,,407.0,24.86000061,0.0,0
2023-04-15 06:05:00,1.914363027,0.0,,407.0,24.71999931,0.0,0
2023-04-15 06:10:00,1.919434905,0.0,,407.0,24.61000061,0.0,0
2023-04-15 06:15:00,1.961106181,0.0,,407.0,24.70000076,0.0,0
2023-04-15 06:20:00,1.945578575,0.0,,407.0,24.62999916,0.0,0
2023-04-15 06:25:00,1.896721482,0.0,,407.0,24.75,0.0,0
2023-04-15 06:30:00,1.929496765,0.0,,407.0,24.71999931,0.0,0
2023-04-15 06:35:00,1.930634499,0.0,,407.0,24.70000076,0.0,0
2023-04-15 06:40:00,1.979816794,0.0,,407.0,24.75,0.0,0
2023-04-15 06:45:00,1.954282165,0.0,,407.0,24.71999931,0.0,0
2023-04-15 06:50:00,1.898433924,0.0,,407.0,24.79000092,0.0,0
2023-04-15 06:55:00,1.950510025,0.0,,407.0,24.77000046,0.0,0
2023-04-15 07:00:00,1.924179196,0.0,,407.0,24.77000046,0.0,0
2023-04-15 07:05:00,1.916413426,0.0,,407.0,24.70000076,0.0,0
2023-04-15 07:10:00,1.935728312,0.0,,407.0,24.65999985,0.0,0
2023-04-15 07:15:00,1.930456996,0.0,,407.0,24.62999916,0.0,0
2023-04-15 07:20:00,1.91888082,0.0,,407.0,24.80999947,0.0,0
2023-04-15 07:25:00,1.902397871,0.0,,407.0,24.79000092,0.0,0
2023-04-15 07:30:00,1.947583079,0.0,,407.0,24.65999985,0.0,0
2023-04-15 07:35:00,1.976990461,0.0,,407.0,24.80999947,0.0,0
2023-04-15 07:40:00,1.940300107,0.0,,407.0,24.77000046,0.0,0
2023-04-15 07:45:00,1.973539352,0.0,,407.0,24.65999985,0.0,0
2023-04-15 07:50:00,1.97239387,0.0,,407.0,24.71999931,0.0,0
2023-04-15 07:55:00,2.10740304,0.0,,407.0,24.65999985,0.0,0
2023-04-15 08:00:00,2.153050184,0.0,,407.0,24.71999931,0.0,0
2023-04-15 08:05:00,2.555207253,0.0,,407.0,24.79000092,0.0,0
2023-04-15 08:10:00,2.705809116,0.0,,407.0,24.71999931,0.0,0
2023-04-15 08:15:00,3.855464935,0.0,,407.0,24.65999985,0.0,0
2023-04-15 08:20:00,5.512819767,0.0,,407.0,24.86000061,0.0,0
2023-04-15 08:25:00,6.948172569,0.0,,407.0,25.95999908,0.0,0
2023-04-15 08:30:00,7.388643265,0.0,,407.0,24.62999916,0.0,0
2023-04-15 08:35:00,7.988857746,0.0,,407.0,24.87999916,0.0,0
2023-04-15 08:40:00,9.613862991,0.0,,407.0,24.80999947,0.0,0
2023-04-15 08:45:00,11.28157425,0.0,,407.0,24.77000046,0.0,0
2023-04-15 08:50:00,10.97480202,0.0,,407.0,24.70000076,0.0,0
2023-04-15 08:55:00,10.32064724,0.0,,407.0,24.70000076,0.0,0
2023-04-15 09:00:00,10.4291935,0.0,,407.0,24.80999947,0.0,0
2023-04-15 09:05:00,9.878840447,0.0,,407.0,24.77000046,0.0,0
2023-04-15 09:10:00,10.84580898,0.0,,407.0,24.77000046,0.0,0
2023-04-15 09:15:00,11.0830946,0.0,,407.0,24.70000076,0.0,0
2023-04-15 09:20:00,12.55452919,0.0,,407.0,25.86000061,0.0,0
2023-04-15 09:25:00,13.80436134,0.0,,407.0,24.77000046,0.0,0
2023-04-15 09:30:00,15.13292313,0.0,,407.0,24.84000015,0.0,0
2023-04-15 09:35:00,14.68099213,0.0,,407.0,24.79000092,0.0,0
2023-04-15 09:40:00,14.33853722,0.0,,407.0,24.80999947,0.0,0
2023-04-15 09:45:00,15.58287716,0.0,,407.0,24.70000076,0.0,0
2023-04-15 09:50:00,17.27045822,0.0,,407.0,24.79000092,0.0,0
2023-04-15 09:55:00,17.93230629,0.0,,407.0,24.79000092,0.0,0
2023-04-15 10:00:00,19.59142876,0.0,,407.0,24.80999947,0.0,0
2023-04-15 10:05:00,19.04435539,0.0,,407.0,24.95000076,0.0,0
2023-04-15 10:10:00,18.84565735,0.0,,407.0,24.79000092,0.0,0
2023-04-15 10:15:00,17.75041771,0.0,,407.0,24.80999947,0.0,0
2023-04-15 10:20:00,18.16937447,0.0,,407.0,24.70000076,0.0,0
2023-04-15 10:25:00,16.90880966,0.0,,407.0,24.77000046,0.0,0
2023-04-15 10:30:00,16.11338997,0.0,,407.0,24.77000046,0.0,0
2023-04-15 10:35:00,15.59964085,0.0,,407.0,24.71999931,0.0,0
2023-04-15 10:40:00,14.2524004,0.0,,407.0,24.75,0.0,0
2023-04-15 10:45:00,11.35671425,0.0,,407.0,24.77000046,0.0,0
2023-04-15 10:50:00,14.02932453,0.0,,407.0,24.86000061,0.0,0
2023-04-15 10:55:00,14.44578075,0.0,,407.0,24.68000031,0.0,0
2023-04-15 11:00:00,16.9365406,0.0,,407.0,24.96999931,0.0,0
2023-04-15 11:05:00,19.11564827,0.0,,407.0,24.84000015,0.0,0
2023-04-15 11:10:00,19.48340416,0.0,,407.0,24.79000092,0.0,0
2023-04-15 11:15:00,19.3856678,0.0,,407.0,24.80999947,0.0,0
2023-04-15 11:20:00,14.82967758,0.0,,407.0,24.79000092,0.0,0
2023-04-15 11:25:00,15.19990063,0.0,,407.0,24.77000046,0.0,0
2023-04-15 11:30:00,14.04242706,0.0,,407.0,24.90999985,0.0,0
2023-04-15 11:35:00,13.15271282,0.0,,407.0,24.77000046,0.0,0
2023-04-15 11:40:00,14.30978775,0.0,,407.0,24.80999947,0.0,0
2023-04-15 11:45:00,15.96768761,0.0,,407.0,24.79000092,0.0,0
2023-04-15 11:50:00,16.79664803,0.0,,407.0,24.77000046,0.0,0
2023-04-15 11:55:00,18.9239769,0.0,,407.0,24.80999947,0.0,0
2023-04-15 12:00:00,20.87844086,0.0,,407.0,24.75,0.0,0
2023-04-15 12:05:00,21.10348701,0.0,,407.0,24.90999985,0.0,0
2023-04-15 12:10:00,21.04793358,0.0,,407.0,24.84000015,0.0,0
2023-04-15 12:15:00,21.28469658,0.0,,407.0,24.95000076,0.0,0
2023-04-15 12:20:00,22.5256176,0.0,,407.0,24.80999947,0.0,0
2023-04-15 12:25:00,23.66165733,0.0,,407.0,24.80999947,0.0,0
2023-04-15 12:30:00,25.53684044,0.0,,407.0,24.90999985,0.0,0
2023-04-15 12:35:00,27.93416405,0.0,,407.0,24.84000015,0.0,0
2023-04-15 12:40:00,29.48331642,0.0,,407.0,24.84000015,0.0,0
2023-04-15 12:45:00,29.89838219,0.0,,407.0,24.87999916,0.0,0
2023-04-15 12:50:00,29.47541428,0.0,,407.0,24.87999916,0.0,0
2023-04-15 12:55:00,30.17207336,0.0,,407.0,24.79000092,0.0,0
2023-04-15 13:00:00,30.46821976,0.0,,407.0,24.87999916,0.0,0
2023-04-15 13:05:00,30.98866081,0.0,,407.0,24.96999931,0.0,0
2023-04-15 13:10:00,31.37667274,0.0,,407.0,24.96999931,0.0,0
2023-04-15 13:15:00,28.2184906,0.0,,407.0,24.96999931,0.0,0
2023-04-15 13:20:00,28.66602516,0.0,,407.0,25.02000046,0.0,0
2023-04-15 13:25:00,29.48071861,0.0,,407.0,24.87999916,0.0,0
2023-04-15 13:30:00,30.32926941,0.0,,407.0,24.77000046,0.0,0
2023-04-15 13:35:00,27.7646637,0.0,,407.0,24.93000031,0.0,0
2023-04-15 13:40:00,26.15035248,0.0,,407.0,24.90999985,0.0,0
2023-04-15 13:45:00,26.50466156,0.0,,407.0,25.02000046,0.0,0
2023-04-15 13:50:00,26.42421913,0.0,,407.0,25.02000046,0.0,0
2023-04-15 13:55:00,26.65138626,0.0,,407.0,25.04000092,0.0,0
2023-04-15 14:00:00,25.49799156,0.0,,407.0,24.96999931,0.0,0
2023-04-15 14:05:00,26.5864296,0.0,,407.0,25.09000015,0.0,0
2023-04-15 14:10:00,28.19568825,0.0,,407.0,25.06999969,0.0,0
2023-04-15 14:15:00,30.19390869,0.0,,407.0,25.20999908,0.0,0
2023-04-15 14:20:00,31.7394352,0.0,,407.0,25.0,0.0,0
2023-04-15 14:25:00,32.81048965,0.0,,407.0,24.96999931,0.0,0
2023-04-15 14:30:00,33.39320374,0.0,,407.0,25.22999954,0.0,0
2023-04-15 14:35:00,34.01897812,0.0,,407.0,25.09000015,0.0,0
2023-04-15 14:40:00,35.13415909,0.0,,407.0,25.13999939,0.0,0
2023-04-15 14:45:00,35.96567917,0.0,,407.0,24.96999931,0.0,0
2023-04-15 14:50:00,36.27364349,0.0,,407.0,25.04000092,0.0,0
2023-04-15 14:55:00,36.4268074,0.0,,407.0,25.13999939,0.0,0
2023-04-15 15:00:00,37.40339279,0.0,,407.0,25.06999969,0.0,0
2023-04-15 15:05:00,39.82674026,0.0,,407.0,25.09000015,0.0,0
2023-04-15 15:10:00,42.36453629,0.0,,407.0,25.04000092,0.0,0
2023-04-15 15:15:00,42.29963303,0.0,,407.0,25.15999985,0.0,0
2023-04-15 15:20:00,40.46725845,0.0,,407.0,24.93000031,0.0,0
2023-04-15 15:25:00,40.84666824,0.0,,407.0,24.71999931,0.0,0
2023-04-15 15:30:00,42.50534058,0.0,,407.0,24.77000046,0.0,0
2023-04-15 15:35:00,43.26704788,0.0,,407.0,24.90999985,0.0,0
2023-04-15 15:40:00,46.90311432,0.0,,407.0,24.79000092,0.0,0
2023-04-15 15:45:00,48.26081085,0.0,,407.0,25.02000046,0.0,0
2023-04-15 15:50:00,43.87026215,0.0,,407.0,25.02000046,0.0,0
2023-04-15 15:55:00,49.27299881,0.0,,407.0,25.09000015,0.0,0
2023-04-15 16:00:00,52.08781052,0.0,,407.0,25.20999908,0.0,0
2023-04-15 16:05:00,53.34253311,0.0,,407.0,25.25,0.0,0
2023-04-15 16:10:00,45.84465027,0.0,,407.0,25.45999908,0.0,0
2023-04-15 16:15:00,47.32554626,0.0,,407.0,25.31999969,0.0,0
2023-04-15 16:20:00,38.09381866,0.0,,407.0,25.25,0.0,0
2023-04-15 16:25:00,39.83866119,0.0,,407.0,25.44000053,0.0,0
2023-04-15 16:30:00,27.33332443,0.0,,407.0,25.29999924,0.0,0
2023-04-15 16:35:00,22.22198868,0.0,,407.0,25.37000084,0.0,0
2023-04-15 16:40:00,18.76685715,0.0,,407.0,25.29999924,0.0,0
2023-04-15 16:45:00,17.94396973,0.0,,407.0,25.31999969,0.0,0
2023-04-15 16:50:00,22.32805634,0.0,,407.0,25.22999954,0.0,0
2023-04-15 16:55:00,50.30420303,0.0,,407.0,25.42000008,0.0,0
2023-04-15 17:00:00,67.84880829,0.0,,407.0,25.48999977,0.0,0
2023-04-15 17:05:00,71.31027222,0.0,,407.0,25.38999939,0.0,0
2023-04-15 17:10:00,56.61589432,0.0,,407.0,25.38999939,0.0,0
2023-04-15 17:15:00,54.27524948,0.0,,407.0,25.53000069,0.0,0
2023-04-15 17:20:00,60.50681686,0.0,,407.0,25.51000023,0.0,0
2023-04-15 17:25:00,79.5045166,0.0,,407.0,25.67000008,0.0,0
2023-04-15 17:30:00,85.38262939,0.0,,407.0,25.55999947,0.0,0
2023-04-15 17:35:00,70.84801483,0.0,,407.0,25.71999931,0.0,0
2023-04-15 17:40:00,56.53330612,0.0,,407.0,25.86000061,0.0,0
2023-04-15 17:45:00,48.41002274,0.0,,407.0,25.57999992,0.0,0
2023-04-15 17:50:00,37.8028183,0.0,,407.0,25.77000046,0.0,0
2023-04-15 17:55:00,30.99770355,0.0,,407.0,25.81999969,0.0,0
2023-04-15 18:00:00,29.31668282,0.0,,407.0,25.77000046,0.0,0
2023-04-15 18:05:00,29.46537209,0.0,,407.0,25.67000008,0.0,0
2023-04-15 18:10:00,32.64678955,0.0,,407.0,25.79000092,0.0,0
2023-04-15 18:15:00,35.72040176,0.0,,407.0,25.93000031,0.0,0
2023-04-15 18:20:00,33.08962631,0.0,,407.0,25.79000092,0.0,0
2023-04-15 18:25:00,33.39683914,0.0,,407.0,25.86000061,0.0,0
2023-04-15 18:30:00,29.44353294,0.0,,407.0,25.84000015,0.0,0
2023-04-15 18:35:00,28.21856117,0.0,,407.0,25.88999939,0.0,0
2023-04-15 18:40:00,28.00322723,0.0,,407.0,25.84000015,0.0,0
2023-04-15 18:45:00,28.1989212,0.0,,407.0,25.90999985,0.0,0
2023-04-15 18:50:00,28.61556816,0.0,,407.0,25.86000061,0.0,0
2023-04-15 18:55:00,50.96050262,0.0,,407.0,25.86000061,0.0,0
2023-04-15 19:00:00,54.46232605,0.0,,407.0,25.71999931,0.0,0
2023-04-15 19:05:00,54.41397476,0.0,,407.0,25.97999954,0.0,0
2023-04-15 19:10:00,54.71447754,0.0,,407.0,26.31999969,0.0,0
2023-04-15 19:15:00,53.16562653,0.0,,407.0,26.45999908,0.0,0
2023-04-15 19:20:00,48.29807281,0.0,,407.0,26.79999924,0.0,0
2023-04-15 19:25:00,34.70325089,0.0,,407.0,26.69000053,0.0,0
2023-04-15 19:30:00,21.00185585,0.0,,407.0,26.37000084,0.0,0
2023-04-15 19:35:00,14.481637,0.0,,407.0,26.26000023,0.0,0
2023-04-15 19:40:00,11.73003769,0.0,,407.0,26.29999924,0.0,0
2023-04-15 19:45:00,9.821943283,0.0,,407.0,26.20999908,0.0,0
2023-04-15 19:50:00,8.457518578,0.0,,407.0,26.0,0.0,0
2023-04-15 19:55:00,6.284392834,0.0,,407.0,25.84000015,0.0,0
2023-04-15 20:00:00,4.886572361,0.0,,407.0,25.84000015,0.0,0
2023-04-15 20:05:00,3.741998673,0.0,,407.0,25.84000015,0.0,0
2023-04-15 20:10:00,2.663232803,0.0,,407.0,25.71999931,0.0,0
2023-04-15 20:15:00,1.989964008,0.0,,407.0,25.73999977,0.0,0
2023-04-15 20:20:00,1.893415332,0.0,,407.0,25.67000008,0.0,0
2023-04-15 20:25:00,1.912106872,0.0,,407.0,25.77000046,0.0,0
2023-04-15 20:30:00,1.894158006,0.0,,407.0,25.77000046,0.0,0
2023-04-15 20:35:00,1.895405173,0.0,,407.0,25.70000076,0.0,0
2023-04-15 20:40:00,1.884045363,0.0,,407.0,25.57999992,0.0,0
2023-04-15 20:45:00,1.8754673,0.0,,407.0,25.70000076,0.0,0
2023-04-15 20:50:00,1.892708421,0.0,,407.0,25.53000069,0.0,0
2023-04-15 20:55:00,1.906652451,0.0,,407.0,25.57999992,0.0,0
2023-04-15 21:00:00,1.882579446,0.0,,407.0,25.45999908,0.0,0
2023-04-15 21:05:00,1.957105637,0.0,,407.0,25.51000023,0.0,0
2023-04-15 21:10:00,1.91117084,0.0,,407.0,25.55999947,0.0,0
2023-04-15 21:15:00,1.989011288,0.0,,407.0,25.25,0.0,0
2023-04-15 21:20:00,2.012548685,0.0,,407.0,25.35000038,0.0,0
2023-04-15 21:25:00,1.907222629,0.0,,407.0,25.35000038,0.0,0
2023-04-15 21:30:00,1.889208198,0.0,,407.0,25.20999908,0.0,0
2023-04-15 21:35:00,1.978772044,0.0,,407.0,25.28000069,0.0,0
2023-04-15 21:40:00,1.970333815,0.0,,407.0,25.25,0.0,0
2023-04-15 21:45:00,1.931414247,0.0,,407.0,25.22999954,0.0,0
2023-04-15 21:50:00,1.885879874,0.0,,407.0,25.18000031,0.0,0
2023-04-15 21:55:00,1.933155537,0.0,,407.0,25.13999939,0.0,0
2023-04-15 22:00:00,1.968751192,0.0,,407.0,25.11000061,0.0,0
2023-04-15 22:05:00,1.990873814,0.0,,407.0,24.93000031,0.0,0
2023-04-15 22:10:00,1.962122917,0.0,,407.0,25.11000061,0.0,0
2023-04-15 22:15:00,1.959710836,0.0,,407.0,25.13999939,0.0,0
2023-04-15 22:20:00,1.950145602,0.0,,407.0,25.04000092,0.0,0
2023-04-15 22:25:00,1.930459261,0.0,,407.0,25.02000046,0.0,0
2023-04-15 22:30:00,1.924601078,0.0,,407.0,25.02000046,0.0,0
2023-04-15 22:35:00,1.941920996,0.0,,407.0,24.86000061,0.0,0
2023-04-15 22:40:00,1.92907989,0.0,,407.0,24.87999916,0.0,0
2023-04-15 22:45:00,1.924335361,0.0,,407.0,24.96999931,0.0,0
2023-04-15 22:50:00,1.90433228,0.0,,407.0,24.95000076,0.0,0
2023-04-15 22:55:00,1.869944692,0.0,,407.0,25.04000092,0.0,0
2023-04-15 23:00:00,1.897289753,0.0,,407.0,25.02000046,0.0,0
2023-04-15 23:05:00,1.873064756,0.0,,407.0,25.04000092,0.0,0
2023-04-15 23:10:00,1.850051761,0.0,,407.0,24.96999931,0.0,0
2023-04-15 23:15:00,1.888393402,0.0,,407.0,25.22999954,0.0,0
2023-04-15 23:20:00,1.872050166,0.0,,407.0,25.0,0.0,0
2023-04-15 23:25:00,1.858982682,0.0,,407.0,25.0,0.0,0
2023-04-15 23:30:00,1.918994308,0.0,,407.0,25.0,0.0,0
2023-04-15 23:35:00,1.886066437,0.0,,407.0,25.06999969,0.0,0
2023-04-15 23:40:00,1.939819217,0.0,,407.0,25.02000046,0.0,0
2023-04-15 23:45:00,1.905570865,0.0,,407.0,24.93000031,0.0,0
2023-04-15 23:50:00,1.891698241,0.0,,407.0,24.96999931,0.0,0
2023-04-15 23:55:00,1.926110148,0.0,,407.0,24.86000061,0.0,0
2023-04-16 00:00:00,1.961031437,0.0,,407.0,24.96999931,0.0,0
2023-04-16 00:05:00,1.973286033,0.0,,407.0,24.86000061,0.0,0
2023-04-16 00:10:00,1.96829164,0.0,,407.0,24.93000031,0.0,0
2023-04-16 00:15:00,1.936447024,0.0,,407.0,25.02000046,0.0,0
2023-04-16 00:20:00,1.982575059,0.0,,407.0,24.96999931,0.0,0
2023-04-16 00:25:00,1.928861737,0.0,,407.0,24.90999985,0.0,0
2023-04-16 00:30:00,1.905504465,0.0,,407.0,25.04000092,0.0,0
2023-04-16 00:35:00,1.982475042,0.0,,407.0,24.90999985,0.0,0
2023-04-16 00:40:00,1.918954969,0.0,,407.0,24.84000015,0.0,0
2023-04-16 00:45:00,1.938275218,0.0,,407.0,24.96999931,0.0,0
2023-04-16 00:50:00,1.958630443,0.0,,407.0,24.80999947,0.0,0
2023-04-16 00:55:00,1.953331232,0.0,,407.0,24.77000046,0.0,0
2023-04-16 01:00:00,1.932642937,0.0,,407.0,24.87999916,0.0,0
2023-04-16 01:05:00,2.037871122,0.0,,407.0,24.87999916,0.0,0
2023-04-16 01:10:00,1.999652028,0.0,,407.0,25.02000046,0.0,0
2023-04-16 01:15:00,1.907049894,0.0,,407.0,24.86000061,0.0,0
2023-04-16 01:20:00,1.934683085,0.0,,407.0,24.80999947,0.0,0
2023-04-16 01:25:00,1.898807049,0.0,,407.0,24.87999916,0.0,0
2023-04-16 01:30:00,1.898762941,0.0,,407.0,24.79000092,0.0,0
2023-04-16 01:35:00,1.9163692,0.0,,407.0,24.80999947,0.0,0
2023-04-16 01:40:00,1.895420671,0.0,,407.0,24.90999985,0.0,0
2023-04-16 01:45:00,1.917248726,0.0,,407.0,24.90999985,0.0,0
2023-04-16 01:50:00,1.993606806,0.0,,407.0,24.80999947,0.0,0
2023-04-16 01:55:00,1.904097557,0.0,,407.0,24.93000031,0.0,0
2023-04-16 02:00:00,1.914019704,0.0,,407.0,24.80999947,0.0,0
2023-04-16 02:05:00,1.870941877,0.0,,407.0,24.87999916,0.0,0
2023-04-16 02:10:00,1.91335845,0.0,,407.0,24.77000046,0.0,0
2023-04-16 02:15:00,1.874256492,0.0,,407.0,24.86000061,0.0,0
2023-04-16 02:20:00,1.928324461,0.0,,407.0,24.93000031,0.0,0
2023-04-16 02:25:00,1.927402616,0.0,,407.0,24.93000031,0.0,0
2023-04-16 02:30:00,1.87109983,0.0,,407.0,24.79000092,0.0,0
2023-04-16 02:35:00,1.980713725,0.0,,407.0,24.90999985,0.0,0
2023-04-16 02:40:00,1.905839205,0.0,,407.0,24.77000046,0.0,0
2023-04-16 02:45:00,2.001488209,0.0,,407.0,24.79000092,0.0,0
2023-04-16 02:50:00,1.949060917,0.0,,407.0,24.77000046,0.0,0
2023-04-16 02:55:00,1.989457607,0.0,,407.0,24.70000076,0.0,0
2023-04-16 03:00:00,2.004419565,0.0,,407.0,24.87999916,0.0,0
2023-04-16 03:05:00,2.08887291,0.0,,407.0,24.71999931,0.0,0
2023-04-16 03:10:00,1.937291503,0.0,,407.0,24.70000076,0.0,0
2023-04-16 03:15:00,2.081558228,0.0,,407.0,24.77000046,0.0,0
2023-04-16 03:20:00,2.017376423,0.0,,407.0,24.70000076,0.0,0
2023-04-16 03:25:00,2.004486799,0.0,,407.0,24.86000061,0.0,0
2023-04-16 03:30:00,1.931934953,0.0,,407.0,24.79000092,0.0,0
2023-04-16 03:35:00,1.945691466,0.0,,407.0,24.75,0.0,0
2023-04-16 03:40:00,1.921376109,0.0,,407.0,24.90999985,0.0,0
2023-04-16 03:45:00,1.955805063,0.0,,407.0,24.93000031,0.0,0
2023-04-16 03:50:00,1.91989255,0.0,,407.0,24.87999916,0.0,0
2023-04-16 03:55:00,1.953867674,0.0,,407.0,24.75,0.0,0
2023-04-16 04:00:00,1.881706953,0.0,,407.0,25.09000015,0.0,0
2023-04-16 04:05:00,1.913416624,0.0,,407.0,24.96999931,0.0,0
2023-04-16 04:10:00,1.921802044,0.0,,407.0,24.84000015,0.0,0
2023-04-16 04:15:00,1.929001451,0.0,,407.0,25.02000046,0.0,0
2023-04-16 04:20:00,1.925819516,0.0,,407.0,24.95000076,0.0,0
2023-04-16 04:25:00,1.936272502,0.0,,407.0,24.93000031,0.0,0
2023-04-16 04:30:00,1.903460741,0.0,,407.0,24.90999985,0.0,0
2023-04-16 04:35:00,1.927172303,0.0,,407.0,24.84000015,0.0,0
2023-04-16 04:40:00,1.958153367,0.0,,407.0,24.90999985,0.0,0
2023-04-16 04:45:00,1.958551884,0.0,,407.0,24.90999985,0.0,0
2023-04-16 04:50:00,1.919711947,0.0,,407.0,24.86000061,0.0,0
2023-04-16 04:55:00,1.980216622,0.0,,407.0,25.0,0.0,0
2023-04-16 05:00:00,1.953085661,0.0,,407.0,24.95000076,0.0,0
2023-04-16 05:05:00,1.914308906,0.0,,407.0,24.87999916,0.0,0
2023-04-16 05:10:00,1.93326056,0.0,,407.0,24.95000076,0.0,0
2023-04-16 05:15:00,1.910039902,0.0,,407.0,24.95000076,0.0,0
2023-04-16 05:20:00,1.959408045,0.0,,407.0,24.80999947,0.0,0
2023-04-16 05:25:00,1.948803902,0.0,,407.0,24.93000031,0.0,0
2023-04-16 05:30:00,1.956623554,0.0,,407.0,24.80999947,0.0,0
2023-04-16 05:35:00,1.935563803,0.0,,407.0,25.0,0.0,0
2023-04-16 05:40:00,2.024581909,0.0,,407.0,25.04000092,0.0,0
2023-04-16 05:45:00,1.949733377,0.0,,407.0,24.90999985,0.0,0
2023-04-16 05:50:00,2.0300951,0.0,,407.0,24.93000031,0.0,0
2023-04-16 05:55:00,1.972618461,0.0,,407.0,24.93000031,0.0,0
2023-04-16 06:00:00,1.991474271,0.0,,407.0,24.90999985,0.0,0
2023-04-16 06:05:00,1.950433493,0.0,,407.0,24.90999985,0.0,0
2023-04-16 06:10:00,1.957455277,0.0,,407.0,24.87999916,0.0,0
2023-04-16 06:15:00,1.991592884,0.0,,407.0,24.90999985,0.0,0
2023-04-16 06:20:00,1.946442604,0.0,,407.0,25.0,0.0,0
2023-04-16 06:25:00,1.885037184,0.0,,407.0,24.96999931,0.0,0
2023-04-16 06:30:00,1.927965522,0.0,,407.0,24.86000061,0.0,0
2023-04-16 06:35:00,1.952516317,0.0,,407.0,24.90999985,0.0,0
2023-04-16 06:40:00,1.947460651,0.0,,407.0,24.93000031,0.0,0
2023-04-16 06:45:00,1.969749332,0.0,,407.0,24.96999931,0.0,0
2023-04-16 06:50:00,1.939104319,0.0,,407.0,24.95000076,0.0,0
2023-04-16 06:55:00,1.936796427,0.0,,407.0,24.79000092,0.0,0
2023-04-16 07:00:00,1.939016938,0.0,,407.0,24.90999985,0.0,0
2023-04-16 07:05:00,1.946763396,0.0,,407.0,24.86000061,0.0,0
2023-04-16 07:10:00,2.004242182,0.0,,407.0,24.75,0.0,0
2023-04-16 07:15:00,2.09326148,0.0,,407.0,24.90999985,0.0,0
2023-04-16 07:20:00,2.067490339,0.0,,407.0,24.79000092,0.0,0
2023-04-16 07:25:00,2.210190296,0.0,,407.0,24.80999947,0.0,0
2023-04-16 07:30:00,2.490027189,0.0,,407.0,24.90999985,0.0,0
2023-04-16 07:35:00,2.635452271,0.0,,407.0,24.80999947,0.0,0
2023-04-16 07:40:00,2.718700886,0.0,,407.0,24.75,0.0,0
2023-04-16 07:45:00,2.772534609,0.0,,407.0,24.93000031,0.0,0
2023-04-16 07:50:00,2.90578866,0.0,,407.0,24.79000092,0.0,0
2023-04-16 07:55:00,3.322042704,0.0,,407.0,24.90999985,0.0,0
2023-04-16 08:00:00,3.824515343,0.0,,407.0,24.79000092,0.0,0
2023-04-16 08:05:00,3.908728361,0.0,,407.0,24.93000031,0.0,0
2023-04-16 08:10:00,4.080490589,0.0,,407.0,24.93000031,0.0,0
2023-04-16 08:15:00,4.310211659,0.0,,407.0,24.84000015,0.0,0
2023-04-16 08:20:00,4.920598984,0.0,,407.0,24.95000076,0.0,0
2023-04-16 08:25:00,5.277599812,0.0,,407.0,24.93000031,0.0,0
2023-04-16 08:30:00,5.478805542,0.0,,407.0,24.80999947,0.0,0
2023-04-16 08:35:00,5.883112431,0.0,,407.0,24.96999931,0.0,0
2023-04-16 08:40:00,6.504503727,0.0,,407.0,24.86000061,0.0,0
2023-04-16 08:45:00,6.748898983,0.0,,407.0,24.75,0.0,0
2023-04-16 08:50:00,6.799248695,0.0,,407.0,25.04000092,0.0,0
2023-04-16 08:55:00,6.90431881,0.0,,407.0,24.80999947,0.0,0
2023-04-16 09:00:00,7.052691937,0.0,,407.0,24.90999985,0.0,0
2023-04-16 09:05:00,7.514490604,0.0,,407.0,24.95000076,0.0,0
2023-04-16 09:10:00,7.933072567,0.0,,407.0,25.0,0.0,0
2023-04-16 09:15:00,8.121912003,0.0,,407.0,24.84000015,0.0,0
2023-04-16 09:20:00,8.199905396,0.0,,407.0,24.79000092,0.0,0
2023-04-16 09:25:00,8.2790308,0.0,,407.0,24.77000046,0.0,0
2023-04-16 09:30:00,8.39730072,0.0,,407.0,25.04000092,0.0,0
2023-04-16 09:35:00,8.501523972,0.0,,407.0,24.80999947,0.0,0
2023-04-16 09:40:00,8.893980026,0.0,,407.0,25.0,0.0,0
2023-04-16 09:45:00,9.424272537,0.0,,407.0,24.75,0.0,0
2023-04-16 09:50:00,9.640990257,0.0,,407.0,24.90999985,0.0,0
2023-04-16 09:55:00,10.3164444,0.0,,407.0,24.80999947,0.0,0
2023-04-16 10:00:00,10.93593407,0.0,,407.0,24.84000015,0.0,0
2023-04-16 10:05:00,11.22671127,0.0,,407.0,24.84000015,0.0,0
2023-04-16 10:10:00,12.01841259,0.0,,407.0,24.90999985,0.0,0
2023-04-16 10:15:00,12.41411591,0.0,,407.0,24.90999985,0.0,0
2023-04-16 10:20:00,12.57460976,0.0,,407.0,24.77000046,0.0,0
2023-04-16 10:25:00,13.19015694,0.0,,407.0,24.90999985,0.0,0
2023-04-16 10:30:00,13.83514881,0.0,,407.0,24.80999947,0.0,0
2023-04-16 10:35:00,14.21315193,0.0,,407.0,24.90999985,0.0,0
2023-04-16 10:40:00,15.09080696,0.0,,407.0,24.84000015,0.0,0
2023-04-16 10:45:00,15.4397049,0.0,,407.0,24.87999916,0.0,0
2023-04-16 10:50:00,16.26678658,0.0,,407.0,24.86000061,0.0,0
2023-04-16 10:55:00,16.74590874,0.0,,407.0,24.90999985,0.0,0
2023-04-16 11:00:00,17.14817619,0.0,,407.0,24.80999947,0.0,0
2023-04-16 11:05:00,17.98081398,0.0,,407.0,24.84000015,0.0,0
2023-04-16 11:10:00,18.30161095,0.0,,407.0,24.86000061,0.0,0
2023-04-16 11:15:00,18.65459251,0.0,,407.0,24.80999947,0.0,0
2023-04-16 11:20:00,19.18021393,0.0,,407.0,24.84000015,0.0,0
2023-04-16 11:25:00,19.62656212,0.0,,407.0,24.93000031,0.0,0
2023-04-16 11:30:00,20.1452961,0.0,,407.0,24.80999947,0.0,0
2023-04-16 11:35:00,20.91869736,0.0,,407.0,24.93000031,0.0,0
2023-04-16 11:40:00,21.18739891,0.0,,407.0,24.90999985,0.0,0
2023-04-16 11:45:00,21.71468353,0.0,,407.0,24.80999947,0.0,0
2023-04-16 11:50:00,22.40178299,0.0,,407.0,24.84000015,0.0,0
2023-04-16 11:55:00,22.42088127,0.0,,407.0,24.84000015,0.0,0
2023-04-16 12:00:00,22.48962975,0.0,,407.0,24.87999916,0.0,0
2023-04-16 12:05:00,22.53814125,0.0,,407.0,24.77000046,0.0,0
2023-04-16 12:10:00,23.12073708,0.0,,407.0,24.90999985,0.0,0
2023-04-16 12:15:00,23.78736305,0.0,,407.0,24.90999985,0.0,0
2023-04-16 12:20:00,23.89442444,0.0,,407.0,24.95000076,0.0,0
2023-04-16 12:25:00,23.90850258,0.0,,407.0,24.87999916,0.0,0
2023-04-16 12:30:00,23.91245842,0.0,,407.0,24.87999916,0.0,0
2023-04-16 12:35:00,24.14269257,0.0,,407.0,25.04000092,0.0,0
2023-04-16 12:40:00,24.96880531,0.0,,407.0,25.0,0.0,0
2023-04-16 12:45:00,25.27820206,0.0,,407.0,25.02000046,0.0,0
2023-04-16 12:50:00,25.38142776,0.0,,407.0,24.93000031,0.0,0
2023-04-16 12:55:00,25.09715462,0.0,,407.0,24.93000031,0.0,0
2023-04-16 13:00:00,25.41215324,0.0,,407.0,25.04000092,0.0,0
2023-04-16 13:05:00,26.62479401,0.0,,407.0,24.93000031,0.0,0
2023-04-16 13:10:00,24.8721962,0.0,,407.0,24.96999931,0.0,0
2023-04-16 13:15:00,23.96052742,0.0,,407.0,24.96999931,0.0,0
2023-04-16 13:20:00,22.83586884,0.0,,407.0,25.02000046,0.0,0
2023-04-16 13:25:00,21.59005737,0.0,,407.0,25.0,0.0,0
2023-04-16 13:30:00,19.61485863,0.0,,407.0,25.25,0.0,0
2023-04-16 13:35:00,18.47333717,0.0,,407.0,25.09000015,0.0,0
2023-04-16 13:40:00,17.44842911,0.0,,407.0,25.04000092,0.0,0
2023-04-16 13:45:00,16.77105522,0.0,,407.0,25.11000061,0.0,0
2023-04-16 13:50:00,16.5240097,0.0,,407.0,25.0,0.0,0
2023-04-16 13:55:00,15.50139618,0.0,,407.0,25.13999939,0.0,0
2023-04-16 14:00:00,14.33759117,0.0,,407.0,24.95000076,0.0,0
2023-04-16 14:05:00,13.89451981,0.0,,407.0,25.06999969,0.0,0
2023-04-16 14:10:00,13.58750153,0.0,,407.0,24.96999931,0.0,0
2023-04-16 14:15:00,13.36552143,0.0,,407.0,25.02000046,0.0,0
2023-04-16 14:20:00,13.54427052,0.0,,407.0,24.93000031,0.0,0
2023-04-16 14:25:00,14.29961395,0.0,,407.0,24.96999931,0.0,0
2023-04-16 14:30:00,15.78634262,0.0,,407.0,25.13999939,0.0,0
2023-04-16 14:35:00,16.89296913,0.0,,407.0,24.96999931,0.0,0
2023-04-16 14:40:00,17.98292923,0.0,,407.0,25.11000061,0.0,0
2023-04-16 14:45:00,18.38690376,0.0,,407.0,25.02000046,0.0,0
2023-04-16 14:50:00,17.21160889,0.0,,407.0,25.02000046,0.0,0
2023-04-16 14:55:00,14.62636375,0.0,,407.0,24.96999931,0.0,0
2023-04-16 15:00:00,13.53555584,0.0,,407.0,25.06999969,0.0,0
2023-04-16 15:05:00,14.67825508,0.0,,407.0,25.11000061,0.0,0
2023-04-16 15:10:00,15.23575115,0.0,,407.0,25.06999969,0.0,0
2023-04-16 15:15:00,14.08236408,0.0,,407.0,24.93000031,0.0,0
2023-04-16 15:20:00,12.58520126,0.0,,407.0,25.02000046,0.0,0
2023-04-16 15:25:00,12.20729923,0.0,,407.0,25.13999939,0.0,0
2023-04-16 15:30:00,12.04537296,0.0,,407.0,24.96999931,0.0,0
2023-04-16 15:35:00,12.41820908,0.0,,407.0,25.0,0.0,0
2023-04-16 15:40:00,12.95131588,0.0,,407.0,25.18000031,0.0,0
2023-04-16 15:45:00,13.79952526,0.0,,407.0,25.25,0.0,0
2023-04-16 15:50:00,13.80023575,0.0,,407.0,24.96999931,0.0,0
2023-04-16 15:55:00,13.62650108,0.0,,407.0,24.95000076,0.0,0
2023-04-16 16:00:00,13.76430893,0.0,,407.0,25.09000015,0.0,0
2023-04-16 16:05:00,13.87597942,0.0,,407.0,25.09000015,0.0,0
2023-04-16 16:10:00,13.99207306,0.0,,407.0,25.04000092,0.0,0
2023-04-16 16:15:00,13.90728855,0.0,,407.0,24.96999931,0.0,0
2023-04-16 16:20:00,14.05818653,0.0,,407.0,25.06999969,0.0,0
2023-04-16 16:25:00,15.14549065,0.0,,407.0,25.06999969,0.0,0
2023-04-16 16:30:00,15.35917759,0.0,,407.0,25.04000092,0.0,0
2023-04-16 16:35:00,15.22709274,0.0,,407.0,25.04000092,0.0,0
2023-04-16 16:40:00,15.43617249,0.0,,407.0,24.87999916,0.0,0
2023-04-16 16:45:00,15.45712852,0.0,,407.0,25.09000015,0.0,0
2023-04-16 16:50:00,15.70852947,0.0,,407.0,25.09000015,0.0,0
2023-04-16 16:55:00,16.16095352,0.0,,407.0,25.09000015,0.0,0
2023-04-16 17:00:00,16.77814102,0.0,,407.0,25.13999939,0.0,0
2023-04-16 17:05:00,16.09475899,0.0,,407.0,25.06999969,0.0,0
2023-04-16 17:10:00,14.48092842,0.0,,407.0,25.11000061,0.0,0
2023-04-16 17:15:00,12.98224068,0.0,,407.0,25.11000061,0.0,0
2023-04-16 17:20:00,11.91423225,0.0,,407.0,25.11000061,0.0,0
2023-04-16 17:25:00,11.18575573,0.0,,407.0,25.28000069,0.0,0
2023-04-16 17:30:00,10.87461758,0.0,,407.0,25.18000031,0.0,0
2023-04-16 17:35:00,10.77498245,0.0,,407.0,25.06999969,0.0,0
2023-04-16 17:40:00,10.92429066,0.0,,407.0,25.06999969,0.0,0
2023-04-16 17:45:00,10.35929108,0.0,,407.0,24.95000076,0.0,0
2023-04-16 17:50:00,9.789029121,0.0,,407.0,25.28000069,0.0,0
2023-04-16 17:55:00,9.647670746,0.0,,407.0,24.95000076,0.0,0
2023-04-16 18:00:00,9.638987541,0.0,,407.0,25.0,0.0,0
2023-04-16 18:05:00,9.494623184,0.0,,407.0,25.02000046,0.0,0
2023-04-16 18:10:00,8.994915009,0.0,,407.0,25.02000046,0.0,0
2023-04-16 18:15:00,9.049322128,0.0,,407.0,25.04000092,0.0,0
2023-04-16 18:20:00,9.479149818,0.0,,407.0,25.06999969,0.0,0
2023-04-16 18:25:00,10.20504093,0.0,,407.0,24.96999931,0.0,0
2023-04-16 18:30:00,10.07528877,0.0,,407.0,25.15999985,0.0,0
2023-04-16 18:35:00,9.794417381,0.0,,407.0,25.02000046,0.0,0
2023-04-16 18:40:00,8.681087494,0.0,,407.0,25.04000092,0.0,0
2023-04-16 18:45:00,8.184700966,0.0,,407.0,25.13999939,0.0,0
2023-04-16 18:50:00,7.57580471,0.0,,407.0,25.15999985,0.0,0
2023-04-16 18:55:00,7.062361717,0.0,,407.0,25.09000015,0.0,0
2023-04-16 19:00:00,6.881276608,0.0,,407.0,25.04000092,0.0,0
2023-04-16 19:05:00,6.935256958,0.0,,407.0,25.09000015,0.0,0
2023-04-16 19:10:00,6.864221573,0.0,,407.0,25.04000092,0.0,0
2023-04-16 19:15:00,6.447529316,0.0,,407.0,25.04000092,0.0,0
2023-04-16 19:20:00,5.559907436,0.0,,407.0,25.04000092,0.0,0
2023-04-16 19:25:00,5.235051632,0.0,,407.0,25.02000046,0.0,0
2023-04-16 19:30:00,4.827139378,0.0,,407.0,25.06999969,0.0,0
2023-04-16 19:35:00,4.164577007,0.0,,407.0,25.06999969,0.0,0
2023-04-16 19:40:00,3.815464973,0.0,,407.0,25.18000031,0.0,0
2023-04-16 19:45:00,3.171252728,0.0,,407.0,25.04000092,0.0,0
2023-04-16 19:50:00,2.762713671,0.0,,407.0,25.09000015,0.0,0
2023-04-16 19:55:00,2.587517262,0.0,,407.0,25.06999969,0.0,0
2023-04-16 20:00:00,2.205575943,0.0,,407.0,24.87999916,0.0,0
2023-04-16 20:05:00,1.973422766,0.0,,407.0,24.93000031,0.0,0
2023-04-16 20:10:00,2.012874603,0.0,,407.0,25.06999969,0.0,0
2023-04-16 20:15:00,1.937332988,0.0,,407.0,24.96999931,0.0,0
2023-04-16 20:20:00,1.917614937,0.0,,407.0,24.87999916,0.0,0
2023-04-16 20:25:00,1.89998591,0.0,,407.0,25.0,0.0,0
2023-04-16 20:30:00,1.935872436,0.0,,407.0,24.79000092,0.0,0
2023-04-16 20:35:00,1.872866273,0.0,,407.0,24.84000015,0.0,0
2023-04-16 20:40:00,1.964645624,0.0,,407.0,24.79000092,0.0,0
2023-04-16 20:45:00,1.911027432,0.0,,407.0,24.90999985,0.0,0
2023-04-16 20:50:00,1.923405767,0.0,,407.0,24.84000015,0.0,0
2023-04-16 20:55:00,1.918020368,0.0,,407.0,24.87999916,0.0,0
2023-04-16 21:00:00,1.913939714,0.0,,407.0,25.06999969,0.0,0
2023-04-16 21:05:00,1.927456975,0.0,,407.0,24.93000031,0.0,0
2023-04-16 21:10:00,1.952878833,0.0,,407.0,25.06999969,0.0,0
2023-04-16 21:15:00,1.892484546,0.0,,407.0,24.93000031,0.0,0
2023-04-16 21:20:00,1.966279745,0.0,,407.0,24.84000015,0.0,0
2023-04-16 21:25:00,1.92503798,0.0,,407.0,24.84000015,0.0,0
2023-04-16 21:30:00,1.923051119,0.0,,407.0,24.90999985,0.0,0
2023-04-16 21:35:00,1.955601335,0.0,,407.0,24.79000092,0.0,0
2023-04-16 21:40:00,1.932657599,0.0,,407.0,24.79000092,0.0,0
2023-04-16 21:45:00,1.937523365,0.0,,407.0,24.90999985,0.0,0
2023-04-16 21:50:00,1.969978809,0.0,,407.0,25.06999969,0.0,0
2023-04-16 21:55:00,1.906931758,0.0,,407.0,24.95000076,0.0,0
2023-04-16 22:00:00,1.89871037,0.0,,407.0,24.95000076,0.0,0
2023-04-16 22:05:00,1.927735806,0.0,,407.0,24.96999931,0.0,0
2023-04-16 22:10:00,2.018991709,0.0,,407.0,25.11000061,0.0,0
2023-04-16 22:15:00,1.990949392,0.0,,407.0,25.06999969,0.0,0
2023-04-16 22:20:00,1.968439937,0.0,,407.0,25.06999969,0.0,0
2023-04-16 22:25:00,1.915130496,0.0,,407.0,24.96999931,0.0,0
2023-04-16 22:30:00,1.955000401,0.0,,407.0,24.87999916,0.0,0
2023-04-16 22:35:00,2.009610176,0.0,,407.0,24.93000031,0.0,0
2023-04-16 22:40:00,1.916988134,0.0,,407.0,24.95000076,0.0,0
2023-04-16 22:45:00,1.908734679,0.0,,407.0,24.77000046,0.0,0
2023-04-16 22:50:00,1.910223484,0.0,,407.0,24.75,0.0,0
2023-04-16 22:55:00,1.917247772,0.0,,407.0,24.71999931,0.0,0
2023-04-16 23:00:00,1.950844407,0.0,,407.0,24.80999947,0.0,0
2023-04-16 23:05:00,1.937231541,0.0,,407.0,24.86000061,0.0,0
2023-04-16 23:10:00,1.877688885,0.0,,407.0,24.77000046,0.0,0
2023-04-16 23:15:00,1.890233636,0.0,,407.0,24.86000061,0.0,0
2023-04-16 23:20:00,1.933969259,0.0,,407.0,24.86000061,0.0,0
2023-04-16 23:25:00,1.896096945,0.0,,407.0,24.90999985,0.0,0
2023-04-16 23:30:00,1.942949534,0.0,,407.0,24.80999947,0.0,0
2023-04-16 23:35:00,1.965407133,0.0,,407.0,24.93000031,0.0,0
2023-04-16 23:40:00,1.864652872,0.0,,407.0,24.80999947,0.0,0
2023-04-16 23:45:00,1.912057757,0.0,,407.0,24.84000015,0.0,0
2023-04-16 23:50:00,1.897245407,0.0,,407.0,24.90999985,0.0,0
2023-04-16 23:55:00,1.877722859,0.0,,407.0,24.93000031,0.0,0
2023-04-17 00:00:00,1.903160095,0.0,,407.0,24.95000076,0.0,0
2023-04-17 00:05:00,1.952812314,0.0,,407.0,24.93000031,0.0,0
2023-04-17 00:10:00,1.985835433,0.0,,407.0,24.90999985,0.0,0
2023-04-17 00:15:00,2.015852213,0.0,,407.0,24.86000061,0.0,0
2023-04-17 00:20:00,1.994141936,0.0,,407.0,24.93000031,0.0,0
2023-04-17 00:25:00,1.962391615,0.0,,407.0,24.86000061,0.0,0
2023-04-17 00:30:00,1.987933159,0.0,,407.0,25.02000046,0.0,0
2023-04-17 00:35:00,1.879959822,0.0,,407.0,24.93000031,0.0,0
2023-04-17 00:40:00,1.930095077,0.0,,407.0,24.90999985,0.0,0
2023-04-17 00:45:00,2.017455101,0.0,,407.0,24.79000092,0.0,0
2023-04-17 00:50:00,1.956441999,0.0,,407.0,24.90999985,0.0,0
2023-04-17 00:55:00,1.970383644,0.0,,407.0,24.80999947,0.0,0
2023-04-17 01:00:00,1.976872683,0.0,,407.0,24.80999947,0.0,0
2023-04-17 01:05:00,1.928943634,0.0,,407.0,24.84000015,0.0,0
2023-04-17 01:10:00,1.990537763,0.0,,407.0,24.84000015,0.0,0
2023-04-17 01:15:00,1.965451241,0.0,,407.0,24.71999931,0.0,0
2023-04-17 01:20:00,1.923771858,0.0,,407.0,24.79000092,0.0,0
2023-04-17 01:25:00,1.98084867,0.0,,407.0,24.86000061,0.0,0
2023-04-17 01:30:00,1.93159163,0.0,,407.0,24.87999916,0.0,0
2023-04-17 01:35:00,1.913138628,0.0,,407.0,24.84000015,0.0,0
2023-04-17 01:40:00,1.93846786,0.0,,407.0,24.90999985,0.0,0
2023-04-17 01:45:00,1.968939781,0.0,,407.0,24.80999947,0.0,0
2023-04-17 01:50:00,1.870284915,0.0,,407.0,24.84000015,0.0,0
2023-04-17 01:55:00,1.902981281,0.0,,407.0,24.86000061,0.0,0
2023-04-17 02:00:00,1.972309232,0.0,,407.0,24.75,0.0,0
2023-04-17 02:05:00,1.906916738,0.0,,407.0,24.68000031,0.0,0
2023-04-17 02:10:00,1.916712523,0.0,,407.0,24.93000031,0.0,0
2023-04-17 02:15:00,1.9168576,0.0,,407.0,24.70000076,0.0,0
2023-04-17 02:20:00,1.926353812,0.0,,407.0,24.80999947,0.0,0
2023-04-17 02:25:00,1.929641604,0.0,,407.0,24.75,0.0,0
2023-04-17 02:30:00,1.935618758,0.0,,407.0,24.80999947,0.0,0
2023-04-17 02:35:00,1.945339561,0.0,,407.0,24.86000061,0.0,0
2023-04-17 02:40:00,1.940696001,0.0,,407.0,24.70000076,0.0,0
2023-04-17 02:45:00,1.962712407,0.0,,407.0,24.61000061,0.0,0
2023-04-17 02:50:00,1.947339296,0.0,,407.0,24.71999931,0.0,0
2023-04-17 02:55:00,1.975096703,0.0,,407.0,24.77000046,0.0,0
2023-04-17 03:00:00,1.981305122,0.0,,407.0,24.84000015,0.0,0
2023-04-17 03:05:00,1.91166687,0.0,,407.0,24.75,0.0,0
2023-04-17 03:10:00,1.934222579,0.0,,407.0,24.70000076,0.0,0
2023-04-17 03:15:00,1.952156663,0.0,,407.0,24.70000076,0.0,0
2023-04-17 03:20:00,1.967238069,0.0,,407.0,24.79000092,0.0,0
2023-04-17 03:25:00,1.943558097,0.0,,407.0,24.75,0.0,0
2023-04-17 03:30:00,1.950725913,0.0,,407.0,24.79000092,0.0,0
2023-04-17 03:35:00,1.984412909,0.0,,407.0,24.61000061,0.0,0
2023-04-17 03:40:00,1.972034931,0.0,,407.0,24.86000061,0.0,0
2023-04-17 03:45:00,1.924267888,0.0,,407.0,24.79000092,0.0,0
2023-04-17 03:50:00,1.94616425,0.0,,407.0,24.80999947,0.0,0
2023-04-17 03:55:00,1.9642694,0.0,,407.0,24.75,0.0,0
2023-04-17 04:00:00,1.894602537,0.0,,407.0,24.96999931,0.0,0
2023-04-17 04:05:00,1.931485891,0.0,,407.0,24.87999916,0.0,0
2023-04-17 04:10:00,1.953225732,0.0,,407.0,24.84000015,0.0,0
2023-04-17 04:15:00,1.928195238,0.0,,407.0,24.86000061,0.0,0
2023-04-17 04:20:00,1.901399016,0.0,,407.0,24.79000092,0.0,0
2023-04-17 04:25:00,1.913996816,0.0,,407.0,24.90999985,0.0,0
2023-04-17 04:30:00,1.943978667,0.0,,407.0,24.80999947,0.0,0
2023-04-17 04:35:00,1.879117608,0.0,,407.0,24.87999916,0.0,0
2023-04-17 04:40:00,1.911915422,0.0,,407.0,24.77000046,0.0,0
2023-04-17 04:45:00,1.909790874,0.0,,407.0,24.84000015,0.0,0
2023-04-17 04:50:00,1.946526885,0.0,,407.0,24.84000015,0.0,0
2023-04-17 04:55:00,1.91767931,0.0,,407.0,24.90999985,0.0,0
2023-04-17 05:00:00,1.888190746,0.0,,407.0,24.86000061,0.0,0
2023-04-17 05:05:00,1.922945261,0.0,,407.0,24.80999947,0.0,0
2023-04-17 05:10:00,1.921074033,0.0,,407.0,24.84000015,0.0,0
2023-04-17 05:15:00,1.956354022,0.0,,407.0,24.80999947,0.0,0
2023-04-17 05:20:00,1.93616426,0.0,,407.0,24.86000061,0.0,0
2023-04-17 05:25:00,2.034301758,0.0,,407.0,24.93000031,0.0,0
2023-04-17 05:30:00,1.951096416,0.0,,407.0,24.79000092,0.0,0
2023-04-17 05:35:00,2.024261475,0.0,,407.0,24.93000031,0.0,0
2023-04-17 05:40:00,2.002370834,0.0,,407.0,24.79000092,0.0,0
2023-04-17 05:45:00,1.969590902,0.0,,407.0,24.87999916,0.0,0
2023-04-17 05:50:00,1.963334322,0.0,,407.0,24.93000031,0.0,0
2023-04-17 05:55:00,1.931340933,0.0,,407.0,24.80999947,0.0,0
2023-04-17 06:00:00,1.972539783,0.0,,407.0,24.54000092,0.0,0
2023-04-17 06:05:00,1.979283333,0.0,,407.0,24.65999985,0.0,0
2023-04-17 06:10:00,2.043587446,0.0,,407.0,24.70000076,0.0,0
2023-04-17 06:15:00,1.955509543,0.0,,407.0,24.65999985,0.0,0
2023-04-17 06:20:00,1.976742268,0.0,,407.0,24.62999916,0.0,0
2023-04-17 06:25:00,2.32305932,0.0,,407.0,24.71999931,0.0,0
2023-04-17 06:30:00,2.641136885,0.0,,407.0,24.77000046,0.0,0
2023-04-17 06:35:00,3.096316338,0.0,,407.0,24.68000031,0.0,0
2023-04-17 06:40:00,3.807020187,0.0,,407.0,24.65999985,0.0,0
2023-04-17 06:45:00,4.137531757,0.0,,407.0,24.65999985,0.0,0
2023-04-17 06:50:00,5.002483368,0.0,,407.0,24.61000061,0.0,0
2023-04-17 06:55:00,5.341409206,0.0,,407.0,24.62999916,0.0,0
2023-04-17 07:00:00,6.112478733,0.0,,407.0,24.65999985,0.0,0
2023-04-17 07:05:00,6.633525848,0.0,,407.0,24.62999916,0.0,0
2023-04-17 07:10:00,6.90851593,0.0,,407.0,24.80999947,0.0,0
2023-04-17 07:15:00,7.745692253,0.0,,407.0,24.59000015,0.0,0
2023-04-17 07:20:00,8.103507996,0.0,,407.0,24.59000015,0.0,0
2023-04-17 07:25:00,8.40453434,0.0,,407.0,24.46999931,0.0,0
2023-04-17 07:30:00,9.129187584,0.0,,407.0,24.20000076,0.0,0
2023-04-17 07:35:00,9.526918411,0.0,,407.0,24.36000061,0.0,0
2023-04-17 07:40:00,9.725649834,0.0,,407.0,24.40999985,0.0,0
2023-04-17 07:45:00,10.24324703,0.0,,407.0,24.79000092,0.0,0
2023-04-17 07:50:00,10.8165884,0.0,,407.0,24.70000076,0.0,0
2023-04-17 07:55:00,11.03604317,0.0,,407.0,24.75,0.0,0
2023-04-17 08:00:00,11.16246319,0.0,,407.0,24.62999916,0.0,0
2023-04-17 08:05:00,11.33286953,0.0,,407.0,24.68000031,0.0,0
2023-04-17 08:10:00,11.76303196,0.0,,407.0,24.87999916,0.0,0
2023-04-17 08:15:00,12.19245625,0.0,,407.0,24.86000061,0.0,0
2023-04-17 08:20:00,12.60076618,0.0,,407.0,24.61000061,0.0,0
2023-04-17 08:25:00,15.11546326,0.0,,407.0,23.79999924,0.0,0
2023-04-17 08:30:00,17.74525833,0.0,,407.0,23.31999969,0.0,0
2023-04-17 08:35:00,18.1769886,0.0,,457.0,23.05999947,0.0,0
2023-04-17 08:40:00,18.2790699,0.0,,457.0,23.20000076,0.0,0
2023-04-17 08:45:00,19.63375092,0.0,,457.0,23.15999985,0.0,0
2023-04-17 08:50:00,19.3002243,0.0,,507.0,23.18000031,0.0,1
2023-04-17 08:55:00,20.74900436,0.0,,507.0,23.11000061,0.0,1
2023-04-17 09:00:00,21.9989624,0.0,,507.0,23.15999985,0.0,1
2023-04-17 09:05:00,21.12885284,0.0,,507.0,23.13999939,0.0,1
2023-04-17 09:10:00,22.98440552,0.0,,507.0,23.65999985,0.0,1
2023-04-17 09:15:00,25.27932167,0.0,,507.0,24.12999916,0.0,1
2023-04-17 09:20:00,25.70277786,0.0,,507.0,24.17000008,0.0,1
2023-04-17 09:25:00,25.98584557,0.0,,507.0,23.68000031,0.0,1
2023-04-17 09:30:00,27.20413971,0.0,,507.0,23.87000084,0.0,1
2023-04-17 09:35:00,28.26656914,0.0,,507.0,24.12999916,0.0,1
2023-04-17 09:40:00,29.06743431,0.0,,507.0,24.10000038,0.0,1
2023-04-17 09:45:00,29.21608353,0.0,,507.0,24.07999992,0.0,1
2023-04-17 09:50:00,29.32808113,0.0,,507.0,24.03000069,0.0,1
2023-04-17 09:55:00,31.07771683,0.0,,507.0,24.05999947,0.0,1
2023-04-17 10:00:00,28.73028564,0.0,,507.0,24.20000076,0.0,1
2023-04-17 10:05:00,28.13608551,0.0,,507.0,24.34000015,0.0,1
2023-04-17 10:10:00,29.34369278,0.0,,507.0,24.5,0.0,1
2023-04-17 10:15:00,30.02585983,0.0,,557.0,24.27000046,0.0,1
2023-04-17 10:20:00,29.12483978,0.0,,557.0,24.29000092,0.0,1
2023-04-17 10:25:00,28.18982887,0.0,,557.0,24.34000015,0.0,1
2023-04-17 10:30:00,28.30999565,0.0,,557.0,24.40999985,0.0,1
2023-04-17 10:35:00,27.62452316,0.0,,557.0,24.80999947,0.0,1
2023-04-17 10:40:00,28.29945946,0.0,,557.0,25.02000046,0.0,1
2023-04-17 10:45:00,28.58494377,0.0,,607.0,24.52000046,0.0,1
2023-04-17 10:50:00,27.9967823,0.0,,607.0,24.65999985,0.0,1
2023-04-17 10:55:00,27.60291862,0.0,,618.0,24.55999947,0.0,1
2023-04-17 11:00:00,27.72829056,0.0,,618.0,24.65999985,0.0,1
2023-04-17 11:05:00,27.63301086,0.0,,618.0,24.55999947,0.0,1
2023-04-17 11:10:00,28.34561539,0.0,,618.0,24.54000092,0.0,1
2023-04-17 11:15:00,28.26996613,0.0,,618.0,24.23999977,0.0,1
2023-04-17 11:20:00,27.62642097,0.0,,618.0,24.46999931,0.0,1
2023-04-17 11:25:00,27.04685593,0.0,,618.0,24.05999947,0.0,1
2023-04-17 11:30:00,27.21195412,0.0,,618.0,24.59000015,0.0,1
2023-04-17 11:35:00,27.8501091,0.0,,618.0,24.17000008,0.0,1
2023-04-17 11:40:00,24.46983528,0.0,,618.0,23.77000046,0.0,1
2023-04-17 11:45:00,27.03513718,0.0,,618.0,23.65999985,0.0,1
2023-04-17 11:50:00,27.37485123,0.0,,568.0,23.52000046,0.0,1
2023-04-17 11:55:00,27.4894352,0.0,,568.0,23.43000031,0.0,1
2023-04-17 12:00:00,27.843256,0.0,,568.0,23.56999969,0.0,1
2023-04-17 12:05:00,28.15256119,0.0,,568.0,23.5,0.0,1
2023-04-17 12:10:00,28.46461678,0.0,,568.0,23.5,0.0,1
2023-04-17 12:15:00,29.4888401,0.0,,568.0,23.5,0.0,1
2023-04-17 12:20:00,29.61579895,0.0,,568.0,23.54000092,0.0,1
2023-04-17 12:25:00,29.76315689,0.0,,568.0,23.47999954,0.0,1
2023-04-17 12:30:00,29.79877853,0.0,,568.0,23.5,0.0,1
2023-04-17 12:35:00,30.14781189,0.0,,568.0,23.70000076,0.0,1
2023-04-17 12:40:00,32.13024902,0.0,,568.0,23.72999954,0.0,1
2023-04-17 12:45:00,33.18953705,0.0,,618.0,23.62999916,0.0,1
2023-04-17 12:50:00,32.96969986,0.0,,618.0,23.70000076,0.0,1
2023-04-17 12:55:00,32.86204529,0.0,,618.0,23.81999969,0.0,1
2023-04-17 13:00:00,32.82368088,0.0,,618.0,23.84000015,0.0,1
2023-04-17 13:05:00,33.12129211,0.0,,668.0,23.87000084,0.0,1
2023-04-17 13:10:00,33.79405594,0.0,,668.0,23.79999924,0.0,1
2023-04-17 13:15:00,34.61259079,0.0,,668.0,23.77000046,0.0,1
2023-04-17 13:20:00,34.77693176,0.0,,618.0,24.01000023,0.0,1
2023-04-17 13:25:00,34.13545609,0.0,,627.0,25.53000069,0.0,1
2023-04-17 13:30:00,33.81682205,0.0,,627.0,25.55999947,0.0,1
2023-04-17 13:35:00,35.42681122,0.0,,627.0,25.45999908,0.0,1
2023-04-17 13:40:00,35.96979523,0.0,,627.0,25.53000069,0.0,1
2023-04-17 13:45:00,36.97915649,0.0,,627.0,25.53000069,0.0,1
2023-04-17 13:50:00,37.24201584,0.0,,627.0,25.51000023,0.0,1
2023-04-17 13:55:00,36.27206039,0.0,,627.0,25.73999977,0.0,1
2023-04-17 14:00:00,36.71500397,0.0,,627.0,25.84000015,0.0,1
2023-04-17 14:05:00,37.6985054,0.0,,628.0,25.86000061,0.0,1
2023-04-17 14:10:00,38.89100266,0.0,,634.0,25.93000031,0.0,1
2023-04-17 14:15:00,40.06490326,0.0,,634.0,25.95999908,0.0,1
2023-04-17 14:20:00,39.84838486,0.0,,634.0,25.95999908,0.0,1
2023-04-17 14:25:00,38.61557007,0.0,,634.0,25.90999985,0.0,1
2023-04-17 14:30:00,40.12311935,0.0,,634.0,25.95999908,0.0,1
2023-04-17 14:35:00,41.30541229,0.0,,634.0,25.62999916,0.0,1
2023-04-17 14:40:00,42.23628616,0.0,,634.0,25.55999947,0.0,1
2023-04-17 14:45:00,44.24046326,0.0,,634.0,25.57999992,0.0,1
2023-04-17 14:50:00,46.62098312,0.0,,634.0,25.55999947,0.0,1
2023-04-17 14:55:00,48.6182251,0.0,,634.0,25.60000038,0.0,1
2023-04-17 15:00:00,50.89481354,0.0,,634.0,25.44000053,0.0,1
2023-04-17 15:05:00,53.39260483,0.0,,634.0,25.53000069,0.0,1
2023-04-17 15:10:00,56.66278076,0.0,,634.0,25.62999916,0.0,1
2023-04-17 15:15:00,58.34420395,0.0,,584.0,25.64999962,0.0,1
2023-04-17 15:20:00,56.39923477,0.0,,584.0,25.55999947,0.0,1
2023-04-17 15:25:00,53.35408401,0.0,,584.0,25.77000046,0.0,1
2023-04-17 15:30:00,54.85173416,0.0,,584.0,25.79000092,0.0,1
2023-04-17 15:35:00,56.62239838,0.0,,584.0,25.53000069,0.0,1
2023-04-17 15:40:00,58.89359665,0.0,,584.0,25.60000038,0.0,1
2023-04-17 15:45:00,61.00275421,0.0,,584.0,25.79000092,0.0,1
2023-04-17 15:50:00,62.98631287,0.0,,584.0,25.53000069,0.0,1
2023-04-17 15:55:00,65.46994781,0.0,,584.0,25.62999916,0.0,1
2023-04-17 16:00:00,68.58078003,0.0,,584.0,25.73999977,0.0,1
2023-04-17 16:05:00,72.14715576,0.0,,534.0,25.77000046,0.0,1
2023-04-17 16:10:00,75.67552948,0.0,,534.0,25.64999962,0.0,1
2023-04-17 16:15:00,79.28374481,0.0,,482.0,24.75,0.0,1
2023-04-17 16:20:00,83.1213913,0.0,,482.0,24.59000015,0.0,1
2023-04-17 16:25:00,87.96063232,0.0,,482.0,24.45000076,0.0,1
2023-04-17 16:30:00,94.62229919,0.0,,482.0,24.5,0.0,1
2023-04-17 16:35:00,100.8127365,0.0,,482.0,24.40999985,0.0,1
2023-04-17 16:40:00,107.392395,0.0,,482.0,24.61000061,0.0,1
2023-04-17 16:45:00,115.5443726,0.0,,482.0,24.65999985,0.0,1
2023-04-17 16:50:00,124.6300659,0.0,,482.0,24.62999916,0.0,1
2023-04-17 16:55:00,153.8574066,0.0,,482.0,24.80999947,0.0,1
2023-04-17 17:00:00,197.5322723,0.0,,482.0,24.71999931,0.0,1
2023-04-17 17:05:00,226.7112122,0.0,,482.0,24.80999947,0.0,1
2023-04-17 17:10:00,244.4641113,0.0,,482.0,24.90999985,0.0,1
2023-04-17 17:15:00,259.08255,0.0,,482.0,24.80999947,0.0,1
2023-04-17 17:20:00,332.1176147,0.0,,482.0,25.02000046,0.0,1
2023-04-17 17:25:00,420.6297607,0.0,,482.0,25.06999969,0.0,1
2023-04-17 17:30:00,472.9211426,0.0,,482.0,25.06999969,0.0,1
2023-04-17 17:35:00,504.6645203,0.0,,482.0,25.06999969,0.0,1
2023-04-17 17:40:00,489.8115845,0.0,,482.0,25.20999908,0.0,1
2023-04-17 17:45:00,443.5500183,0.0,,532.0,25.20999908,0.0,1
2023-04-17 17:50:00,427.1730652,0.0,,532.0,25.31999969,0.0,1
2023-04-17 17:55:00,415.4570313,0.0,,532.0,25.31999969,0.0,1
2023-04-17 18:00:00,380.5275269,0.0,,532.0,25.45999908,0.0,1
2023-04-17 18:05:00,354.9603577,0.0,,532.0,25.51000023,0.0,1
2023-04-17 18:10:00,326.1081543,0.0,,532.0,25.60000038,0.0,1
2023-04-17 18:15:00,294.1004944,0.0,,532.0,25.55999947,0.0,1
2023-04-17 18:20:00,261.0052795,0.0,,532.0,25.70000076,0.0,1
2023-04-17 18:25:00,233.8567047,0.0,,532.0,25.60000038,0.0,1
2023-04-17 18:30:00,216.6565247,0.0,,532.0,25.77000046,0.0,1
2023-04-17 18:35:00,208.0781097,0.0,,532.0,25.60000038,0.0,1
2023-04-17 18:40:00,201.2275391,0.0,,532.0,25.73999977,0.0,1
2023-04-17 18:45:00,196.133606,0.0,,532.0,25.84000015,0.0,1
2023-04-17 18:50:00,185.0523224,0.0,,532.0,25.88999939,0.0,1
2023-04-17 18:55:00,176.4429932,0.0,,532.0,25.79000092,0.0,1
2023-04-17 19:00:00,172.87146,0.0,,532.0,25.88999939,0.0,1
2023-04-17 19:05:00,159.0983734,0.0,,532.0,25.95999908,0.0,1
2023-04-17 19:10:00,142.4066772,0.0,,532.0,26.42000008,0.0,1
2023-04-17 19:15:00,126.6051865,0.0,,532.0,26.94000053,0.0,1
2023-04-17 19:20:00,114.4465256,0.0,,532.0,27.84000015,0.0,1
2023-04-17 19:25:00,108.1734695,0.0,,532.0,27.97999954,0.0,1
2023-04-17 19:30:00,100.9580917,0.0,,532.0,27.70000076,0.0,1
2023-04-17 19:35:00,95.99971771,0.0,,532.0,27.80999947,0.0,1
2023-04-17 19:40:00,98.48233032,0.0,,532.0,27.90999985,0.0,1
2023-04-17 19:45:00,93.86958313,0.0,,532.0,28.17000008,0.0,1
2023-04-17 19:50:00,90.71307373,0.0,,532.0,28.0,0.0,1
2023-04-17 19:55:00,85.50440979,0.0,,532.0,27.77000046,0.0,1
2023-04-17 20:00:00,72.14073181,0.0,,532.0,27.27000046,0.0,1
2023-04-17 20:05:00,52.87561035,0.0,,532.0,27.14999962,0.0,1
2023-04-17 20:10:00,36.46347046,0.0,,532.0,26.89999962,0.0,1
2023-04-17 20:15:00,22.05340767,0.0,,532.0,26.82999992,0.0,1
2023-04-17 20:20:00,12.62282944,0.0,,532.0,26.62000084,0.0,1
2023-04-17 20:25:00,5.318199158,0.0,,532.0,26.44000053,0.0,1
2023-04-17 20:30:00,3.307433605,0.0,,532.0,26.28000069,0.0,1
2023-04-17 20:35:00,2.522742033,0.0,,532.0,26.17000008,0.0,1
2023-04-17 20:40:00,1.919786573,0.0,,532.0,26.17000008,0.0,1
2023-04-17 20:45:00,1.863677263,0.0,,532.0,26.10000038,0.0,1
2023-04-17 20:50:00,1.912785769,0.0,,532.0,25.86000061,0.0,1
2023-04-17 20:55:00,1.903526187,0.0,,532.0,25.79000092,0.0,1
2023-04-17 21:00:00,1.850420117,0.0,,532.0,25.73999977,0.0,1
2023-04-17 21:05:00,1.866376162,0.0,,532.0,25.79000092,0.0,1
2023-04-17 21:10:00,1.895298719,0.0,,532.0,25.60000038,0.0,1
2023-04-17 21:15:00,1.881746888,0.0,,532.0,25.48999977,0.0,1
2023-04-17 21:20:00,1.880683422,0.0,,532.0,25.48999977,0.0,1
2023-04-17 21:25:00,1.871781349,0.0,,532.0,25.31999969,0.0,1
2023-04-17 21:30:00,1.864198566,0.0,,532.0,25.29999924,0.0,1
2023-04-17 21:35:00,1.856043577,0.0,,532.0,25.25,0.0,1
2023-04-17 21:40:00,1.881549239,0.0,,532.0,25.20999908,0.0,1
2023-04-17 21:45:00,1.863202214,0.0,,532.0,25.18000031,0.0,1
2023-04-17 21:50:00,1.893417597,0.0,,532.0,25.13999939,0.0,1
2023-04-17 21:55:00,1.915609717,0.0,,532.0,24.93000031,0.0,1
2023-04-17 22:00:00,1.971354365,0.0,,532.0,25.04000092,0.0,0
2023-04-17 22:05:00,1.898138881,0.0,,544.0,25.02000046,0.0,0
2023-04-17 22:10:00,1.93287766,0.0,,544.0,24.80999947,0.0,0
2023-04-17 22:15:00,1.948476315,0.0,,544.0,24.90999985,0.0,0
2023-04-17 22:20:00,1.95986712,0.0,,544.0,24.90999985,0.0,0
2023-04-17 22:25:00,1.950570464,0.0,,544.0,24.79000092,0.0,0
2023-04-17 22:30:00,1.926571369,0.0,,544.0,24.71999931,0.0,0
2023-04-17 22:35:00,1.893044353,0.0,,544.0,24.75,0.0,0
2023-04-17 22:40:00,1.894849062,0.0,,544.0,24.71999931,0.0,0
2023-04-17 22:45:00,1.887229562,0.0,,544.0,24.61000061,0.0,0
2023-04-17 22:50:00,1.925567746,0.0,,544.0,24.62999916,0.0,0
2023-04-17 22:55:00,1.882518053,0.0,,544.0,24.65999985,0.0,0
2023-04-17 23:00:00,1.92814064,0.0,,544.0,24.5,0.0,0
2023-04-17 23:05:00,1.901026607,0.0,,544.0,24.55999947,0.0,0
2023-04-17 23:10:00,1.838267803,0.0,,544.0,24.55999947,0.0,0
2023-04-17 23:15:00,1.884089351,0.0,,544.0,24.40999985,0.0,0
2023-04-17 23:20:00,1.852460861,0.0,,544.0,24.40999985,0.0,0
2023-04-17 23:25:00,1.884784937,0.0,,544.0,24.43000031,0.0,0
2023-04-17 23:30:00,1.825322628,0.0,,544.0,24.36000061,0.0,0
2023-04-17 23:35:00,1.883364201,0.0,,544.0,24.37999916,0.0,0
2023-04-17 23:40:00,1.872152686,0.0,,544.0,24.40999985,0.0,0
2023-04-17 23:45:00,1.92084825,0.0,,544.0,24.40999985,0.0,0
2023-04-17 23:50:00,1.840335369,0.0,,544.0,24.36000061,0.0,0
2023-04-17 23:55:00,1.835192442,0.0,,544.0,24.23999977,0.0,0
2023-04-18 00:00:00,1.908193469,0.0,,544.0,24.31999969,0.0,0
2023-04-18 00:05:00,1.918307066,0.0,,544.0,24.34000015,0.0,0
2023-04-18 00:10:00,1.90198803,0.0,,544.0,24.34000015,0.0,0
2023-04-18 00:15:00,1.871488333,0.0,,544.0,24.23999977,0.0,0
2023-04-18 00:20:00,1.974055171,0.0,,544.0,24.20000076,0.0,0
2023-04-18 00:25:00,1.90034008,0.0,,544.0,24.14999962,0.0,0
2023-04-18 00:30:00,1.921983957,0.0,,544.0,24.23999977,0.0,0
2023-04-18 00:35:00,1.949297786,0.0,,544.0,24.20000076,0.0,0
2023-04-18 00:40:00,1.934948325,0.0,,544.0,24.14999962,0.0,0
2023-04-18 00:45:00,1.905159473,0.0,,544.0,24.10000038,0.0,0
2023-04-18 00:50:00,1.990722299,0.0,,544.0,24.10000038,0.0,0
2023-04-18 00:55:00,1.906212091,0.0,,544.0,24.17000008,0.0,0
2023-04-18 01:00:00,1.874735117,0.0,,544.0,24.07999992,0.0,0
2023-04-18 01:05:00,1.938185096,0.0,,544.0,24.07999992,0.0,0
2023-04-18 01:10:00,1.932288885,0.0,,544.0,24.10000038,0.0,0
2023-04-18 01:15:00,1.898387313,0.0,,544.0,24.12999916,0.0,0
2023-04-18 01:20:00,1.888605237,0.0,,544.0,23.94000053,0.0,0
2023-04-18 01:25:00,1.939406872,0.0,,544.0,24.03000069,0.0,0
2023-04-18 01:30:00,1.873411536,0.0,,544.0,24.12999916,0.0,0
2023-04-18 01:35:00,1.880750775,0.0,,544.0,23.94000053,0.0,0
2023-04-18 01:40:00,1.90258801,0.0,,544.0,24.03000069,0.0,0
2023-04-18 01:45:00,1.827974558,0.0,,544.0,24.03000069,0.0,0
2023-04-18 01:50:00,1.889237046,0.0,,544.0,24.01000023,0.0,0
2023-04-18 01:55:00,1.847677708,0.0,,544.0,23.97999954,0.0,0
2023-04-18 02:00:00,1.811234355,0.0,,544.0,23.81999969,0.0,0
2023-04-18 02:05:00,1.823836207,0.0,,544.0,23.97999954,0.0,0
2023-04-18 02:10:00,1.840808868,0.0,,544.0,23.84000015,0.0,0
2023-04-18 02:15:00,1.878637314,0.0,,544.0,23.84000015,0.0,0
2023-04-18 02:20:00,1.854192615,0.0,,544.0,23.84000015,0.0,0
2023-04-18 02:25:00,1.849597096,0.0,,544.0,23.77000046,0.0,0
2023-04-18 02:30:00,1.88034904,0.0,,544.0,23.87000084,0.0,0
2023-04-18 02:35:00,1.886998892,0.0,,544.0,23.87000084,0.0,0
2023-04-18 02:40:00,1.852011681,0.0,,544.0,23.77000046,0.0,0
2023-04-18 02:45:00,1.931065798,0.0,,544.0,23.87000084,0.0,0
2023-04-18 02:50:00,1.910624862,0.0,,544.0,23.77000046,0.0,0
2023-04-18 02:55:00,1.930290341,0.0,,544.0,23.81999969,0.0,0
2023-04-18 03:00:00,1.961068034,0.0,,544.0,23.79999924,0.0,0
2023-04-18 03:05:00,1.883829713,0.0,,544.0,23.79999924,0.0,0
2023-04-18 03:10:00,1.968085408,0.0,,544.0,23.72999954,0.0,0
2023-04-18 03:15:00,1.93039918,0.0,,544.0,23.72999954,0.0,0
2023-04-18 03:20:00,1.930291176,0.0,,544.0,23.70000076,0.0,0
2023-04-18 03:25:00,1.887722492,0.0,,544.0,23.70000076,0.0,0
2023-04-18 03:30:00,1.985303521,0.0,,544.0,23.70000076,0.0,0
2023-04-18 03:35:00,1.907026529,0.0,,544.0,23.65999985,0.0,0
2023-04-18 03:40:00,1.927049518,0.0,,544.0,23.59000015,0.0,0
2023-04-18 03:45:00,1.940232277,0.0,,544.0,23.68000031,0.0,0
2023-04-18 03:50:00,1.917765379,0.0,,544.0,23.68000031,0.0,0
2023-04-18 03:55:00,1.919753552,0.0,,544.0,23.77000046,0.0,0
2023-04-18 04:00:00,1.913597584,0.0,,544.0,23.59000015,0.0,0
2023-04-18 04:05:00,1.863629103,0.0,,544.0,23.52000046,0.0,0
2023-04-18 04:10:00,1.885374427,0.0,,544.0,23.59000015,0.0,0
2023-04-18 04:15:00,1.858098626,0.0,,544.0,23.65999985,0.0,0
2023-04-18 04:20:00,1.872558713,0.0,,544.0,23.59000015,0.0,0
2023-04-18 04:25:00,1.851363897,0.0,,544.0,23.72999954,0.0,0
2023-04-18 04:30:00,1.852846026,0.0,,544.0,23.61000061,0.0,0
2023-04-18 04:35:00,1.859744072,0.0,,544.0,23.61000061,0.0,0
2023-04-18 04:40:00,1.864204764,0.0,,544.0,23.68000031,0.0,0
2023-04-18 04:45:00,1.868068934,0.0,,544.0,23.65999985,0.0,0
2023-04-18 04:50:00,1.916769862,0.0,,544.0,23.59000015,0.0,0
2023-04-18 04:55:00,1.884124517,0.0,,544.0,23.56999969,0.0,0
2023-04-18 05:00:00,1.842279673,0.0,,544.0,23.52000046,0.0,0
2023-04-18 05:05:00,1.839864731,0.0,,544.0,23.52000046,0.0,0
2023-04-18 05:10:00,1.882323265,0.0,,544.0,23.52000046,0.0,0
2023-04-18 05:15:00,1.913567066,0.0,,544.0,23.54000092,0.0,0
2023-04-18 05:20:00,1.937173247,0.0,,544.0,23.61000061,0.0,0
2023-04-18 05:25:00,1.885990381,0.0,,544.0,23.61000061,0.0,0
2023-04-18 05:30:00,1.912346363,0.0,,544.0,23.47999954,0.0,0
2023-04-18 05:35:00,1.945070624,0.0,,544.0,23.52000046,0.0,0
2023-04-18 05:40:00,1.879562259,0.0,,544.0,23.45000076,0.0,0
2023-04-18 05:45:00,1.899766564,0.0,,544.0,23.59000015,0.0,0
2023-04-18 05:50:00,1.895585179,0.0,,544.0,23.36000061,0.0,0
2023-04-18 05:55:00,1.912354112,0.0,,544.0,23.37999916,0.0,0
2023-04-18 06:00:00,1.960646868,0.0,,544.0,23.47999954,0.0,0
2023-04-18 06:05:00,1.932934761,0.0,,544.0,23.43000031,0.0,0
2023-04-18 06:10:00,1.902785063,0.0,,544.0,23.43000031,0.0,0
2023-04-18 06:15:00,2.166214228,0.0,,544.0,23.47999954,0.0,0
2023-04-18 06:20:00,2.741476536,0.0,,544.0,23.5,0.0,0
2023-04-18 06:25:00,3.648948669,0.0,,544.0,23.37999916,0.0,0
2023-04-18 06:30:00,4.283276081,0.0,,544.0,23.40999985,0.0,0
2023-04-18 06:35:00,5.279687405,0.0,,544.0,23.37999916,0.0,0
2023-04-18 06:40:00,6.308678627,0.0,,544.0,23.43000031,0.0,0
2023-04-18 06:45:00,7.142083645,0.0,,544.0,23.43000031,0.0,0
2023-04-18 06:50:00,8.088582993,0.0,,544.0,23.47999954,0.0,0
2023-04-18 06:55:00,9.149020195,0.0,,544.0,23.43000031,0.0,0
2023-04-18 07:00:00,9.655751228,0.0,,544.0,23.36000061,0.0,1
2023-04-18 07:05:00,10.79329872,0.0,,544.0,23.37999916,0.0,1
2023-04-18 07:10:00,11.43652821,0.0,,544.0,23.45000076,0.0,1
2023-04-18 07:15:00,12.34456635,0.0,,544.0,23.29000092,0.0,1
2023-04-18 07:20:00,12.8980341,0.0,,544.0,23.36000061,0.0,1
2023-04-18 07:25:00,13.71361828,0.0,,494.0,23.43000031,0.0,1
2023-04-18 07:30:00,14.23188019,0.0,,494.0,23.56999969,0.0,1
2023-04-18 07:35:00,15.12639332,0.0,,494.0,23.37999916,0.0,1
2023-04-18 07:40:00,15.42956162,0.0,,494.0,23.25,0.0,1
2023-04-18 07:45:00,16.27817345,0.0,,494.0,23.31999969,0.0,1
2023-04-18 07:50:00,16.76284218,0.0,,494.0,23.31999969,0.0,1
2023-04-18 07:55:00,17.0937767,0.0,,494.0,23.37999916,0.0,1
2023-04-18 08:00:00,17.83102036,0.0,,494.0,23.54000092,0.0,1
2023-04-18 08:05:00,18.14980888,0.0,,494.0,23.79999924,0.0,1
2023-04-18 08:10:00,18.3565712,0.0,,494.0,24.01000023,0.0,1
2023-04-18 08:15:00,18.49966049,0.0,,494.0,24.01000023,0.0,1
2023-04-18 08:20:00,19.40904427,0.0,,494.0,24.01000023,0.0,1
2023-04-18 08:25:00,19.65463066,0.0,,494.0,23.40999985,0.0,1
2023-04-18 08:30:00,19.32132721,0.0,,494.0,23.5,0.0,1
2023-04-18 08:35:00,19.32339668,0.0,,494.0,23.37999916,0.0,1
2023-04-18 08:40:00,20.41171646,0.0,,494.0,23.47999954,0.0,1
2023-04-18 08:45:00,21.08482552,0.0,,544.0,23.37999916,0.0,1
2023-04-18 08:50:00,21.1480999,0.0,,544.0,23.37999916,0.0,1
2023-04-18 08:55:00,21.05361748,0.0,,544.0,23.47999954,0.0,1
2023-04-18 09:00:00,22.05209732,0.0,,594.0,23.45000076,0.0,1
2023-04-18 09:05:00,24.12535095,0.0,,644.0,23.77000046,0.0,1
2023-04-18 09:10:00,25.15023232,0.0,,644.0,23.70000076,0.0,1
2023-04-18 09:15:00,27.56439781,0.0,,644.0,23.61000061,0.0,1
2023-04-18 09:20:00,27.02627945,0.0,,594.0,23.75,0.0,1
2023-04-18 09:25:00,27.09517097,0.0,,594.0,23.70000076,0.0,1
2023-04-18 09:30:00,25.96763992,0.0,,594.0,23.87000084,0.0,1
2023-04-18 09:35:00,29.4194355,0.0,,594.0,24.45000076,0.0,1
2023-04-18 09:40:00,31.23353958,0.0,,544.0,24.75,0.0,1
2023-04-18 09:45:00,31.54084396,0.0,,544.0,24.52000046,0.0,1
2023-04-18 09:50:00,32.20531845,0.0,,544.0,24.68000031,0.0,1
2023-04-18 09:55:00,32.75204086,0.0,,544.0,24.75,0.0,1
2023-04-18 10:00:00,32.37713623,0.0,,544.0,24.68000031,0.0,1
2023-04-18 10:05:00,34.20545578,0.0,,544.0,24.62999916,0.0,1
2023-04-18 10:10:00,35.30703735,0.0,,555.0,24.55999947,0.0,1
2023-04-18 10:15:00,33.80946732,0.0,,555.0,24.43000031,0.0,1
2023-04-18 10:20:00,31.79291916,0.0,,555.0,24.20000076,0.0,1
2023-04-18 10:25:00,31.2914238,0.0,,555.0,24.21999931,0.0,1
2023-04-18 10:30:00,28.70301056,0.0,,555.0,24.21999931,0.0,1
2023-04-18 10:35:00,27.12380409,0.0,,555.0,24.20000076,0.0,1
2023-04-18 10:40:00,22.40083694,0.0,,605.0,24.20000076,0.0,1
2023-04-18 10:45:00,23.37412071,0.0,,605.0,24.31999969,0.0,1
2023-04-18 10:50:00,23.34019852,0.0,,605.0,24.23999977,0.0,1
2023-04-18 10:55:00,23.52179337,0.0,,605.0,24.21999931,0.0,1
2023-04-18 11:00:00,23.85206223,0.0,,605.0,24.37999916,0.0,1
2023-04-18 11:05:00,22.89814568,0.0,,605.0,24.84000015,0.0,1
2023-04-18 11:10:00,22.50926018,0.0,,605.0,25.13999939,0.0,1
2023-04-18 11:15:00,26.27243805,0.0,,605.0,24.90999985,0.0,1
2023-04-18 11:20:00,24.68545532,0.0,,605.0,25.37000084,0.0,1
2023-04-18 11:25:00,24.71710014,0.0,,605.0,25.06999969,0.0,1
2023-04-18 11:30:00,26.42451286,0.0,,605.0,24.75,0.0,1
2023-04-18 11:35:00,28.83283806,0.0,,605.0,24.40999985,0.0,1
2023-04-18 11:40:00,28.70030403,0.0,,605.0,24.29000092,0.0,1
2023-04-18 11:45:00,28.82165718,0.0,,605.0,24.46999931,0.0,1
2023-04-18 11:50:00,29.28035927,0.0,,605.0,24.12999916,0.0,1
2023-04-18 11:55:00,29.02285385,0.0,,555.0,24.31999969,0.0,1
2023-04-18 12:00:00,29.56136894,0.0,,589.0,24.37999916,0.0,1
2023-04-18 12:05:00,30.20313263,0.0,,589.0,24.34000015,0.0,1
2023-04-18 12:10:00,31.90538979,0.0,,603.0,24.61000061,0.0,1
2023-04-18 12:15:00,32.61684418,0.0,,603.0,24.36000061,0.0,1
2023-04-18 12:20:00,33.14467239,0.0,,603.0,24.54000092,0.0,1
2023-04-18 12:25:00,34.53267288,0.0,,653.0,24.17000008,0.0,1
2023-04-18 12:30:00,35.77550125,0.0,,653.0,24.27000046,0.0,1
2023-04-18 12:35:00,36.94046402,0.0,,653.0,24.29000092,0.0,1
2023-04-18 12:40:00,36.35084915,0.0,,653.0,24.43000031,0.0,1
2023-04-18 12:45:00,35.37009811,0.0,,653.0,24.27000046,0.0,1
2023-04-18 12:50:00,36.26551437,0.0,,653.0,24.59000015,0.0,1
2023-04-18 12:55:00,34.7242012,0.0,,653.0,24.65999985,0.0,1
2023-04-18 13:00:00,32.69883728,0.0,,703.0,24.77000046,0.0,1
2023-04-18 13:05:00,31.96214485,0.0,,703.0,24.5,0.0,1
2023-04-18 13:10:00,32.39880753,0.0,,653.0,24.23999977,0.0,1
2023-04-18 13:15:00,34.56021881,0.0,,603.0,24.54000092,0.0,1
2023-04-18 13:20:00,36.82997513,0.0,,653.0,24.61000061,0.0,1
2023-04-18 13:25:00,35.97174072,0.0,,653.0,24.80999947,0.0,1
2023-04-18 13:30:00,35.04707336,0.0,,653.0,25.06999969,0.0,1
2023-04-18 13:35:00,34.64949036,0.0,,653.0,25.09000015,0.0,1
2023-04-18 13:40:00,34.2792244,0.0,,653.0,25.06999969,0.0,1
2023-04-18 13:45:00,33.74655533,0.0,,653.0,24.86000061,0.0,1
2023-04-18 13:50:00,34.13210297,0.0,,653.0,24.84000015,0.0,1
2023-04-18 13:55:00,37.39448547,0.0,,653.0,24.93000031,0.0,1
2023-04-18 14:00:00,35.17052078,0.0,,653.0,25.28000069,0.0,1
2023-04-18 14:05:00,35.65423965,0.0,,653.0,25.35000038,0.0,1
2023-04-18 14:10:00,38.10322571,0.0,,653.0,25.45999908,0.0,1
2023-04-18 14:15:00,36.84976196,0.0,,653.0,25.44000053,0.0,1
2023-04-18 14:20:00,36.80988312,0.0,,653.0,24.96999931,0.0,1
2023-04-18 14:25:00,37.31987762,0.0,,603.0,25.02000046,0.0,1
2023-04-18 14:30:00,39.20343781,0.0,,603.0,24.96999931,0.0,1
2023-04-18 14:35:00,39.77046967,0.0,,653.0,25.20999908,0.0,1
2023-04-18 14:40:00,42.57535172,0.0,,653.0,25.15999985,0.0,1
2023-04-18 14:45:00,41.90886307,0.0,,653.0,25.22999954,0.0,1
2023-04-18 14:50:00,41.65510941,0.0,,653.0,25.22999954,0.0,1
2023-04-18 14:55:00,45.29515076,0.0,,603.0,24.95000076,0.0,1
2023-04-18 15:00:00,43.66710281,0.0,,603.0,24.80999947,0.0,1
2023-04-18 15:05:00,49.03574753,0.0,,603.0,24.55999947,0.0,1
2023-04-18 15:10:00,49.76027679,0.0,,603.0,24.43000031,0.0,1
2023-04-18 15:15:00,50.94607544,0.0,,603.0,24.31999969,0.0,1
2023-04-18 15:20:00,51.80606842,0.0,,603.0,24.46999931,0.0,1
2023-04-18 15:25:00,54.28578186,0.0,,603.0,24.84000015,0.0,1
2023-04-18 15:30:00,55.97715759,0.0,,653.0,25.0,0.0,1
2023-04-18 15:35:00,56.88734055,0.0,,653.0,25.06999969,0.0,1
2023-04-18 15:40:00,59.18120575,0.0,,653.0,24.79000092,0.0,1
2023-04-18 15:45:00,66.49471283,0.0,,603.0,24.80999947,0.0,1
2023-04-18 15:50:00,66.12657166,0.0,,603.0,24.68000031,0.0,1
2023-04-18 15:55:00,68.15174866,0.0,,553.0,24.68000031,0.0,1
2023-04-18 16:00:00,70.10927582,0.0,,553.0,24.71999931,0.0,1
2023-04-18 16:05:00,77.81216431,0.0,,553.0,24.70000076,0.0,1
2023-04-18 16:10:00,87.61477661,0.0,,553.0,24.61000061,0.0,1
2023-04-18 16:15:00,89.28141022,0.0,,553.0,24.80999947,0.0,1
2023-04-18 16:20:00,83.77507782,0.0,,553.0,24.84000015,0.0,1
2023-04-18 16:25:00,80.26528931,0.0,,553.0,25.0,0.0,1
2023-04-18 16:30:00,80.0818634,0.0,,553.0,25.0,0.0,1
2023-04-18 16:35:00,93.23924255,0.0,,553.0,24.96999931,0.0,1
2023-04-18 16:40:00,101.2578888,0.0,,553.0,25.02000046,0.0,1
2023-04-18 16:45:00,105.6154251,0.0,,553.0,25.13999939,0.0,1
2023-04-18 16:50:00,120.9578476,0.0,,553.0,25.04000092,0.0,1
2023-04-18 16:55:00,149.9071655,0.0,,553.0,25.13999939,0.0,1
2023-04-18 17:00:00,201.0406342,0.0,,553.0,25.13999939,0.0,1
2023-04-18 17:05:00,229.7287292,0.0,,553.0,25.18000031,0.0,1
2023-04-18 17:10:00,218.8725433,0.0,,553.0,25.22999954,0.0,1
2023-04-18 17:15:00,214.4307861,0.0,,553.0,25.25,0.0,1
2023-04-18 17:20:00,250.6812592,0.0,,553.0,25.31999969,0.0,1
2023-04-18 17:25:00,283.2402954,0.0,,553.0,25.48999977,0.0,1
2023-04-18 17:30:00,360.1620178,0.0,,553.0,25.45999908,0.0,1
2023-04-18 17:35:00,445.2360229,0.0,,553.0,25.55999947,0.0,1
2023-04-18 17:40:00,419.3218994,0.0,,553.0,25.62999916,0.0,1
2023-04-18 17:45:00,316.2231445,0.0,,553.0,25.60000038,0.0,1
2023-04-18 17:50:00,302.7290039,0.0,,553.0,25.70000076,0.0,1
2023-04-18 17:55:00,403.3884277,0.0,,553.0,25.67000008,0.0,1
2023-04-18 18:00:00,387.7864075,0.0,,553.0,25.73999977,0.0,1
2023-04-18 18:05:00,348.0431824,0.0,,553.0,25.71999931,0.0,1
2023-04-18 18:10:00,283.0212402,0.0,,553.0,25.79000092,0.0,1
2023-04-18 18:15:00,217.5817108,0.0,,553.0,25.90999985,0.0,1
2023-04-18 18:20:00,234.4188995,0.0,,553.0,25.77000046,0.0,1
2023-04-18 18:25:00,218.9920959,0.0,,561.0,25.88999939,0.0,1
2023-04-18 18:30:00,210.6811066,0.0,,561.0,25.93000031,0.0,1
2023-04-18 18:35:00,177.3782959,0.0,,561.0,25.93000031,0.0,1
2023-04-18 18:40:00,189.9435425,0.0,,561.0,26.03000069,0.0,1
2023-04-18 18:45:00,197.3693542,0.0,,561.0,25.97999954,0.0,1
2023-04-18 18:50:00,191.8713074,0.0,,561.0,25.95999908,0.0,1
2023-04-18 18:55:00,177.7687683,0.0,,561.0,25.93000031,0.0,1
2023-04-18 19:00:00,132.620285,0.0,,561.0,25.97999954,0.0,1
2023-04-18 19:05:00,134.7311859,0.0,,561.0,26.13999939,0.0,1
2023-04-18 19:10:00,135.8452911,0.0,,561.0,26.37000084,0.0,1
2023-04-18 19:15:00,124.7408218,0.0,,561.0,26.51000023,0.0,1
2023-04-18 19:20:00,114.5638123,0.0,,561.0,27.11000061,0.0,1
2023-04-18 19:25:00,95.38272095,0.0,,561.0,27.34000015,0.0,1
2023-04-18 19:30:00,94.57409668,0.0,,561.0,27.04000092,0.0,1
2023-04-18 19:35:00,89.94013977,0.0,,561.0,27.29000092,0.0,1
2023-04-18 19:40:00,96.8795929,0.0,,561.0,27.39999962,0.0,1
2023-04-18 19:45:00,82.3269577,0.0,,561.0,27.46999931,0.0,1
2023-04-18 19:50:00,52.92021942,0.0,,561.0,27.07999992,0.0,1
2023-04-18 19:55:00,52.3809433,0.0,,561.0,26.92000008,0.0,1
2023-04-18 20:00:00,46.48488235,0.0,,561.0,26.79999924,0.0,1
2023-04-18 20:05:00,44.53260422,0.0,,561.0,26.70999908,0.0,1
2023-04-18 20:10:00,26.49667549,0.0,,561.0,26.51000023,0.0,1
2023-04-18 20:15:00,14.8563633,0.0,,561.0,26.42000008,0.0,1
2023-04-18 20:20:00,8.613189697,0.0,,561.0,26.29999924,0.0,1
2023-04-18 20:25:00,5.142179012,0.0,,561.0,26.28000069,0.0,1
2023-04-18 20:30:00,3.15958643,0.0,,561.0,26.13999939,0.0,1
2023-04-18 20:35:00,2.281769753,0.0,,561.0,26.04999924,0.0,1
2023-04-18 20:40:00,1.923384905,0.0,,561.0,25.88999939,0.0,1
2023-04-18 20:45:00,1.85158062,0.0,,561.0,25.79000092,0.0,1
2023-04-18 20:50:00,1.887560964,0.0,,561.0,25.81999969,0.0,1
2023-04-18 20:55:00,1.842095375,0.0,,561.0,25.73999977,0.0,1
2023-04-18 21:00:00,1.839039683,0.0,,561.0,25.55999947,0.0,1
2023-04-18 21:05:00,1.8809762,0.0,,561.0,25.53000069,0.0,1
2023-04-18 21:10:00,1.855515719,0.0,,561.0,25.45999908,0.0,1
2023-04-18 21:15:00,1.817001462,0.0,,561.0,25.48999977,0.0,1
2023-04-18 21:20:00,1.871953368,0.0,,561.0,25.45999908,0.0,1
2023-04-18 21:25:00,1.844956875,0.0,,508.0,25.28000069,0.0,1
2023-04-18 21:30:00,1.84157002,0.0,,508.0,25.31999969,0.0,1
2023-04-18 21:35:00,1.862235189,0.0,,508.0,25.20999908,0.0,1
2023-04-18 21:40:00,1.892705441,0.0,,508.0,25.18000031,0.0,1
2023-04-18 21:45:00,1.888415933,0.0,,563.0,25.31999969,0.0,1
2023-04-18 21:50:00,1.921782613,0.0,,563.0,25.18000031,0.0,1
2023-04-18 21:55:00,1.877928495,0.0,,563.0,25.04000092,0.0,1
2023-04-18 22:00:00,2.114476681,0.0,,563.0,25.02000046,0.0,0
2023-04-18 22:05:00,1.995907307,0.0,,563.0,24.96999931,0.0,0
2023-04-18 22:10:00,1.853716373,0.0,,563.0,25.06999969,0.0,0
2023-04-18 22:15:00,1.93595469,0.0,,563.0,24.95000076,0.0,0
2023-04-18 22:20:00,1.922296524,0.0,,563.0,24.87999916,0.0,0
2023-04-18 22:25:00,1.915268064,0.0,,563.0,24.80999947,0.0,0
2023-04-18 22:30:00,1.860968947,0.0,,563.0,24.80999947,0.0,0
2023-04-18 22:35:00,1.868541122,0.0,,563.0,24.90999985,0.0,0
2023-04-18 22:40:00,1.854753017,0.0,,563.0,24.84000015,0.0,0
2023-04-18 22:45:00,1.979038,0.0,,563.0,24.80999947,0.0,0
2023-04-18 22:50:00,1.996203184,0.0,,563.0,24.71999931,0.0,0
2023-04-18 22:55:00,1.8522439,0.0,,563.0,24.61000061,0.0,0
2023-04-18 23:00:00,1.886313915,0.0,,507.0,24.68000031,0.0,0
2023-04-18 23:05:00,1.868320346,0.0,,507.0,24.68000031,0.0,0
2023-04-18 23:10:00,1.969495535,0.0,,507.0,24.70000076,0.0,0
2023-04-18 23:15:00,1.854596019,0.0,,507.0,24.61000061,0.0,0
2023-04-18 23:20:00,1.813018441,0.0,,507.0,24.52000046,0.0,0
2023-04-18 23:25:00,1.857855916,0.0,,507.0,24.65999985,0.0,0
2023-04-18 23:30:00,1.851789951,0.0,,507.0,24.59000015,0.0,0
2023-04-18 23:35:00,1.844007134,0.0,,507.0,24.65999985,0.0,0
2023-04-18 23:40:00,1.850390554,0.0,,507.0,24.52000046,0.0,0
2023-04-18 23:45:00,1.840772748,0.0,,507.0,24.55999947,0.0,0
2023-04-18 23:50:00,1.826985955,0.0,,507.0,24.52000046,0.0,0
2023-04-18 23:55:00,1.872066259,0.0,,507.0,24.55999947,0.0,0
2023-04-19 00:00:00,1.920139551,0.0,,562.0,24.52000046,0.0,0
2023-04-19 00:05:00,1.846665263,0.0,,562.0,24.54000092,0.0,0
2023-04-19 00:10:00,1.861669183,0.0,,562.0,24.45000076,0.0,0
2023-04-19 00:15:00,1.85253191,0.0,,562.0,24.37999916,0.0,0
2023-04-19 00:20:00,1.918263197,0.0,,562.0,24.45000076,0.0,0
2023-04-19 00:25:00,1.885958433,0.0,,562.0,24.31999969,0.0,0
2023-04-19 00:30:00,1.946965933,0.0,,562.0,24.31999969,0.0,0
2023-04-19 00:35:00,1.871431112,0.0,,562.0,24.45000076,0.0,0
2023-04-19 00:40:00,1.899292707,0.0,,562.0,24.31999969,0.0,0
2023-04-19 00:45:00,1.91883564,0.0,,562.0,24.36000061,0.0,0
2023-04-19 00:50:00,1.915176272,0.0,,562.0,24.31999969,0.0,0
2023-04-19 00:55:00,1.888859868,0.0,,562.0,24.31999969,0.0,0
2023-04-19 01:00:00,1.9207412,0.0,,562.0,24.31999969,0.0,0
2023-04-19 01:05:00,1.889153957,0.0,,562.0,24.34000015,0.0,0
2023-04-19 01:10:00,1.891907573,0.0,,562.0,24.37999916,0.0,0
2023-04-19 01:15:00,1.881515026,0.0,,562.0,24.29000092,0.0,0
2023-04-19 01:20:00,1.877871394,0.0,,562.0,24.29000092,0.0,0
2023-04-19 01:25:00,1.844438076,0.0,,562.0,24.23999977,0.0,0
2023-04-19 01:30:00,1.867250204,0.0,,562.0,24.27000046,0.0,0
2023-04-19 01:35:00,1.890731096,0.0,,562.0,24.17000008,0.0,0
2023-04-19 01:40:00,1.928905129,0.0,,562.0,24.14999962,0.0,0
2023-04-19 01:45:00,1.942288399,0.0,,562.0,24.34000015,0.0,0
2023-04-19 01:50:00,1.870990038,0.0,,562.0,24.21999931,0.0,0
2023-04-19 01:55:00,1.88138485,0.0,,562.0,24.23999977,0.0,0
2023-04-19 02:00:00,1.864428639,0.0,,562.0,24.12999916,0.0,0
2023-04-19 02:05:00,1.872551322,0.0,,562.0,24.20000076,0.0,0
2023-04-19 02:10:00,1.852757692,0.0,,562.0,24.20000076,0.0,0
2023-04-19 02:15:00,1.859225988,0.0,,562.0,24.07999992,0.0,0
2023-04-19 02:20:00,1.850245714,0.0,,562.0,24.10000038,0.0,0
2023-04-19 02:25:00,1.902113557,0.0,,562.0,24.10000038,0.0,0
2023-04-19 02:30:00,1.846331596,0.0,,562.0,23.95999908,0.0,0
2023-04-19 02:35:00,1.870875716,0.0,,562.0,23.87000084,0.0,0
2023-04-19 02:40:00,1.796883822,0.0,,562.0,24.23999977,0.0,0
2023-04-19 02:45:00,1.80924809,0.0,,562.0,24.07999992,0.0,0
2023-04-19 02:50:00,1.843528509,0.0,,562.0,24.10000038,0.0,0
2023-04-19 02:55:00,1.88321507,0.0,,562.0,23.97999954,0.0,0
2023-04-19 03:00:00,1.877491593,0.0,,562.0,24.03000069,0.0,0
2023-04-19 03:05:00,1.859607935,0.0,,512.0,24.05999947,0.0,0
2023-04-19 03:10:00,1.930239439,0.0,,512.0,24.01000023,0.0,0
2023-04-19 03:15:00,1.813353419,0.0,,512.0,23.84000015,0.0,0
2023-04-19 03:20:00,1.994825721,0.0,,512.0,23.95999908,0.0,0
2023-04-19 03:25:00,1.995463252,0.0,,512.0,23.95999908,0.0,0
2023-04-19 03:30:00,2.015496731,0.0,,512.0,23.95999908,0.0,0
2023-04-19 03:35:00,1.961012602,0.0,,512.0,23.94000053,0.0,0
2023-04-19 03:40:00,1.960425019,0.0,,512.0,23.87000084,0.0,0
2023-04-19 03:45:00,1.913149476,0.0,,512.0,23.90999985,0.0,0
2023-04-19 03:50:00,1.902718663,0.0,,512.0,23.94000053,0.0,0
2023-04-19 03:55:00,1.842584372,0.0,,512.0,23.94000053,0.0,0
2023-04-19 04:00:00,1.881325722,0.0,,512.0,23.95999908,0.0,0
2023-04-19 04:05:00,1.866508842,0.0,,512.0,23.94000053,0.0,0
2023-04-19 04:10:00,1.901344657,0.0,,512.0,23.97999954,0.0,0
2023-04-19 04:15:00,1.86414361,0.0,,512.0,23.94000053,0.0,0
2023-04-19 04:20:00,1.943966508,0.0,,512.0,23.87000084,0.0,0
2023-04-19 04:25:00,1.981283307,0.0,,512.0,23.94000053,0.0,0
2023-04-19 04:30:00,1.956745625,0.0,,512.0,23.87000084,0.0,0
2023-04-19 04:35:00,1.899701595,0.0,,512.0,23.90999985,0.0,0
2023-04-19 04:40:00,1.886466026,0.0,,512.0,23.87000084,0.0,0
2023-04-19 04:45:00,1.891800761,0.0,,512.0,23.87000084,0.0,0
2023-04-19 04:50:00,1.922303915,0.0,,512.0,23.77000046,0.0,0
2023-04-19 04:55:00,1.853568196,0.0,,512.0,23.81999969,0.0,0
2023-04-19 05:00:00,1.824181795,0.0,,512.0,23.81999969,0.0,0
2023-04-19 05:05:00,1.844729066,0.0,,512.0,23.81999969,0.0,0
2023-04-19 05:10:00,1.870528579,0.0,,512.0,23.75,0.0,0
2023-04-19 05:15:00,1.884350896,0.0,,512.0,23.75,0.0,0
2023-04-19 05:20:00,1.83812058,0.0,,512.0,23.77000046,0.0,0
2023-04-19 05:25:00,1.896740437,0.0,,512.0,23.70000076,0.0,0
2023-04-19 05:30:00,1.878218055,0.0,,512.0,23.65999985,0.0,0
2023-04-19 05:35:00,1.87355423,0.0,,512.0,23.81999969,0.0,0
2023-04-19 05:40:00,1.896722436,0.0,,512.0,23.87000084,0.0,0
2023-04-19 05:45:00,1.947656035,0.0,,512.0,23.77000046,0.0,0
2023-04-19 05:50:00,1.952637076,0.0,,512.0,23.77000046,0.0,0
2023-04-19 05:55:00,1.946576357,0.0,,512.0,23.65999985,0.0,0
2023-04-19 06:00:00,1.94577539,0.0,,512.0,23.77000046,0.0,0
2023-04-19 06:05:00,1.914404988,0.0,,512.0,23.79999924,0.0,0
2023-04-19 06:10:00,2.12447834,0.0,,512.0,23.65999985,0.0,0
2023-04-19 06:15:00,2.702743053,0.0,,512.0,23.70000076,0.0,0
2023-04-19 06:20:00,3.63008976,0.0,,512.0,23.62999916,0.0,0
2023-04-19 06:25:00,4.48243618,0.0,,512.0,23.79999924,0.0,0
2023-04-19 06:30:00,5.192372799,0.0,,512.0,23.75,0.0,0
2023-04-19 06:35:00,6.297969341,0.0,,512.0,23.75,0.0,0
2023-04-19 06:40:00,7.125504017,0.0,,512.0,23.52000046,0.0,0
2023-04-19 06:45:00,8.143373489,0.0,,512.0,23.72999954,0.0,0
2023-04-19 06:50:00,9.28817749,0.0,,512.0,23.61000061,0.0,0
2023-04-19 06:55:00,10.19614506,0.0,,512.0,23.62999916,0.0,0
2023-04-19 07:00:00,11.02827072,0.0,,512.0,23.70000076,0.0,1
2023-04-19 07:05:00,12.04868603,0.0,,512.0,23.65999985,0.0,1
2023-04-19 07:10:00,12.56478214,0.0,,512.0,23.65999985,0.0,1
2023-04-19 07:15:00,13.57532501,0.0,,512.0,23.70000076,0.0,1
2023-04-19 07:20:00,14.04851437,0.0,,512.0,23.62999916,0.0,1
2023-04-19 07:25:00,14.99980736,0.0,,512.0,23.75,0.0,1
2023-04-19 07:30:00,15.37486553,0.0,,512.0,23.62999916,0.0,1
2023-04-19 07:35:00,16.24494743,0.0,,512.0,23.61000061,0.0,1
2023-04-19 07:40:00,16.70270348,0.0,,512.0,23.61000061,0.0,1
2023-04-19 07:45:00,17.21176529,0.0,,512.0,23.56999969,0.0,1
2023-04-19 07:50:00,17.9291172,0.0,,512.0,23.65999985,0.0,1
2023-04-19 07:55:00,18.20433235,0.0,,512.0,23.56999969,0.0,1
2023-04-19 08:00:00,18.53048515,0.0,,512.0,24.71999931,0.0,1
2023-04-19 08:05:00,19.23164558,0.0,,462.0,24.96999931,0.0,0
2023-04-19 08:10:00,19.54487228,0.0,,462.0,25.06999969,0.0,0
2023-04-19 08:15:00,19.81927872,0.0,,462.0,24.96999931,0.0,0
2023-04-19 08:20:00,20.32255363,0.0,,462.0,24.93000031,0.0,0
2023-04-19 08:25:00,21.01098633,0.0,,462.0,24.17000008,0.0,0
2023-04-19 08:30:00,21.29792404,0.0,,462.0,23.70000076,0.0,0
2023-04-19 08:35:00,23.38840294,0.0,,462.0,23.65999985,0.0,0
2023-04-19 08:40:00,24.08080101,0.0,,462.0,23.62999916,0.0,0
2023-04-19 08:45:00,24.26301575,0.0,,462.0,23.56999969,0.0,0
2023-04-19 08:50:00,24.75312614,0.0,,512.0,23.54000092,0.0,1
2023-04-19 08:55:00,24.6757164,0.0,,512.0,23.54000092,0.0,1
2023-04-19 09:00:00,23.97098923,0.0,,512.0,23.61000061,0.0,1
2023-04-19 09:05:00,25.31725693,0.0,,562.0,23.62999916,0.0,1
2023-04-19 09:10:00,23.28283691,0.0,,612.0,23.62999916,0.0,1
2023-04-19 09:15:00,23.52065659,0.0,,562.0,23.59000015,0.0,1
2023-04-19 09:20:00,23.74388695,0.0,,512.0,23.61000061,0.0,1
2023-04-19 09:25:00,23.72682953,0.0,,512.0,23.56999969,0.0,1
2023-04-19 09:30:00,23.58699226,0.0,,512.0,23.68000031,0.0,1
2023-04-19 09:35:00,30.56575584,0.0,,512.0,24.10000038,0.0,1
2023-04-19 09:40:00,33.86238861,0.0,,512.0,24.46999931,0.0,1
2023-04-19 09:45:00,30.25275803,0.0,,512.0,24.23999977,0.0,1
2023-04-19 09:50:00,32.94572449,0.0,,512.0,24.34000015,0.0,1
2023-04-19 09:55:00,33.58472443,0.0,,512.0,24.05999947,0.0,1
2023-04-19 10:00:00,33.28092957,0.0,,512.0,24.03000069,0.0,1
2023-04-19 10:05:00,33.617836,0.0,,512.0,24.14999962,0.0,1
2023-04-19 10:10:00,33.99358368,0.0,,512.0,24.21999931,0.0,1
2023-04-19 10:15:00,33.34606552,0.0,,512.0,24.34000015,0.0,1
2023-04-19 10:20:00,33.24601364,0.0,,512.0,24.65999985,0.0,1
2023-04-19 10:25:00,32.16850662,0.0,,562.0,24.68000031,0.0,1
2023-04-19 10:30:00,32.61595535,0.0,,512.0,24.14999962,0.0,1
2023-04-19 10:35:00,32.63494873,0.0,,562.0,23.94000053,0.0,1
2023-04-19 10:40:00,28.20513916,0.0,,562.0,23.90999985,0.0,1
2023-04-19 10:45:00,27.72245216,0.0,,596.0,23.65999985,0.0,1
2023-04-19 10:50:00,30.53038406,0.0,,546.0,23.05999947,0.0,1
2023-04-19 10:55:00,31.14485741,0.0,,596.0,23.31999969,0.0,1
2023-04-19 11:00:00,36.40582657,0.0,,596.0,23.84000015,0.0,1
2023-04-19 11:05:00,33.74402618,0.0,,596.0,24.21999931,0.0,1
2023-04-19 11:10:00,33.54758072,0.0,,596.0,24.23999977,0.0,1
2023-04-19 11:15:00,33.19366074,0.0,,596.0,24.54000092,0.0,1
2023-04-19 11:20:00,34.30878448,0.0,,596.0,24.5,0.0,1
2023-04-19 11:25:00,32.56671143,0.0,,596.0,24.21999931,0.0,1
2023-04-19 11:30:00,30.49170303,0.0,,596.0,24.31999969,0.0,1
2023-04-19 11:35:00,29.62540245,0.0,,596.0,24.45000076,0.0,1
2023-04-19 11:40:00,28.35357666,0.0,,596.0,24.5,0.0,1
2023-04-19 11:45:00,24.27488899,0.0,,596.0,24.29000092,0.0,1
2023-04-19 11:50:00,24.05944443,0.0,,596.0,24.05999947,0.0,1
2023-04-19 11:55:00,24.04818916,0.0,,596.0,24.34000015,0.0,1
2023-04-19 12:00:00,24.64719772,0.0,,596.0,24.23999977,0.0,1
2023-04-19 12:05:00,25.19432259,0.0,,596.0,24.03000069,0.0,1
2023-04-19 12:10:00,25.47834396,0.0,,596.0,24.17000008,0.0,1
2023-04-19 12:15:00,26.07644844,0.0,,596.0,23.97999954,0.0,1
2023-04-19 12:20:00,26.217453,0.0,,546.0,24.68000031,0.0,1
2023-04-19 12:25:00,25.92770004,0.0,,596.0,24.23999977,0.0,1
2023-04-19 12:30:00,26.29707336,0.0,,546.0,23.87000084,0.0,1
2023-04-19 12:35:00,26.82342911,0.0,,572.0,24.05999947,0.0,1
2023-04-19 12:40:00,26.06072617,0.0,,642.0,24.40999985,0.0,1
2023-04-19 12:45:00,26.47968292,0.0,,642.0,24.61000061,0.0,1
2023-04-19 12:50:00,26.77530289,0.0,,642.0,24.62999916,0.0,1
2023-04-19 12:55:00,28.82418823,0.0,,542.0,24.10000038,0.0,1
2023-04-19 13:00:00,25.97088051,0.0,,642.0,24.55999947,0.0,1
2023-04-19 13:05:00,22.8584156,0.0,,642.0,24.77000046,0.0,1
2023-04-19 13:10:00,32.94940567,0.0,,642.0,24.36000061,0.0,1
2023-04-19 13:15:00,36.00787354,0.0,,642.0,24.87999916,0.0,1
2023-04-19 13:20:00,35.33701324,0.0,,642.0,25.37000084,0.0,1
2023-04-19 13:25:00,36.37433624,0.0,,642.0,24.29000092,0.0,1
2023-04-19 13:30:00,35.21525955,0.0,,642.0,23.95999908,0.0,1
2023-04-19 13:35:00,36.06494904,0.0,,642.0,24.27000046,0.0,1
2023-04-19 13:40:00,38.05128479,0.0,,642.0,24.27000046,0.0,1
2023-04-19 13:45:00,36.63742828,0.0,,642.0,25.06999969,0.0,1
2023-04-19 13:50:00,35.69968796,0.0,,642.0,25.09000015,0.0,1
2023-04-19 13:55:00,35.43878937,0.0,,642.0,25.44000053,0.0,1
2023-04-19 14:00:00,35.40861893,0.0,,642.0,25.55999947,0.0,1
2023-04-19 14:05:00,34.81738281,0.0,,744.0,25.57999992,0.0,1
2023-04-19 14:10:00,35.23008728,0.0,,643.0,25.67000008,0.0,1
2023-04-19 14:15:00,36.42647552,0.0,,643.0,25.64999962,0.0,1
2023-04-19 14:20:00,35.83083344,0.0,,652.0,26.03000069,0.0,1
2023-04-19 14:25:00,36.78781891,0.0,,652.0,25.79000092,0.0,1
2023-04-19 14:30:00,34.47546005,0.0,,802.0,24.93000031,0.0,1
2023-04-19 14:35:00,35.92522812,0.0,,702.0,24.68000031,0.0,1
2023-04-19 14:40:00,37.10261917,0.0,,652.0,24.65999985,0.0,1
2023-04-19 14:45:00,38.51169205,0.0,,652.0,24.65999985,0.0,1
2023-04-19 14:50:00,42.62052536,0.0,,652.0,24.75,0.0,1
2023-04-19 14:55:00,46.36989975,0.0,,652.0,25.09000015,0.0,1
2023-04-19 15:00:00,51.07250214,0.0,,652.0,25.06999969,0.0,1
2023-04-19 15:05:00,51.77625656,0.0,,602.0,24.77000046,0.0,1
2023-04-19 15:10:00,52.59944534,0.0,,602.0,24.93000031,0.0,1
2023-04-19 15:15:00,52.45699692,0.0,,602.0,25.95999908,0.0,1
2023-04-19 15:20:00,58.95503616,0.0,,602.0,25.62999916,0.0,1
2023-04-19 15:25:00,62.26199341,0.0,,652.0,26.17000008,0.0,1
2023-04-19 15:30:00,61.17787552,0.0,,602.0,26.28000069,0.0,1
2023-04-19 15:35:00,65.41079712,0.0,,600.0,26.38999939,0.0,1
2023-04-19 15:40:00,66.48342896,0.0,,600.0,26.53000069,0.0,1
2023-04-19 15:45:00,64.90656281,0.0,,600.0,26.22999954,0.0,1
2023-04-19 15:50:00,64.00301361,0.0,,600.0,25.67000008,0.0,1
2023-04-19 15:55:00,68.45889282,0.0,,600.0,26.56999969,0.0,1
2023-04-19 16:00:00,70.1233139,0.0,,600.0,26.76000023,0.0,1
2023-04-19 16:05:00,68.58241272,0.0,,600.0,26.87000084,0.0,1
2023-04-19 16:10:00,64.99899292,0.0,,533.0,26.78000069,0.0,1
2023-04-19 16:15:00,68.33589172,0.0,,533.0,26.76000023,0.0,1
2023-04-19 16:20:00,72.44547272,0.0,,533.0,27.01000023,0.0,1
2023-04-19 16:25:00,77.94812775,0.0,,533.0,27.01000023,0.0,1
2023-04-19 16:30:00,88.18138886,0.0,,533.0,27.01000023,0.0,1
2023-04-19 16:35:00,93.02128601,0.0,,533.0,27.01000023,0.0,1
2023-04-19 16:40:00,107.3404388,0.0,,533.0,26.98999977,0.0,1
2023-04-19 16:45:00,116.9655304,0.0,,533.0,26.56999969,0.0,1
2023-04-19 16:50:00,129.8371429,0.0,,683.0,26.22999954,0.0,1
2023-04-19 16:55:00,151.0558624,0.0,,633.0,26.31999969,0.0,1
2023-04-19 17:00:00,223.3319855,0.0,,582.0,26.17000008,0.0,1
2023-04-19 17:05:00,301.9181824,0.0,,582.0,26.12000084,0.0,1
2023-04-19 17:10:00,97.84537506,0.0,,582.0,25.90999985,0.0,1
2023-04-19 17:15:00,102.8321991,0.0,,633.0,26.19000053,0.0,1
2023-04-19 17:20:00,115.050621,0.0,,583.0,26.37000084,0.0,1
2023-04-19 17:25:00,119.0079727,0.0,,583.0,26.45999908,0.0,1
2023-04-19 17:30:00,121.5726547,0.0,,583.0,26.37000084,0.0,1
2023-04-19 17:35:00,126.2266693,0.0,,599.0,26.35000038,0.0,1
2023-04-19 17:40:00,126.1442795,0.0,,599.0,26.42000008,0.0,1
2023-04-19 17:45:00,267.0683594,0.0,,599.0,26.07999992,0.0,1
2023-04-19 17:50:00,401.5735474,0.0,,599.0,26.0,0.0,1
2023-04-19 17:55:00,445.4650269,0.0,,599.0,25.88999939,0.0,1
2023-04-19 18:00:00,469.3039246,0.0,,599.0,26.04999924,0.0,1
2023-04-19 18:05:00,469.9621582,0.0,,599.0,26.17000008,0.0,1
2023-04-19 18:10:00,435.585907,0.0,,599.0,26.17000008,0.0,1
2023-04-19 18:15:00,406.4373779,0.0,,599.0,26.20999908,0.0,1
2023-04-19 18:20:00,383.5217896,0.0,,599.0,26.35000038,0.0,1
2023-04-19 18:25:00,336.8392639,0.0,,599.0,26.20999908,0.0,1
2023-04-19 18:30:00,277.8456116,0.0,,599.0,26.20999908,0.0,1
2023-04-19 18:35:00,204.1713409,0.0,,599.0,26.19000053,0.0,1
2023-04-19 18:40:00,157.5416718,0.0,,599.0,26.29999924,0.0,1
2023-04-19 18:45:00,140.7427979,0.0,,599.0,26.35000038,0.0,1
2023-04-19 18:50:00,134.6539917,0.0,,599.0,26.35000038,0.0,1
2023-04-19 18:55:00,133.2536926,0.0,,599.0,26.31999969,0.0,1
2023-04-19 19:00:00,150.4447021,0.0,,599.0,26.31999969,0.0,1
2023-04-19 19:05:00,160.8819427,0.0,,599.0,26.29999924,0.0,1
2023-04-19 19:10:00,177.1104279,0.0,,599.0,26.78000069,0.0,1
2023-04-19 19:15:00,180.0340424,0.0,,599.0,27.25,0.0,1
2023-04-19 19:20:00,184.3779755,0.0,,604.0,27.86000061,0.0,1
2023-04-19 19:25:00,196.7911377,0.0,,604.0,28.17000008,0.0,1
2023-04-19 19:30:00,207.492569,0.0,,604.0,28.35000038,0.0,1
2023-04-19 19:35:00,195.63974,0.0,,604.0,28.73999977,0.0,1
2023-04-19 19:40:00,173.445694,0.0,,604.0,29.19000053,0.0,1
2023-04-19 19:45:00,157.5999146,0.0,,604.0,29.17000008,0.0,1
2023-04-19 19:50:00,148.8367462,0.0,,604.0,29.10000038,0.0,1
2023-04-19 19:55:00,140.1401062,0.0,,604.0,28.71999931,0.0,1
2023-04-19 20:00:00,127.7137604,0.0,,604.0,28.13999939,0.0,1
2023-04-19 20:05:00,110.0526581,0.0,,604.0,27.90999985,0.0,1
2023-04-19 20:10:00,81.09963989,0.0,,604.0,27.52000046,0.0,1
2023-04-19 20:15:00,52.92156219,0.0,,604.0,27.54000092,0.0,1
2023-04-19 20:20:00,31.63254547,0.0,,604.0,27.29000092,0.0,1
2023-04-19 20:25:00,14.88796806,0.0,,604.0,27.25,0.0,1
2023-04-19 20:30:00,6.10666275,0.0,,604.0,27.21999931,0.0,1
2023-04-19 20:35:00,4.001763344,0.0,,604.0,26.94000053,0.0,1
2023-04-19 20:40:00,2.876122475,0.0,,604.0,26.87000084,0.0,1
2023-04-19 20:45:00,2.136338472,0.0,,604.0,26.85000038,0.0,1
2023-04-19 20:50:00,1.864120722,0.0,,604.0,26.56999969,0.0,1
2023-04-19 20:55:00,1.805619597,0.0,,552.0,26.54999924,0.0,1
2023-04-19 21:00:00,1.825796008,0.0,,552.0,26.37000084,0.0,1
2023-04-19 21:05:00,1.812993765,0.0,,552.0,26.35000038,0.0,1
2023-04-19 21:10:00,1.8025527,0.0,,552.0,26.35000038,0.0,1
2023-04-19 21:15:00,1.792087913,0.0,,552.0,26.10000038,0.0,1
2023-04-19 21:20:00,1.761758089,0.0,,552.0,26.10000038,0.0,1
2023-04-19 21:25:00,1.866969228,0.0,,578.0,26.04999924,0.0,1
2023-04-19 21:30:00,1.864364028,0.0,,578.0,26.07999992,0.0,1
2023-04-19 21:35:00,1.850559831,0.0,,578.0,25.86000061,0.0,1
2023-04-19 21:40:00,1.834744811,0.0,,578.0,26.03000069,0.0,1
2023-04-19 21:45:00,1.83496654,0.0,,578.0,25.84000015,0.0,1
2023-04-19 21:50:00,1.864241004,0.0,,578.0,25.71999931,0.0,1
2023-04-19 21:55:00,1.82980597,0.0,,578.0,25.70000076,0.0,1
2023-04-19 22:00:00,1.841857195,0.0,,578.0,25.64999962,0.0,0
2023-04-19 22:05:00,1.923699021,0.0,,578.0,25.44000053,0.0,0
2023-04-19 22:10:00,1.904489994,0.0,,578.0,25.48999977,0.0,0
2023-04-19 22:15:00,1.88894558,0.0,,578.0,25.44000053,0.0,0
2023-04-19 22:20:00,1.925684691,0.0,,578.0,25.64999962,0.0,0
2023-04-19 22:25:00,1.927852035,0.0,,578.0,25.38999939,0.0,0
2023-04-19 22:30:00,1.865915418,0.0,,578.0,25.35000038,0.0,0
2023-04-19 22:35:00,1.859169602,0.0,,578.0,25.25,0.0,0
2023-04-19 22:40:00,1.906329513,0.0,,578.0,25.35000038,0.0,0
2023-04-19 22:45:00,1.893648505,0.0,,578.0,25.22999954,0.0,0
2023-04-19 22:50:00,1.868972421,0.0,,578.0,25.37000084,0.0,0
2023-04-19 22:55:00,1.896844029,0.0,,578.0,25.29999924,0.0,0
2023-04-19 23:00:00,1.874893546,0.0,,578.0,25.18000031,0.0,0
2023-04-19 23:05:00,1.891308785,0.0,,578.0,25.18000031,0.0,0
2023-04-19 23:10:00,1.885496616,0.0,,578.0,25.25,0.0,0
2023-04-19 23:15:00,1.871313095,0.0,,578.0,25.22999954,0.0,0
2023-04-19 23:20:00,1.898752689,0.0,,578.0,25.02000046,0.0,0
2023-04-19 23:25:00,1.822756767,0.0,,578.0,25.04000092,0.0,0
2023-04-19 23:30:00,1.831218243,0.0,,578.0,25.02000046,0.0,0
2023-04-19 23:35:00,1.837107897,0.0,,578.0,24.95000076,0.0,0
2023-04-19 23:40:00,1.814524412,0.0,,578.0,24.95000076,0.0,0
2023-04-19 23:45:00,1.827945352,0.0,,578.0,24.90999985,0.0,0
2023-04-19 23:50:00,1.856154442,0.0,,578.0,25.02000046,0.0,0
2023-04-19 23:55:00,1.827007294,0.0,,578.0,24.93000031,0.0,0
2023-04-20 00:00:00,1.819195271,0.0,,578.0,25.06999969,0.0,0
2023-04-20 00:05:00,1.841591239,0.0,,578.0,24.87999916,0.0,0
2023-04-20 00:10:00,1.840043306,0.0,,578.0,24.87999916,0.0,0
2023-04-20 00:15:00,1.869808555,0.0,,578.0,24.90999985,0.0,0
2023-04-20 00:20:00,1.884673715,0.0,,578.0,24.87999916,0.0,0
2023-04-20 00:25:00,1.866482139,0.0,,578.0,24.87999916,0.0,0
2023-04-20 00:30:00,1.860314012,0.0,,578.0,24.96999931,0.0,0
2023-04-20 00:35:00,1.87225318,0.0,,578.0,24.79000092,0.0,0
2023-04-20 00:40:00,1.906902552,0.0,,578.0,25.0,0.0,0
2023-04-20 00:45:00,1.844600081,0.0,,578.0,24.77000046,0.0,0
2023-04-20 00:50:00,1.84645617,0.0,,578.0,24.79000092,0.0,0
2023-04-20 00:55:00,1.892721057,0.0,,578.0,24.80999947,0.0,0
2023-04-20 01:00:00,1.926850438,0.0,,578.0,24.87999916,0.0,0
2023-04-20 01:05:00,1.86771965,0.0,,578.0,24.77000046,0.0,0
2023-04-20 01:10:00,2.014338255,0.0,,578.0,24.71999931,0.0,0
2023-04-20 01:15:00,1.822591066,0.0,,578.0,24.62999916,0.0,0
2023-04-20 01:20:00,1.921646833,0.0,,578.0,24.68000031,0.0,0
2023-04-20 01:25:00,1.881706834,0.0,,578.0,24.68000031,0.0,0
2023-04-20 01:30:00,1.900409579,0.0,,578.0,24.65999985,0.0,0
2023-04-20 01:35:00,1.92399621,0.0,,578.0,24.62999916,0.0,0
2023-04-20 01:40:00,1.863404393,0.0,,578.0,24.59000015,0.0,0
2023-04-20 01:45:00,1.931924701,0.0,,578.0,24.62999916,0.0,0
2023-04-20 01:50:00,1.895719171,0.0,,578.0,24.68000031,0.0,0
2023-04-20 01:55:00,1.887469649,0.0,,578.0,24.45000076,0.0,0
2023-04-20 02:00:00,1.875057221,0.0,,578.0,24.65999985,0.0,0
2023-04-20 02:05:00,1.886413693,0.0,,578.0,24.59000015,0.0,0
2023-04-20 02:10:00,1.828835368,0.0,,578.0,24.62999916,0.0,0
2023-04-20 02:15:00,1.883267164,0.0,,578.0,24.54000092,0.0,0
2023-04-20 02:20:00,1.821333766,0.0,,578.0,24.45000076,0.0,0
2023-04-20 02:25:00,1.812796235,0.0,,578.0,24.59000015,0.0,0
2023-04-20 02:30:00,1.782089949,0.0,,578.0,24.46999931,0.0,0
2023-04-20 02:35:00,1.842166781,0.0,,578.0,24.55999947,0.0,0
2023-04-20 02:40:00,1.821473241,0.0,,578.0,24.45000076,0.0,0
2023-04-20 02:45:00,1.880765915,0.0,,578.0,24.37999916,0.0,0
2023-04-20 02:50:00,1.859939694,0.0,,578.0,24.5,0.0,0
2023-04-20 02:55:00,1.887982488,0.0,,578.0,24.52000046,0.0,0
2023-04-20 03:00:00,1.851687193,0.0,,578.0,24.46999931,0.0,0
2023-04-20 03:05:00,1.886074901,0.0,,578.0,24.46999931,0.0,0
2023-04-20 03:10:00,1.850811005,0.0,,578.0,24.36000061,0.0,0
2023-04-20 03:15:00,1.896674871,0.0,,528.0,24.46999931,0.0,0
2023-04-20 03:20:00,1.816364884,0.0,,528.0,24.40999985,0.0,0
2023-04-20 03:25:00,1.868405581,0.0,,528.0,24.52000046,0.0,0
2023-04-20 03:30:00,1.913304448,0.0,,528.0,24.43000031,0.0,0
2023-04-20 03:35:00,1.938170791,0.0,,528.0,24.43000031,0.0,0
2023-04-20 03:40:00,1.880835295,0.0,,528.0,24.36000061,0.0,0
2023-04-20 03:45:00,1.953032374,0.0,,528.0,24.29000092,0.0,0
2023-04-20 03:50:00,1.964086652,0.0,,528.0,24.43000031,0.0,0
2023-04-20 03:55:00,1.941620469,0.0,,528.0,24.34000015,0.0,0
2023-04-20 04:00:00,1.920004606,0.0,,528.0,24.34000015,0.0,0
2023-04-20 04:05:00,1.874066591,0.0,,528.0,24.31999969,0.0,0
2023-04-20 04:10:00,1.940909267,0.0,,528.0,24.45000076,0.0,0
2023-04-20 04:15:00,1.890135527,0.0,,528.0,24.21999931,0.0,0
2023-04-20 04:20:00,1.83772254,0.0,,528.0,24.34000015,0.0,0
2023-04-20 04:25:00,1.941104293,0.0,,528.0,24.23999977,0.0,0
2023-04-20 04:30:00,1.895415545,0.0,,528.0,24.23999977,0.0,0
2023-04-20 04:35:00,1.893487215,0.0,,528.0,24.21999931,0.0,0
2023-04-20 04:40:00,1.88410461,0.0,,528.0,24.36000061,0.0,0
2023-04-20 04:45:00,1.871681571,0.0,,528.0,24.37999916,0.0,0
2023-04-20 04:50:00,1.867368698,0.0,,528.0,24.31999969,0.0,0
2023-04-20 04:55:00,1.835834146,0.0,,528.0,24.21999931,0.0,0
2023-04-20 05:00:00,1.806790948,0.0,,528.0,24.31999969,0.0,0
2023-04-20 05:05:00,1.847797632,0.0,,528.0,24.20000076,0.0,0
2023-04-20 05:10:00,1.858571172,0.0,,528.0,24.27000046,0.0,0
2023-04-20 05:15:00,1.81228137,0.0,,528.0,24.17000008,0.0,0
2023-04-20 05:20:00,1.823850036,0.0,,528.0,24.34000015,0.0,0
2023-04-20 05:25:00,1.907695174,0.0,,528.0,24.23999977,0.0,0
2023-04-20 05:30:00,1.869263887,0.0,,528.0,24.31999969,0.0,0
2023-04-20 05:35:00,1.846419931,0.0,,528.0,24.20000076,0.0,0
2023-04-20 05:40:00,1.895164728,0.0,,528.0,24.20000076,0.0,0
2023-04-20 05:45:00,1.877703667,0.0,,528.0,24.07999992,0.0,0
2023-04-20 05:50:00,1.913222432,0.0,,528.0,24.20000076,0.0,0
2023-04-20 05:55:00,1.867946148,0.0,,528.0,24.17000008,0.0,0
2023-04-20 06:00:00,1.957028508,0.0,,528.0,24.10000038,0.0,0
2023-04-20 06:05:00,1.878905773,0.0,,528.0,24.14999962,0.0,0
2023-04-20 06:10:00,1.943761587,0.0,,528.0,24.05999947,0.0,0
2023-04-20 06:15:00,1.95754838,0.0,,528.0,24.05999947,0.0,0
2023-04-20 06:20:00,2.097502708,0.0,,528.0,24.07999992,0.0,0
2023-04-20 06:25:00,2.600785494,0.0,,528.0,24.05999947,0.0,0
2023-04-20 06:30:00,2.782872438,0.0,,528.0,24.21999931,0.0,0
2023-04-20 06:35:00,3.605080843,0.0,,528.0,24.12999916,0.0,0
2023-04-20 06:40:00,4.664288521,0.0,,528.0,24.05999947,0.0,0
2023-04-20 06:45:00,5.596856594,0.0,,528.0,23.97999954,0.0,0
2023-04-20 06:50:00,6.58242321,0.0,,528.0,24.01000023,0.0,0
2023-04-20 06:55:00,7.582238197,0.0,,528.0,24.03000069,0.0,0
2023-04-20 07:00:00,8.994767189,0.0,,528.0,24.17000008,0.0,1
2023-04-20 07:05:00,10.52189159,0.0,,528.0,24.10000038,0.0,1
2023-04-20 07:10:00,11.9732399,0.0,,528.0,24.10000038,0.0,1
2023-04-20 07:15:00,12.79446983,0.0,,528.0,24.10000038,0.0,1
2023-04-20 07:20:00,13.89346695,0.0,,528.0,24.17000008,0.0,1
2023-04-20 07:25:00,14.63571453,0.0,,528.0,24.03000069,0.0,1
2023-04-20 07:30:00,15.3030653,0.0,,528.0,24.03000069,0.0,1
2023-04-20 07:35:00,16.01950264,0.0,,528.0,23.97999954,0.0,1
2023-04-20 07:40:00,16.61179924,0.0,,528.0,24.01000023,0.0,1
2023-04-20 07:45:00,16.93896675,0.0,,528.0,23.94000053,0.0,1
2023-04-20 07:50:00,17.6119976,0.0,,528.0,23.97999954,0.0,1
2023-04-20 07:55:00,18.11302567,0.0,,528.0,23.90999985,0.0,1
2023-04-20 08:00:00,18.27959824,0.0,,478.0,25.38999939,0.0,1
2023-04-20 08:05:00,18.71203995,0.0,,478.0,25.38999939,0.0,1
2023-04-20 08:10:00,19.31545639,0.0,,478.0,25.57999992,0.0,1
2023-04-20 08:15:00,19.57247734,0.0,,428.0,25.51000023,0.0,0
2023-04-20 08:20:00,19.69160652,0.0,,428.0,25.37000084,0.0,0
2023-04-20 08:25:00,19.98221588,0.0,,428.0,24.59000015,0.0,0
2023-04-20 08:30:00,20.70734024,0.0,,428.0,24.20000076,0.0,0
2023-04-20 08:35:00,20.9524498,0.0,,428.0,23.84000015,0.0,0
2023-04-20 08:40:00,20.21848679,0.0,,428.0,23.94000053,0.0,0
2023-04-20 08:45:00,19.82252312,0.0,,428.0,23.88999939,0.0,0
2023-04-20 08:50:00,19.80522537,0.0,,478.0,23.95999908,0.0,1
2023-04-20 08:55:00,20.24563599,0.0,,478.0,23.84000015,0.0,1
2023-04-20 09:00:00,20.63649178,0.0,,578.0,24.07999992,0.0,1
2023-04-20 09:05:00,20.6198616,0.0,,628.0,24.10000038,0.0,1
2023-04-20 09:10:00,22.40963936,0.0,,628.0,24.01000023,0.0,1
2023-04-20 09:15:00,22.96121788,0.0,,628.0,24.20000076,0.0,1
2023-04-20 09:20:00,23.33415604,0.0,,628.0,24.23999977,0.0,1
2023-04-20 09:25:00,23.66337395,0.0,,628.0,24.27000046,0.0,1
2023-04-20 09:30:00,22.8562355,0.0,,628.0,24.31999969,0.0,1
2023-04-20 09:35:00,23.79978752,0.0,,628.0,24.29000092,0.0,1
2023-04-20 09:40:00,24.72043037,0.0,,628.0,24.37999916,0.0,1
2023-04-20 09:45:00,25.88822556,0.0,,678.0,24.96999931,0.0,1
2023-04-20 09:50:00,20.55556488,0.0,,578.0,24.43000031,0.0,1
2023-04-20 09:55:00,18.95501518,0.0,,578.0,24.65999985,0.0,1
2023-04-20 10:00:00,18.42524338,0.0,,578.0,24.93000031,0.0,1
2023-04-20 10:05:00,22.28842163,0.0,,578.0,24.71999931,0.0,1
2023-04-20 10:10:00,25.14716721,0.0,,578.0,24.84000015,0.0,1
2023-04-20 10:15:00,24.50449562,0.0,,578.0,24.84000015,0.0,1
2023-04-20 10:20:00,22.28909111,0.0,,628.0,24.77000046,0.0,1
2023-04-20 10:25:00,22.557127,0.0,,628.0,25.11000061,0.0,1
2023-04-20 10:30:00,22.58780479,0.0,,628.0,25.42000008,0.0,1
2023-04-20 10:35:00,22.01028252,0.0,,728.0,24.95000076,0.0,1
2023-04-20 10:40:00,22.50723076,0.0,,678.0,24.86000061,0.0,1
2023-04-20 10:45:00,22.46066856,0.0,,678.0,24.5,0.0,1
2023-04-20 10:50:00,22.69259262,0.0,,728.0,24.71999931,0.0,1
2023-04-20 10:55:00,22.86557961,0.0,,728.0,25.13999939,0.0,1
2023-04-20 11:00:00,22.33299065,0.0,,678.0,25.06999969,0.0,1
2023-04-20 11:05:00,22.24380684,0.0,,628.0,25.53000069,0.0,1
2023-04-20 11:10:00,22.86791039,0.0,,628.0,25.55999947,0.0,1
2023-04-20 11:15:00,23.82732391,0.0,,628.0,25.64999962,0.0,1
2023-04-20 11:20:00,22.5580101,0.0,,678.0,25.44000053,0.0,1
2023-04-20 11:25:00,23.11591911,0.0,,628.0,25.88999939,0.0,1
2023-04-20 11:30:00,22.54321671,0.0,,628.0,25.84000015,0.0,1
2023-04-20 11:35:00,23.68474579,0.0,,628.0,25.70000076,0.0,1
2023-04-20 11:40:00,24.88388824,0.0,,627.0,26.07999992,0.0,1
2023-04-20 11:45:00,25.07892799,0.0,,627.0,25.93000031,0.0,1
2023-04-20 11:50:00,25.03774071,0.0,,627.0,25.77000046,0.0,1
2023-04-20 11:55:00,25.20821381,0.0,,627.0,25.79000092,0.0,1
2023-04-20 12:00:00,25.345644,0.0,,627.0,26.03000069,0.0,1
2023-04-20 12:05:00,25.50568771,0.0,,627.0,26.04999924,0.0,1
2023-04-20 12:10:00,26.2517643,0.0,,627.0,26.04999924,0.0,1
2023-04-20 12:15:00,26.75342751,0.0,,627.0,25.35000038,0.0,1
2023-04-20 12:20:00,26.86018562,0.0,,577.0,25.0,0.0,1
2023-04-20 12:25:00,27.13275719,0.0,,475.0,24.65999985,0.0,1
2023-04-20 12:30:00,27.52369118,0.0,,626.0,24.93000031,0.0,1
2023-04-20 12:35:00,27.35251427,0.0,,526.0,24.43000031,0.0,1
2023-04-20 12:40:00,27.31111336,0.0,,577.0,24.55999947,0.0,1
2023-04-20 12:45:00,27.79769516,0.0,,473.0,25.20999908,0.0,1
2023-04-20 12:50:00,28.11250877,0.0,,623.0,25.25,0.0,1
2023-04-20 12:55:00,28.22325325,0.0,,623.0,25.22999954,0.0,1
2023-04-20 13:00:00,29.41969872,0.0,,521.0,24.96999931,0.0,1
2023-04-20 13:05:00,28.42807388,0.0,,635.0,24.84000015,0.0,1
2023-04-20 13:10:00,28.52112579,0.0,,685.0,25.20999908,0.0,1
2023-04-20 13:15:00,28.48835373,0.0,,691.0,25.11000061,0.0,1
2023-04-20 13:20:00,29.3987484,0.0,,691.0,25.44000053,0.0,1
2023-04-20 13:25:00,29.37094116,0.0,,691.0,25.95999908,0.0,1
2023-04-20 13:30:00,28.87693024,0.0,,741.0,25.70000076,0.0,1
2023-04-20 13:35:00,29.08956909,0.0,,691.0,25.62999916,0.0,1
2023-04-20 13:40:00,30.57766533,0.0,,691.0,25.51000023,0.0,1
2023-04-20 13:45:00,31.79974556,0.0,,691.0,25.51000023,0.0,1
2023-04-20 13:50:00,33.64907455,0.0,,641.0,25.70000076,0.0,1
2023-04-20 13:55:00,34.33898544,0.0,,701.0,25.64999962,0.0,1
2023-04-20 14:00:00,34.64110565,0.0,,701.0,25.35000038,0.0,1
2023-04-20 14:05:00,33.84538651,0.0,,650.0,25.73999977,0.0,1
2023-04-20 14:10:00,36.89518738,0.0,,650.0,25.71999931,0.0,1
2023-04-20 14:15:00,37.5343399,0.0,,700.0,25.48999977,0.0,1
2023-04-20 14:20:00,37.43525314,0.0,,650.0,25.64999962,0.0,1
2023-04-20 14:25:00,37.33650589,0.0,,650.0,25.70000076,0.0,1
2023-04-20 14:30:00,36.82815552,0.0,,650.0,25.84000015,0.0,1
2023-04-20 14:35:00,38.54580307,0.0,,650.0,25.71999931,0.0,1
2023-04-20 14:40:00,41.46615982,0.0,,650.0,26.17000008,0.0,1
2023-04-20 14:45:00,41.44887543,0.0,,650.0,25.77000046,0.0,1
2023-04-20 14:50:00,42.72990799,0.0,,650.0,25.73999977,0.0,1
2023-04-20 14:55:00,44.7951355,0.0,,700.0,25.93000031,0.0,1
2023-04-20 15:00:00,46.92608261,0.0,,700.0,26.07999992,0.0,1
2023-04-20 15:05:00,47.26589203,0.0,,649.0,26.13999939,0.0,1
2023-04-20 15:10:00,49.64439774,0.0,,649.0,25.77000046,0.0,1
2023-04-20 15:15:00,52.4819603,0.0,,649.0,26.0,0.0,1
2023-04-20 15:20:00,55.67234421,0.0,,599.0,25.95999908,0.0,1
2023-04-20 15:25:00,59.57711411,0.0,,599.0,26.13999939,0.0,1
2023-04-20 15:30:00,61.36314392,0.0,,599.0,26.19000053,0.0,1
2023-04-20 15:35:00,61.29149628,0.0,,599.0,26.03000069,0.0,1
2023-04-20 15:40:00,62.50415039,0.0,,599.0,26.13999939,0.0,1
2023-04-20 15:45:00,63.76192093,0.0,,599.0,26.19000053,0.0,1
2023-04-20 15:50:00,66.58373261,0.0,,541.0,25.88999939,0.0,1
2023-04-20 15:55:00,67.97024536,0.0,,541.0,25.60000038,0.0,1
2023-04-20 16:00:00,64.94339752,0.0,,541.0,25.55999947,0.0,1
2023-04-20 16:05:00,58.69460297,0.0,,541.0,25.42000008,0.0,1
2023-04-20 16:10:00,68.64885712,0.0,,491.0,25.38999939,0.0,1
2023-04-20 16:15:00,76.29221344,0.0,,491.0,25.28000069,0.0,1
2023-04-20 16:20:00,81.4152832,0.0,,491.0,25.44000053,0.0,1
2023-04-20 16:25:00,85.63344574,0.0,,491.0,25.51000023,0.0,1
2023-04-20 16:30:00,87.92260742,0.0,,491.0,25.53000069,0.0,1
2023-04-20 16:35:00,90.86832428,0.0,,491.0,25.64999962,0.0,1
2023-04-20 16:40:00,93.62519836,0.0,,491.0,25.73999977,0.0,1
2023-04-20 16:45:00,96.54251862,0.0,,491.0,25.88999939,0.0,1
2023-04-20 16:50:00,101.5541229,0.0,,491.0,25.86000061,0.0,1
2023-04-20 16:55:00,108.1232376,0.0,,491.0,25.84000015,0.0,1
2023-04-20 17:00:00,115.1681366,0.0,,491.0,26.07999992,0.0,1
2023-04-20 17:05:00,124.0243759,0.0,,491.0,25.95999908,0.0,1
2023-04-20 17:10:00,135.306015,0.0,,491.0,26.13999939,0.0,1
2023-04-20 17:15:00,145.3470154,0.0,,491.0,26.19000053,0.0,1
2023-04-20 17:20:00,155.8508453,0.0,,491.0,26.07999992,0.0,1
2023-04-20 17:25:00,181.3083038,0.0,,491.0,26.12000084,0.0,1
2023-04-20 17:30:00,217.3031006,0.0,,491.0,26.12000084,0.0,1
2023-04-20 17:35:00,245.6851501,0.0,,491.0,26.22999954,0.0,1
2023-04-20 17:40:00,248.0829926,0.0,,536.0,26.42000008,0.0,1
2023-04-20 17:45:00,235.7831421,0.0,,536.0,26.37000084,0.0,1
2023-04-20 17:50:00,230.1440277,0.0,,536.0,26.37000084,0.0,1
2023-04-20 17:55:00,229.6730499,0.0,,536.0,26.47999954,0.0,1
2023-04-20 18:00:00,221.5774536,0.0,,536.0,26.53000069,0.0,1
2023-04-20 18:05:00,213.4799652,0.0,,536.0,26.56999969,0.0,1
2023-04-20 18:10:00,205.0679626,0.0,,536.0,26.44000053,0.0,1
2023-04-20 18:15:00,202.1112976,0.0,,536.0,26.70999908,0.0,1
2023-04-20 18:20:00,197.4785004,0.0,,536.0,26.60000038,0.0,1
2023-04-20 18:25:00,191.4329071,0.0,,536.0,26.72999954,0.0,1
2023-04-20 18:30:00,182.1972656,0.0,,536.0,26.56999969,0.0,1
2023-04-20 18:35:00,170.9007263,0.0,,536.0,26.76000023,0.0,1
2023-04-20 18:40:00,164.6331787,0.0,,536.0,26.63999939,0.0,1
2023-04-20 18:45:00,157.7388153,0.0,,536.0,26.63999939,0.0,1
2023-04-20 18:50:00,118.7213898,0.0,,536.0,26.78000069,0.0,1
2023-04-20 18:55:00,108.8249512,0.0,,536.0,26.76000023,0.0,1
2023-04-20 19:00:00,117.5773544,0.0,,536.0,26.82999992,0.0,1
2023-04-20 19:05:00,109.6880493,0.0,,548.0,26.76000023,0.0,1
2023-04-20 19:10:00,112.4046326,0.0,,548.0,26.79999924,0.0,1
2023-04-20 19:15:00,117.0848999,0.0,,548.0,26.89999962,0.0,1
2023-04-20 19:20:00,120.475853,0.0,,548.0,26.98999977,0.0,1
2023-04-20 19:25:00,119.0434265,0.0,,548.0,27.12999916,0.0,1
2023-04-20 19:30:00,122.5082779,0.0,,548.0,27.48999977,0.0,1
2023-04-20 19:35:00,111.6216049,0.0,,548.0,27.55999947,0.0,1
2023-04-20 19:40:00,116.9413147,0.0,,548.0,27.80999947,0.0,1
2023-04-20 19:45:00,126.7885437,0.0,,548.0,27.95000076,0.0,1
2023-04-20 19:50:00,120.8955612,0.0,,548.0,27.97999954,0.0,1
2023-04-20 19:55:00,70.5258255,0.0,,548.0,27.68000031,0.0,1
2023-04-20 20:00:00,47.05552292,0.0,,548.0,27.45000076,0.0,1
2023-04-20 20:05:00,47.30695343,0.0,,548.0,27.21999931,0.0,1
2023-04-20 20:10:00,40.21604538,0.0,,548.0,27.14999962,0.0,1
2023-04-20 20:15:00,26.43795967,0.0,,548.0,27.11000061,0.0,1
2023-04-20 20:20:00,18.39863968,0.0,,548.0,26.89999962,0.0,1
