externallogid,source,timestamp,timestamp_tzinfo,value
4604,/TM023_4_22_1.-103C/Lon/Net/Rum 1.363/PIR_activity_1.363,2024-01-01 01:59:45,248,0.0
4604,/TM023_4_22_1.-103C/Lon/Net/Rum 1.363/PIR_activity_1.363,2024-01-01 01:58:45,248,0.0
4604,/TM023_4_22_1.-103C/Lon/Net/Rum 1.363/PIR_activity_1.363,2024-01-01 01:57:45,248,0.0
4604,/TM023_4_22_1.-103C/Lon/Net/Rum 1.363/PIR_activity_1.363,2024-01-01 01:56:45,248,0.0
4604,/TM023_4_22_1.-103C/Lon/Net/Rum 1.363/PIR_activity_1.363,2024-01-01 01:55:45,248,0.0
4604,/TM023_4_22_1.-103C/Lon/Net/Rum 1.363/PIR_activity_1.363,2024-01-01 01:54:45,248,0.0
4604,/TM023_4_22_1.-103C/Lon/Net/Rum 1.363/PIR_activity_1.363,2024-01-01 01:53:45,248,0.0
4604,/TM023_4_22_1.-103C/Lon/Net/Rum 1.363/PIR_activity_1.363,2024-01-01 01:52:45,248,0.0
4604,/TM023_4_22_1.-103C/Lon/Net/Rum 1.363/PIR_activity_1.363,2024-01-01 01:51:45,248,0.0
4604,/TM023_4_22_1.-103C/Lon/Net/Rum 1.363/PIR_activity_1.363,2024-01-01 01:50:45,248,0.0
4604,/TM023_4_22_1.-103C/Lon/Net/Rum 1.363/PIR_activity_1.363,2024-01-01 01:49:45,248,0.0
4604,/TM023_4_22_1.-103C/Lon/Net/Rum 1.363/PIR_activity_1.363,2024-01-01 01:48:45,248,0.0
4604,/TM023_4_22_1.-103C/Lon/Net/Rum 1.363/PIR_activity_1.363,2024-01-01 01:47:45,248,0.0
4604,/TM023_4_22_1.-103C/Lon/Net/Rum 1.363/PIR_activity_1.363,2024-01-01 01:46:45,248,0.0
4604,/TM023_4_22_1.-103C/Lon/Net/Rum 1.363/PIR_activity_1.363,2024-01-01 01:45:45,248,
4604,/TM023_4_22_1.-103C/Lon/Net/Rum 1.363/PIR_activity_1.363,2024-01-01 01:44:45,248,0.0
4604,/TM023_4_22_1.-103C/Lon/Net/Rum 1.363/PIR_activity_1.363,2024-01-01 01:43:45,248,0.0
4604,/TM023_4_22_1.-103C/Lon/Net/Rum 1.363/PIR_activity_1.363,2024-01-01 01:42:45,248,0.0
4604,/TM023_4_22_1.-103C/Lon/Net/Rum 1.363/PIR_activity_1.363,2024-01-01 01:41:45,248,0.0
4604,/TM023_4_22_1.-103C/Lon/Net/Rum 1.363/PIR_activity_1.363,2024-01-01 01:40:45,248,0.0
4604,/TM023_4_22_1.-103C/Lon/Net/Rum 1.363/PIR_activity_1.363,2024-01-01 01:39:45,248,0.0
4604,/TM023_4_22_1.-103C/Lon/Net/Rum 1.363/PIR_activity_1.363,2024-01-01 01:38:45,248,0.0
4604,/TM023_4_22_1.-103C/Lon/Net/Rum 1.363/PIR_activity_1.363,2024-01-01 01:37:45,248,0.0
4604,/TM023_4_22_1.-103C/Lon/Net/Rum 1.363/PIR_activity_1.363,2024-01-01 01:36:45,248,0.0
4604,/TM023_4_22_1.-103C/Lon/Net/Rum 1.363/PIR_activity_1.363,2024-01-01 01:35:45,248,0.0
4604,/TM023_4_22_1.-103C/Lon/Net/Rum 1.363/PIR_activity_1.363,2024-01-01 01:34:45,248,0.0
4604,/TM023_4_22_1.-103C/Lon/Net/Rum 1.363/PIR_activity_1.363,2024-01-01 01:33:45,248,0.0
4604,/TM023_4_22_1.-103C/Lon/Net/Rum 1.363/PIR_activity_1.363,2024-01-01 01:32:45,248,0.0
4604,/TM023_4_22_1.-103C/Lon/Net/Rum 1.363/PIR_activity_1.363,2024-01-01 01:31:45,248,0.0
4604,/TM023_4_22_1.-103C/Lon/Net/Rum 1.363/PIR_activity_1.363,2024-01-01 01:30:45,248,0.0
4604,/TM023_4_22_1.-103C/Lon/Net/Rum 1.363/PIR_activity_1.363,2024-01-01 01:29:45,248,0.0
4604,/TM023_4_22_1.-103C/Lon/Net/Rum 1.363/PIR_activity_1.363,2024-01-01 01:28:45,248,0.0
4604,/TM023_4_22_1.-103C/Lon/Net/Rum 1.363/PIR_activity_1.363,2024-01-01 01:27:45,248,0.0
4604,/TM023_4_22_1.-103C/Lon/Net/Rum 1.363/PIR_activity_1.363,2024-01-01 01:26:45,248,0.0
4604,/TM023_4_22_1.-103C/Lon/Net/Rum 1.363/PIR_activity_1.363,2024-01-01 01:25:45,248,0.0
4604,/TM023_4_22_1.-103C/Lon/Net/Rum 1.363/PIR_activity_1.363,2024-01-01 01:24:45,248,0.0
4604,/TM023_4_22_1.-103C/Lon/Net/Rum 1.363/PIR_activity_1.363,2024-01-01 01:23:45,248,0.0
4604,/TM023_4_22_1.-103C/Lon/Net/Rum 1.363/PIR_activity_1.363,2024-01-01 01:22:45,248,0.0
4604,/TM023_4_22_1.-103C/Lon/Net/Rum 1.363/PIR_activity_1.363,2024-01-01 01:21:45,248,0.0
4604,/TM023_4_22_1.-103C/Lon/Net/Rum 1.363/PIR_activity_1.363,2024-01-01 01:20:45,248,0.0
4604,/TM023_4_22_1.-103C/Lon/Net/Rum 1.363/PIR_activity_1.363,2024-01-01 01:19:45,248,0.0
4604,/TM023_4_22_1.-103C/Lon/Net/Rum 1.363/PIR_activity_1.363,2024-01-01 01:18:45,248,0.0
4604,/TM023_4_22_1.-103C/Lon/Net/Rum 1.363/PIR_activity_1.363,2024-01-01 01:17:45,248,0.0
4604,/TM023_4_22_1.-103C/Lon/Net/Rum 1.363/PIR_activity_1.363,2024-01-01 01:16:45,248,0.0
4604,/TM023_4_22_1.-103C/Lon/Net/Rum 1.363/PIR_activity_1.363,2024-01-01 01:15:45,248,0.0
4604,/TM023_4_22_1.-103C/Lon/Net/Rum 1.363/PIR_activity_1.363,2024-01-01 01:14:45,248,0.0
4604,/TM023_4_22_1.-103C/Lon/Net/Rum 1.363/PIR_activity_1.363,2024-01-01 01:13:45,248,0.0
4604,/TM023_4_22_1.-103C/Lon/Net/Rum 1.363/PIR_activity_1.363,2024-01-01 01:12:45,248,0.0
4604,/TM023_4_22_1.-103C/Lon/Net/Rum 1.363/PIR_activity_1.363,2024-01-01 01:11:45,248,0.0
4604,/TM023_4_22_1.-103C/Lon/Net/Rum 1.363/PIR_activity_1.363,2024-01-01 01:10:45,248,0.0
4604,/TM023_4_22_1.-103C/Lon/Net/Rum 1.363/PIR_activity_1.363,2024-01-01 01:09:45,248,0.0
4604,/TM023_4_22_1.-103C/Lon/Net/Rum 1.363/PIR_activity_1.363,2024-01-01 01:08:45,248,0.0
4604,/TM023_4_22_1.-103C/Lon/Net/Rum 1.363/PIR_activity_1.363,2024-01-01 01:07:45,248,0.0
4604,/TM023_4_22_1.-103C/Lon/Net/Rum 1.363/PIR_activity_1.363,2024-01-01 01:06:45,248,0.0
4604,/TM023_4_22_1.-103C/Lon/Net/Rum 1.363/PIR_activity_1.363,2024-01-01 01:05:45,248,0.0
4604,/TM023_4_22_1.-103C/Lon/Net/Rum 1.363/PIR_activity_1.363,2024-01-01 01:04:45,248,0.0
4604,/TM023_4_22_1.-103C/Lon/Net/Rum 1.363/PIR_activity_1.363,2024-01-01 01:03:45,248,0.0
4604,/TM023_4_22_1.-103C/Lon/Net/Rum 1.363/PIR_activity_1.363,2024-01-01 01:02:45,248,0.0
4604,/TM023_4_22_1.-103C/Lon/Net/Rum 1.363/PIR_activity_1.363,2024-01-01 01:01:45,248,0.0
4604,/TM023_4_22_1.-103C/Lon/Net/Rum 1.363/PIR_activity_1.363,2024-01-01 01:00:45,248,0.0
4710,/TM023_4_22_1.-103C/Lon/Net/Rum 1.352/PIR_activity_1.352,2024-01-01 01:59:21,248,0.0
4710,/TM023_4_22_1.-103C/Lon/Net/Rum 1.352/PIR_activity_1.352,2024-01-01 01:58:21,248,0.0
4710,/TM023_4_22_1.-103C/Lon/Net/Rum 1.352/PIR_activity_1.352,2024-01-01 01:57:21,248,0.0
4710,/TM023_4_22_1.-103C/Lon/Net/Rum 1.352/PIR_activity_1.352,2024-01-01 01:56:21,248,0.0
4710,/TM023_4_22_1.-103C/Lon/Net/Rum 1.352/PIR_activity_1.352,2024-01-01 01:55:21,248,0.0
4710,/TM023_4_22_1.-103C/Lon/Net/Rum 1.352/PIR_activity_1.352,2024-01-01 01:54:21,248,0.0
4710,/TM023_4_22_1.-103C/Lon/Net/Rum 1.352/PIR_activity_1.352,2024-01-01 01:53:21,248,0.0
4710,/TM023_4_22_1.-103C/Lon/Net/Rum 1.352/PIR_activity_1.352,2024-01-01 01:52:21,248,0.0
4710,/TM023_4_22_1.-103C/Lon/Net/Rum 1.352/PIR_activity_1.352,2024-01-01 01:51:21,248,0.0
4710,/TM023_4_22_1.-103C/Lon/Net/Rum 1.352/PIR_activity_1.352,2024-01-01 01:50:21,248,0.0
4710,/TM023_4_22_1.-103C/Lon/Net/Rum 1.352/PIR_activity_1.352,2024-01-01 01:49:21,248,0.0
4710,/TM023_4_22_1.-103C/Lon/Net/Rum 1.352/PIR_activity_1.352,2024-01-01 01:48:21,248,0.0
4710,/TM023_4_22_1.-103C/Lon/Net/Rum 1.352/PIR_activity_1.352,2024-01-01 01:47:21,248,0.0
4710,/TM023_4_22_1.-103C/Lon/Net/Rum 1.352/PIR_activity_1.352,2024-01-01 01:46:21,248,0.0
4710,/TM023_4_22_1.-103C/Lon/Net/Rum 1.352/PIR_activity_1.352,2024-01-01 01:45:21,248,0.0
4710,/TM023_4_22_1.-103C/Lon/Net/Rum 1.352/PIR_activity_1.352,2024-01-01 01:44:21,248,0.0
4710,/TM023_4_22_1.-103C/Lon/Net/Rum 1.352/PIR_activity_1.352,2024-01-01 01:43:21,248,0.0
4710,/TM023_4_22_1.-103C/Lon/Net/Rum 1.352/PIR_activity_1.352,2024-01-01 01:42:21,248,0.0
4710,/TM023_4_22_1.-103C/Lon/Net/Rum 1.352/PIR_activity_1.352,2024-01-01 01:41:21,248,0.0
4710,/TM023_4_22_1.-103C/Lon/Net/Rum 1.352/PIR_activity_1.352,2024-01-01 01:40:21,248,0.0
4710,/TM023_4_22_1.-103C/Lon/Net/Rum 1.352/PIR_activity_1.352,2024-01-01 01:39:21,248,0.0
4710,/TM023_4_22_1.-103C/Lon/Net/Rum 1.352/PIR_activity_1.352,2024-01-01 01:38:21,248,0.0
4710,/TM023_4_22_1.-103C/Lon/Net/Rum 1.352/PIR_activity_1.352,2024-01-01 01:37:21,248,0.0
4710,/TM023_4_22_1.-103C/Lon/Net/Rum 1.352/PIR_activity_1.352,2024-01-01 01:36:21,248,0.0
4710,/TM023_4_22_1.-103C/Lon/Net/Rum 1.352/PIR_activity_1.352,2024-01-01 01:35:21,248,0.0
4710,/TM023_4_22_1.-103C/Lon/Net/Rum 1.352/PIR_activity_1.352,2024-01-01 01:34:21,248,0.0
4710,/TM023_4_22_1.-103C/Lon/Net/Rum 1.352/PIR_activity_1.352,2024-01-01 01:33:21,248,0.0
4710,/TM023_4_22_1.-103C/Lon/Net/Rum 1.352/PIR_activity_1.352,2024-01-01 01:32:21,248,0.0
4710,/TM023_4_22_1.-103C/Lon/Net/Rum 1.352/PIR_activity_1.352,2024-01-01 01:31:21,248,0.0
4710,/TM023_4_22_1.-103C/Lon/Net/Rum 1.352/PIR_activity_1.352,2024-01-01 01:30:21,248,0.0
4710,/TM023_4_22_1.-103C/Lon/Net/Rum 1.352/PIR_activity_1.352,2024-01-01 01:29:21,248,0.0
4710,/TM023_4_22_1.-103C/Lon/Net/Rum 1.352/PIR_activity_1.352,2024-01-01 01:28:21,248,0.0
4710,/TM023_4_22_1.-103C/Lon/Net/Rum 1.352/PIR_activity_1.352,2024-01-01 01:27:21,248,0.0
4710,/TM023_4_22_1.-103C/Lon/Net/Rum 1.352/PIR_activity_1.352,2024-01-01 01:26:21,248,0.0
4710,/TM023_4_22_1.-103C/Lon/Net/Rum 1.352/PIR_activity_1.352,2024-01-01 01:25:21,248,0.0
4710,/TM023_4_22_1.-103C/Lon/Net/Rum 1.352/PIR_activity_1.352,2024-01-01 01:24:21,248,0.0
4710,/TM023_4_22_1.-103C/Lon/Net/Rum 1.352/PIR_activity_1.352,2024-01-01 01:23:21,248,0.0
4710,/TM023_4_22_1.-103C/Lon/Net/Rum 1.352/PIR_activity_1.352,2024-01-01 01:22:21,248,0.0
4710,/TM023_4_22_1.-103C/Lon/Net/Rum 1.352/PIR_activity_1.352,2024-01-01 01:21:21,248,0.0
4710,/TM023_4_22_1.-103C/Lon/Net/Rum 1.352/PIR_activity_1.352,2024-01-01 01:20:21,248,0.0
4710,/TM023_4_22_1.-103C/Lon/Net/Rum 1.352/PIR_activity_1.352,2024-01-01 01:19:21,248,0.0
4710,/TM023_4_22_1.-103C/Lon/Net/Rum 1.352/PIR_activity_1.352,2024-01-01 01:18:21,248,0.0
4710,/TM023_4_22_1.-103C/Lon/Net/Rum 1.352/PIR_activity_1.352,2024-01-01 01:17:21,248,0.0
4710,/TM023_4_22_1.-103C/Lon/Net/Rum 1.352/PIR_activity_1.352,2024-01-01 01:16:21,248,0.0
4710,/TM023_4_22_1.-103C/Lon/Net/Rum 1.352/PIR_activity_1.352,2024-01-01 01:15:21,248,0.0
4710,/TM023_4_22_1.-103C/Lon/Net/Rum 1.352/PIR_activity_1.352,2024-01-01 01:14:21,248,0.0
4710,/TM023_4_22_1.-103C/Lon/Net/Rum 1.352/PIR_activity_1.352,2024-01-01 01:13:21,248,0.0
4710,/TM023_4_22_1.-103C/Lon/Net/Rum 1.352/PIR_activity_1.352,2024-01-01 01:12:21,248,0.0
4710,/TM023_4_22_1.-103C/Lon/Net/Rum 1.352/PIR_activity_1.352,2024-01-01 01:11:21,248,0.0
4710,/TM023_4_22_1.-103C/Lon/Net/Rum 1.352/PIR_activity_1.352,2024-01-01 01:10:21,248,0.0
4710,/TM023_4_22_1.-103C/Lon/Net/Rum 1.352/PIR_activity_1.352,2024-01-01 01:09:21,248,0.0
4710,/TM023_4_22_1.-103C/Lon/Net/Rum 1.352/PIR_activity_1.352,2024-01-01 01:08:21,248,0.0
4710,/TM023_4_22_1.-103C/Lon/Net/Rum 1.352/PIR_activity_1.352,2024-01-01 01:07:21,248,0.0
4710,/TM023_4_22_1.-103C/Lon/Net/Rum 1.352/PIR_activity_1.352,2024-01-01 01:06:21,248,0.0
4710,/TM023_4_22_1.-103C/Lon/Net/Rum 1.352/PIR_activity_1.352,2024-01-01 01:05:21,248,0.0
4710,/TM023_4_22_1.-103C/Lon/Net/Rum 1.352/PIR_activity_1.352,2024-01-01 01:04:21,248,0.0
4710,/TM023_4_22_1.-103C/Lon/Net/Rum 1.352/PIR_activity_1.352,2024-01-01 01:03:21,248,0.0
4710,/TM023_4_22_1.-103C/Lon/Net/Rum 1.352/PIR_activity_1.352,2024-01-01 01:02:21,248,0.0
4710,/TM023_4_22_1.-103C/Lon/Net/Rum 1.352/PIR_activity_1.352,2024-01-01 01:01:21,248,0.0
4710,/TM023_4_22_1.-103C/Lon/Net/Rum 1.352/PIR_activity_1.352,2024-01-01 01:00:21,248,0.0
4754,/TM023_4_22_1.-103C/Lon/Net/Rum 1.401/PIR_activity_1.401,2024-01-01 01:59:48,248,0.0
4754,/TM023_4_22_1.-103C/Lon/Net/Rum 1.401/PIR_activity_1.401,2024-01-01 01:58:48,248,0.0
4754,/TM023_4_22_1.-103C/Lon/Net/Rum 1.401/PIR_activity_1.401,2024-01-01 01:57:48,248,0.0
4754,/TM023_4_22_1.-103C/Lon/Net/Rum 1.401/PIR_activity_1.401,2024-01-01 01:56:48,248,0.0
4754,/TM023_4_22_1.-103C/Lon/Net/Rum 1.401/PIR_activity_1.401,2024-01-01 01:55:48,248,0.0
4754,/TM023_4_22_1.-103C/Lon/Net/Rum 1.401/PIR_activity_1.401,2024-01-01 01:54:48,248,0.0
4754,/TM023_4_22_1.-103C/Lon/Net/Rum 1.401/PIR_activity_1.401,2024-01-01 01:53:48,248,0.0
4754,/TM023_4_22_1.-103C/Lon/Net/Rum 1.401/PIR_activity_1.401,2024-01-01 01:52:48,248,0.0
4754,/TM023_4_22_1.-103C/Lon/Net/Rum 1.401/PIR_activity_1.401,2024-01-01 01:51:48,248,0.0
4754,/TM023_4_22_1.-103C/Lon/Net/Rum 1.401/PIR_activity_1.401,2024-01-01 01:50:48,248,0.0
4754,/TM023_4_22_1.-103C/Lon/Net/Rum 1.401/PIR_activity_1.401,2024-01-01 01:49:48,248,0.0
4754,/TM023_4_22_1.-103C/Lon/Net/Rum 1.401/PIR_activity_1.401,2024-01-01 01:48:48,248,0.0
4754,/TM023_4_22_1.-103C/Lon/Net/Rum 1.401/PIR_activity_1.401,2024-01-01 01:47:48,248,0.0
4754,/TM023_4_22_1.-103C/Lon/Net/Rum 1.401/PIR_activity_1.401,2024-01-01 01:46:48,248,0.0
4754,/TM023_4_22_1.-103C/Lon/Net/Rum 1.401/PIR_activity_1.401,2024-01-01 01:45:48,248,0.0
4754,/TM023_4_22_1.-103C/Lon/Net/Rum 1.401/PIR_activity_1.401,2024-01-01 01:44:48,248,0.0
4754,/TM023_4_22_1.-103C/Lon/Net/Rum 1.401/PIR_activity_1.401,2024-01-01 01:43:48,248,0.0
4754,/TM023_4_22_1.-103C/Lon/Net/Rum 1.401/PIR_activity_1.401,2024-01-01 01:42:48,248,0.0
4754,/TM023_4_22_1.-103C/Lon/Net/Rum 1.401/PIR_activity_1.401,2024-01-01 01:41:48,248,0.0
4754,/TM023_4_22_1.-103C/Lon/Net/Rum 1.401/PIR_activity_1.401,2024-01-01 01:40:48,248,0.0
4754,/TM023_4_22_1.-103C/Lon/Net/Rum 1.401/PIR_activity_1.401,2024-01-01 01:39:48,248,0.0
4754,/TM023_4_22_1.-103C/Lon/Net/Rum 1.401/PIR_activity_1.401,2024-01-01 01:38:48,248,0.0
4754,/TM023_4_22_1.-103C/Lon/Net/Rum 1.401/PIR_activity_1.401,2024-01-01 01:37:48,248,0.0
4754,/TM023_4_22_1.-103C/Lon/Net/Rum 1.401/PIR_activity_1.401,2024-01-01 01:36:48,248,0.0
4754,/TM023_4_22_1.-103C/Lon/Net/Rum 1.401/PIR_activity_1.401,2024-01-01 01:35:48,248,0.0
4754,/TM023_4_22_1.-103C/Lon/Net/Rum 1.401/PIR_activity_1.401,2024-01-01 01:34:48,248,0.0
4754,/TM023_4_22_1.-103C/Lon/Net/Rum 1.401/PIR_activity_1.401,2024-01-01 01:33:48,248,0.0
4754,/TM023_4_22_1.-103C/Lon/Net/Rum 1.401/PIR_activity_1.401,2024-01-01 01:32:48,248,0.0
4754,/TM023_4_22_1.-103C/Lon/Net/Rum 1.401/PIR_activity_1.401,2024-01-01 01:31:48,248,0.0
4754,/TM023_4_22_1.-103C/Lon/Net/Rum 1.401/PIR_activity_1.401,2024-01-01 01:30:48,248,0.0
4754,/TM023_4_22_1.-103C/Lon/Net/Rum 1.401/PIR_activity_1.401,2024-01-01 01:29:48,248,0.0
4754,/TM023_4_22_1.-103C/Lon/Net/Rum 1.401/PIR_activity_1.401,2024-01-01 01:28:48,248,0.0
4754,/TM023_4_22_1.-103C/Lon/Net/Rum 1.401/PIR_activity_1.401,2024-01-01 01:27:48,248,0.0
4754,/TM023_4_22_1.-103C/Lon/Net/Rum 1.401/PIR_activity_1.401,2024-01-01 01:26:48,248,0.0
4754,/TM023_4_22_1.-103C/Lon/Net/Rum 1.401/PIR_activity_1.401,2024-01-01 01:25:48,248,0.0
4754,/TM023_4_22_1.-103C/Lon/Net/Rum 1.401/PIR_activity_1.401,2024-01-01 01:24:48,248,0.0
4754,/TM023_4_22_1.-103C/Lon/Net/Rum 1.401/PIR_activity_1.401,2024-01-01 01:23:48,248,0.0
4754,/TM023_4_22_1.-103C/Lon/Net/Rum 1.401/PIR_activity_1.401,2024-01-01 01:22:48,248,0.0
4754,/TM023_4_22_1.-103C/Lon/Net/Rum 1.401/PIR_activity_1.401,2024-01-01 01:21:48,248,0.0
4754,/TM023_4_22_1.-103C/Lon/Net/Rum 1.401/PIR_activity_1.401,2024-01-01 01:20:48,248,0.0
4754,/TM023_4_22_1.-103C/Lon/Net/Rum 1.401/PIR_activity_1.401,2024-01-01 01:19:48,248,0.0
4754,/TM023_4_22_1.-103C/Lon/Net/Rum 1.401/PIR_activity_1.401,2024-01-01 01:18:48,248,0.0
4754,/TM023_4_22_1.-103C/Lon/Net/Rum 1.401/PIR_activity_1.401,2024-01-01 01:17:48,248,0.0
4754,/TM023_4_22_1.-103C/Lon/Net/Rum 1.401/PIR_activity_1.401,2024-01-01 01:16:48,248,0.0
4754,/TM023_4_22_1.-103C/Lon/Net/Rum 1.401/PIR_activity_1.401,2024-01-01 01:15:48,248,0.0
4754,/TM023_4_22_1.-103C/Lon/Net/Rum 1.401/PIR_activity_1.401,2024-01-01 01:14:48,248,0.0
4754,/TM023_4_22_1.-103C/Lon/Net/Rum 1.401/PIR_activity_1.401,2024-01-01 01:13:48,248,0.0
4754,/TM023_4_22_1.-103C/Lon/Net/Rum 1.401/PIR_activity_1.401,2024-01-01 01:12:48,248,0.0
4754,/TM023_4_22_1.-103C/Lon/Net/Rum 1.401/PIR_activity_1.401,2024-01-01 01:11:48,248,0.0
4754,/TM023_4_22_1.-103C/Lon/Net/Rum 1.401/PIR_activity_1.401,2024-01-01 01:10:48,248,0.0
4754,/TM023_4_22_1.-103C/Lon/Net/Rum 1.401/PIR_activity_1.401,2024-01-01 01:09:48,248,0.0
4754,/TM023_4_22_1.-103C/Lon/Net/Rum 1.401/PIR_activity_1.401,2024-01-01 01:08:48,248,0.0
4754,/TM023_4_22_1.-103C/Lon/Net/Rum 1.401/PIR_activity_1.401,2024-01-01 01:07:48,248,0.0
4754,/TM023_4_22_1.-103C/Lon/Net/Rum 1.401/PIR_activity_1.401,2024-01-01 01:06:48,248,0.0
4754,/TM023_4_22_1.-103C/Lon/Net/Rum 1.401/PIR_activity_1.401,2024-01-01 01:05:48,248,0.0
4754,/TM023_4_22_1.-103C/Lon/Net/Rum 1.401/PIR_activity_1.401,2024-01-01 01:04:48,248,0.0
4754,/TM023_4_22_1.-103C/Lon/Net/Rum 1.401/PIR_activity_1.401,2024-01-01 01:03:48,248,0.0
4754,/TM023_4_22_1.-103C/Lon/Net/Rum 1.401/PIR_activity_1.401,2024-01-01 01:02:48,248,0.0
4754,/TM023_4_22_1.-103C/Lon/Net/Rum 1.401/PIR_activity_1.401,2024-01-01 01:01:48,248,0.0
4754,/TM023_4_22_1.-103C/Lon/Net/Rum 1.401/PIR_activity_1.401,2024-01-01 01:00:48,248,0.0
4813,/TM023_4_22_1.-103C/Lon/Net/Rum 1.365/PIR_activity_1.365,2024-01-01 01:59:06,248,0.0
4813,/TM023_4_22_1.-103C/Lon/Net/Rum 1.365/PIR_activity_1.365,2024-01-01 01:58:06,248,0.0
4813,/TM023_4_22_1.-103C/Lon/Net/Rum 1.365/PIR_activity_1.365,2024-01-01 01:57:06,248,0.0
4813,/TM023_4_22_1.-103C/Lon/Net/Rum 1.365/PIR_activity_1.365,2024-01-01 01:56:06,248,0.0
4813,/TM023_4_22_1.-103C/Lon/Net/Rum 1.365/PIR_activity_1.365,2024-01-01 01:55:06,248,0.0
4813,/TM023_4_22_1.-103C/Lon/Net/Rum 1.365/PIR_activity_1.365,2024-01-01 01:54:06,248,0.0
4813,/TM023_4_22_1.-103C/Lon/Net/Rum 1.365/PIR_activity_1.365,2024-01-01 01:53:06,248,0.0
4813,/TM023_4_22_1.-103C/Lon/Net/Rum 1.365/PIR_activity_1.365,2024-01-01 01:52:06,248,0.0
4813,/TM023_4_22_1.-103C/Lon/Net/Rum 1.365/PIR_activity_1.365,2024-01-01 01:51:06,248,0.0
4813,/TM023_4_22_1.-103C/Lon/Net/Rum 1.365/PIR_activity_1.365,2024-01-01 01:50:06,248,0.0
4813,/TM023_4_22_1.-103C/Lon/Net/Rum 1.365/PIR_activity_1.365,2024-01-01 01:49:06,248,0.0
4813,/TM023_4_22_1.-103C/Lon/Net/Rum 1.365/PIR_activity_1.365,2024-01-01 01:48:06,248,0.0
4813,/TM023_4_22_1.-103C/Lon/Net/Rum 1.365/PIR_activity_1.365,2024-01-01 01:47:06,248,0.0
4813,/TM023_4_22_1.-103C/Lon/Net/Rum 1.365/PIR_activity_1.365,2024-01-01 01:46:06,248,0.0
4813,/TM023_4_22_1.-103C/Lon/Net/Rum 1.365/PIR_activity_1.365,2024-01-01 01:45:06,248,0.0
4813,/TM023_4_22_1.-103C/Lon/Net/Rum 1.365/PIR_activity_1.365,2024-01-01 01:44:06,248,0.0
4813,/TM023_4_22_1.-103C/Lon/Net/Rum 1.365/PIR_activity_1.365,2024-01-01 01:43:06,248,0.0
4813,/TM023_4_22_1.-103C/Lon/Net/Rum 1.365/PIR_activity_1.365,2024-01-01 01:42:06,248,0.0
4813,/TM023_4_22_1.-103C/Lon/Net/Rum 1.365/PIR_activity_1.365,2024-01-01 01:41:06,248,0.0
4813,/TM023_4_22_1.-103C/Lon/Net/Rum 1.365/PIR_activity_1.365,2024-01-01 01:40:06,248,0.0
4813,/TM023_4_22_1.-103C/Lon/Net/Rum 1.365/PIR_activity_1.365,2024-01-01 01:39:06,248,0.0
4813,/TM023_4_22_1.-103C/Lon/Net/Rum 1.365/PIR_activity_1.365,2024-01-01 01:38:06,248,0.0
4813,/TM023_4_22_1.-103C/Lon/Net/Rum 1.365/PIR_activity_1.365,2024-01-01 01:37:06,248,0.0
4813,/TM023_4_22_1.-103C/Lon/Net/Rum 1.365/PIR_activity_1.365,2024-01-01 01:36:06,248,0.0
4813,/TM023_4_22_1.-103C/Lon/Net/Rum 1.365/PIR_activity_1.365,2024-01-01 01:35:06,248,0.0
4813,/TM023_4_22_1.-103C/Lon/Net/Rum 1.365/PIR_activity_1.365,2024-01-01 01:34:06,248,0.0
4813,/TM023_4_22_1.-103C/Lon/Net/Rum 1.365/PIR_activity_1.365,2024-01-01 01:33:06,248,0.0
4813,/TM023_4_22_1.-103C/Lon/Net/Rum 1.365/PIR_activity_1.365,2024-01-01 01:32:06,248,0.0
4813,/TM023_4_22_1.-103C/Lon/Net/Rum 1.365/PIR_activity_1.365,2024-01-01 01:31:06,248,0.0
4813,/TM023_4_22_1.-103C/Lon/Net/Rum 1.365/PIR_activity_1.365,2024-01-01 01:30:06,248,0.0
4813,/TM023_4_22_1.-103C/Lon/Net/Rum 1.365/PIR_activity_1.365,2024-01-01 01:29:06,248,0.0
4813,/TM023_4_22_1.-103C/Lon/Net/Rum 1.365/PIR_activity_1.365,2024-01-01 01:28:06,248,0.0
4813,/TM023_4_22_1.-103C/Lon/Net/Rum 1.365/PIR_activity_1.365,2024-01-01 01:27:06,248,0.0
4813,/TM023_4_22_1.-103C/Lon/Net/Rum 1.365/PIR_activity_1.365,2024-01-01 01:26:06,248,0.0
4813,/TM023_4_22_1.-103C/Lon/Net/Rum 1.365/PIR_activity_1.365,2024-01-01 01:25:06,248,0.0
4813,/TM023_4_22_1.-103C/Lon/Net/Rum 1.365/PIR_activity_1.365,2024-01-01 01:24:06,248,0.0
4813,/TM023_4_22_1.-103C/Lon/Net/Rum 1.365/PIR_activity_1.365,2024-01-01 01:23:06,248,0.0
4813,/TM023_4_22_1.-103C/Lon/Net/Rum 1.365/PIR_activity_1.365,2024-01-01 01:22:06,248,0.0
4813,/TM023_4_22_1.-103C/Lon/Net/Rum 1.365/PIR_activity_1.365,2024-01-01 01:21:06,248,0.0
4813,/TM023_4_22_1.-103C/Lon/Net/Rum 1.365/PIR_activity_1.365,2024-01-01 01:20:06,248,0.0
4813,/TM023_4_22_1.-103C/Lon/Net/Rum 1.365/PIR_activity_1.365,2024-01-01 01:19:06,248,0.0
4813,/TM023_4_22_1.-103C/Lon/Net/Rum 1.365/PIR_activity_1.365,2024-01-01 01:18:06,248,0.0
4813,/TM023_4_22_1.-103C/Lon/Net/Rum 1.365/PIR_activity_1.365,2024-01-01 01:17:06,248,0.0
4813,/TM023_4_22_1.-103C/Lon/Net/Rum 1.365/PIR_activity_1.365,2024-01-01 01:16:06,248,0.0
4813,/TM023_4_22_1.-103C/Lon/Net/Rum 1.365/PIR_activity_1.365,2024-01-01 01:15:06,248,0.0
4813,/TM023_4_22_1.-103C/Lon/Net/Rum 1.365/PIR_activity_1.365,2024-01-01 01:14:06,248,0.0
4813,/TM023_4_22_1.-103C/Lon/Net/Rum 1.365/PIR_activity_1.365,2024-01-01 01:13:06,248,0.0
4813,/TM023_4_22_1.-103C/Lon/Net/Rum 1.365/PIR_activity_1.365,2024-01-01 01:12:06,248,0.0
4813,/TM023_4_22_1.-103C/Lon/Net/Rum 1.365/PIR_activity_1.365,2024-01-01 01:11:06,248,0.0
4813,/TM023_4_22_1.-103C/Lon/Net/Rum 1.365/PIR_activity_1.365,2024-01-01 01:10:06,248,0.0
4813,/TM023_4_22_1.-103C/Lon/Net/Rum 1.365/PIR_activity_1.365,2024-01-01 01:09:06,248,0.0
4813,/TM023_4_22_1.-103C/Lon/Net/Rum 1.365/PIR_activity_1.365,2024-01-01 01:08:06,248,0.0
4813,/TM023_4_22_1.-103C/Lon/Net/Rum 1.365/PIR_activity_1.365,2024-01-01 01:07:06,248,0.0
4813,/TM023_4_22_1.-103C/Lon/Net/Rum 1.365/PIR_activity_1.365,2024-01-01 01:06:06,248,0.0
4813,/TM023_4_22_1.-103C/Lon/Net/Rum 1.365/PIR_activity_1.365,2024-01-01 01:05:06,248,0.0
4813,/TM023_4_22_1.-103C/Lon/Net/Rum 1.365/PIR_activity_1.365,2024-01-01 01:04:06,248,0.0
4813,/TM023_4_22_1.-103C/Lon/Net/Rum 1.365/PIR_activity_1.365,2024-01-01 01:03:06,248,0.0
4813,/TM023_4_22_1.-103C/Lon/Net/Rum 1.365/PIR_activity_1.365,2024-01-01 01:02:06,248,0.0
4813,/TM023_4_22_1.-103C/Lon/Net/Rum 1.365/PIR_activity_1.365,2024-01-01 01:01:06,248,0.0
4813,/TM023_4_22_1.-103C/Lon/Net/Rum 1.365/PIR_activity_1.365,2024-01-01 01:00:06,248,0.0
4867,/TM023_4_22_1.-103C/Lon/Net/Rum 1.342/PIR_activity_1.342,2024-01-01 01:58:31,248,0.0
4867,/TM023_4_22_1.-103C/Lon/Net/Rum 1.342/PIR_activity_1.342,2024-01-01 01:53:31,248,0.0
4867,/TM023_4_22_1.-103C/Lon/Net/Rum 1.342/PIR_activity_1.342,2024-01-01 01:48:31,248,0.0
4867,/TM023_4_22_1.-103C/Lon/Net/Rum 1.342/PIR_activity_1.342,2024-01-01 01:43:31,248,0.0
4867,/TM023_4_22_1.-103C/Lon/Net/Rum 1.342/PIR_activity_1.342,2024-01-01 01:38:31,248,0.0
4867,/TM023_4_22_1.-103C/Lon/Net/Rum 1.342/PIR_activity_1.342,2024-01-01 01:33:31,248,0.0
4867,/TM023_4_22_1.-103C/Lon/Net/Rum 1.342/PIR_activity_1.342,2024-01-01 01:28:31,248,0.0
4867,/TM023_4_22_1.-103C/Lon/Net/Rum 1.342/PIR_activity_1.342,2024-01-01 01:23:31,248,0.0
4867,/TM023_4_22_1.-103C/Lon/Net/Rum 1.342/PIR_activity_1.342,2024-01-01 01:18:31,248,0.0
4867,/TM023_4_22_1.-103C/Lon/Net/Rum 1.342/PIR_activity_1.342,2024-01-01 01:13:31,248,0.0
4867,/TM023_4_22_1.-103C/Lon/Net/Rum 1.342/PIR_activity_1.342,2024-01-01 01:08:31,248,0.0
4867,/TM023_4_22_1.-103C/Lon/Net/Rum 1.342/PIR_activity_1.342,2024-01-01 01:03:31,248,0.0
4868,/TM023_4_22_1.-103C/Lon/Net/Rum 1.354/PIR_activity_1.354,2024-01-01 01:59:43,248,0.0
4868,/TM023_4_22_1.-103C/Lon/Net/Rum 1.354/PIR_activity_1.354,2024-01-01 01:58:43,248,0.0
4868,/TM023_4_22_1.-103C/Lon/Net/Rum 1.354/PIR_activity_1.354,2024-01-01 01:57:43,248,0.0
4868,/TM023_4_22_1.-103C/Lon/Net/Rum 1.354/PIR_activity_1.354,2024-01-01 01:56:43,248,0.0
4868,/TM023_4_22_1.-103C/Lon/Net/Rum 1.354/PIR_activity_1.354,2024-01-01 01:55:43,248,0.0
4868,/TM023_4_22_1.-103C/Lon/Net/Rum 1.354/PIR_activity_1.354,2024-01-01 01:54:43,248,0.0
4868,/TM023_4_22_1.-103C/Lon/Net/Rum 1.354/PIR_activity_1.354,2024-01-01 01:53:43,248,0.0
4868,/TM023_4_22_1.-103C/Lon/Net/Rum 1.354/PIR_activity_1.354,2024-01-01 01:52:43,248,0.0
4868,/TM023_4_22_1.-103C/Lon/Net/Rum 1.354/PIR_activity_1.354,2024-01-01 01:51:43,248,0.0
4868,/TM023_4_22_1.-103C/Lon/Net/Rum 1.354/PIR_activity_1.354,2024-01-01 01:50:43,248,0.0
4868,/TM023_4_22_1.-103C/Lon/Net/Rum 1.354/PIR_activity_1.354,2024-01-01 01:49:43,248,0.0
4868,/TM023_4_22_1.-103C/Lon/Net/Rum 1.354/PIR_activity_1.354,2024-01-01 01:48:43,248,0.0
4868,/TM023_4_22_1.-103C/Lon/Net/Rum 1.354/PIR_activity_1.354,2024-01-01 01:47:43,248,0.0
4868,/TM023_4_22_1.-103C/Lon/Net/Rum 1.354/PIR_activity_1.354,2024-01-01 01:46:43,248,0.0
4868,/TM023_4_22_1.-103C/Lon/Net/Rum 1.354/PIR_activity_1.354,2024-01-01 01:45:43,248,0.0
4868,/TM023_4_22_1.-103C/Lon/Net/Rum 1.354/PIR_activity_1.354,2024-01-01 01:44:43,248,0.0
4868,/TM023_4_22_1.-103C/Lon/Net/Rum 1.354/PIR_activity_1.354,2024-01-01 01:43:43,248,0.0
4868,/TM023_4_22_1.-103C/Lon/Net/Rum 1.354/PIR_activity_1.354,2024-01-01 01:42:43,248,0.0
4868,/TM023_4_22_1.-103C/Lon/Net/Rum 1.354/PIR_activity_1.354,2024-01-01 01:41:43,248,0.0
4868,/TM023_4_22_1.-103C/Lon/Net/Rum 1.354/PIR_activity_1.354,2024-01-01 01:40:43,248,0.0
4868,/TM023_4_22_1.-103C/Lon/Net/Rum 1.354/PIR_activity_1.354,2024-01-01 01:39:43,248,0.0
4868,/TM023_4_22_1.-103C/Lon/Net/Rum 1.354/PIR_activity_1.354,2024-01-01 01:38:43,248,0.0
4868,/TM023_4_22_1.-103C/Lon/Net/Rum 1.354/PIR_activity_1.354,2024-01-01 01:37:43,248,0.0
4868,/TM023_4_22_1.-103C/Lon/Net/Rum 1.354/PIR_activity_1.354,2024-01-01 01:36:43,248,0.0
4868,/TM023_4_22_1.-103C/Lon/Net/Rum 1.354/PIR_activity_1.354,2024-01-01 01:35:43,248,0.0
4868,/TM023_4_22_1.-103C/Lon/Net/Rum 1.354/PIR_activity_1.354,2024-01-01 01:34:43,248,0.0
4868,/TM023_4_22_1.-103C/Lon/Net/Rum 1.354/PIR_activity_1.354,2024-01-01 01:33:43,248,0.0
4868,/TM023_4_22_1.-103C/Lon/Net/Rum 1.354/PIR_activity_1.354,2024-01-01 01:32:43,248,0.0
4868,/TM023_4_22_1.-103C/Lon/Net/Rum 1.354/PIR_activity_1.354,2024-01-01 01:31:43,248,0.0
4868,/TM023_4_22_1.-103C/Lon/Net/Rum 1.354/PIR_activity_1.354,2024-01-01 01:30:43,248,0.0
4868,/TM023_4_22_1.-103C/Lon/Net/Rum 1.354/PIR_activity_1.354,2024-01-01 01:29:43,248,0.0
4868,/TM023_4_22_1.-103C/Lon/Net/Rum 1.354/PIR_activity_1.354,2024-01-01 01:28:43,248,0.0
4868,/TM023_4_22_1.-103C/Lon/Net/Rum 1.354/PIR_activity_1.354,2024-01-01 01:27:43,248,0.0
4868,/TM023_4_22_1.-103C/Lon/Net/Rum 1.354/PIR_activity_1.354,2024-01-01 01:26:43,248,0.0
4868,/TM023_4_22_1.-103C/Lon/Net/Rum 1.354/PIR_activity_1.354,2024-01-01 01:25:43,248,0.0
4868,/TM023_4_22_1.-103C/Lon/Net/Rum 1.354/PIR_activity_1.354,2024-01-01 01:24:43,248,0.0
4868,/TM023_4_22_1.-103C/Lon/Net/Rum 1.354/PIR_activity_1.354,2024-01-01 01:23:43,248,0.0
4868,/TM023_4_22_1.-103C/Lon/Net/Rum 1.354/PIR_activity_1.354,2024-01-01 01:22:43,248,0.0
4868,/TM023_4_22_1.-103C/Lon/Net/Rum 1.354/PIR_activity_1.354,2024-01-01 01:21:43,248,0.0
4868,/TM023_4_22_1.-103C/Lon/Net/Rum 1.354/PIR_activity_1.354,2024-01-01 01:20:43,248,0.0
4868,/TM023_4_22_1.-103C/Lon/Net/Rum 1.354/PIR_activity_1.354,2024-01-01 01:19:43,248,0.0
4868,/TM023_4_22_1.-103C/Lon/Net/Rum 1.354/PIR_activity_1.354,2024-01-01 01:18:43,248,0.0
4868,/TM023_4_22_1.-103C/Lon/Net/Rum 1.354/PIR_activity_1.354,2024-01-01 01:17:43,248,0.0
4868,/TM023_4_22_1.-103C/Lon/Net/Rum 1.354/PIR_activity_1.354,2024-01-01 01:16:43,248,0.0
4868,/TM023_4_22_1.-103C/Lon/Net/Rum 1.354/PIR_activity_1.354,2024-01-01 01:15:43,248,0.0
4868,/TM023_4_22_1.-103C/Lon/Net/Rum 1.354/PIR_activity_1.354,2024-01-01 01:14:43,248,0.0
4868,/TM023_4_22_1.-103C/Lon/Net/Rum 1.354/PIR_activity_1.354,2024-01-01 01:13:43,248,0.0
4868,/TM023_4_22_1.-103C/Lon/Net/Rum 1.354/PIR_activity_1.354,2024-01-01 01:12:43,248,0.0
4868,/TM023_4_22_1.-103C/Lon/Net/Rum 1.354/PIR_activity_1.354,2024-01-01 01:11:43,248,0.0
4868,/TM023_4_22_1.-103C/Lon/Net/Rum 1.354/PIR_activity_1.354,2024-01-01 01:10:43,248,0.0
4868,/TM023_4_22_1.-103C/Lon/Net/Rum 1.354/PIR_activity_1.354,2024-01-01 01:09:43,248,0.0
4868,/TM023_4_22_1.-103C/Lon/Net/Rum 1.354/PIR_activity_1.354,2024-01-01 01:08:43,248,0.0
4868,/TM023_4_22_1.-103C/Lon/Net/Rum 1.354/PIR_activity_1.354,2024-01-01 01:07:43,248,0.0
4868,/TM023_4_22_1.-103C/Lon/Net/Rum 1.354/PIR_activity_1.354,2024-01-01 01:06:43,248,0.0
4868,/TM023_4_22_1.-103C/Lon/Net/Rum 1.354/PIR_activity_1.354,2024-01-01 01:05:43,248,0.0
4868,/TM023_4_22_1.-103C/Lon/Net/Rum 1.354/PIR_activity_1.354,2024-01-01 01:04:43,248,0.0
4868,/TM023_4_22_1.-103C/Lon/Net/Rum 1.354/PIR_activity_1.354,2024-01-01 01:03:43,248,0.0
4868,/TM023_4_22_1.-103C/Lon/Net/Rum 1.354/PIR_activity_1.354,2024-01-01 01:02:43,248,0.0
4868,/TM023_4_22_1.-103C/Lon/Net/Rum 1.354/PIR_activity_1.354,2024-01-01 01:01:43,248,0.0
4868,/TM023_4_22_1.-103C/Lon/Net/Rum 1.354/PIR_activity_1.354,2024-01-01 01:00:43,248,0.0
4874,/TM023_4_22_1.-103C/Lon/Net/Rum 1.348/PIR_activity_1.348,2024-01-01 01:58:31,248,0.0
4874,/TM023_4_22_1.-103C/Lon/Net/Rum 1.348/PIR_activity_1.348,2024-01-01 01:53:31,248,0.0
4874,/TM023_4_22_1.-103C/Lon/Net/Rum 1.348/PIR_activity_1.348,2024-01-01 01:48:31,248,0.0
4874,/TM023_4_22_1.-103C/Lon/Net/Rum 1.348/PIR_activity_1.348,2024-01-01 01:43:31,248,0.0
4874,/TM023_4_22_1.-103C/Lon/Net/Rum 1.348/PIR_activity_1.348,2024-01-01 01:38:31,248,0.0
4874,/TM023_4_22_1.-103C/Lon/Net/Rum 1.348/PIR_activity_1.348,2024-01-01 01:33:31,248,0.0
4874,/TM023_4_22_1.-103C/Lon/Net/Rum 1.348/PIR_activity_1.348,2024-01-01 01:28:31,248,0.0
4874,/TM023_4_22_1.-103C/Lon/Net/Rum 1.348/PIR_activity_1.348,2024-01-01 01:23:31,248,0.0
4874,/TM023_4_22_1.-103C/Lon/Net/Rum 1.348/PIR_activity_1.348,2024-01-01 01:18:31,248,0.0
4874,/TM023_4_22_1.-103C/Lon/Net/Rum 1.348/PIR_activity_1.348,2024-01-01 01:13:31,248,0.0
4874,/TM023_4_22_1.-103C/Lon/Net/Rum 1.348/PIR_activity_1.348,2024-01-01 01:08:31,248,0.0
4874,/TM023_4_22_1.-103C/Lon/Net/Rum 1.348/PIR_activity_1.348,2024-01-01 01:03:31,248,0.0
4892,/TM023_4_22_1.-103C/Lon/Net/Rum 1.346/PIR_activity_1.346,2024-01-01 01:58:30,248,0.0
4892,/TM023_4_22_1.-103C/Lon/Net/Rum 1.346/PIR_activity_1.346,2024-01-01 01:53:30,248,0.0
4892,/TM023_4_22_1.-103C/Lon/Net/Rum 1.346/PIR_activity_1.346,2024-01-01 01:48:30,248,0.0
4892,/TM023_4_22_1.-103C/Lon/Net/Rum 1.346/PIR_activity_1.346,2024-01-01 01:43:30,248,0.0
4892,/TM023_4_22_1.-103C/Lon/Net/Rum 1.346/PIR_activity_1.346,2024-01-01 01:38:30,248,0.0
4892,/TM023_4_22_1.-103C/Lon/Net/Rum 1.346/PIR_activity_1.346,2024-01-01 01:33:30,248,0.0
4892,/TM023_4_22_1.-103C/Lon/Net/Rum 1.346/PIR_activity_1.346,2024-01-01 01:28:30,248,0.0
4892,/TM023_4_22_1.-103C/Lon/Net/Rum 1.346/PIR_activity_1.346,2024-01-01 01:23:30,248,0.0
4892,/TM023_4_22_1.-103C/Lon/Net/Rum 1.346/PIR_activity_1.346,2024-01-01 01:18:30,248,0.0
4892,/TM023_4_22_1.-103C/Lon/Net/Rum 1.346/PIR_activity_1.346,2024-01-01 01:13:30,248,0.0
4892,/TM023_4_22_1.-103C/Lon/Net/Rum 1.346/PIR_activity_1.346,2024-01-01 01:08:30,248,0.0
4892,/TM023_4_22_1.-103C/Lon/Net/Rum 1.346/PIR_activity_1.346,2024-01-01 01:03:30,248,0.0
4910,/TM023_4_22_1.-103C/Lon/Net/Rum 1.340/PIR_activity_1.340,2024-01-01 01:58:31,248,0.0
4910,/TM023_4_22_1.-103C/Lon/Net/Rum 1.340/PIR_activity_1.340,2024-01-01 01:53:31,248,0.0
4910,/TM023_4_22_1.-103C/Lon/Net/Rum 1.340/PIR_activity_1.340,2024-01-01 01:48:31,248,0.0
4910,/TM023_4_22_1.-103C/Lon/Net/Rum 1.340/PIR_activity_1.340,2024-01-01 01:43:31,248,0.0
4910,/TM023_4_22_1.-103C/Lon/Net/Rum 1.340/PIR_activity_1.340,2024-01-01 01:38:31,248,0.0
4910,/TM023_4_22_1.-103C/Lon/Net/Rum 1.340/PIR_activity_1.340,2024-01-01 01:33:31,248,0.0
4910,/TM023_4_22_1.-103C/Lon/Net/Rum 1.340/PIR_activity_1.340,2024-01-01 01:28:31,248,0.0
4910,/TM023_4_22_1.-103C/Lon/Net/Rum 1.340/PIR_activity_1.340,2024-01-01 01:23:31,248,0.0
4910,/TM023_4_22_1.-103C/Lon/Net/Rum 1.340/PIR_activity_1.340,2024-01-01 01:18:31,248,0.0
4910,/TM023_4_22_1.-103C/Lon/Net/Rum 1.340/PIR_activity_1.340,2024-01-01 01:13:31,248,0.0
4910,/TM023_4_22_1.-103C/Lon/Net/Rum 1.340/PIR_activity_1.340,2024-01-01 01:08:31,248,0.0
4910,/TM023_4_22_1.-103C/Lon/Net/Rum 1.340/PIR_activity_1.340,2024-01-01 01:03:31,248,0.0
4913,/TM023_4_22_1.-103C/Lon/Net/Rum 1.361/PIR_activity_1.361,2024-01-01 01:59:24,248,0.0
4913,/TM023_4_22_1.-103C/Lon/Net/Rum 1.361/PIR_activity_1.361,2024-01-01 01:58:24,248,0.0
4913,/TM023_4_22_1.-103C/Lon/Net/Rum 1.361/PIR_activity_1.361,2024-01-01 01:57:24,248,0.0
4913,/TM023_4_22_1.-103C/Lon/Net/Rum 1.361/PIR_activity_1.361,2024-01-01 01:56:24,248,0.0
4913,/TM023_4_22_1.-103C/Lon/Net/Rum 1.361/PIR_activity_1.361,2024-01-01 01:55:24,248,0.0
4913,/TM023_4_22_1.-103C/Lon/Net/Rum 1.361/PIR_activity_1.361,2024-01-01 01:54:24,248,0.0
4913,/TM023_4_22_1.-103C/Lon/Net/Rum 1.361/PIR_activity_1.361,2024-01-01 01:53:24,248,0.0
4913,/TM023_4_22_1.-103C/Lon/Net/Rum 1.361/PIR_activity_1.361,2024-01-01 01:52:24,248,0.0
4913,/TM023_4_22_1.-103C/Lon/Net/Rum 1.361/PIR_activity_1.361,2024-01-01 01:51:24,248,0.0
4913,/TM023_4_22_1.-103C/Lon/Net/Rum 1.361/PIR_activity_1.361,2024-01-01 01:50:24,248,0.0
4913,/TM023_4_22_1.-103C/Lon/Net/Rum 1.361/PIR_activity_1.361,2024-01-01 01:49:24,248,0.0
4913,/TM023_4_22_1.-103C/Lon/Net/Rum 1.361/PIR_activity_1.361,2024-01-01 01:48:24,248,0.0
4913,/TM023_4_22_1.-103C/Lon/Net/Rum 1.361/PIR_activity_1.361,2024-01-01 01:47:24,248,0.0
4913,/TM023_4_22_1.-103C/Lon/Net/Rum 1.361/PIR_activity_1.361,2024-01-01 01:46:24,248,0.0
4913,/TM023_4_22_1.-103C/Lon/Net/Rum 1.361/PIR_activity_1.361,2024-01-01 01:45:24,248,0.0
4913,/TM023_4_22_1.-103C/Lon/Net/Rum 1.361/PIR_activity_1.361,2024-01-01 01:44:24,248,0.0
4913,/TM023_4_22_1.-103C/Lon/Net/Rum 1.361/PIR_activity_1.361,2024-01-01 01:43:24,248,0.0
4913,/TM023_4_22_1.-103C/Lon/Net/Rum 1.361/PIR_activity_1.361,2024-01-01 01:42:24,248,0.0
4913,/TM023_4_22_1.-103C/Lon/Net/Rum 1.361/PIR_activity_1.361,2024-01-01 01:41:24,248,0.0
4913,/TM023_4_22_1.-103C/Lon/Net/Rum 1.361/PIR_activity_1.361,2024-01-01 01:40:24,248,0.0
4913,/TM023_4_22_1.-103C/Lon/Net/Rum 1.361/PIR_activity_1.361,2024-01-01 01:39:24,248,0.0
4913,/TM023_4_22_1.-103C/Lon/Net/Rum 1.361/PIR_activity_1.361,2024-01-01 01:38:24,248,0.0
4913,/TM023_4_22_1.-103C/Lon/Net/Rum 1.361/PIR_activity_1.361,2024-01-01 01:37:24,248,0.0
4913,/TM023_4_22_1.-103C/Lon/Net/Rum 1.361/PIR_activity_1.361,2024-01-01 01:36:24,248,0.0
4913,/TM023_4_22_1.-103C/Lon/Net/Rum 1.361/PIR_activity_1.361,2024-01-01 01:35:24,248,0.0
4913,/TM023_4_22_1.-103C/Lon/Net/Rum 1.361/PIR_activity_1.361,2024-01-01 01:34:24,248,0.0
4913,/TM023_4_22_1.-103C/Lon/Net/Rum 1.361/PIR_activity_1.361,2024-01-01 01:33:24,248,0.0
4913,/TM023_4_22_1.-103C/Lon/Net/Rum 1.361/PIR_activity_1.361,2024-01-01 01:32:24,248,0.0
4913,/TM023_4_22_1.-103C/Lon/Net/Rum 1.361/PIR_activity_1.361,2024-01-01 01:31:24,248,0.0
4913,/TM023_4_22_1.-103C/Lon/Net/Rum 1.361/PIR_activity_1.361,2024-01-01 01:30:24,248,0.0
4913,/TM023_4_22_1.-103C/Lon/Net/Rum 1.361/PIR_activity_1.361,2024-01-01 01:29:24,248,0.0
4913,/TM023_4_22_1.-103C/Lon/Net/Rum 1.361/PIR_activity_1.361,2024-01-01 01:28:24,248,0.0
4913,/TM023_4_22_1.-103C/Lon/Net/Rum 1.361/PIR_activity_1.361,2024-01-01 01:27:24,248,0.0
4913,/TM023_4_22_1.-103C/Lon/Net/Rum 1.361/PIR_activity_1.361,2024-01-01 01:26:24,248,0.0
4913,/TM023_4_22_1.-103C/Lon/Net/Rum 1.361/PIR_activity_1.361,2024-01-01 01:25:24,248,0.0
4913,/TM023_4_22_1.-103C/Lon/Net/Rum 1.361/PIR_activity_1.361,2024-01-01 01:24:24,248,0.0
4913,/TM023_4_22_1.-103C/Lon/Net/Rum 1.361/PIR_activity_1.361,2024-01-01 01:23:24,248,0.0
4913,/TM023_4_22_1.-103C/Lon/Net/Rum 1.361/PIR_activity_1.361,2024-01-01 01:22:24,248,0.0
4913,/TM023_4_22_1.-103C/Lon/Net/Rum 1.361/PIR_activity_1.361,2024-01-01 01:21:24,248,0.0
4913,/TM023_4_22_1.-103C/Lon/Net/Rum 1.361/PIR_activity_1.361,2024-01-01 01:20:24,248,0.0
4913,/TM023_4_22_1.-103C/Lon/Net/Rum 1.361/PIR_activity_1.361,2024-01-01 01:19:24,248,0.0
4913,/TM023_4_22_1.-103C/Lon/Net/Rum 1.361/PIR_activity_1.361,2024-01-01 01:18:24,248,0.0
4913,/TM023_4_22_1.-103C/Lon/Net/Rum 1.361/PIR_activity_1.361,2024-01-01 01:17:24,248,0.0
4913,/TM023_4_22_1.-103C/Lon/Net/Rum 1.361/PIR_activity_1.361,2024-01-01 01:16:24,248,0.0
4913,/TM023_4_22_1.-103C/Lon/Net/Rum 1.361/PIR_activity_1.361,2024-01-01 01:15:24,248,0.0
4913,/TM023_4_22_1.-103C/Lon/Net/Rum 1.361/PIR_activity_1.361,2024-01-01 01:14:24,248,0.0
4913,/TM023_4_22_1.-103C/Lon/Net/Rum 1.361/PIR_activity_1.361,2024-01-01 01:13:24,248,0.0
4913,/TM023_4_22_1.-103C/Lon/Net/Rum 1.361/PIR_activity_1.361,2024-01-01 01:12:24,248,0.0
4913,/TM023_4_22_1.-103C/Lon/Net/Rum 1.361/PIR_activity_1.361,2024-01-01 01:11:24,248,0.0
4913,/TM023_4_22_1.-103C/Lon/Net/Rum 1.361/PIR_activity_1.361,2024-01-01 01:10:24,248,0.0
4913,/TM023_4_22_1.-103C/Lon/Net/Rum 1.361/PIR_activity_1.361,2024-01-01 01:09:24,248,0.0
4913,/TM023_4_22_1.-103C/Lon/Net/Rum 1.361/PIR_activity_1.361,2024-01-01 01:08:24,248,0.0
4913,/TM023_4_22_1.-103C/Lon/Net/Rum 1.361/PIR_activity_1.361,2024-01-01 01:07:24,248,0.0
4913,/TM023_4_22_1.-103C/Lon/Net/Rum 1.361/PIR_activity_1.361,2024-01-01 01:06:24,248,0.0
4913,/TM023_4_22_1.-103C/Lon/Net/Rum 1.361/PIR_activity_1.361,2024-01-01 01:05:24,248,0.0
4913,/TM023_4_22_1.-103C/Lon/Net/Rum 1.361/PIR_activity_1.361,2024-01-01 01:04:24,248,0.0
4913,/TM023_4_22_1.-103C/Lon/Net/Rum 1.361/PIR_activity_1.361,2024-01-01 01:03:24,248,0.0
4913,/TM023_4_22_1.-103C/Lon/Net/Rum 1.361/PIR_activity_1.361,2024-01-01 01:02:24,248,0.0
4913,/TM023_4_22_1.-103C/Lon/Net/Rum 1.361/PIR_activity_1.361,2024-01-01 01:01:24,248,0.0
4913,/TM023_4_22_1.-103C/Lon/Net/Rum 1.361/PIR_activity_1.361,2024-01-01 01:00:24,248,0.0
4977,/TM023_4_22_1.-103C/Lon/Net/Rum 1.367/PIR_activity_1.367,2024-01-01 01:59:27,248,0.0
4977,/TM023_4_22_1.-103C/Lon/Net/Rum 1.367/PIR_activity_1.367,2024-01-01 01:58:27,248,0.0
4977,/TM023_4_22_1.-103C/Lon/Net/Rum 1.367/PIR_activity_1.367,2024-01-01 01:57:27,248,0.0
4977,/TM023_4_22_1.-103C/Lon/Net/Rum 1.367/PIR_activity_1.367,2024-01-01 01:56:27,248,0.0
4977,/TM023_4_22_1.-103C/Lon/Net/Rum 1.367/PIR_activity_1.367,2024-01-01 01:55:27,248,0.0
4977,/TM023_4_22_1.-103C/Lon/Net/Rum 1.367/PIR_activity_1.367,2024-01-01 01:54:27,248,0.0
4977,/TM023_4_22_1.-103C/Lon/Net/Rum 1.367/PIR_activity_1.367,2024-01-01 01:53:27,248,0.0
4977,/TM023_4_22_1.-103C/Lon/Net/Rum 1.367/PIR_activity_1.367,2024-01-01 01:52:27,248,0.0
4977,/TM023_4_22_1.-103C/Lon/Net/Rum 1.367/PIR_activity_1.367,2024-01-01 01:51:27,248,0.0
4977,/TM023_4_22_1.-103C/Lon/Net/Rum 1.367/PIR_activity_1.367,2024-01-01 01:50:27,248,0.0
4977,/TM023_4_22_1.-103C/Lon/Net/Rum 1.367/PIR_activity_1.367,2024-01-01 01:49:27,248,0.0
4977,/TM023_4_22_1.-103C/Lon/Net/Rum 1.367/PIR_activity_1.367,2024-01-01 01:48:27,248,0.0
4977,/TM023_4_22_1.-103C/Lon/Net/Rum 1.367/PIR_activity_1.367,2024-01-01 01:47:27,248,0.0
4977,/TM023_4_22_1.-103C/Lon/Net/Rum 1.367/PIR_activity_1.367,2024-01-01 01:46:27,248,0.0
4977,/TM023_4_22_1.-103C/Lon/Net/Rum 1.367/PIR_activity_1.367,2024-01-01 01:45:27,248,0.0
4977,/TM023_4_22_1.-103C/Lon/Net/Rum 1.367/PIR_activity_1.367,2024-01-01 01:44:27,248,0.0
4977,/TM023_4_22_1.-103C/Lon/Net/Rum 1.367/PIR_activity_1.367,2024-01-01 01:43:27,248,0.0
4977,/TM023_4_22_1.-103C/Lon/Net/Rum 1.367/PIR_activity_1.367,2024-01-01 01:42:27,248,0.0
4977,/TM023_4_22_1.-103C/Lon/Net/Rum 1.367/PIR_activity_1.367,2024-01-01 01:41:27,248,0.0
4977,/TM023_4_22_1.-103C/Lon/Net/Rum 1.367/PIR_activity_1.367,2024-01-01 01:40:27,248,0.0
4977,/TM023_4_22_1.-103C/Lon/Net/Rum 1.367/PIR_activity_1.367,2024-01-01 01:39:27,248,0.0
4977,/TM023_4_22_1.-103C/Lon/Net/Rum 1.367/PIR_activity_1.367,2024-01-01 01:38:27,248,0.0
4977,/TM023_4_22_1.-103C/Lon/Net/Rum 1.367/PIR_activity_1.367,2024-01-01 01:37:27,248,0.0
4977,/TM023_4_22_1.-103C/Lon/Net/Rum 1.367/PIR_activity_1.367,2024-01-01 01:36:27,248,0.0
4977,/TM023_4_22_1.-103C/Lon/Net/Rum 1.367/PIR_activity_1.367,2024-01-01 01:35:27,248,0.0
4977,/TM023_4_22_1.-103C/Lon/Net/Rum 1.367/PIR_activity_1.367,2024-01-01 01:34:27,248,0.0
4977,/TM023_4_22_1.-103C/Lon/Net/Rum 1.367/PIR_activity_1.367,2024-01-01 01:33:27,248,0.0
4977,/TM023_4_22_1.-103C/Lon/Net/Rum 1.367/PIR_activity_1.367,2024-01-01 01:32:27,248,0.0
4977,/TM023_4_22_1.-103C/Lon/Net/Rum 1.367/PIR_activity_1.367,2024-01-01 01:31:27,248,0.0
4977,/TM023_4_22_1.-103C/Lon/Net/Rum 1.367/PIR_activity_1.367,2024-01-01 01:30:27,248,0.0
4977,/TM023_4_22_1.-103C/Lon/Net/Rum 1.367/PIR_activity_1.367,2024-01-01 01:29:27,248,0.0
4977,/TM023_4_22_1.-103C/Lon/Net/Rum 1.367/PIR_activity_1.367,2024-01-01 01:28:27,248,0.0
4977,/TM023_4_22_1.-103C/Lon/Net/Rum 1.367/PIR_activity_1.367,2024-01-01 01:27:27,248,0.0
4977,/TM023_4_22_1.-103C/Lon/Net/Rum 1.367/PIR_activity_1.367,2024-01-01 01:26:27,248,0.0
4977,/TM023_4_22_1.-103C/Lon/Net/Rum 1.367/PIR_activity_1.367,2024-01-01 01:25:27,248,0.0
4977,/TM023_4_22_1.-103C/Lon/Net/Rum 1.367/PIR_activity_1.367,2024-01-01 01:24:27,248,0.0
4977,/TM023_4_22_1.-103C/Lon/Net/Rum 1.367/PIR_activity_1.367,2024-01-01 01:23:27,248,0.0
4977,/TM023_4_22_1.-103C/Lon/Net/Rum 1.367/PIR_activity_1.367,2024-01-01 01:22:27,248,0.0
4977,/TM023_4_22_1.-103C/Lon/Net/Rum 1.367/PIR_activity_1.367,2024-01-01 01:21:27,248,0.0
4977,/TM023_4_22_1.-103C/Lon/Net/Rum 1.367/PIR_activity_1.367,2024-01-01 01:20:27,248,0.0
4977,/TM023_4_22_1.-103C/Lon/Net/Rum 1.367/PIR_activity_1.367,2024-01-01 01:19:27,248,0.0
4977,/TM023_4_22_1.-103C/Lon/Net/Rum 1.367/PIR_activity_1.367,2024-01-01 01:18:27,248,0.0
4977,/TM023_4_22_1.-103C/Lon/Net/Rum 1.367/PIR_activity_1.367,2024-01-01 01:17:27,248,0.0
4977,/TM023_4_22_1.-103C/Lon/Net/Rum 1.367/PIR_activity_1.367,2024-01-01 01:16:27,248,0.0
4977,/TM023_4_22_1.-103C/Lon/Net/Rum 1.367/PIR_activity_1.367,2024-01-01 01:15:27,248,0.0
4977,/TM023_4_22_1.-103C/Lon/Net/Rum 1.367/PIR_activity_1.367,2024-01-01 01:14:27,248,0.0
4977,/TM023_4_22_1.-103C/Lon/Net/Rum 1.367/PIR_activity_1.367,2024-01-01 01:13:27,248,0.0
4977,/TM023_4_22_1.-103C/Lon/Net/Rum 1.367/PIR_activity_1.367,2024-01-01 01:12:27,248,0.0
4977,/TM023_4_22_1.-103C/Lon/Net/Rum 1.367/PIR_activity_1.367,2024-01-01 01:11:27,248,0.0
4977,/TM023_4_22_1.-103C/Lon/Net/Rum 1.367/PIR_activity_1.367,2024-01-01 01:10:27,248,0.0
4977,/TM023_4_22_1.-103C/Lon/Net/Rum 1.367/PIR_activity_1.367,2024-01-01 01:09:27,248,0.0
4977,/TM023_4_22_1.-103C/Lon/Net/Rum 1.367/PIR_activity_1.367,2024-01-01 01:08:27,248,0.0
4977,/TM023_4_22_1.-103C/Lon/Net/Rum 1.367/PIR_activity_1.367,2024-01-01 01:07:27,248,0.0
4977,/TM023_4_22_1.-103C/Lon/Net/Rum 1.367/PIR_activity_1.367,2024-01-01 01:06:27,248,0.0
4977,/TM023_4_22_1.-103C/Lon/Net/Rum 1.367/PIR_activity_1.367,2024-01-01 01:05:27,248,0.0
4977,/TM023_4_22_1.-103C/Lon/Net/Rum 1.367/PIR_activity_1.367,2024-01-01 01:04:27,248,0.0
4977,/TM023_4_22_1.-103C/Lon/Net/Rum 1.367/PIR_activity_1.367,2024-01-01 01:03:27,248,0.0
4977,/TM023_4_22_1.-103C/Lon/Net/Rum 1.367/PIR_activity_1.367,2024-01-01 01:02:27,248,0.0
4977,/TM023_4_22_1.-103C/Lon/Net/Rum 1.367/PIR_activity_1.367,2024-01-01 01:01:27,248,0.0
4977,/TM023_4_22_1.-103C/Lon/Net/Rum 1.367/PIR_activity_1.367,2024-01-01 01:00:27,248,0.0
4982,/TM023_4_22_1.-103C/Lon/Net/Rum 1.350/PIR_activity_1.350,2024-01-01 01:58:31,248,0.0
4982,/TM023_4_22_1.-103C/Lon/Net/Rum 1.350/PIR_activity_1.350,2024-01-01 01:53:31,248,0.0
4982,/TM023_4_22_1.-103C/Lon/Net/Rum 1.350/PIR_activity_1.350,2024-01-01 01:48:31,248,0.0
4982,/TM023_4_22_1.-103C/Lon/Net/Rum 1.350/PIR_activity_1.350,2024-01-01 01:43:31,248,0.0
4982,/TM023_4_22_1.-103C/Lon/Net/Rum 1.350/PIR_activity_1.350,2024-01-01 01:38:31,248,0.0
4982,/TM023_4_22_1.-103C/Lon/Net/Rum 1.350/PIR_activity_1.350,2024-01-01 01:33:31,248,0.0
4982,/TM023_4_22_1.-103C/Lon/Net/Rum 1.350/PIR_activity_1.350,2024-01-01 01:28:31,248,0.0
4982,/TM023_4_22_1.-103C/Lon/Net/Rum 1.350/PIR_activity_1.350,2024-01-01 01:23:31,248,0.0
4982,/TM023_4_22_1.-103C/Lon/Net/Rum 1.350/PIR_activity_1.350,2024-01-01 01:18:31,248,0.0
4982,/TM023_4_22_1.-103C/Lon/Net/Rum 1.350/PIR_activity_1.350,2024-01-01 01:13:31,248,0.0
4982,/TM023_4_22_1.-103C/Lon/Net/Rum 1.350/PIR_activity_1.350,2024-01-01 01:08:31,248,0.0
4982,/TM023_4_22_1.-103C/Lon/Net/Rum 1.350/PIR_activity_1.350,2024-01-01 01:03:31,248,0.0
4987,/TM023_4_22_1.-103C/Lon/Net/Rum 1.359/PIR_activity_1.359,2024-01-01 01:59:05,248,0.0
4987,/TM023_4_22_1.-103C/Lon/Net/Rum 1.359/PIR_activity_1.359,2024-01-01 01:58:05,248,0.0
4987,/TM023_4_22_1.-103C/Lon/Net/Rum 1.359/PIR_activity_1.359,2024-01-01 01:57:05,248,0.0
4987,/TM023_4_22_1.-103C/Lon/Net/Rum 1.359/PIR_activity_1.359,2024-01-01 01:56:05,248,0.0
4987,/TM023_4_22_1.-103C/Lon/Net/Rum 1.359/PIR_activity_1.359,2024-01-01 01:55:05,248,0.0
4987,/TM023_4_22_1.-103C/Lon/Net/Rum 1.359/PIR_activity_1.359,2024-01-01 01:54:05,248,0.0
4987,/TM023_4_22_1.-103C/Lon/Net/Rum 1.359/PIR_activity_1.359,2024-01-01 01:53:05,248,0.0
4987,/TM023_4_22_1.-103C/Lon/Net/Rum 1.359/PIR_activity_1.359,2024-01-01 01:52:05,248,0.0
4987,/TM023_4_22_1.-103C/Lon/Net/Rum 1.359/PIR_activity_1.359,2024-01-01 01:51:05,248,0.0
4987,/TM023_4_22_1.-103C/Lon/Net/Rum 1.359/PIR_activity_1.359,2024-01-01 01:50:05,248,0.0
4987,/TM023_4_22_1.-103C/Lon/Net/Rum 1.359/PIR_activity_1.359,2024-01-01 01:49:05,248,0.0
4987,/TM023_4_22_1.-103C/Lon/Net/Rum 1.359/PIR_activity_1.359,2024-01-01 01:48:05,248,0.0
4987,/TM023_4_22_1.-103C/Lon/Net/Rum 1.359/PIR_activity_1.359,2024-01-01 01:47:05,248,0.0
4987,/TM023_4_22_1.-103C/Lon/Net/Rum 1.359/PIR_activity_1.359,2024-01-01 01:46:05,248,0.0
4987,/TM023_4_22_1.-103C/Lon/Net/Rum 1.359/PIR_activity_1.359,2024-01-01 01:45:05,248,0.0
4987,/TM023_4_22_1.-103C/Lon/Net/Rum 1.359/PIR_activity_1.359,2024-01-01 01:44:05,248,0.0
4987,/TM023_4_22_1.-103C/Lon/Net/Rum 1.359/PIR_activity_1.359,2024-01-01 01:43:05,248,0.0
4987,/TM023_4_22_1.-103C/Lon/Net/Rum 1.359/PIR_activity_1.359,2024-01-01 01:42:05,248,0.0
4987,/TM023_4_22_1.-103C/Lon/Net/Rum 1.359/PIR_activity_1.359,2024-01-01 01:41:05,248,0.0
4987,/TM023_4_22_1.-103C/Lon/Net/Rum 1.359/PIR_activity_1.359,2024-01-01 01:40:05,248,0.0
4987,/TM023_4_22_1.-103C/Lon/Net/Rum 1.359/PIR_activity_1.359,2024-01-01 01:39:05,248,0.0
4987,/TM023_4_22_1.-103C/Lon/Net/Rum 1.359/PIR_activity_1.359,2024-01-01 01:38:05,248,0.0
4987,/TM023_4_22_1.-103C/Lon/Net/Rum 1.359/PIR_activity_1.359,2024-01-01 01:37:05,248,0.0
4987,/TM023_4_22_1.-103C/Lon/Net/Rum 1.359/PIR_activity_1.359,2024-01-01 01:36:05,248,0.0
4987,/TM023_4_22_1.-103C/Lon/Net/Rum 1.359/PIR_activity_1.359,2024-01-01 01:35:05,248,0.0
4987,/TM023_4_22_1.-103C/Lon/Net/Rum 1.359/PIR_activity_1.359,2024-01-01 01:34:05,248,0.0
4987,/TM023_4_22_1.-103C/Lon/Net/Rum 1.359/PIR_activity_1.359,2024-01-01 01:33:05,248,0.0
4987,/TM023_4_22_1.-103C/Lon/Net/Rum 1.359/PIR_activity_1.359,2024-01-01 01:32:05,248,0.0
4987,/TM023_4_22_1.-103C/Lon/Net/Rum 1.359/PIR_activity_1.359,2024-01-01 01:31:05,248,0.0
4987,/TM023_4_22_1.-103C/Lon/Net/Rum 1.359/PIR_activity_1.359,2024-01-01 01:30:05,248,0.0
4987,/TM023_4_22_1.-103C/Lon/Net/Rum 1.359/PIR_activity_1.359,2024-01-01 01:29:05,248,0.0
4987,/TM023_4_22_1.-103C/Lon/Net/Rum 1.359/PIR_activity_1.359,2024-01-01 01:28:05,248,0.0
4987,/TM023_4_22_1.-103C/Lon/Net/Rum 1.359/PIR_activity_1.359,2024-01-01 01:27:05,248,0.0
4987,/TM023_4_22_1.-103C/Lon/Net/Rum 1.359/PIR_activity_1.359,2024-01-01 01:26:05,248,0.0
4987,/TM023_4_22_1.-103C/Lon/Net/Rum 1.359/PIR_activity_1.359,2024-01-01 01:25:05,248,0.0
4987,/TM023_4_22_1.-103C/Lon/Net/Rum 1.359/PIR_activity_1.359,2024-01-01 01:24:05,248,0.0
4987,/TM023_4_22_1.-103C/Lon/Net/Rum 1.359/PIR_activity_1.359,2024-01-01 01:23:05,248,0.0
4987,/TM023_4_22_1.-103C/Lon/Net/Rum 1.359/PIR_activity_1.359,2024-01-01 01:22:05,248,0.0
4987,/TM023_4_22_1.-103C/Lon/Net/Rum 1.359/PIR_activity_1.359,2024-01-01 01:21:05,248,0.0
4987,/TM023_4_22_1.-103C/Lon/Net/Rum 1.359/PIR_activity_1.359,2024-01-01 01:20:05,248,0.0
4987,/TM023_4_22_1.-103C/Lon/Net/Rum 1.359/PIR_activity_1.359,2024-01-01 01:19:05,248,0.0
4987,/TM023_4_22_1.-103C/Lon/Net/Rum 1.359/PIR_activity_1.359,2024-01-01 01:18:05,248,0.0
4987,/TM023_4_22_1.-103C/Lon/Net/Rum 1.359/PIR_activity_1.359,2024-01-01 01:17:05,248,0.0
4987,/TM023_4_22_1.-103C/Lon/Net/Rum 1.359/PIR_activity_1.359,2024-01-01 01:16:05,248,0.0
4987,/TM023_4_22_1.-103C/Lon/Net/Rum 1.359/PIR_activity_1.359,2024-01-01 01:15:05,248,0.0
4987,/TM023_4_22_1.-103C/Lon/Net/Rum 1.359/PIR_activity_1.359,2024-01-01 01:14:05,248,0.0
4987,/TM023_4_22_1.-103C/Lon/Net/Rum 1.359/PIR_activity_1.359,2024-01-01 01:13:05,248,0.0
4987,/TM023_4_22_1.-103C/Lon/Net/Rum 1.359/PIR_activity_1.359,2024-01-01 01:12:05,248,0.0
4987,/TM023_4_22_1.-103C/Lon/Net/Rum 1.359/PIR_activity_1.359,2024-01-01 01:11:05,248,0.0
4987,/TM023_4_22_1.-103C/Lon/Net/Rum 1.359/PIR_activity_1.359,2024-01-01 01:10:05,248,0.0
4987,/TM023_4_22_1.-103C/Lon/Net/Rum 1.359/PIR_activity_1.359,2024-01-01 01:09:05,248,0.0
4987,/TM023_4_22_1.-103C/Lon/Net/Rum 1.359/PIR_activity_1.359,2024-01-01 01:08:05,248,0.0
4987,/TM023_4_22_1.-103C/Lon/Net/Rum 1.359/PIR_activity_1.359,2024-01-01 01:07:05,248,0.0
4987,/TM023_4_22_1.-103C/Lon/Net/Rum 1.359/PIR_activity_1.359,2024-01-01 01:06:05,248,0.0
4987,/TM023_4_22_1.-103C/Lon/Net/Rum 1.359/PIR_activity_1.359,2024-01-01 01:05:05,248,0.0
4987,/TM023_4_22_1.-103C/Lon/Net/Rum 1.359/PIR_activity_1.359,2024-01-01 01:04:05,248,0.0
4987,/TM023_4_22_1.-103C/Lon/Net/Rum 1.359/PIR_activity_1.359,2024-01-01 01:03:05,248,0.0
4987,/TM023_4_22_1.-103C/Lon/Net/Rum 1.359/PIR_activity_1.359,2024-01-01 01:02:05,248,0.0
4987,/TM023_4_22_1.-103C/Lon/Net/Rum 1.359/PIR_activity_1.359,2024-01-01 01:01:05,248,0.0
4987,/TM023_4_22_1.-103C/Lon/Net/Rum 1.359/PIR_activity_1.359,2024-01-01 01:00:05,248,0.0
5407,/TM023_3_21_1.204/PIR_activity_1.255,2024-01-01 01:59:17,248,0.0
5407,/TM023_3_21_1.204/PIR_activity_1.255,2024-01-01 01:58:17,248,0.0
5407,/TM023_3_21_1.204/PIR_activity_1.255,2024-01-01 01:57:17,248,0.0
5407,/TM023_3_21_1.204/PIR_activity_1.255,2024-01-01 01:56:17,248,0.0
5407,/TM023_3_21_1.204/PIR_activity_1.255,2024-01-01 01:55:17,248,0.0
5407,/TM023_3_21_1.204/PIR_activity_1.255,2024-01-01 01:54:17,248,0.0
5407,/TM023_3_21_1.204/PIR_activity_1.255,2024-01-01 01:53:17,248,0.0
5407,/TM023_3_21_1.204/PIR_activity_1.255,2024-01-01 01:52:17,248,0.0
5407,/TM023_3_21_1.204/PIR_activity_1.255,2024-01-01 01:51:17,248,0.0
5407,/TM023_3_21_1.204/PIR_activity_1.255,2024-01-01 01:50:17,248,0.0
5407,/TM023_3_21_1.204/PIR_activity_1.255,2024-01-01 01:49:17,248,0.0
5407,/TM023_3_21_1.204/PIR_activity_1.255,2024-01-01 01:48:17,248,0.0
5407,/TM023_3_21_1.204/PIR_activity_1.255,2024-01-01 01:47:17,248,0.0
5407,/TM023_3_21_1.204/PIR_activity_1.255,2024-01-01 01:46:17,248,0.0
5407,/TM023_3_21_1.204/PIR_activity_1.255,2024-01-01 01:45:17,248,0.0
5407,/TM023_3_21_1.204/PIR_activity_1.255,2024-01-01 01:44:17,248,0.0
5407,/TM023_3_21_1.204/PIR_activity_1.255,2024-01-01 01:43:17,248,0.0
5407,/TM023_3_21_1.204/PIR_activity_1.255,2024-01-01 01:42:17,248,0.0
5407,/TM023_3_21_1.204/PIR_activity_1.255,2024-01-01 01:41:17,248,0.0
5407,/TM023_3_21_1.204/PIR_activity_1.255,2024-01-01 01:40:17,248,0.0
5407,/TM023_3_21_1.204/PIR_activity_1.255,2024-01-01 01:39:17,248,0.0
5407,/TM023_3_21_1.204/PIR_activity_1.255,2024-01-01 01:38:17,248,0.0
5407,/TM023_3_21_1.204/PIR_activity_1.255,2024-01-01 01:37:17,248,0.0
5407,/TM023_3_21_1.204/PIR_activity_1.255,2024-01-01 01:36:17,248,0.0
5407,/TM023_3_21_1.204/PIR_activity_1.255,2024-01-01 01:35:17,248,0.0
5407,/TM023_3_21_1.204/PIR_activity_1.255,2024-01-01 01:34:17,248,0.0
5407,/TM023_3_21_1.204/PIR_activity_1.255,2024-01-01 01:33:17,248,0.0
5407,/TM023_3_21_1.204/PIR_activity_1.255,2024-01-01 01:32:17,248,0.0
5407,/TM023_3_21_1.204/PIR_activity_1.255,2024-01-01 01:31:17,248,0.0
5407,/TM023_3_21_1.204/PIR_activity_1.255,2024-01-01 01:30:17,248,0.0
5407,/TM023_3_21_1.204/PIR_activity_1.255,2024-01-01 01:29:17,248,0.0
5407,/TM023_3_21_1.204/PIR_activity_1.255,2024-01-01 01:28:17,248,0.0
5407,/TM023_3_21_1.204/PIR_activity_1.255,2024-01-01 01:27:17,248,0.0
5407,/TM023_3_21_1.204/PIR_activity_1.255,2024-01-01 01:26:17,248,0.0
5407,/TM023_3_21_1.204/PIR_activity_1.255,2024-01-01 01:25:17,248,0.0
5407,/TM023_3_21_1.204/PIR_activity_1.255,2024-01-01 01:24:17,248,0.0
5407,/TM023_3_21_1.204/PIR_activity_1.255,2024-01-01 01:23:17,248,0.0
5407,/TM023_3_21_1.204/PIR_activity_1.255,2024-01-01 01:22:17,248,0.0
5407,/TM023_3_21_1.204/PIR_activity_1.255,2024-01-01 01:21:17,248,0.0
5407,/TM023_3_21_1.204/PIR_activity_1.255,2024-01-01 01:20:17,248,0.0
5407,/TM023_3_21_1.204/PIR_activity_1.255,2024-01-01 01:19:17,248,0.0
5407,/TM023_3_21_1.204/PIR_activity_1.255,2024-01-01 01:18:17,248,0.0
5407,/TM023_3_21_1.204/PIR_activity_1.255,2024-01-01 01:17:17,248,0.0
5407,/TM023_3_21_1.204/PIR_activity_1.255,2024-01-01 01:16:17,248,0.0
5407,/TM023_3_21_1.204/PIR_activity_1.255,2024-01-01 01:15:17,248,0.0
5407,/TM023_3_21_1.204/PIR_activity_1.255,2024-01-01 01:14:17,248,0.0
5407,/TM023_3_21_1.204/PIR_activity_1.255,2024-01-01 01:13:17,248,0.0
5407,/TM023_3_21_1.204/PIR_activity_1.255,2024-01-01 01:12:17,248,0.0
5407,/TM023_3_21_1.204/PIR_activity_1.255,2024-01-01 01:11:17,248,0.0
5407,/TM023_3_21_1.204/PIR_activity_1.255,2024-01-01 01:10:17,248,0.0
5407,/TM023_3_21_1.204/PIR_activity_1.255,2024-01-01 01:09:17,248,0.0
5407,/TM023_3_21_1.204/PIR_activity_1.255,2024-01-01 01:08:17,248,0.0
5407,/TM023_3_21_1.204/PIR_activity_1.255,2024-01-01 01:07:17,248,0.0
5407,/TM023_3_21_1.204/PIR_activity_1.255,2024-01-01 01:06:17,248,0.0
5407,/TM023_3_21_1.204/PIR_activity_1.255,2024-01-01 01:05:17,248,0.0
5407,/TM023_3_21_1.204/PIR_activity_1.255,2024-01-01 01:04:17,248,0.0
5407,/TM023_3_21_1.204/PIR_activity_1.255,2024-01-01 01:03:17,248,0.0
5407,/TM023_3_21_1.204/PIR_activity_1.255,2024-01-01 01:02:17,248,0.0
5407,/TM023_3_21_1.204/PIR_activity_1.255,2024-01-01 01:01:17,248,0.0
5407,/TM023_3_21_1.204/PIR_activity_1.255,2024-01-01 01:00:17,248,0.0
5459,/TM023_3_21_1.204/PIR_activity_1.257,2024-01-01 01:59:57,248,0.0
5459,/TM023_3_21_1.204/PIR_activity_1.257,2024-01-01 01:58:57,248,0.0
5459,/TM023_3_21_1.204/PIR_activity_1.257,2024-01-01 01:57:57,248,0.0
5459,/TM023_3_21_1.204/PIR_activity_1.257,2024-01-01 01:56:57,248,0.0
5459,/TM023_3_21_1.204/PIR_activity_1.257,2024-01-01 01:55:57,248,0.0
5459,/TM023_3_21_1.204/PIR_activity_1.257,2024-01-01 01:54:57,248,0.0
5459,/TM023_3_21_1.204/PIR_activity_1.257,2024-01-01 01:53:57,248,0.0
5459,/TM023_3_21_1.204/PIR_activity_1.257,2024-01-01 01:52:57,248,0.0
5459,/TM023_3_21_1.204/PIR_activity_1.257,2024-01-01 01:51:57,248,0.0
5459,/TM023_3_21_1.204/PIR_activity_1.257,2024-01-01 01:50:57,248,0.0
5459,/TM023_3_21_1.204/PIR_activity_1.257,2024-01-01 01:49:57,248,0.0
5459,/TM023_3_21_1.204/PIR_activity_1.257,2024-01-01 01:48:57,248,0.0
5459,/TM023_3_21_1.204/PIR_activity_1.257,2024-01-01 01:47:57,248,0.0
5459,/TM023_3_21_1.204/PIR_activity_1.257,2024-01-01 01:46:57,248,0.0
5459,/TM023_3_21_1.204/PIR_activity_1.257,2024-01-01 01:45:57,248,0.0
5459,/TM023_3_21_1.204/PIR_activity_1.257,2024-01-01 01:44:57,248,0.0
5459,/TM023_3_21_1.204/PIR_activity_1.257,2024-01-01 01:43:57,248,0.0
5459,/TM023_3_21_1.204/PIR_activity_1.257,2024-01-01 01:42:57,248,0.0
5459,/TM023_3_21_1.204/PIR_activity_1.257,2024-01-01 01:41:57,248,0.0
5459,/TM023_3_21_1.204/PIR_activity_1.257,2024-01-01 01:40:57,248,0.0
5459,/TM023_3_21_1.204/PIR_activity_1.257,2024-01-01 01:39:57,248,0.0
5459,/TM023_3_21_1.204/PIR_activity_1.257,2024-01-01 01:38:57,248,0.0
5459,/TM023_3_21_1.204/PIR_activity_1.257,2024-01-01 01:37:57,248,0.0
5459,/TM023_3_21_1.204/PIR_activity_1.257,2024-01-01 01:36:57,248,0.0
5459,/TM023_3_21_1.204/PIR_activity_1.257,2024-01-01 01:35:57,248,0.0
5459,/TM023_3_21_1.204/PIR_activity_1.257,2024-01-01 01:34:57,248,0.0
5459,/TM023_3_21_1.204/PIR_activity_1.257,2024-01-01 01:33:57,248,0.0
5459,/TM023_3_21_1.204/PIR_activity_1.257,2024-01-01 01:32:57,248,0.0
5459,/TM023_3_21_1.204/PIR_activity_1.257,2024-01-01 01:31:57,248,0.0
5459,/TM023_3_21_1.204/PIR_activity_1.257,2024-01-01 01:30:57,248,0.0
5459,/TM023_3_21_1.204/PIR_activity_1.257,2024-01-01 01:29:57,248,0.0
5459,/TM023_3_21_1.204/PIR_activity_1.257,2024-01-01 01:28:57,248,0.0
5459,/TM023_3_21_1.204/PIR_activity_1.257,2024-01-01 01:27:57,248,0.0
5459,/TM023_3_21_1.204/PIR_activity_1.257,2024-01-01 01:26:57,248,0.0
5459,/TM023_3_21_1.204/PIR_activity_1.257,2024-01-01 01:25:57,248,0.0
5459,/TM023_3_21_1.204/PIR_activity_1.257,2024-01-01 01:24:57,248,0.0
5459,/TM023_3_21_1.204/PIR_activity_1.257,2024-01-01 01:23:57,248,0.0
5459,/TM023_3_21_1.204/PIR_activity_1.257,2024-01-01 01:22:57,248,0.0
5459,/TM023_3_21_1.204/PIR_activity_1.257,2024-01-01 01:21:57,248,0.0
5459,/TM023_3_21_1.204/PIR_activity_1.257,2024-01-01 01:20:57,248,0.0
5459,/TM023_3_21_1.204/PIR_activity_1.257,2024-01-01 01:19:57,248,0.0
5459,/TM023_3_21_1.204/PIR_activity_1.257,2024-01-01 01:18:57,248,0.0
5459,/TM023_3_21_1.204/PIR_activity_1.257,2024-01-01 01:17:57,248,0.0
5459,/TM023_3_21_1.204/PIR_activity_1.257,2024-01-01 01:16:57,248,0.0
5459,/TM023_3_21_1.204/PIR_activity_1.257,2024-01-01 01:15:57,248,0.0
5459,/TM023_3_21_1.204/PIR_activity_1.257,2024-01-01 01:14:57,248,0.0
5459,/TM023_3_21_1.204/PIR_activity_1.257,2024-01-01 01:13:57,248,0.0
5459,/TM023_3_21_1.204/PIR_activity_1.257,2024-01-01 01:12:57,248,0.0
5459,/TM023_3_21_1.204/PIR_activity_1.257,2024-01-01 01:11:57,248,0.0
5459,/TM023_3_21_1.204/PIR_activity_1.257,2024-01-01 01:10:57,248,0.0
5459,/TM023_3_21_1.204/PIR_activity_1.257,2024-01-01 01:09:57,248,0.0
5459,/TM023_3_21_1.204/PIR_activity_1.257,2024-01-01 01:08:57,248,0.0
5459,/TM023_3_21_1.204/PIR_activity_1.257,2024-01-01 01:07:57,248,0.0
5459,/TM023_3_21_1.204/PIR_activity_1.257,2024-01-01 01:06:57,248,0.0
5459,/TM023_3_21_1.204/PIR_activity_1.257,2024-01-01 01:05:57,248,0.0
5459,/TM023_3_21_1.204/PIR_activity_1.257,2024-01-01 01:04:57,248,0.0
5459,/TM023_3_21_1.204/PIR_activity_1.257,2024-01-01 01:03:57,248,0.0
5459,/TM023_3_21_1.204/PIR_activity_1.257,2024-01-01 01:02:57,248,0.0
5459,/TM023_3_21_1.204/PIR_activity_1.257,2024-01-01 01:01:57,248,0.0
5459,/TM023_3_21_1.204/PIR_activity_1.257,2024-01-01 01:00:57,248,0.0
5541,/TM023_3_21_1.204/PIR_activity_1.252,2024-01-01 01:59:37,248,0.0
5541,/TM023_3_21_1.204/PIR_activity_1.252,2024-01-01 01:58:37,248,0.0
5541,/TM023_3_21_1.204/PIR_activity_1.252,2024-01-01 01:57:37,248,0.0
5541,/TM023_3_21_1.204/PIR_activity_1.252,2024-01-01 01:56:37,248,0.0
5541,/TM023_3_21_1.204/PIR_activity_1.252,2024-01-01 01:55:37,248,0.0
5541,/TM023_3_21_1.204/PIR_activity_1.252,2024-01-01 01:54:37,248,0.0
5541,/TM023_3_21_1.204/PIR_activity_1.252,2024-01-01 01:53:37,248,0.0
5541,/TM023_3_21_1.204/PIR_activity_1.252,2024-01-01 01:52:37,248,0.0
5541,/TM023_3_21_1.204/PIR_activity_1.252,2024-01-01 01:51:37,248,0.0
5541,/TM023_3_21_1.204/PIR_activity_1.252,2024-01-01 01:50:37,248,0.0
5541,/TM023_3_21_1.204/PIR_activity_1.252,2024-01-01 01:49:37,248,0.0
5541,/TM023_3_21_1.204/PIR_activity_1.252,2024-01-01 01:48:37,248,0.0
5541,/TM023_3_21_1.204/PIR_activity_1.252,2024-01-01 01:47:37,248,0.0
5541,/TM023_3_21_1.204/PIR_activity_1.252,2024-01-01 01:46:37,248,0.0
5541,/TM023_3_21_1.204/PIR_activity_1.252,2024-01-01 01:45:37,248,0.0
5541,/TM023_3_21_1.204/PIR_activity_1.252,2024-01-01 01:44:37,248,0.0
5541,/TM023_3_21_1.204/PIR_activity_1.252,2024-01-01 01:43:37,248,0.0
5541,/TM023_3_21_1.204/PIR_activity_1.252,2024-01-01 01:42:37,248,0.0
5541,/TM023_3_21_1.204/PIR_activity_1.252,2024-01-01 01:41:37,248,0.0
5541,/TM023_3_21_1.204/PIR_activity_1.252,2024-01-01 01:40:37,248,0.0
5541,/TM023_3_21_1.204/PIR_activity_1.252,2024-01-01 01:39:37,248,0.0
5541,/TM023_3_21_1.204/PIR_activity_1.252,2024-01-01 01:38:37,248,0.0
5541,/TM023_3_21_1.204/PIR_activity_1.252,2024-01-01 01:37:37,248,0.0
5541,/TM023_3_21_1.204/PIR_activity_1.252,2024-01-01 01:36:37,248,0.0
5541,/TM023_3_21_1.204/PIR_activity_1.252,2024-01-01 01:35:37,248,0.0
5541,/TM023_3_21_1.204/PIR_activity_1.252,2024-01-01 01:34:37,248,0.0
5541,/TM023_3_21_1.204/PIR_activity_1.252,2024-01-01 01:33:37,248,0.0
5541,/TM023_3_21_1.204/PIR_activity_1.252,2024-01-01 01:32:37,248,0.0
5541,/TM023_3_21_1.204/PIR_activity_1.252,2024-01-01 01:31:37,248,0.0
5541,/TM023_3_21_1.204/PIR_activity_1.252,2024-01-01 01:30:37,248,0.0
5541,/TM023_3_21_1.204/PIR_activity_1.252,2024-01-01 01:29:37,248,0.0
5541,/TM023_3_21_1.204/PIR_activity_1.252,2024-01-01 01:28:37,248,0.0
5541,/TM023_3_21_1.204/PIR_activity_1.252,2024-01-01 01:27:37,248,0.0
5541,/TM023_3_21_1.204/PIR_activity_1.252,2024-01-01 01:26:37,248,0.0
5541,/TM023_3_21_1.204/PIR_activity_1.252,2024-01-01 01:25:37,248,0.0
5541,/TM023_3_21_1.204/PIR_activity_1.252,2024-01-01 01:24:37,248,0.0
5541,/TM023_3_21_1.204/PIR_activity_1.252,2024-01-01 01:23:37,248,0.0
5541,/TM023_3_21_1.204/PIR_activity_1.252,2024-01-01 01:22:37,248,0.0
5541,/TM023_3_21_1.204/PIR_activity_1.252,2024-01-01 01:21:37,248,0.0
5541,/TM023_3_21_1.204/PIR_activity_1.252,2024-01-01 01:20:37,248,0.0
5541,/TM023_3_21_1.204/PIR_activity_1.252,2024-01-01 01:19:37,248,0.0
5541,/TM023_3_21_1.204/PIR_activity_1.252,2024-01-01 01:18:37,248,0.0
5541,/TM023_3_21_1.204/PIR_activity_1.252,2024-01-01 01:17:37,248,0.0
5541,/TM023_3_21_1.204/PIR_activity_1.252,2024-01-01 01:16:37,248,0.0
5541,/TM023_3_21_1.204/PIR_activity_1.252,2024-01-01 01:15:37,248,0.0
5541,/TM023_3_21_1.204/PIR_activity_1.252,2024-01-01 01:14:37,248,0.0
5541,/TM023_3_21_1.204/PIR_activity_1.252,2024-01-01 01:13:37,248,0.0
5541,/TM023_3_21_1.204/PIR_activity_1.252,2024-01-01 01:12:37,248,0.0
5541,/TM023_3_21_1.204/PIR_activity_1.252,2024-01-01 01:11:37,248,0.0
5541,/TM023_3_21_1.204/PIR_activity_1.252,2024-01-01 01:10:37,248,0.0
5541,/TM023_3_21_1.204/PIR_activity_1.252,2024-01-01 01:09:37,248,0.0
5541,/TM023_3_21_1.204/PIR_activity_1.252,2024-01-01 01:08:37,248,0.0
5541,/TM023_3_21_1.204/PIR_activity_1.252,2024-01-01 01:07:37,248,0.0
5541,/TM023_3_21_1.204/PIR_activity_1.252,2024-01-01 01:06:37,248,0.0
5541,/TM023_3_21_1.204/PIR_activity_1.252,2024-01-01 01:05:37,248,0.0
5541,/TM023_3_21_1.204/PIR_activity_1.252,2024-01-01 01:04:37,248,0.0
5541,/TM023_3_21_1.204/PIR_activity_1.252,2024-01-01 01:03:37,248,0.0
5541,/TM023_3_21_1.204/PIR_activity_1.252,2024-01-01 01:02:37,248,0.0
5541,/TM023_3_21_1.204/PIR_activity_1.252,2024-01-01 01:01:37,248,0.0
5541,/TM023_3_21_1.204/PIR_activity_1.252,2024-01-01 01:00:37,248,0.0
5686,/TM023_3_21_1.204/PIR_activity_1.260,2024-01-01 01:59:37,248,0.0
5686,/TM023_3_21_1.204/PIR_activity_1.260,2024-01-01 01:58:37,248,0.0
5686,/TM023_3_21_1.204/PIR_activity_1.260,2024-01-01 01:57:37,248,0.0
5686,/TM023_3_21_1.204/PIR_activity_1.260,2024-01-01 01:56:37,248,0.0
5686,/TM023_3_21_1.204/PIR_activity_1.260,2024-01-01 01:55:37,248,0.0
5686,/TM023_3_21_1.204/PIR_activity_1.260,2024-01-01 01:54:37,248,0.0
5686,/TM023_3_21_1.204/PIR_activity_1.260,2024-01-01 01:53:37,248,0.0
5686,/TM023_3_21_1.204/PIR_activity_1.260,2024-01-01 01:52:37,248,0.0
5686,/TM023_3_21_1.204/PIR_activity_1.260,2024-01-01 01:51:37,248,0.0
5686,/TM023_3_21_1.204/PIR_activity_1.260,2024-01-01 01:50:37,248,0.0
5686,/TM023_3_21_1.204/PIR_activity_1.260,2024-01-01 01:49:37,248,0.0
5686,/TM023_3_21_1.204/PIR_activity_1.260,2024-01-01 01:48:37,248,0.0
5686,/TM023_3_21_1.204/PIR_activity_1.260,2024-01-01 01:47:37,248,0.0
5686,/TM023_3_21_1.204/PIR_activity_1.260,2024-01-01 01:46:37,248,0.0
5686,/TM023_3_21_1.204/PIR_activity_1.260,2024-01-01 01:45:37,248,0.0
5686,/TM023_3_21_1.204/PIR_activity_1.260,2024-01-01 01:44:37,248,0.0
5686,/TM023_3_21_1.204/PIR_activity_1.260,2024-01-01 01:43:37,248,0.0
5686,/TM023_3_21_1.204/PIR_activity_1.260,2024-01-01 01:42:37,248,0.0
5686,/TM023_3_21_1.204/PIR_activity_1.260,2024-01-01 01:41:37,248,0.0
5686,/TM023_3_21_1.204/PIR_activity_1.260,2024-01-01 01:40:37,248,0.0
5686,/TM023_3_21_1.204/PIR_activity_1.260,2024-01-01 01:39:37,248,0.0
5686,/TM023_3_21_1.204/PIR_activity_1.260,2024-01-01 01:38:37,248,0.0
5686,/TM023_3_21_1.204/PIR_activity_1.260,2024-01-01 01:37:37,248,0.0
5686,/TM023_3_21_1.204/PIR_activity_1.260,2024-01-01 01:36:37,248,0.0
5686,/TM023_3_21_1.204/PIR_activity_1.260,2024-01-01 01:35:37,248,0.0
5686,/TM023_3_21_1.204/PIR_activity_1.260,2024-01-01 01:34:37,248,0.0
5686,/TM023_3_21_1.204/PIR_activity_1.260,2024-01-01 01:33:37,248,0.0
5686,/TM023_3_21_1.204/PIR_activity_1.260,2024-01-01 01:32:37,248,0.0
5686,/TM023_3_21_1.204/PIR_activity_1.260,2024-01-01 01:31:37,248,0.0
5686,/TM023_3_21_1.204/PIR_activity_1.260,2024-01-01 01:30:37,248,0.0
5686,/TM023_3_21_1.204/PIR_activity_1.260,2024-01-01 01:29:37,248,0.0
5686,/TM023_3_21_1.204/PIR_activity_1.260,2024-01-01 01:28:37,248,0.0
5686,/TM023_3_21_1.204/PIR_activity_1.260,2024-01-01 01:27:37,248,0.0
5686,/TM023_3_21_1.204/PIR_activity_1.260,2024-01-01 01:26:37,248,0.0
5686,/TM023_3_21_1.204/PIR_activity_1.260,2024-01-01 01:25:37,248,0.0
5686,/TM023_3_21_1.204/PIR_activity_1.260,2024-01-01 01:24:37,248,0.0
5686,/TM023_3_21_1.204/PIR_activity_1.260,2024-01-01 01:23:37,248,0.0
5686,/TM023_3_21_1.204/PIR_activity_1.260,2024-01-01 01:22:37,248,0.0
5686,/TM023_3_21_1.204/PIR_activity_1.260,2024-01-01 01:21:37,248,0.0
5686,/TM023_3_21_1.204/PIR_activity_1.260,2024-01-01 01:20:37,248,0.0
5686,/TM023_3_21_1.204/PIR_activity_1.260,2024-01-01 01:19:37,248,0.0
5686,/TM023_3_21_1.204/PIR_activity_1.260,2024-01-01 01:18:37,248,0.0
5686,/TM023_3_21_1.204/PIR_activity_1.260,2024-01-01 01:17:37,248,0.0
5686,/TM023_3_21_1.204/PIR_activity_1.260,2024-01-01 01:16:37,248,0.0
5686,/TM023_3_21_1.204/PIR_activity_1.260,2024-01-01 01:15:37,248,0.0
5686,/TM023_3_21_1.204/PIR_activity_1.260,2024-01-01 01:14:37,248,0.0
5686,/TM023_3_21_1.204/PIR_activity_1.260,2024-01-01 01:13:37,248,0.0
5686,/TM023_3_21_1.204/PIR_activity_1.260,2024-01-01 01:12:37,248,0.0
5686,/TM023_3_21_1.204/PIR_activity_1.260,2024-01-01 01:11:37,248,0.0
5686,/TM023_3_21_1.204/PIR_activity_1.260,2024-01-01 01:10:37,248,0.0
5686,/TM023_3_21_1.204/PIR_activity_1.260,2024-01-01 01:09:37,248,0.0
5686,/TM023_3_21_1.204/PIR_activity_1.260,2024-01-01 01:08:37,248,0.0
5686,/TM023_3_21_1.204/PIR_activity_1.260,2024-01-01 01:07:37,248,0.0
5686,/TM023_3_21_1.204/PIR_activity_1.260,2024-01-01 01:06:37,248,0.0
5686,/TM023_3_21_1.204/PIR_activity_1.260,2024-01-01 01:05:37,248,0.0
5686,/TM023_3_21_1.204/PIR_activity_1.260,2024-01-01 01:04:37,248,0.0
5686,/TM023_3_21_1.204/PIR_activity_1.260,2024-01-01 01:03:37,248,0.0
5686,/TM023_3_21_1.204/PIR_activity_1.260,2024-01-01 01:02:37,248,0.0
5686,/TM023_3_21_1.204/PIR_activity_1.260,2024-01-01 01:01:37,248,0.0
5686,/TM023_3_21_1.204/PIR_activity_1.260,2024-01-01 01:00:37,248,0.0
5747,/TM023_3_21_1.204/PIR_activity_1.251,2024-01-01 01:59:32,248,0.0
5747,/TM023_3_21_1.204/PIR_activity_1.251,2024-01-01 01:58:32,248,0.0
5747,/TM023_3_21_1.204/PIR_activity_1.251,2024-01-01 01:57:32,248,0.0
5747,/TM023_3_21_1.204/PIR_activity_1.251,2024-01-01 01:56:32,248,0.0
5747,/TM023_3_21_1.204/PIR_activity_1.251,2024-01-01 01:55:32,248,0.0
5747,/TM023_3_21_1.204/PIR_activity_1.251,2024-01-01 01:54:32,248,0.0
5747,/TM023_3_21_1.204/PIR_activity_1.251,2024-01-01 01:53:32,248,0.0
5747,/TM023_3_21_1.204/PIR_activity_1.251,2024-01-01 01:52:32,248,0.0
5747,/TM023_3_21_1.204/PIR_activity_1.251,2024-01-01 01:51:32,248,0.0
5747,/TM023_3_21_1.204/PIR_activity_1.251,2024-01-01 01:50:32,248,0.0
5747,/TM023_3_21_1.204/PIR_activity_1.251,2024-01-01 01:49:32,248,0.0
5747,/TM023_3_21_1.204/PIR_activity_1.251,2024-01-01 01:48:32,248,0.0
5747,/TM023_3_21_1.204/PIR_activity_1.251,2024-01-01 01:47:32,248,0.0
5747,/TM023_3_21_1.204/PIR_activity_1.251,2024-01-01 01:46:32,248,0.0
5747,/TM023_3_21_1.204/PIR_activity_1.251,2024-01-01 01:45:32,248,0.0
5747,/TM023_3_21_1.204/PIR_activity_1.251,2024-01-01 01:44:32,248,0.0
5747,/TM023_3_21_1.204/PIR_activity_1.251,2024-01-01 01:43:32,248,0.0
5747,/TM023_3_21_1.204/PIR_activity_1.251,2024-01-01 01:42:32,248,0.0
5747,/TM023_3_21_1.204/PIR_activity_1.251,2024-01-01 01:41:32,248,0.0
5747,/TM023_3_21_1.204/PIR_activity_1.251,2024-01-01 01:40:32,248,0.0
5747,/TM023_3_21_1.204/PIR_activity_1.251,2024-01-01 01:39:32,248,0.0
5747,/TM023_3_21_1.204/PIR_activity_1.251,2024-01-01 01:38:32,248,0.0
5747,/TM023_3_21_1.204/PIR_activity_1.251,2024-01-01 01:37:32,248,0.0
5747,/TM023_3_21_1.204/PIR_activity_1.251,2024-01-01 01:36:32,248,0.0
5747,/TM023_3_21_1.204/PIR_activity_1.251,2024-01-01 01:35:32,248,0.0
5747,/TM023_3_21_1.204/PIR_activity_1.251,2024-01-01 01:34:32,248,0.0
5747,/TM023_3_21_1.204/PIR_activity_1.251,2024-01-01 01:33:32,248,0.0
5747,/TM023_3_21_1.204/PIR_activity_1.251,2024-01-01 01:32:32,248,0.0
5747,/TM023_3_21_1.204/PIR_activity_1.251,2024-01-01 01:31:32,248,0.0
5747,/TM023_3_21_1.204/PIR_activity_1.251,2024-01-01 01:30:32,248,0.0
5747,/TM023_3_21_1.204/PIR_activity_1.251,2024-01-01 01:29:32,248,0.0
5747,/TM023_3_21_1.204/PIR_activity_1.251,2024-01-01 01:28:32,248,0.0
5747,/TM023_3_21_1.204/PIR_activity_1.251,2024-01-01 01:27:32,248,0.0
5747,/TM023_3_21_1.204/PIR_activity_1.251,2024-01-01 01:26:32,248,0.0
5747,/TM023_3_21_1.204/PIR_activity_1.251,2024-01-01 01:25:32,248,0.0
5747,/TM023_3_21_1.204/PIR_activity_1.251,2024-01-01 01:24:32,248,0.0
5747,/TM023_3_21_1.204/PIR_activity_1.251,2024-01-01 01:23:32,248,0.0
5747,/TM023_3_21_1.204/PIR_activity_1.251,2024-01-01 01:22:32,248,0.0
5747,/TM023_3_21_1.204/PIR_activity_1.251,2024-01-01 01:21:32,248,0.0
5747,/TM023_3_21_1.204/PIR_activity_1.251,2024-01-01 01:20:32,248,0.0
5747,/TM023_3_21_1.204/PIR_activity_1.251,2024-01-01 01:19:32,248,0.0
5747,/TM023_3_21_1.204/PIR_activity_1.251,2024-01-01 01:18:32,248,0.0
5747,/TM023_3_21_1.204/PIR_activity_1.251,2024-01-01 01:17:32,248,0.0
5747,/TM023_3_21_1.204/PIR_activity_1.251,2024-01-01 01:16:32,248,0.0
5747,/TM023_3_21_1.204/PIR_activity_1.251,2024-01-01 01:15:32,248,0.0
5747,/TM023_3_21_1.204/PIR_activity_1.251,2024-01-01 01:14:32,248,0.0
5747,/TM023_3_21_1.204/PIR_activity_1.251,2024-01-01 01:13:32,248,0.0
5747,/TM023_3_21_1.204/PIR_activity_1.251,2024-01-01 01:12:32,248,0.0
5747,/TM023_3_21_1.204/PIR_activity_1.251,2024-01-01 01:11:32,248,0.0
5747,/TM023_3_21_1.204/PIR_activity_1.251,2024-01-01 01:10:32,248,0.0
5747,/TM023_3_21_1.204/PIR_activity_1.251,2024-01-01 01:09:32,248,0.0
5747,/TM023_3_21_1.204/PIR_activity_1.251,2024-01-01 01:08:32,248,0.0
5747,/TM023_3_21_1.204/PIR_activity_1.251,2024-01-01 01:07:32,248,0.0
5747,/TM023_3_21_1.204/PIR_activity_1.251,2024-01-01 01:06:32,248,0.0
5747,/TM023_3_21_1.204/PIR_activity_1.251,2024-01-01 01:05:32,248,0.0
5747,/TM023_3_21_1.204/PIR_activity_1.251,2024-01-01 01:04:32,248,0.0
5747,/TM023_3_21_1.204/PIR_activity_1.251,2024-01-01 01:03:32,248,0.0
5747,/TM023_3_21_1.204/PIR_activity_1.251,2024-01-01 01:02:32,248,0.0
5747,/TM023_3_21_1.204/PIR_activity_1.251,2024-01-01 01:01:32,248,0.0
5747,/TM023_3_21_1.204/PIR_activity_1.251,2024-01-01 01:00:32,248,0.0
5762,/TM023_3_21_1.204/PIR_activity_1.253,2024-01-01 01:59:57,248,0.0
5762,/TM023_3_21_1.204/PIR_activity_1.253,2024-01-01 01:58:57,248,0.0
5762,/TM023_3_21_1.204/PIR_activity_1.253,2024-01-01 01:57:57,248,0.0
5762,/TM023_3_21_1.204/PIR_activity_1.253,2024-01-01 01:56:57,248,0.0
5762,/TM023_3_21_1.204/PIR_activity_1.253,2024-01-01 01:55:57,248,0.0
5762,/TM023_3_21_1.204/PIR_activity_1.253,2024-01-01 01:54:57,248,0.0
5762,/TM023_3_21_1.204/PIR_activity_1.253,2024-01-01 01:53:57,248,0.0
5762,/TM023_3_21_1.204/PIR_activity_1.253,2024-01-01 01:52:57,248,0.0
5762,/TM023_3_21_1.204/PIR_activity_1.253,2024-01-01 01:51:57,248,0.0
5762,/TM023_3_21_1.204/PIR_activity_1.253,2024-01-01 01:50:57,248,0.0
5762,/TM023_3_21_1.204/PIR_activity_1.253,2024-01-01 01:49:57,248,0.0
5762,/TM023_3_21_1.204/PIR_activity_1.253,2024-01-01 01:48:57,248,0.0
5762,/TM023_3_21_1.204/PIR_activity_1.253,2024-01-01 01:47:57,248,0.0
5762,/TM023_3_21_1.204/PIR_activity_1.253,2024-01-01 01:46:57,248,0.0
5762,/TM023_3_21_1.204/PIR_activity_1.253,2024-01-01 01:45:57,248,0.0
5762,/TM023_3_21_1.204/PIR_activity_1.253,2024-01-01 01:44:57,248,0.0
5762,/TM023_3_21_1.204/PIR_activity_1.253,2024-01-01 01:43:57,248,0.0
5762,/TM023_3_21_1.204/PIR_activity_1.253,2024-01-01 01:42:57,248,0.0
5762,/TM023_3_21_1.204/PIR_activity_1.253,2024-01-01 01:41:57,248,0.0
5762,/TM023_3_21_1.204/PIR_activity_1.253,2024-01-01 01:40:57,248,0.0
5762,/TM023_3_21_1.204/PIR_activity_1.253,2024-01-01 01:39:57,248,0.0
5762,/TM023_3_21_1.204/PIR_activity_1.253,2024-01-01 01:38:57,248,0.0
5762,/TM023_3_21_1.204/PIR_activity_1.253,2024-01-01 01:37:57,248,0.0
5762,/TM023_3_21_1.204/PIR_activity_1.253,2024-01-01 01:36:57,248,0.0
5762,/TM023_3_21_1.204/PIR_activity_1.253,2024-01-01 01:35:57,248,0.0
5762,/TM023_3_21_1.204/PIR_activity_1.253,2024-01-01 01:34:57,248,0.0
5762,/TM023_3_21_1.204/PIR_activity_1.253,2024-01-01 01:33:57,248,0.0
5762,/TM023_3_21_1.204/PIR_activity_1.253,2024-01-01 01:32:57,248,0.0
5762,/TM023_3_21_1.204/PIR_activity_1.253,2024-01-01 01:31:57,248,0.0
5762,/TM023_3_21_1.204/PIR_activity_1.253,2024-01-01 01:30:57,248,0.0
5762,/TM023_3_21_1.204/PIR_activity_1.253,2024-01-01 01:29:57,248,0.0
5762,/TM023_3_21_1.204/PIR_activity_1.253,2024-01-01 01:28:57,248,0.0
5762,/TM023_3_21_1.204/PIR_activity_1.253,2024-01-01 01:27:57,248,0.0
5762,/TM023_3_21_1.204/PIR_activity_1.253,2024-01-01 01:26:57,248,0.0
5762,/TM023_3_21_1.204/PIR_activity_1.253,2024-01-01 01:25:57,248,0.0
5762,/TM023_3_21_1.204/PIR_activity_1.253,2024-01-01 01:24:57,248,0.0
5762,/TM023_3_21_1.204/PIR_activity_1.253,2024-01-01 01:23:57,248,0.0
5762,/TM023_3_21_1.204/PIR_activity_1.253,2024-01-01 01:22:57,248,0.0
5762,/TM023_3_21_1.204/PIR_activity_1.253,2024-01-01 01:21:57,248,0.0
5762,/TM023_3_21_1.204/PIR_activity_1.253,2024-01-01 01:20:57,248,0.0
5762,/TM023_3_21_1.204/PIR_activity_1.253,2024-01-01 01:19:57,248,0.0
5762,/TM023_3_21_1.204/PIR_activity_1.253,2024-01-01 01:18:57,248,0.0
5762,/TM023_3_21_1.204/PIR_activity_1.253,2024-01-01 01:17:57,248,0.0
5762,/TM023_3_21_1.204/PIR_activity_1.253,2024-01-01 01:16:57,248,0.0
5762,/TM023_3_21_1.204/PIR_activity_1.253,2024-01-01 01:15:57,248,0.0
5762,/TM023_3_21_1.204/PIR_activity_1.253,2024-01-01 01:14:57,248,0.0
5762,/TM023_3_21_1.204/PIR_activity_1.253,2024-01-01 01:13:57,248,0.0
5762,/TM023_3_21_1.204/PIR_activity_1.253,2024-01-01 01:12:57,248,0.0
5762,/TM023_3_21_1.204/PIR_activity_1.253,2024-01-01 01:11:57,248,0.0
5762,/TM023_3_21_1.204/PIR_activity_1.253,2024-01-01 01:10:57,248,0.0
5762,/TM023_3_21_1.204/PIR_activity_1.253,2024-01-01 01:09:57,248,0.0
5762,/TM023_3_21_1.204/PIR_activity_1.253,2024-01-01 01:08:57,248,0.0
5762,/TM023_3_21_1.204/PIR_activity_1.253,2024-01-01 01:07:57,248,0.0
5762,/TM023_3_21_1.204/PIR_activity_1.253,2024-01-01 01:06:57,248,0.0
5762,/TM023_3_21_1.204/PIR_activity_1.253,2024-01-01 01:05:57,248,0.0
5762,/TM023_3_21_1.204/PIR_activity_1.253,2024-01-01 01:04:57,248,0.0
5762,/TM023_3_21_1.204/PIR_activity_1.253,2024-01-01 01:03:57,248,0.0
5762,/TM023_3_21_1.204/PIR_activity_1.253,2024-01-01 01:02:57,248,0.0
5762,/TM023_3_21_1.204/PIR_activity_1.253,2024-01-01 01:01:57,248,0.0
5762,/TM023_3_21_1.204/PIR_activity_1.253,2024-01-01 01:00:57,248,0.0
5780,/TM023_3_21_1.204/PIR_activity_1.258,2024-01-01 01:59:17,248,0.0
5780,/TM023_3_21_1.204/PIR_activity_1.258,2024-01-01 01:58:17,248,0.0
5780,/TM023_3_21_1.204/PIR_activity_1.258,2024-01-01 01:57:17,248,0.0
5780,/TM023_3_21_1.204/PIR_activity_1.258,2024-01-01 01:56:17,248,0.0
5780,/TM023_3_21_1.204/PIR_activity_1.258,2024-01-01 01:55:17,248,0.0
5780,/TM023_3_21_1.204/PIR_activity_1.258,2024-01-01 01:54:17,248,0.0
5780,/TM023_3_21_1.204/PIR_activity_1.258,2024-01-01 01:53:17,248,0.0
5780,/TM023_3_21_1.204/PIR_activity_1.258,2024-01-01 01:52:17,248,0.0
5780,/TM023_3_21_1.204/PIR_activity_1.258,2024-01-01 01:51:17,248,0.0
5780,/TM023_3_21_1.204/PIR_activity_1.258,2024-01-01 01:50:17,248,0.0
5780,/TM023_3_21_1.204/PIR_activity_1.258,2024-01-01 01:49:17,248,0.0
5780,/TM023_3_21_1.204/PIR_activity_1.258,2024-01-01 01:48:17,248,0.0
5780,/TM023_3_21_1.204/PIR_activity_1.258,2024-01-01 01:47:17,248,0.0
5780,/TM023_3_21_1.204/PIR_activity_1.258,2024-01-01 01:46:17,248,0.0
5780,/TM023_3_21_1.204/PIR_activity_1.258,2024-01-01 01:45:17,248,0.0
5780,/TM023_3_21_1.204/PIR_activity_1.258,2024-01-01 01:44:17,248,0.0
5780,/TM023_3_21_1.204/PIR_activity_1.258,2024-01-01 01:43:17,248,0.0
5780,/TM023_3_21_1.204/PIR_activity_1.258,2024-01-01 01:42:17,248,0.0
5780,/TM023_3_21_1.204/PIR_activity_1.258,2024-01-01 01:41:17,248,0.0
5780,/TM023_3_21_1.204/PIR_activity_1.258,2024-01-01 01:40:17,248,0.0
5780,/TM023_3_21_1.204/PIR_activity_1.258,2024-01-01 01:39:17,248,0.0
5780,/TM023_3_21_1.204/PIR_activity_1.258,2024-01-01 01:38:17,248,0.0
5780,/TM023_3_21_1.204/PIR_activity_1.258,2024-01-01 01:37:17,248,0.0
5780,/TM023_3_21_1.204/PIR_activity_1.258,2024-01-01 01:36:17,248,0.0
5780,/TM023_3_21_1.204/PIR_activity_1.258,2024-01-01 01:35:17,248,0.0
5780,/TM023_3_21_1.204/PIR_activity_1.258,2024-01-01 01:34:17,248,0.0
5780,/TM023_3_21_1.204/PIR_activity_1.258,2024-01-01 01:33:17,248,0.0
5780,/TM023_3_21_1.204/PIR_activity_1.258,2024-01-01 01:32:17,248,0.0
5780,/TM023_3_21_1.204/PIR_activity_1.258,2024-01-01 01:31:17,248,0.0
5780,/TM023_3_21_1.204/PIR_activity_1.258,2024-01-01 01:30:17,248,0.0
5780,/TM023_3_21_1.204/PIR_activity_1.258,2024-01-01 01:29:17,248,0.0
5780,/TM023_3_21_1.204/PIR_activity_1.258,2024-01-01 01:28:17,248,0.0
5780,/TM023_3_21_1.204/PIR_activity_1.258,2024-01-01 01:27:17,248,0.0
5780,/TM023_3_21_1.204/PIR_activity_1.258,2024-01-01 01:26:17,248,0.0
5780,/TM023_3_21_1.204/PIR_activity_1.258,2024-01-01 01:25:17,248,0.0
5780,/TM023_3_21_1.204/PIR_activity_1.258,2024-01-01 01:24:17,248,0.0
5780,/TM023_3_21_1.204/PIR_activity_1.258,2024-01-01 01:23:17,248,0.0
5780,/TM023_3_21_1.204/PIR_activity_1.258,2024-01-01 01:22:17,248,0.0
5780,/TM023_3_21_1.204/PIR_activity_1.258,2024-01-01 01:21:17,248,0.0
5780,/TM023_3_21_1.204/PIR_activity_1.258,2024-01-01 01:20:17,248,0.0
5780,/TM023_3_21_1.204/PIR_activity_1.258,2024-01-01 01:19:17,248,0.0
5780,/TM023_3_21_1.204/PIR_activity_1.258,2024-01-01 01:18:17,248,0.0
5780,/TM023_3_21_1.204/PIR_activity_1.258,2024-01-01 01:17:17,248,0.0
5780,/TM023_3_21_1.204/PIR_activity_1.258,2024-01-01 01:16:17,248,0.0
5780,/TM023_3_21_1.204/PIR_activity_1.258,2024-01-01 01:15:17,248,0.0
5780,/TM023_3_21_1.204/PIR_activity_1.258,2024-01-01 01:14:17,248,0.0
5780,/TM023_3_21_1.204/PIR_activity_1.258,2024-01-01 01:13:17,248,0.0
5780,/TM023_3_21_1.204/PIR_activity_1.258,2024-01-01 01:12:17,248,0.0
5780,/TM023_3_21_1.204/PIR_activity_1.258,2024-01-01 01:11:17,248,0.0
5780,/TM023_3_21_1.204/PIR_activity_1.258,2024-01-01 01:10:17,248,0.0
5780,/TM023_3_21_1.204/PIR_activity_1.258,2024-01-01 01:09:17,248,0.0
5780,/TM023_3_21_1.204/PIR_activity_1.258,2024-01-01 01:08:17,248,0.0
5780,/TM023_3_21_1.204/PIR_activity_1.258,2024-01-01 01:07:17,248,0.0
5780,/TM023_3_21_1.204/PIR_activity_1.258,2024-01-01 01:06:17,248,0.0
5780,/TM023_3_21_1.204/PIR_activity_1.258,2024-01-01 01:05:17,248,0.0
5780,/TM023_3_21_1.204/PIR_activity_1.258,2024-01-01 01:04:17,248,0.0
5780,/TM023_3_21_1.204/PIR_activity_1.258,2024-01-01 01:03:17,248,0.0
5780,/TM023_3_21_1.204/PIR_activity_1.258,2024-01-01 01:02:17,248,0.0
5780,/TM023_3_21_1.204/PIR_activity_1.258,2024-01-01 01:01:17,248,0.0
5780,/TM023_3_21_1.204/PIR_activity_1.258,2024-01-01 01:00:17,248,0.0
5786,/TM023_3_21_1.204/PIR_activity_1.256,2024-01-01 01:59:37,248,0.0
5786,/TM023_3_21_1.204/PIR_activity_1.256,2024-01-01 01:58:37,248,0.0
5786,/TM023_3_21_1.204/PIR_activity_1.256,2024-01-01 01:57:37,248,0.0
5786,/TM023_3_21_1.204/PIR_activity_1.256,2024-01-01 01:56:37,248,0.0
5786,/TM023_3_21_1.204/PIR_activity_1.256,2024-01-01 01:55:37,248,0.0
5786,/TM023_3_21_1.204/PIR_activity_1.256,2024-01-01 01:54:37,248,0.0
5786,/TM023_3_21_1.204/PIR_activity_1.256,2024-01-01 01:53:37,248,0.0
5786,/TM023_3_21_1.204/PIR_activity_1.256,2024-01-01 01:52:37,248,0.0
5786,/TM023_3_21_1.204/PIR_activity_1.256,2024-01-01 01:51:37,248,0.0
5786,/TM023_3_21_1.204/PIR_activity_1.256,2024-01-01 01:50:37,248,0.0
5786,/TM023_3_21_1.204/PIR_activity_1.256,2024-01-01 01:49:37,248,0.0
5786,/TM023_3_21_1.204/PIR_activity_1.256,2024-01-01 01:48:37,248,0.0
5786,/TM023_3_21_1.204/PIR_activity_1.256,2024-01-01 01:47:37,248,0.0
5786,/TM023_3_21_1.204/PIR_activity_1.256,2024-01-01 01:46:37,248,0.0
5786,/TM023_3_21_1.204/PIR_activity_1.256,2024-01-01 01:45:37,248,0.0
5786,/TM023_3_21_1.204/PIR_activity_1.256,2024-01-01 01:44:37,248,0.0
5786,/TM023_3_21_1.204/PIR_activity_1.256,2024-01-01 01:43:37,248,0.0
5786,/TM023_3_21_1.204/PIR_activity_1.256,2024-01-01 01:42:37,248,0.0
5786,/TM023_3_21_1.204/PIR_activity_1.256,2024-01-01 01:41:37,248,0.0
5786,/TM023_3_21_1.204/PIR_activity_1.256,2024-01-01 01:40:37,248,0.0
5786,/TM023_3_21_1.204/PIR_activity_1.256,2024-01-01 01:39:37,248,0.0
5786,/TM023_3_21_1.204/PIR_activity_1.256,2024-01-01 01:38:37,248,0.0
5786,/TM023_3_21_1.204/PIR_activity_1.256,2024-01-01 01:37:37,248,0.0
5786,/TM023_3_21_1.204/PIR_activity_1.256,2024-01-01 01:36:37,248,0.0
5786,/TM023_3_21_1.204/PIR_activity_1.256,2024-01-01 01:35:37,248,0.0
5786,/TM023_3_21_1.204/PIR_activity_1.256,2024-01-01 01:34:37,248,0.0
5786,/TM023_3_21_1.204/PIR_activity_1.256,2024-01-01 01:33:37,248,0.0
5786,/TM023_3_21_1.204/PIR_activity_1.256,2024-01-01 01:32:37,248,0.0
5786,/TM023_3_21_1.204/PIR_activity_1.256,2024-01-01 01:31:37,248,0.0
5786,/TM023_3_21_1.204/PIR_activity_1.256,2024-01-01 01:30:37,248,0.0
5786,/TM023_3_21_1.204/PIR_activity_1.256,2024-01-01 01:29:37,248,0.0
5786,/TM023_3_21_1.204/PIR_activity_1.256,2024-01-01 01:28:37,248,0.0
5786,/TM023_3_21_1.204/PIR_activity_1.256,2024-01-01 01:27:37,248,0.0
5786,/TM023_3_21_1.204/PIR_activity_1.256,2024-01-01 01:26:37,248,0.0
5786,/TM023_3_21_1.204/PIR_activity_1.256,2024-01-01 01:25:37,248,0.0
5786,/TM023_3_21_1.204/PIR_activity_1.256,2024-01-01 01:24:37,248,0.0
5786,/TM023_3_21_1.204/PIR_activity_1.256,2024-01-01 01:23:37,248,0.0
5786,/TM023_3_21_1.204/PIR_activity_1.256,2024-01-01 01:22:37,248,0.0
5786,/TM023_3_21_1.204/PIR_activity_1.256,2024-01-01 01:21:37,248,0.0
5786,/TM023_3_21_1.204/PIR_activity_1.256,2024-01-01 01:20:37,248,0.0
5786,/TM023_3_21_1.204/PIR_activity_1.256,2024-01-01 01:19:37,248,0.0
5786,/TM023_3_21_1.204/PIR_activity_1.256,2024-01-01 01:18:37,248,0.0
5786,/TM023_3_21_1.204/PIR_activity_1.256,2024-01-01 01:17:37,248,0.0
5786,/TM023_3_21_1.204/PIR_activity_1.256,2024-01-01 01:16:37,248,0.0
5786,/TM023_3_21_1.204/PIR_activity_1.256,2024-01-01 01:15:37,248,0.0
5786,/TM023_3_21_1.204/PIR_activity_1.256,2024-01-01 01:14:37,248,0.0
5786,/TM023_3_21_1.204/PIR_activity_1.256,2024-01-01 01:13:37,248,0.0
5786,/TM023_3_21_1.204/PIR_activity_1.256,2024-01-01 01:12:37,248,0.0
5786,/TM023_3_21_1.204/PIR_activity_1.256,2024-01-01 01:11:37,248,0.0
5786,/TM023_3_21_1.204/PIR_activity_1.256,2024-01-01 01:10:37,248,0.0
5786,/TM023_3_21_1.204/PIR_activity_1.256,2024-01-01 01:09:37,248,0.0
5786,/TM023_3_21_1.204/PIR_activity_1.256,2024-01-01 01:08:37,248,0.0
5786,/TM023_3_21_1.204/PIR_activity_1.256,2024-01-01 01:07:37,248,0.0
5786,/TM023_3_21_1.204/PIR_activity_1.256,2024-01-01 01:06:37,248,0.0
5786,/TM023_3_21_1.204/PIR_activity_1.256,2024-01-01 01:05:37,248,0.0
5786,/TM023_3_21_1.204/PIR_activity_1.256,2024-01-01 01:04:37,248,0.0
5786,/TM023_3_21_1.204/PIR_activity_1.256,2024-01-01 01:03:37,248,0.0
5786,/TM023_3_21_1.204/PIR_activity_1.256,2024-01-01 01:02:37,248,0.0
5786,/TM023_3_21_1.204/PIR_activity_1.256,2024-01-01 01:01:37,248,0.0
5786,/TM023_3_21_1.204/PIR_activity_1.256,2024-01-01 01:00:37,248,0.0
5875,/TM023_1_20_1101/R 1.015/Logninger/PIR Efterløb,2024-01-01 02:00:00,248,0.0
5875,/TM023_1_20_1101/R 1.015/Logninger/PIR Efterløb,2024-01-01 01:45:00,248,0.0
5875,/TM023_1_20_1101/R 1.015/Logninger/PIR Efterløb,2024-01-01 01:30:00,248,0.0
5875,/TM023_1_20_1101/R 1.015/Logninger/PIR Efterløb,2024-01-01 01:15:00,248,0.0
5885,/TM023_3_21_1.204/PIR_activity_1.250,2024-01-01 01:59:16,248,0.0
5885,/TM023_3_21_1.204/PIR_activity_1.250,2024-01-01 01:58:16,248,0.0
5885,/TM023_3_21_1.204/PIR_activity_1.250,2024-01-01 01:57:16,248,0.0
5885,/TM023_3_21_1.204/PIR_activity_1.250,2024-01-01 01:56:16,248,0.0
5885,/TM023_3_21_1.204/PIR_activity_1.250,2024-01-01 01:55:16,248,0.0
5885,/TM023_3_21_1.204/PIR_activity_1.250,2024-01-01 01:54:16,248,0.0
5885,/TM023_3_21_1.204/PIR_activity_1.250,2024-01-01 01:53:16,248,0.0
5885,/TM023_3_21_1.204/PIR_activity_1.250,2024-01-01 01:52:16,248,0.0
5885,/TM023_3_21_1.204/PIR_activity_1.250,2024-01-01 01:51:16,248,0.0
5885,/TM023_3_21_1.204/PIR_activity_1.250,2024-01-01 01:50:16,248,0.0
5885,/TM023_3_21_1.204/PIR_activity_1.250,2024-01-01 01:49:16,248,0.0
5885,/TM023_3_21_1.204/PIR_activity_1.250,2024-01-01 01:48:16,248,0.0
5885,/TM023_3_21_1.204/PIR_activity_1.250,2024-01-01 01:47:16,248,0.0
5885,/TM023_3_21_1.204/PIR_activity_1.250,2024-01-01 01:46:16,248,0.0
5885,/TM023_3_21_1.204/PIR_activity_1.250,2024-01-01 01:45:16,248,0.0
5885,/TM023_3_21_1.204/PIR_activity_1.250,2024-01-01 01:44:16,248,0.0
5885,/TM023_3_21_1.204/PIR_activity_1.250,2024-01-01 01:43:16,248,0.0
5885,/TM023_3_21_1.204/PIR_activity_1.250,2024-01-01 01:42:16,248,0.0
5885,/TM023_3_21_1.204/PIR_activity_1.250,2024-01-01 01:41:16,248,0.0
5885,/TM023_3_21_1.204/PIR_activity_1.250,2024-01-01 01:40:16,248,0.0
5885,/TM023_3_21_1.204/PIR_activity_1.250,2024-01-01 01:39:16,248,0.0
5885,/TM023_3_21_1.204/PIR_activity_1.250,2024-01-01 01:38:16,248,0.0
5885,/TM023_3_21_1.204/PIR_activity_1.250,2024-01-01 01:37:16,248,0.0
5885,/TM023_3_21_1.204/PIR_activity_1.250,2024-01-01 01:36:16,248,0.0
5885,/TM023_3_21_1.204/PIR_activity_1.250,2024-01-01 01:35:16,248,0.0
5885,/TM023_3_21_1.204/PIR_activity_1.250,2024-01-01 01:34:16,248,0.0
5885,/TM023_3_21_1.204/PIR_activity_1.250,2024-01-01 01:33:16,248,0.0
5885,/TM023_3_21_1.204/PIR_activity_1.250,2024-01-01 01:32:16,248,0.0
5885,/TM023_3_21_1.204/PIR_activity_1.250,2024-01-01 01:31:16,248,0.0
5885,/TM023_3_21_1.204/PIR_activity_1.250,2024-01-01 01:30:16,248,0.0
5885,/TM023_3_21_1.204/PIR_activity_1.250,2024-01-01 01:29:16,248,0.0
5885,/TM023_3_21_1.204/PIR_activity_1.250,2024-01-01 01:28:16,248,0.0
5885,/TM023_3_21_1.204/PIR_activity_1.250,2024-01-01 01:27:16,248,0.0
5885,/TM023_3_21_1.204/PIR_activity_1.250,2024-01-01 01:26:16,248,0.0
5885,/TM023_3_21_1.204/PIR_activity_1.250,2024-01-01 01:25:16,248,0.0
5885,/TM023_3_21_1.204/PIR_activity_1.250,2024-01-01 01:24:16,248,0.0
5885,/TM023_3_21_1.204/PIR_activity_1.250,2024-01-01 01:23:16,248,0.0
5885,/TM023_3_21_1.204/PIR_activity_1.250,2024-01-01 01:22:16,248,0.0
5885,/TM023_3_21_1.204/PIR_activity_1.250,2024-01-01 01:21:16,248,0.0
5885,/TM023_3_21_1.204/PIR_activity_1.250,2024-01-01 01:20:16,248,0.0
5885,/TM023_3_21_1.204/PIR_activity_1.250,2024-01-01 01:19:16,248,0.0
5885,/TM023_3_21_1.204/PIR_activity_1.250,2024-01-01 01:18:16,248,0.0
5885,/TM023_3_21_1.204/PIR_activity_1.250,2024-01-01 01:17:16,248,0.0
5885,/TM023_3_21_1.204/PIR_activity_1.250,2024-01-01 01:16:16,248,0.0
5885,/TM023_3_21_1.204/PIR_activity_1.250,2024-01-01 01:15:16,248,0.0
5885,/TM023_3_21_1.204/PIR_activity_1.250,2024-01-01 01:14:16,248,0.0
5885,/TM023_3_21_1.204/PIR_activity_1.250,2024-01-01 01:13:16,248,0.0
5885,/TM023_3_21_1.204/PIR_activity_1.250,2024-01-01 01:12:16,248,0.0
5885,/TM023_3_21_1.204/PIR_activity_1.250,2024-01-01 01:11:16,248,0.0
5885,/TM023_3_21_1.204/PIR_activity_1.250,2024-01-01 01:10:16,248,0.0
5885,/TM023_3_21_1.204/PIR_activity_1.250,2024-01-01 01:09:16,248,0.0
5885,/TM023_3_21_1.204/PIR_activity_1.250,2024-01-01 01:08:16,248,0.0
5885,/TM023_3_21_1.204/PIR_activity_1.250,2024-01-01 01:07:16,248,0.0
5885,/TM023_3_21_1.204/PIR_activity_1.250,2024-01-01 01:06:16,248,0.0
5885,/TM023_3_21_1.204/PIR_activity_1.250,2024-01-01 01:05:16,248,0.0
5885,/TM023_3_21_1.204/PIR_activity_1.250,2024-01-01 01:04:16,248,0.0
5885,/TM023_3_21_1.204/PIR_activity_1.250,2024-01-01 01:03:16,248,0.0
5885,/TM023_3_21_1.204/PIR_activity_1.250,2024-01-01 01:02:16,248,0.0
5885,/TM023_3_21_1.204/PIR_activity_1.250,2024-01-01 01:01:16,248,0.0
5885,/TM023_3_21_1.204/PIR_activity_1.250,2024-01-01 01:00:16,248,0.0
5906,/TM023_1_20_1101/STATUS_PIR,2024-01-01 01:59:05,248,0.0
5906,/TM023_1_20_1101/STATUS_PIR,2024-01-01 01:58:05,248,0.0
5906,/TM023_1_20_1101/STATUS_PIR,2024-01-01 01:57:05,248,0.0
5906,/TM023_1_20_1101/STATUS_PIR,2024-01-01 01:56:05,248,0.0
5906,/TM023_1_20_1101/STATUS_PIR,2024-01-01 01:55:05,248,0.0
5906,/TM023_1_20_1101/STATUS_PIR,2024-01-01 01:54:05,248,0.0
5906,/TM023_1_20_1101/STATUS_PIR,2024-01-01 01:53:05,248,0.0
5906,/TM023_1_20_1101/STATUS_PIR,2024-01-01 01:52:05,248,0.0
5906,/TM023_1_20_1101/STATUS_PIR,2024-01-01 01:51:05,248,0.0
5906,/TM023_1_20_1101/STATUS_PIR,2024-01-01 01:50:05,248,0.0
5906,/TM023_1_20_1101/STATUS_PIR,2024-01-01 01:49:05,248,0.0
5906,/TM023_1_20_1101/STATUS_PIR,2024-01-01 01:48:05,248,0.0
5906,/TM023_1_20_1101/STATUS_PIR,2024-01-01 01:47:05,248,0.0
5906,/TM023_1_20_1101/STATUS_PIR,2024-01-01 01:46:05,248,0.0
5906,/TM023_1_20_1101/STATUS_PIR,2024-01-01 01:45:05,248,0.0
5906,/TM023_1_20_1101/STATUS_PIR,2024-01-01 01:44:05,248,0.0
5906,/TM023_1_20_1101/STATUS_PIR,2024-01-01 01:43:05,248,0.0
5906,/TM023_1_20_1101/STATUS_PIR,2024-01-01 01:42:05,248,0.0
5906,/TM023_1_20_1101/STATUS_PIR,2024-01-01 01:41:05,248,0.0
5906,/TM023_1_20_1101/STATUS_PIR,2024-01-01 01:40:05,248,0.0
5906,/TM023_1_20_1101/STATUS_PIR,2024-01-01 01:39:05,248,0.0
5906,/TM023_1_20_1101/STATUS_PIR,2024-01-01 01:38:05,248,0.0
5906,/TM023_1_20_1101/STATUS_PIR,2024-01-01 01:37:05,248,0.0
5906,/TM023_1_20_1101/STATUS_PIR,2024-01-01 01:36:05,248,0.0
5906,/TM023_1_20_1101/STATUS_PIR,2024-01-01 01:35:05,248,0.0
5906,/TM023_1_20_1101/STATUS_PIR,2024-01-01 01:34:05,248,0.0
5906,/TM023_1_20_1101/STATUS_PIR,2024-01-01 01:33:05,248,0.0
5906,/TM023_1_20_1101/STATUS_PIR,2024-01-01 01:32:05,248,0.0
5906,/TM023_1_20_1101/STATUS_PIR,2024-01-01 01:31:05,248,0.0
5906,/TM023_1_20_1101/STATUS_PIR,2024-01-01 01:30:05,248,0.0
5906,/TM023_1_20_1101/STATUS_PIR,2024-01-01 01:29:05,248,0.0
5906,/TM023_1_20_1101/STATUS_PIR,2024-01-01 01:28:05,248,0.0
5906,/TM023_1_20_1101/STATUS_PIR,2024-01-01 01:27:05,248,0.0
5906,/TM023_1_20_1101/STATUS_PIR,2024-01-01 01:26:05,248,0.0
5906,/TM023_1_20_1101/STATUS_PIR,2024-01-01 01:25:05,248,0.0
5906,/TM023_1_20_1101/STATUS_PIR,2024-01-01 01:24:05,248,0.0
5906,/TM023_1_20_1101/STATUS_PIR,2024-01-01 01:23:05,248,0.0
5906,/TM023_1_20_1101/STATUS_PIR,2024-01-01 01:22:05,248,0.0
5906,/TM023_1_20_1101/STATUS_PIR,2024-01-01 01:21:05,248,0.0
5906,/TM023_1_20_1101/STATUS_PIR,2024-01-01 01:20:05,248,0.0
5906,/TM023_1_20_1101/STATUS_PIR,2024-01-01 01:19:05,248,0.0
5906,/TM023_1_20_1101/STATUS_PIR,2024-01-01 01:18:05,248,0.0
5906,/TM023_1_20_1101/STATUS_PIR,2024-01-01 01:17:05,248,0.0
5906,/TM023_1_20_1101/STATUS_PIR,2024-01-01 01:16:05,248,0.0
5906,/TM023_1_20_1101/STATUS_PIR,2024-01-01 01:15:05,248,0.0
5906,/TM023_1_20_1101/STATUS_PIR,2024-01-01 01:14:05,248,0.0
5906,/TM023_1_20_1101/STATUS_PIR,2024-01-01 01:13:05,248,0.0
5906,/TM023_1_20_1101/STATUS_PIR,2024-01-01 01:12:05,248,0.0
5906,/TM023_1_20_1101/STATUS_PIR,2024-01-01 01:11:05,248,0.0
5906,/TM023_1_20_1101/STATUS_PIR,2024-01-01 01:10:05,248,0.0
5906,/TM023_1_20_1101/STATUS_PIR,2024-01-01 01:09:05,248,0.0
5906,/TM023_1_20_1101/STATUS_PIR,2024-01-01 01:08:05,248,0.0
5906,/TM023_1_20_1101/STATUS_PIR,2024-01-01 01:07:05,248,0.0
5906,/TM023_1_20_1101/STATUS_PIR,2024-01-01 01:06:05,248,0.0
5906,/TM023_1_20_1101/STATUS_PIR,2024-01-01 01:05:05,248,0.0
5906,/TM023_1_20_1101/STATUS_PIR,2024-01-01 01:04:05,248,0.0
5906,/TM023_1_20_1101/STATUS_PIR,2024-01-01 01:03:05,248,0.0
5906,/TM023_1_20_1101/STATUS_PIR,2024-01-01 01:02:05,248,0.0
5906,/TM023_1_20_1101/STATUS_PIR,2024-01-01 01:01:05,248,0.0
5906,/TM023_1_20_1101/STATUS_PIR,2024-01-01 01:00:05,248,0.0
5954,/TM023_3_21_1.204/PIR_activity_1.263,2024-01-01 01:59:57,248,0.0
5954,/TM023_3_21_1.204/PIR_activity_1.263,2024-01-01 01:58:57,248,0.0
5954,/TM023_3_21_1.204/PIR_activity_1.263,2024-01-01 01:57:57,248,0.0
5954,/TM023_3_21_1.204/PIR_activity_1.263,2024-01-01 01:56:57,248,0.0
5954,/TM023_3_21_1.204/PIR_activity_1.263,2024-01-01 01:55:57,248,0.0
5954,/TM023_3_21_1.204/PIR_activity_1.263,2024-01-01 01:54:57,248,0.0
5954,/TM023_3_21_1.204/PIR_activity_1.263,2024-01-01 01:53:57,248,0.0
5954,/TM023_3_21_1.204/PIR_activity_1.263,2024-01-01 01:52:57,248,0.0
5954,/TM023_3_21_1.204/PIR_activity_1.263,2024-01-01 01:51:57,248,0.0
5954,/TM023_3_21_1.204/PIR_activity_1.263,2024-01-01 01:50:57,248,0.0
5954,/TM023_3_21_1.204/PIR_activity_1.263,2024-01-01 01:49:57,248,0.0
5954,/TM023_3_21_1.204/PIR_activity_1.263,2024-01-01 01:48:57,248,0.0
5954,/TM023_3_21_1.204/PIR_activity_1.263,2024-01-01 01:47:57,248,0.0
5954,/TM023_3_21_1.204/PIR_activity_1.263,2024-01-01 01:46:57,248,0.0
5954,/TM023_3_21_1.204/PIR_activity_1.263,2024-01-01 01:45:57,248,0.0
5954,/TM023_3_21_1.204/PIR_activity_1.263,2024-01-01 01:44:57,248,0.0
5954,/TM023_3_21_1.204/PIR_activity_1.263,2024-01-01 01:43:57,248,0.0
5954,/TM023_3_21_1.204/PIR_activity_1.263,2024-01-01 01:42:57,248,0.0
5954,/TM023_3_21_1.204/PIR_activity_1.263,2024-01-01 01:41:57,248,0.0
5954,/TM023_3_21_1.204/PIR_activity_1.263,2024-01-01 01:40:57,248,0.0
5954,/TM023_3_21_1.204/PIR_activity_1.263,2024-01-01 01:39:57,248,0.0
5954,/TM023_3_21_1.204/PIR_activity_1.263,2024-01-01 01:38:57,248,0.0
5954,/TM023_3_21_1.204/PIR_activity_1.263,2024-01-01 01:37:57,248,0.0
5954,/TM023_3_21_1.204/PIR_activity_1.263,2024-01-01 01:36:57,248,0.0
5954,/TM023_3_21_1.204/PIR_activity_1.263,2024-01-01 01:35:57,248,0.0
5954,/TM023_3_21_1.204/PIR_activity_1.263,2024-01-01 01:34:57,248,0.0
5954,/TM023_3_21_1.204/PIR_activity_1.263,2024-01-01 01:33:57,248,0.0
5954,/TM023_3_21_1.204/PIR_activity_1.263,2024-01-01 01:32:57,248,0.0
5954,/TM023_3_21_1.204/PIR_activity_1.263,2024-01-01 01:31:57,248,0.0
5954,/TM023_3_21_1.204/PIR_activity_1.263,2024-01-01 01:30:57,248,0.0
5954,/TM023_3_21_1.204/PIR_activity_1.263,2024-01-01 01:29:57,248,0.0
5954,/TM023_3_21_1.204/PIR_activity_1.263,2024-01-01 01:28:57,248,0.0
5954,/TM023_3_21_1.204/PIR_activity_1.263,2024-01-01 01:27:57,248,0.0
5954,/TM023_3_21_1.204/PIR_activity_1.263,2024-01-01 01:26:57,248,0.0
5954,/TM023_3_21_1.204/PIR_activity_1.263,2024-01-01 01:25:57,248,0.0
5954,/TM023_3_21_1.204/PIR_activity_1.263,2024-01-01 01:24:57,248,0.0
5954,/TM023_3_21_1.204/PIR_activity_1.263,2024-01-01 01:23:57,248,0.0
5954,/TM023_3_21_1.204/PIR_activity_1.263,2024-01-01 01:22:57,248,0.0
5954,/TM023_3_21_1.204/PIR_activity_1.263,2024-01-01 01:21:57,248,0.0
5954,/TM023_3_21_1.204/PIR_activity_1.263,2024-01-01 01:20:57,248,0.0
5954,/TM023_3_21_1.204/PIR_activity_1.263,2024-01-01 01:19:57,248,0.0
5954,/TM023_3_21_1.204/PIR_activity_1.263,2024-01-01 01:18:57,248,0.0
5954,/TM023_3_21_1.204/PIR_activity_1.263,2024-01-01 01:17:57,248,0.0
5954,/TM023_3_21_1.204/PIR_activity_1.263,2024-01-01 01:16:57,248,0.0
5954,/TM023_3_21_1.204/PIR_activity_1.263,2024-01-01 01:15:57,248,0.0
5954,/TM023_3_21_1.204/PIR_activity_1.263,2024-01-01 01:14:57,248,0.0
5954,/TM023_3_21_1.204/PIR_activity_1.263,2024-01-01 01:13:57,248,0.0
5954,/TM023_3_21_1.204/PIR_activity_1.263,2024-01-01 01:12:57,248,0.0
5954,/TM023_3_21_1.204/PIR_activity_1.263,2024-01-01 01:11:57,248,0.0
5954,/TM023_3_21_1.204/PIR_activity_1.263,2024-01-01 01:10:57,248,0.0
5954,/TM023_3_21_1.204/PIR_activity_1.263,2024-01-01 01:09:57,248,0.0
5954,/TM023_3_21_1.204/PIR_activity_1.263,2024-01-01 01:08:57,248,0.0
5954,/TM023_3_21_1.204/PIR_activity_1.263,2024-01-01 01:07:57,248,0.0
5954,/TM023_3_21_1.204/PIR_activity_1.263,2024-01-01 01:06:57,248,0.0
5954,/TM023_3_21_1.204/PIR_activity_1.263,2024-01-01 01:05:57,248,0.0
5954,/TM023_3_21_1.204/PIR_activity_1.263,2024-01-01 01:04:57,248,0.0
5954,/TM023_3_21_1.204/PIR_activity_1.263,2024-01-01 01:03:57,248,0.0
5954,/TM023_3_21_1.204/PIR_activity_1.263,2024-01-01 01:02:57,248,0.0
5954,/TM023_3_21_1.204/PIR_activity_1.263,2024-01-01 01:01:57,248,0.0
5954,/TM023_3_21_1.204/PIR_activity_1.263,2024-01-01 01:00:57,248,0.0
5978,/TM023_3_21_1.204/PIR_activity_1.248,2024-01-01 01:59:25,248,0.0
5978,/TM023_3_21_1.204/PIR_activity_1.248,2024-01-01 01:58:25,248,0.0
5978,/TM023_3_21_1.204/PIR_activity_1.248,2024-01-01 01:57:25,248,0.0
5978,/TM023_3_21_1.204/PIR_activity_1.248,2024-01-01 01:56:25,248,0.0
5978,/TM023_3_21_1.204/PIR_activity_1.248,2024-01-01 01:55:25,248,0.0
5978,/TM023_3_21_1.204/PIR_activity_1.248,2024-01-01 01:54:25,248,0.0
5978,/TM023_3_21_1.204/PIR_activity_1.248,2024-01-01 01:53:25,248,0.0
5978,/TM023_3_21_1.204/PIR_activity_1.248,2024-01-01 01:52:25,248,0.0
5978,/TM023_3_21_1.204/PIR_activity_1.248,2024-01-01 01:51:25,248,0.0
5978,/TM023_3_21_1.204/PIR_activity_1.248,2024-01-01 01:50:25,248,0.0
5978,/TM023_3_21_1.204/PIR_activity_1.248,2024-01-01 01:49:25,248,0.0
5978,/TM023_3_21_1.204/PIR_activity_1.248,2024-01-01 01:48:25,248,0.0
5978,/TM023_3_21_1.204/PIR_activity_1.248,2024-01-01 01:47:25,248,0.0
5978,/TM023_3_21_1.204/PIR_activity_1.248,2024-01-01 01:46:25,248,0.0
5978,/TM023_3_21_1.204/PIR_activity_1.248,2024-01-01 01:45:25,248,0.0
5978,/TM023_3_21_1.204/PIR_activity_1.248,2024-01-01 01:44:25,248,0.0
5978,/TM023_3_21_1.204/PIR_activity_1.248,2024-01-01 01:43:25,248,0.0
5978,/TM023_3_21_1.204/PIR_activity_1.248,2024-01-01 01:42:25,248,0.0
5978,/TM023_3_21_1.204/PIR_activity_1.248,2024-01-01 01:41:25,248,0.0
5978,/TM023_3_21_1.204/PIR_activity_1.248,2024-01-01 01:40:25,248,0.0
5978,/TM023_3_21_1.204/PIR_activity_1.248,2024-01-01 01:39:25,248,0.0
5978,/TM023_3_21_1.204/PIR_activity_1.248,2024-01-01 01:38:25,248,0.0
5978,/TM023_3_21_1.204/PIR_activity_1.248,2024-01-01 01:37:25,248,0.0
5978,/TM023_3_21_1.204/PIR_activity_1.248,2024-01-01 01:36:25,248,0.0
5978,/TM023_3_21_1.204/PIR_activity_1.248,2024-01-01 01:35:25,248,0.0
5978,/TM023_3_21_1.204/PIR_activity_1.248,2024-01-01 01:34:25,248,0.0
5978,/TM023_3_21_1.204/PIR_activity_1.248,2024-01-01 01:33:25,248,0.0
5978,/TM023_3_21_1.204/PIR_activity_1.248,2024-01-01 01:32:25,248,0.0
5978,/TM023_3_21_1.204/PIR_activity_1.248,2024-01-01 01:31:25,248,0.0
5978,/TM023_3_21_1.204/PIR_activity_1.248,2024-01-01 01:30:25,248,0.0
5978,/TM023_3_21_1.204/PIR_activity_1.248,2024-01-01 01:29:25,248,0.0
5978,/TM023_3_21_1.204/PIR_activity_1.248,2024-01-01 01:28:25,248,0.0
5978,/TM023_3_21_1.204/PIR_activity_1.248,2024-01-01 01:27:25,248,0.0
5978,/TM023_3_21_1.204/PIR_activity_1.248,2024-01-01 01:26:25,248,0.0
5978,/TM023_3_21_1.204/PIR_activity_1.248,2024-01-01 01:25:25,248,0.0
5978,/TM023_3_21_1.204/PIR_activity_1.248,2024-01-01 01:24:25,248,0.0
5978,/TM023_3_21_1.204/PIR_activity_1.248,2024-01-01 01:23:25,248,0.0
5978,/TM023_3_21_1.204/PIR_activity_1.248,2024-01-01 01:22:25,248,0.0
5978,/TM023_3_21_1.204/PIR_activity_1.248,2024-01-01 01:21:25,248,0.0
5978,/TM023_3_21_1.204/PIR_activity_1.248,2024-01-01 01:20:25,248,0.0
5978,/TM023_3_21_1.204/PIR_activity_1.248,2024-01-01 01:19:25,248,0.0
5978,/TM023_3_21_1.204/PIR_activity_1.248,2024-01-01 01:18:25,248,0.0
5978,/TM023_3_21_1.204/PIR_activity_1.248,2024-01-01 01:17:25,248,0.0
5978,/TM023_3_21_1.204/PIR_activity_1.248,2024-01-01 01:16:25,248,0.0
5978,/TM023_3_21_1.204/PIR_activity_1.248,2024-01-01 01:15:25,248,0.0
5978,/TM023_3_21_1.204/PIR_activity_1.248,2024-01-01 01:14:25,248,0.0
5978,/TM023_3_21_1.204/PIR_activity_1.248,2024-01-01 01:13:25,248,0.0
5978,/TM023_3_21_1.204/PIR_activity_1.248,2024-01-01 01:12:25,248,0.0
5978,/TM023_3_21_1.204/PIR_activity_1.248,2024-01-01 01:11:25,248,0.0
5978,/TM023_3_21_1.204/PIR_activity_1.248,2024-01-01 01:10:25,248,0.0
5978,/TM023_3_21_1.204/PIR_activity_1.248,2024-01-01 01:09:25,248,0.0
5978,/TM023_3_21_1.204/PIR_activity_1.248,2024-01-01 01:08:25,248,0.0
5978,/TM023_3_21_1.204/PIR_activity_1.248,2024-01-01 01:07:25,248,0.0
5978,/TM023_3_21_1.204/PIR_activity_1.248,2024-01-01 01:06:25,248,0.0
5978,/TM023_3_21_1.204/PIR_activity_1.248,2024-01-01 01:05:25,248,0.0
5978,/TM023_3_21_1.204/PIR_activity_1.248,2024-01-01 01:04:25,248,0.0
5978,/TM023_3_21_1.204/PIR_activity_1.248,2024-01-01 01:03:25,248,0.0
5978,/TM023_3_21_1.204/PIR_activity_1.248,2024-01-01 01:02:25,248,0.0
5978,/TM023_3_21_1.204/PIR_activity_1.248,2024-01-01 01:01:25,248,0.0
5978,/TM023_3_21_1.204/PIR_activity_1.248,2024-01-01 01:00:25,248,0.0
52722,/TM023_3_21_1.204/Lon/Net/Rum 1.253/PIR_1.253,2024-01-01 01:59:06,248,0.0
52722,/TM023_3_21_1.204/Lon/Net/Rum 1.253/PIR_1.253,2024-01-01 01:58:06,248,0.0
52722,/TM023_3_21_1.204/Lon/Net/Rum 1.253/PIR_1.253,2024-01-01 01:57:06,248,0.0
52722,/TM023_3_21_1.204/Lon/Net/Rum 1.253/PIR_1.253,2024-01-01 01:56:06,248,0.0
52722,/TM023_3_21_1.204/Lon/Net/Rum 1.253/PIR_1.253,2024-01-01 01:55:06,248,0.0
52722,/TM023_3_21_1.204/Lon/Net/Rum 1.253/PIR_1.253,2024-01-01 01:54:06,248,0.0
52722,/TM023_3_21_1.204/Lon/Net/Rum 1.253/PIR_1.253,2024-01-01 01:53:06,248,0.0
52722,/TM023_3_21_1.204/Lon/Net/Rum 1.253/PIR_1.253,2024-01-01 01:52:06,248,0.0
52722,/TM023_3_21_1.204/Lon/Net/Rum 1.253/PIR_1.253,2024-01-01 01:51:06,248,0.0
52722,/TM023_3_21_1.204/Lon/Net/Rum 1.253/PIR_1.253,2024-01-01 01:50:06,248,0.0
52722,/TM023_3_21_1.204/Lon/Net/Rum 1.253/PIR_1.253,2024-01-01 01:49:06,248,0.0
52722,/TM023_3_21_1.204/Lon/Net/Rum 1.253/PIR_1.253,2024-01-01 01:48:06,248,0.0
52722,/TM023_3_21_1.204/Lon/Net/Rum 1.253/PIR_1.253,2024-01-01 01:47:06,248,0.0
52722,/TM023_3_21_1.204/Lon/Net/Rum 1.253/PIR_1.253,2024-01-01 01:46:06,248,0.0
52722,/TM023_3_21_1.204/Lon/Net/Rum 1.253/PIR_1.253,2024-01-01 01:45:06,248,0.0
52722,/TM023_3_21_1.204/Lon/Net/Rum 1.253/PIR_1.253,2024-01-01 01:44:06,248,0.0
52722,/TM023_3_21_1.204/Lon/Net/Rum 1.253/PIR_1.253,2024-01-01 01:43:06,248,0.0
52722,/TM023_3_21_1.204/Lon/Net/Rum 1.253/PIR_1.253,2024-01-01 01:42:06,248,0.0
52722,/TM023_3_21_1.204/Lon/Net/Rum 1.253/PIR_1.253,2024-01-01 01:41:06,248,0.0
52722,/TM023_3_21_1.204/Lon/Net/Rum 1.253/PIR_1.253,2024-01-01 01:40:06,248,0.0
52722,/TM023_3_21_1.204/Lon/Net/Rum 1.253/PIR_1.253,2024-01-01 01:39:06,248,0.0
52722,/TM023_3_21_1.204/Lon/Net/Rum 1.253/PIR_1.253,2024-01-01 01:38:06,248,0.0
52722,/TM023_3_21_1.204/Lon/Net/Rum 1.253/PIR_1.253,2024-01-01 01:37:06,248,0.0
52722,/TM023_3_21_1.204/Lon/Net/Rum 1.253/PIR_1.253,2024-01-01 01:36:06,248,0.0
52722,/TM023_3_21_1.204/Lon/Net/Rum 1.253/PIR_1.253,2024-01-01 01:35:06,248,0.0
52722,/TM023_3_21_1.204/Lon/Net/Rum 1.253/PIR_1.253,2024-01-01 01:34:06,248,0.0
52722,/TM023_3_21_1.204/Lon/Net/Rum 1.253/PIR_1.253,2024-01-01 01:33:06,248,0.0
52722,/TM023_3_21_1.204/Lon/Net/Rum 1.253/PIR_1.253,2024-01-01 01:32:06,248,0.0
52722,/TM023_3_21_1.204/Lon/Net/Rum 1.253/PIR_1.253,2024-01-01 01:31:06,248,0.0
52722,/TM023_3_21_1.204/Lon/Net/Rum 1.253/PIR_1.253,2024-01-01 01:30:06,248,0.0
52722,/TM023_3_21_1.204/Lon/Net/Rum 1.253/PIR_1.253,2024-01-01 01:29:06,248,0.0
52722,/TM023_3_21_1.204/Lon/Net/Rum 1.253/PIR_1.253,2024-01-01 01:28:06,248,0.0
52722,/TM023_3_21_1.204/Lon/Net/Rum 1.253/PIR_1.253,2024-01-01 01:27:06,248,0.0
52722,/TM023_3_21_1.204/Lon/Net/Rum 1.253/PIR_1.253,2024-01-01 01:26:06,248,0.0
52722,/TM023_3_21_1.204/Lon/Net/Rum 1.253/PIR_1.253,2024-01-01 01:25:06,248,0.0
52722,/TM023_3_21_1.204/Lon/Net/Rum 1.253/PIR_1.253,2024-01-01 01:24:06,248,0.0
52722,/TM023_3_21_1.204/Lon/Net/Rum 1.253/PIR_1.253,2024-01-01 01:23:06,248,0.0
52722,/TM023_3_21_1.204/Lon/Net/Rum 1.253/PIR_1.253,2024-01-01 01:22:06,248,0.0
52722,/TM023_3_21_1.204/Lon/Net/Rum 1.253/PIR_1.253,2024-01-01 01:21:06,248,0.0
52722,/TM023_3_21_1.204/Lon/Net/Rum 1.253/PIR_1.253,2024-01-01 01:20:06,248,0.0
52722,/TM023_3_21_1.204/Lon/Net/Rum 1.253/PIR_1.253,2024-01-01 01:19:06,248,0.0
52722,/TM023_3_21_1.204/Lon/Net/Rum 1.253/PIR_1.253,2024-01-01 01:18:06,248,0.0
52722,/TM023_3_21_1.204/Lon/Net/Rum 1.253/PIR_1.253,2024-01-01 01:17:06,248,0.0
52722,/TM023_3_21_1.204/Lon/Net/Rum 1.253/PIR_1.253,2024-01-01 01:16:06,248,0.0
52722,/TM023_3_21_1.204/Lon/Net/Rum 1.253/PIR_1.253,2024-01-01 01:15:06,248,0.0
52722,/TM023_3_21_1.204/Lon/Net/Rum 1.253/PIR_1.253,2024-01-01 01:14:06,248,0.0
52722,/TM023_3_21_1.204/Lon/Net/Rum 1.253/PIR_1.253,2024-01-01 01:13:06,248,0.0
52722,/TM023_3_21_1.204/Lon/Net/Rum 1.253/PIR_1.253,2024-01-01 01:12:06,248,0.0
52722,/TM023_3_21_1.204/Lon/Net/Rum 1.253/PIR_1.253,2024-01-01 01:11:06,248,0.0
52722,/TM023_3_21_1.204/Lon/Net/Rum 1.253/PIR_1.253,2024-01-01 01:10:06,248,0.0
52722,/TM023_3_21_1.204/Lon/Net/Rum 1.253/PIR_1.253,2024-01-01 01:09:06,248,0.0
52722,/TM023_3_21_1.204/Lon/Net/Rum 1.253/PIR_1.253,2024-01-01 01:08:06,248,0.0
52722,/TM023_3_21_1.204/Lon/Net/Rum 1.253/PIR_1.253,2024-01-01 01:07:06,248,0.0
52722,/TM023_3_21_1.204/Lon/Net/Rum 1.253/PIR_1.253,2024-01-01 01:06:06,248,0.0
52722,/TM023_3_21_1.204/Lon/Net/Rum 1.253/PIR_1.253,2024-01-01 01:05:06,248,0.0
52722,/TM023_3_21_1.204/Lon/Net/Rum 1.253/PIR_1.253,2024-01-01 01:04:06,248,0.0
52722,/TM023_3_21_1.204/Lon/Net/Rum 1.253/PIR_1.253,2024-01-01 01:03:06,248,0.0
52722,/TM023_3_21_1.204/Lon/Net/Rum 1.253/PIR_1.253,2024-01-01 01:02:06,248,0.0
52722,/TM023_3_21_1.204/Lon/Net/Rum 1.253/PIR_1.253,2024-01-01 01:01:06,248,0.0
52722,/TM023_3_21_1.204/Lon/Net/Rum 1.253/PIR_1.253,2024-01-01 01:00:06,248,0.0
52791,/TM023_3_21_1.204/Lon/Net/Rum 1.263/PIR_1.263,2024-01-01 01:59:05,248,0.0
52791,/TM023_3_21_1.204/Lon/Net/Rum 1.263/PIR_1.263,2024-01-01 01:58:05,248,0.0
52791,/TM023_3_21_1.204/Lon/Net/Rum 1.263/PIR_1.263,2024-01-01 01:57:05,248,0.0
52791,/TM023_3_21_1.204/Lon/Net/Rum 1.263/PIR_1.263,2024-01-01 01:56:05,248,0.0
52791,/TM023_3_21_1.204/Lon/Net/Rum 1.263/PIR_1.263,2024-01-01 01:55:05,248,0.0
52791,/TM023_3_21_1.204/Lon/Net/Rum 1.263/PIR_1.263,2024-01-01 01:54:05,248,0.0
52791,/TM023_3_21_1.204/Lon/Net/Rum 1.263/PIR_1.263,2024-01-01 01:53:05,248,0.0
52791,/TM023_3_21_1.204/Lon/Net/Rum 1.263/PIR_1.263,2024-01-01 01:52:05,248,0.0
52791,/TM023_3_21_1.204/Lon/Net/Rum 1.263/PIR_1.263,2024-01-01 01:51:05,248,0.0
52791,/TM023_3_21_1.204/Lon/Net/Rum 1.263/PIR_1.263,2024-01-01 01:50:05,248,0.0
52791,/TM023_3_21_1.204/Lon/Net/Rum 1.263/PIR_1.263,2024-01-01 01:49:05,248,0.0
52791,/TM023_3_21_1.204/Lon/Net/Rum 1.263/PIR_1.263,2024-01-01 01:48:05,248,0.0
52791,/TM023_3_21_1.204/Lon/Net/Rum 1.263/PIR_1.263,2024-01-01 01:47:05,248,0.0
52791,/TM023_3_21_1.204/Lon/Net/Rum 1.263/PIR_1.263,2024-01-01 01:46:05,248,0.0
52791,/TM023_3_21_1.204/Lon/Net/Rum 1.263/PIR_1.263,2024-01-01 01:45:05,248,0.0
52791,/TM023_3_21_1.204/Lon/Net/Rum 1.263/PIR_1.263,2024-01-01 01:44:05,248,0.0
52791,/TM023_3_21_1.204/Lon/Net/Rum 1.263/PIR_1.263,2024-01-01 01:43:05,248,0.0
52791,/TM023_3_21_1.204/Lon/Net/Rum 1.263/PIR_1.263,2024-01-01 01:42:05,248,0.0
52791,/TM023_3_21_1.204/Lon/Net/Rum 1.263/PIR_1.263,2024-01-01 01:41:05,248,0.0
52791,/TM023_3_21_1.204/Lon/Net/Rum 1.263/PIR_1.263,2024-01-01 01:40:05,248,0.0
52791,/TM023_3_21_1.204/Lon/Net/Rum 1.263/PIR_1.263,2024-01-01 01:39:05,248,0.0
52791,/TM023_3_21_1.204/Lon/Net/Rum 1.263/PIR_1.263,2024-01-01 01:38:05,248,0.0
52791,/TM023_3_21_1.204/Lon/Net/Rum 1.263/PIR_1.263,2024-01-01 01:37:05,248,0.0
52791,/TM023_3_21_1.204/Lon/Net/Rum 1.263/PIR_1.263,2024-01-01 01:36:05,248,0.0
52791,/TM023_3_21_1.204/Lon/Net/Rum 1.263/PIR_1.263,2024-01-01 01:35:05,248,0.0
52791,/TM023_3_21_1.204/Lon/Net/Rum 1.263/PIR_1.263,2024-01-01 01:34:05,248,0.0
52791,/TM023_3_21_1.204/Lon/Net/Rum 1.263/PIR_1.263,2024-01-01 01:33:05,248,0.0
52791,/TM023_3_21_1.204/Lon/Net/Rum 1.263/PIR_1.263,2024-01-01 01:32:05,248,0.0
52791,/TM023_3_21_1.204/Lon/Net/Rum 1.263/PIR_1.263,2024-01-01 01:31:05,248,0.0
52791,/TM023_3_21_1.204/Lon/Net/Rum 1.263/PIR_1.263,2024-01-01 01:30:05,248,0.0
52791,/TM023_3_21_1.204/Lon/Net/Rum 1.263/PIR_1.263,2024-01-01 01:29:05,248,0.0
52791,/TM023_3_21_1.204/Lon/Net/Rum 1.263/PIR_1.263,2024-01-01 01:28:05,248,0.0
52791,/TM023_3_21_1.204/Lon/Net/Rum 1.263/PIR_1.263,2024-01-01 01:27:05,248,0.0
52791,/TM023_3_21_1.204/Lon/Net/Rum 1.263/PIR_1.263,2024-01-01 01:26:05,248,0.0
52791,/TM023_3_21_1.204/Lon/Net/Rum 1.263/PIR_1.263,2024-01-01 01:25:05,248,0.0
52791,/TM023_3_21_1.204/Lon/Net/Rum 1.263/PIR_1.263,2024-01-01 01:24:05,248,0.0
52791,/TM023_3_21_1.204/Lon/Net/Rum 1.263/PIR_1.263,2024-01-01 01:23:05,248,0.0
52791,/TM023_3_21_1.204/Lon/Net/Rum 1.263/PIR_1.263,2024-01-01 01:22:05,248,0.0
52791,/TM023_3_21_1.204/Lon/Net/Rum 1.263/PIR_1.263,2024-01-01 01:21:05,248,0.0
52791,/TM023_3_21_1.204/Lon/Net/Rum 1.263/PIR_1.263,2024-01-01 01:20:05,248,0.0
52791,/TM023_3_21_1.204/Lon/Net/Rum 1.263/PIR_1.263,2024-01-01 01:19:05,248,0.0
52791,/TM023_3_21_1.204/Lon/Net/Rum 1.263/PIR_1.263,2024-01-01 01:18:05,248,0.0
52791,/TM023_3_21_1.204/Lon/Net/Rum 1.263/PIR_1.263,2024-01-01 01:17:05,248,0.0
52791,/TM023_3_21_1.204/Lon/Net/Rum 1.263/PIR_1.263,2024-01-01 01:16:05,248,0.0
52791,/TM023_3_21_1.204/Lon/Net/Rum 1.263/PIR_1.263,2024-01-01 01:15:05,248,0.0
52791,/TM023_3_21_1.204/Lon/Net/Rum 1.263/PIR_1.263,2024-01-01 01:14:05,248,0.0
52791,/TM023_3_21_1.204/Lon/Net/Rum 1.263/PIR_1.263,2024-01-01 01:13:05,248,0.0
52791,/TM023_3_21_1.204/Lon/Net/Rum 1.263/PIR_1.263,2024-01-01 01:12:05,248,0.0
52791,/TM023_3_21_1.204/Lon/Net/Rum 1.263/PIR_1.263,2024-01-01 01:11:05,248,0.0
52791,/TM023_3_21_1.204/Lon/Net/Rum 1.263/PIR_1.263,2024-01-01 01:10:05,248,0.0
52791,/TM023_3_21_1.204/Lon/Net/Rum 1.263/PIR_1.263,2024-01-01 01:09:05,248,0.0
52791,/TM023_3_21_1.204/Lon/Net/Rum 1.263/PIR_1.263,2024-01-01 01:08:05,248,0.0
52791,/TM023_3_21_1.204/Lon/Net/Rum 1.263/PIR_1.263,2024-01-01 01:07:05,248,0.0
52791,/TM023_3_21_1.204/Lon/Net/Rum 1.263/PIR_1.263,2024-01-01 01:06:05,248,0.0
52791,/TM023_3_21_1.204/Lon/Net/Rum 1.263/PIR_1.263,2024-01-01 01:05:05,248,0.0
52791,/TM023_3_21_1.204/Lon/Net/Rum 1.263/PIR_1.263,2024-01-01 01:04:05,248,0.0
52791,/TM023_3_21_1.204/Lon/Net/Rum 1.263/PIR_1.263,2024-01-01 01:03:05,248,0.0
52791,/TM023_3_21_1.204/Lon/Net/Rum 1.263/PIR_1.263,2024-01-01 01:02:05,248,0.0
52791,/TM023_3_21_1.204/Lon/Net/Rum 1.263/PIR_1.263,2024-01-01 01:01:05,248,0.0
52791,/TM023_3_21_1.204/Lon/Net/Rum 1.263/PIR_1.263,2024-01-01 01:00:05,248,0.0
55866,/TM023_4_22_1.-103C/Lon/Net/Rum 1.401/PIR_1.401,2024-01-01 01:59:06,248,0.0
55866,/TM023_4_22_1.-103C/Lon/Net/Rum 1.401/PIR_1.401,2024-01-01 01:58:06,248,0.0
55866,/TM023_4_22_1.-103C/Lon/Net/Rum 1.401/PIR_1.401,2024-01-01 01:57:06,248,0.0
55866,/TM023_4_22_1.-103C/Lon/Net/Rum 1.401/PIR_1.401,2024-01-01 01:56:06,248,0.0
55866,/TM023_4_22_1.-103C/Lon/Net/Rum 1.401/PIR_1.401,2024-01-01 01:55:06,248,0.0
55866,/TM023_4_22_1.-103C/Lon/Net/Rum 1.401/PIR_1.401,2024-01-01 01:54:06,248,0.0
55866,/TM023_4_22_1.-103C/Lon/Net/Rum 1.401/PIR_1.401,2024-01-01 01:53:06,248,0.0
55866,/TM023_4_22_1.-103C/Lon/Net/Rum 1.401/PIR_1.401,2024-01-01 01:52:06,248,0.0
55866,/TM023_4_22_1.-103C/Lon/Net/Rum 1.401/PIR_1.401,2024-01-01 01:51:06,248,0.0
55866,/TM023_4_22_1.-103C/Lon/Net/Rum 1.401/PIR_1.401,2024-01-01 01:50:06,248,0.0
55866,/TM023_4_22_1.-103C/Lon/Net/Rum 1.401/PIR_1.401,2024-01-01 01:49:06,248,0.0
55866,/TM023_4_22_1.-103C/Lon/Net/Rum 1.401/PIR_1.401,2024-01-01 01:48:06,248,0.0
55866,/TM023_4_22_1.-103C/Lon/Net/Rum 1.401/PIR_1.401,2024-01-01 01:47:06,248,0.0
55866,/TM023_4_22_1.-103C/Lon/Net/Rum 1.401/PIR_1.401,2024-01-01 01:46:06,248,0.0
55866,/TM023_4_22_1.-103C/Lon/Net/Rum 1.401/PIR_1.401,2024-01-01 01:45:06,248,0.0
55866,/TM023_4_22_1.-103C/Lon/Net/Rum 1.401/PIR_1.401,2024-01-01 01:44:06,248,0.0
55866,/TM023_4_22_1.-103C/Lon/Net/Rum 1.401/PIR_1.401,2024-01-01 01:43:06,248,0.0
55866,/TM023_4_22_1.-103C/Lon/Net/Rum 1.401/PIR_1.401,2024-01-01 01:42:06,248,0.0
55866,/TM023_4_22_1.-103C/Lon/Net/Rum 1.401/PIR_1.401,2024-01-01 01:41:06,248,0.0
55866,/TM023_4_22_1.-103C/Lon/Net/Rum 1.401/PIR_1.401,2024-01-01 01:40:06,248,0.0
55866,/TM023_4_22_1.-103C/Lon/Net/Rum 1.401/PIR_1.401,2024-01-01 01:39:06,248,0.0
55866,/TM023_4_22_1.-103C/Lon/Net/Rum 1.401/PIR_1.401,2024-01-01 01:38:06,248,0.0
55866,/TM023_4_22_1.-103C/Lon/Net/Rum 1.401/PIR_1.401,2024-01-01 01:37:06,248,0.0
55866,/TM023_4_22_1.-103C/Lon/Net/Rum 1.401/PIR_1.401,2024-01-01 01:36:06,248,0.0
55866,/TM023_4_22_1.-103C/Lon/Net/Rum 1.401/PIR_1.401,2024-01-01 01:35:06,248,0.0
55866,/TM023_4_22_1.-103C/Lon/Net/Rum 1.401/PIR_1.401,2024-01-01 01:34:06,248,0.0
55866,/TM023_4_22_1.-103C/Lon/Net/Rum 1.401/PIR_1.401,2024-01-01 01:33:06,248,0.0
55866,/TM023_4_22_1.-103C/Lon/Net/Rum 1.401/PIR_1.401,2024-01-01 01:32:06,248,0.0
55866,/TM023_4_22_1.-103C/Lon/Net/Rum 1.401/PIR_1.401,2024-01-01 01:31:06,248,0.0
55866,/TM023_4_22_1.-103C/Lon/Net/Rum 1.401/PIR_1.401,2024-01-01 01:30:06,248,0.0
55866,/TM023_4_22_1.-103C/Lon/Net/Rum 1.401/PIR_1.401,2024-01-01 01:29:06,248,0.0
55866,/TM023_4_22_1.-103C/Lon/Net/Rum 1.401/PIR_1.401,2024-01-01 01:28:06,248,0.0
55866,/TM023_4_22_1.-103C/Lon/Net/Rum 1.401/PIR_1.401,2024-01-01 01:27:06,248,0.0
55866,/TM023_4_22_1.-103C/Lon/Net/Rum 1.401/PIR_1.401,2024-01-01 01:26:06,248,0.0
55866,/TM023_4_22_1.-103C/Lon/Net/Rum 1.401/PIR_1.401,2024-01-01 01:25:06,248,0.0
55866,/TM023_4_22_1.-103C/Lon/Net/Rum 1.401/PIR_1.401,2024-01-01 01:24:06,248,0.0
55866,/TM023_4_22_1.-103C/Lon/Net/Rum 1.401/PIR_1.401,2024-01-01 01:23:06,248,0.0
55866,/TM023_4_22_1.-103C/Lon/Net/Rum 1.401/PIR_1.401,2024-01-01 01:22:06,248,0.0
55866,/TM023_4_22_1.-103C/Lon/Net/Rum 1.401/PIR_1.401,2024-01-01 01:21:06,248,0.0
55866,/TM023_4_22_1.-103C/Lon/Net/Rum 1.401/PIR_1.401,2024-01-01 01:20:06,248,0.0
55866,/TM023_4_22_1.-103C/Lon/Net/Rum 1.401/PIR_1.401,2024-01-01 01:19:06,248,0.0
55866,/TM023_4_22_1.-103C/Lon/Net/Rum 1.401/PIR_1.401,2024-01-01 01:18:06,248,0.0
55866,/TM023_4_22_1.-103C/Lon/Net/Rum 1.401/PIR_1.401,2024-01-01 01:17:06,248,0.0
55866,/TM023_4_22_1.-103C/Lon/Net/Rum 1.401/PIR_1.401,2024-01-01 01:16:06,248,0.0
55866,/TM023_4_22_1.-103C/Lon/Net/Rum 1.401/PIR_1.401,2024-01-01 01:15:06,248,0.0
55866,/TM023_4_22_1.-103C/Lon/Net/Rum 1.401/PIR_1.401,2024-01-01 01:14:06,248,0.0
55866,/TM023_4_22_1.-103C/Lon/Net/Rum 1.401/PIR_1.401,2024-01-01 01:13:06,248,0.0
55866,/TM023_4_22_1.-103C/Lon/Net/Rum 1.401/PIR_1.401,2024-01-01 01:12:06,248,0.0
55866,/TM023_4_22_1.-103C/Lon/Net/Rum 1.401/PIR_1.401,2024-01-01 01:11:06,248,0.0
55866,/TM023_4_22_1.-103C/Lon/Net/Rum 1.401/PIR_1.401,2024-01-01 01:10:06,248,0.0
55866,/TM023_4_22_1.-103C/Lon/Net/Rum 1.401/PIR_1.401,2024-01-01 01:09:06,248,0.0
55866,/TM023_4_22_1.-103C/Lon/Net/Rum 1.401/PIR_1.401,2024-01-01 01:08:06,248,0.0
55866,/TM023_4_22_1.-103C/Lon/Net/Rum 1.401/PIR_1.401,2024-01-01 01:07:06,248,0.0
55866,/TM023_4_22_1.-103C/Lon/Net/Rum 1.401/PIR_1.401,2024-01-01 01:06:06,248,0.0
55866,/TM023_4_22_1.-103C/Lon/Net/Rum 1.401/PIR_1.401,2024-01-01 01:05:06,248,0.0
55866,/TM023_4_22_1.-103C/Lon/Net/Rum 1.401/PIR_1.401,2024-01-01 01:04:06,248,0.0
55866,/TM023_4_22_1.-103C/Lon/Net/Rum 1.401/PIR_1.401,2024-01-01 01:03:06,248,0.0
55866,/TM023_4_22_1.-103C/Lon/Net/Rum 1.401/PIR_1.401,2024-01-01 01:02:06,248,0.0
55866,/TM023_4_22_1.-103C/Lon/Net/Rum 1.401/PIR_1.401,2024-01-01 01:01:06,248,0.0
55866,/TM023_4_22_1.-103C/Lon/Net/Rum 1.401/PIR_1.401,2024-01-01 01:00:06,248,0.0
232964,/TM023_4_21_1.-103C/Lon/Net/Rum 1.338/PIR_activity_1.338,2024-01-01 01:59:47,248,0.0
232964,/TM023_4_21_1.-103C/Lon/Net/Rum 1.338/PIR_activity_1.338,2024-01-01 01:58:47,248,0.0
232964,/TM023_4_21_1.-103C/Lon/Net/Rum 1.338/PIR_activity_1.338,2024-01-01 01:57:47,248,0.0
232964,/TM023_4_21_1.-103C/Lon/Net/Rum 1.338/PIR_activity_1.338,2024-01-01 01:56:47,248,0.0
232964,/TM023_4_21_1.-103C/Lon/Net/Rum 1.338/PIR_activity_1.338,2024-01-01 01:55:47,248,0.0
232964,/TM023_4_21_1.-103C/Lon/Net/Rum 1.338/PIR_activity_1.338,2024-01-01 01:54:47,248,0.0
232964,/TM023_4_21_1.-103C/Lon/Net/Rum 1.338/PIR_activity_1.338,2024-01-01 01:53:47,248,0.0
232964,/TM023_4_21_1.-103C/Lon/Net/Rum 1.338/PIR_activity_1.338,2024-01-01 01:52:47,248,0.0
232964,/TM023_4_21_1.-103C/Lon/Net/Rum 1.338/PIR_activity_1.338,2024-01-01 01:51:47,248,0.0
232964,/TM023_4_21_1.-103C/Lon/Net/Rum 1.338/PIR_activity_1.338,2024-01-01 01:50:47,248,0.0
232964,/TM023_4_21_1.-103C/Lon/Net/Rum 1.338/PIR_activity_1.338,2024-01-01 01:49:47,248,0.0
232964,/TM023_4_21_1.-103C/Lon/Net/Rum 1.338/PIR_activity_1.338,2024-01-01 01:48:47,248,0.0
232964,/TM023_4_21_1.-103C/Lon/Net/Rum 1.338/PIR_activity_1.338,2024-01-01 01:47:47,248,0.0
232964,/TM023_4_21_1.-103C/Lon/Net/Rum 1.338/PIR_activity_1.338,2024-01-01 01:46:47,248,0.0
232964,/TM023_4_21_1.-103C/Lon/Net/Rum 1.338/PIR_activity_1.338,2024-01-01 01:45:47,248,0.0
232964,/TM023_4_21_1.-103C/Lon/Net/Rum 1.338/PIR_activity_1.338,2024-01-01 01:44:47,248,0.0
232964,/TM023_4_21_1.-103C/Lon/Net/Rum 1.338/PIR_activity_1.338,2024-01-01 01:43:47,248,0.0
232964,/TM023_4_21_1.-103C/Lon/Net/Rum 1.338/PIR_activity_1.338,2024-01-01 01:42:47,248,0.0
232964,/TM023_4_21_1.-103C/Lon/Net/Rum 1.338/PIR_activity_1.338,2024-01-01 01:41:47,248,0.0
232964,/TM023_4_21_1.-103C/Lon/Net/Rum 1.338/PIR_activity_1.338,2024-01-01 01:40:47,248,0.0
232964,/TM023_4_21_1.-103C/Lon/Net/Rum 1.338/PIR_activity_1.338,2024-01-01 01:39:47,248,0.0
232964,/TM023_4_21_1.-103C/Lon/Net/Rum 1.338/PIR_activity_1.338,2024-01-01 01:38:47,248,0.0
232964,/TM023_4_21_1.-103C/Lon/Net/Rum 1.338/PIR_activity_1.338,2024-01-01 01:37:47,248,0.0
232964,/TM023_4_21_1.-103C/Lon/Net/Rum 1.338/PIR_activity_1.338,2024-01-01 01:36:47,248,0.0
232964,/TM023_4_21_1.-103C/Lon/Net/Rum 1.338/PIR_activity_1.338,2024-01-01 01:35:47,248,0.0
232964,/TM023_4_21_1.-103C/Lon/Net/Rum 1.338/PIR_activity_1.338,2024-01-01 01:34:47,248,0.0
232964,/TM023_4_21_1.-103C/Lon/Net/Rum 1.338/PIR_activity_1.338,2024-01-01 01:33:47,248,0.0
232964,/TM023_4_21_1.-103C/Lon/Net/Rum 1.338/PIR_activity_1.338,2024-01-01 01:32:47,248,0.0
232964,/TM023_4_21_1.-103C/Lon/Net/Rum 1.338/PIR_activity_1.338,2024-01-01 01:31:47,248,0.0
232964,/TM023_4_21_1.-103C/Lon/Net/Rum 1.338/PIR_activity_1.338,2024-01-01 01:30:47,248,0.0
232964,/TM023_4_21_1.-103C/Lon/Net/Rum 1.338/PIR_activity_1.338,2024-01-01 01:29:47,248,0.0
232964,/TM023_4_21_1.-103C/Lon/Net/Rum 1.338/PIR_activity_1.338,2024-01-01 01:28:47,248,0.0
232964,/TM023_4_21_1.-103C/Lon/Net/Rum 1.338/PIR_activity_1.338,2024-01-01 01:27:47,248,0.0
232964,/TM023_4_21_1.-103C/Lon/Net/Rum 1.338/PIR_activity_1.338,2024-01-01 01:26:47,248,0.0
232964,/TM023_4_21_1.-103C/Lon/Net/Rum 1.338/PIR_activity_1.338,2024-01-01 01:25:47,248,0.0
232964,/TM023_4_21_1.-103C/Lon/Net/Rum 1.338/PIR_activity_1.338,2024-01-01 01:24:47,248,0.0
232964,/TM023_4_21_1.-103C/Lon/Net/Rum 1.338/PIR_activity_1.338,2024-01-01 01:23:47,248,0.0
232964,/TM023_4_21_1.-103C/Lon/Net/Rum 1.338/PIR_activity_1.338,2024-01-01 01:22:47,248,0.0
232964,/TM023_4_21_1.-103C/Lon/Net/Rum 1.338/PIR_activity_1.338,2024-01-01 01:21:47,248,0.0
232964,/TM023_4_21_1.-103C/Lon/Net/Rum 1.338/PIR_activity_1.338,2024-01-01 01:20:47,248,0.0
232964,/TM023_4_21_1.-103C/Lon/Net/Rum 1.338/PIR_activity_1.338,2024-01-01 01:19:47,248,0.0
232964,/TM023_4_21_1.-103C/Lon/Net/Rum 1.338/PIR_activity_1.338,2024-01-01 01:18:47,248,0.0
232964,/TM023_4_21_1.-103C/Lon/Net/Rum 1.338/PIR_activity_1.338,2024-01-01 01:17:47,248,0.0
232964,/TM023_4_21_1.-103C/Lon/Net/Rum 1.338/PIR_activity_1.338,2024-01-01 01:16:47,248,0.0
232964,/TM023_4_21_1.-103C/Lon/Net/Rum 1.338/PIR_activity_1.338,2024-01-01 01:15:47,248,0.0
232964,/TM023_4_21_1.-103C/Lon/Net/Rum 1.338/PIR_activity_1.338,2024-01-01 01:14:47,248,0.0
232964,/TM023_4_21_1.-103C/Lon/Net/Rum 1.338/PIR_activity_1.338,2024-01-01 01:13:47,248,0.0
232964,/TM023_4_21_1.-103C/Lon/Net/Rum 1.338/PIR_activity_1.338,2024-01-01 01:12:47,248,0.0
232964,/TM023_4_21_1.-103C/Lon/Net/Rum 1.338/PIR_activity_1.338,2024-01-01 01:11:47,248,0.0
232964,/TM023_4_21_1.-103C/Lon/Net/Rum 1.338/PIR_activity_1.338,2024-01-01 01:10:47,248,0.0
232964,/TM023_4_21_1.-103C/Lon/Net/Rum 1.338/PIR_activity_1.338,2024-01-01 01:09:47,248,0.0
232964,/TM023_4_21_1.-103C/Lon/Net/Rum 1.338/PIR_activity_1.338,2024-01-01 01:08:47,248,0.0
232964,/TM023_4_21_1.-103C/Lon/Net/Rum 1.338/PIR_activity_1.338,2024-01-01 01:07:47,248,0.0
232964,/TM023_4_21_1.-103C/Lon/Net/Rum 1.338/PIR_activity_1.338,2024-01-01 01:06:47,248,0.0
232964,/TM023_4_21_1.-103C/Lon/Net/Rum 1.338/PIR_activity_1.338,2024-01-01 01:05:47,248,0.0
232964,/TM023_4_21_1.-103C/Lon/Net/Rum 1.338/PIR_activity_1.338,2024-01-01 01:04:47,248,0.0
232964,/TM023_4_21_1.-103C/Lon/Net/Rum 1.338/PIR_activity_1.338,2024-01-01 01:03:47,248,0.0
232964,/TM023_4_21_1.-103C/Lon/Net/Rum 1.338/PIR_activity_1.338,2024-01-01 01:02:47,248,0.0
232964,/TM023_4_21_1.-103C/Lon/Net/Rum 1.338/PIR_activity_1.338,2024-01-01 01:01:47,248,0.0
232964,/TM023_4_21_1.-103C/Lon/Net/Rum 1.338/PIR_activity_1.338,2024-01-01 01:00:47,248,0.0
232965,/TM023_4_21_1.-103C/Lon/Net/Rum 1.336/PIR_activity_1.336,2024-01-01 01:59:45,248,0.0
232965,/TM023_4_21_1.-103C/Lon/Net/Rum 1.336/PIR_activity_1.336,2024-01-01 01:58:45,248,0.0
232965,/TM023_4_21_1.-103C/Lon/Net/Rum 1.336/PIR_activity_1.336,2024-01-01 01:57:45,248,0.0
232965,/TM023_4_21_1.-103C/Lon/Net/Rum 1.336/PIR_activity_1.336,2024-01-01 01:56:45,248,0.0
232965,/TM023_4_21_1.-103C/Lon/Net/Rum 1.336/PIR_activity_1.336,2024-01-01 01:55:45,248,0.0
232965,/TM023_4_21_1.-103C/Lon/Net/Rum 1.336/PIR_activity_1.336,2024-01-01 01:54:45,248,0.0
232965,/TM023_4_21_1.-103C/Lon/Net/Rum 1.336/PIR_activity_1.336,2024-01-01 01:53:45,248,0.0
232965,/TM023_4_21_1.-103C/Lon/Net/Rum 1.336/PIR_activity_1.336,2024-01-01 01:52:45,248,0.0
232965,/TM023_4_21_1.-103C/Lon/Net/Rum 1.336/PIR_activity_1.336,2024-01-01 01:51:45,248,0.0
232965,/TM023_4_21_1.-103C/Lon/Net/Rum 1.336/PIR_activity_1.336,2024-01-01 01:50:45,248,0.0
232965,/TM023_4_21_1.-103C/Lon/Net/Rum 1.336/PIR_activity_1.336,2024-01-01 01:49:45,248,0.0
232965,/TM023_4_21_1.-103C/Lon/Net/Rum 1.336/PIR_activity_1.336,2024-01-01 01:48:45,248,0.0
232965,/TM023_4_21_1.-103C/Lon/Net/Rum 1.336/PIR_activity_1.336,2024-01-01 01:47:45,248,0.0
232965,/TM023_4_21_1.-103C/Lon/Net/Rum 1.336/PIR_activity_1.336,2024-01-01 01:46:45,248,0.0
232965,/TM023_4_21_1.-103C/Lon/Net/Rum 1.336/PIR_activity_1.336,2024-01-01 01:45:45,248,0.0
232965,/TM023_4_21_1.-103C/Lon/Net/Rum 1.336/PIR_activity_1.336,2024-01-01 01:44:45,248,0.0
232965,/TM023_4_21_1.-103C/Lon/Net/Rum 1.336/PIR_activity_1.336,2024-01-01 01:43:45,248,0.0
232965,/TM023_4_21_1.-103C/Lon/Net/Rum 1.336/PIR_activity_1.336,2024-01-01 01:42:45,248,0.0
232965,/TM023_4_21_1.-103C/Lon/Net/Rum 1.336/PIR_activity_1.336,2024-01-01 01:41:45,248,0.0
232965,/TM023_4_21_1.-103C/Lon/Net/Rum 1.336/PIR_activity_1.336,2024-01-01 01:40:45,248,0.0
232965,/TM023_4_21_1.-103C/Lon/Net/Rum 1.336/PIR_activity_1.336,2024-01-01 01:39:45,248,0.0
232965,/TM023_4_21_1.-103C/Lon/Net/Rum 1.336/PIR_activity_1.336,2024-01-01 01:38:45,248,0.0
232965,/TM023_4_21_1.-103C/Lon/Net/Rum 1.336/PIR_activity_1.336,2024-01-01 01:37:45,248,0.0
232965,/TM023_4_21_1.-103C/Lon/Net/Rum 1.336/PIR_activity_1.336,2024-01-01 01:36:45,248,0.0
232965,/TM023_4_21_1.-103C/Lon/Net/Rum 1.336/PIR_activity_1.336,2024-01-01 01:35:45,248,0.0
232965,/TM023_4_21_1.-103C/Lon/Net/Rum 1.336/PIR_activity_1.336,2024-01-01 01:34:45,248,0.0
232965,/TM023_4_21_1.-103C/Lon/Net/Rum 1.336/PIR_activity_1.336,2024-01-01 01:33:45,248,0.0
232965,/TM023_4_21_1.-103C/Lon/Net/Rum 1.336/PIR_activity_1.336,2024-01-01 01:32:45,248,0.0
232965,/TM023_4_21_1.-103C/Lon/Net/Rum 1.336/PIR_activity_1.336,2024-01-01 01:31:45,248,0.0
232965,/TM023_4_21_1.-103C/Lon/Net/Rum 1.336/PIR_activity_1.336,2024-01-01 01:30:45,248,0.0
232965,/TM023_4_21_1.-103C/Lon/Net/Rum 1.336/PIR_activity_1.336,2024-01-01 01:29:45,248,0.0
232965,/TM023_4_21_1.-103C/Lon/Net/Rum 1.336/PIR_activity_1.336,2024-01-01 01:28:45,248,0.0
232965,/TM023_4_21_1.-103C/Lon/Net/Rum 1.336/PIR_activity_1.336,2024-01-01 01:27:45,248,0.0
232965,/TM023_4_21_1.-103C/Lon/Net/Rum 1.336/PIR_activity_1.336,2024-01-01 01:26:45,248,0.0
232965,/TM023_4_21_1.-103C/Lon/Net/Rum 1.336/PIR_activity_1.336,2024-01-01 01:25:45,248,0.0
232965,/TM023_4_21_1.-103C/Lon/Net/Rum 1.336/PIR_activity_1.336,2024-01-01 01:24:45,248,0.0
232965,/TM023_4_21_1.-103C/Lon/Net/Rum 1.336/PIR_activity_1.336,2024-01-01 01:23:45,248,0.0
232965,/TM023_4_21_1.-103C/Lon/Net/Rum 1.336/PIR_activity_1.336,2024-01-01 01:22:45,248,0.0
232965,/TM023_4_21_1.-103C/Lon/Net/Rum 1.336/PIR_activity_1.336,2024-01-01 01:21:45,248,0.0
232965,/TM023_4_21_1.-103C/Lon/Net/Rum 1.336/PIR_activity_1.336,2024-01-01 01:20:45,248,0.0
232965,/TM023_4_21_1.-103C/Lon/Net/Rum 1.336/PIR_activity_1.336,2024-01-01 01:19:45,248,0.0
232965,/TM023_4_21_1.-103C/Lon/Net/Rum 1.336/PIR_activity_1.336,2024-01-01 01:18:45,248,0.0
232965,/TM023_4_21_1.-103C/Lon/Net/Rum 1.336/PIR_activity_1.336,2024-01-01 01:17:45,248,0.0
232965,/TM023_4_21_1.-103C/Lon/Net/Rum 1.336/PIR_activity_1.336,2024-01-01 01:16:45,248,0.0
232965,/TM023_4_21_1.-103C/Lon/Net/Rum 1.336/PIR_activity_1.336,2024-01-01 01:15:45,248,0.0
232965,/TM023_4_21_1.-103C/Lon/Net/Rum 1.336/PIR_activity_1.336,2024-01-01 01:14:45,248,0.0
232965,/TM023_4_21_1.-103C/Lon/Net/Rum 1.336/PIR_activity_1.336,2024-01-01 01:13:45,248,0.0
232965,/TM023_4_21_1.-103C/Lon/Net/Rum 1.336/PIR_activity_1.336,2024-01-01 01:12:45,248,0.0
232965,/TM023_4_21_1.-103C/Lon/Net/Rum 1.336/PIR_activity_1.336,2024-01-01 01:11:45,248,0.0
232965,/TM023_4_21_1.-103C/Lon/Net/Rum 1.336/PIR_activity_1.336,2024-01-01 01:10:45,248,0.0
232965,/TM023_4_21_1.-103C/Lon/Net/Rum 1.336/PIR_activity_1.336,2024-01-01 01:09:45,248,0.0
232965,/TM023_4_21_1.-103C/Lon/Net/Rum 1.336/PIR_activity_1.336,2024-01-01 01:08:45,248,0.0
232965,/TM023_4_21_1.-103C/Lon/Net/Rum 1.336/PIR_activity_1.336,2024-01-01 01:07:45,248,0.0
232965,/TM023_4_21_1.-103C/Lon/Net/Rum 1.336/PIR_activity_1.336,2024-01-01 01:06:45,248,0.0
232965,/TM023_4_21_1.-103C/Lon/Net/Rum 1.336/PIR_activity_1.336,2024-01-01 01:05:45,248,0.0
232965,/TM023_4_21_1.-103C/Lon/Net/Rum 1.336/PIR_activity_1.336,2024-01-01 01:04:45,248,0.0
232965,/TM023_4_21_1.-103C/Lon/Net/Rum 1.336/PIR_activity_1.336,2024-01-01 01:03:45,248,0.0
232965,/TM023_4_21_1.-103C/Lon/Net/Rum 1.336/PIR_activity_1.336,2024-01-01 01:02:45,248,0.0
232965,/TM023_4_21_1.-103C/Lon/Net/Rum 1.336/PIR_activity_1.336,2024-01-01 01:01:45,248,0.0
232965,/TM023_4_21_1.-103C/Lon/Net/Rum 1.336/PIR_activity_1.336,2024-01-01 01:00:45,248,0.0
232966,/TM023_4_21_1.-103C/Lon/Net/Rum 1.334/PIR_activity_1.334,2024-01-01 01:59:43,248,0.0
232966,/TM023_4_21_1.-103C/Lon/Net/Rum 1.334/PIR_activity_1.334,2024-01-01 01:58:43,248,0.0
232966,/TM023_4_21_1.-103C/Lon/Net/Rum 1.334/PIR_activity_1.334,2024-01-01 01:57:43,248,0.0
232966,/TM023_4_21_1.-103C/Lon/Net/Rum 1.334/PIR_activity_1.334,2024-01-01 01:56:43,248,0.0
232966,/TM023_4_21_1.-103C/Lon/Net/Rum 1.334/PIR_activity_1.334,2024-01-01 01:55:43,248,0.0
232966,/TM023_4_21_1.-103C/Lon/Net/Rum 1.334/PIR_activity_1.334,2024-01-01 01:54:43,248,0.0
232966,/TM023_4_21_1.-103C/Lon/Net/Rum 1.334/PIR_activity_1.334,2024-01-01 01:53:43,248,0.0
232966,/TM023_4_21_1.-103C/Lon/Net/Rum 1.334/PIR_activity_1.334,2024-01-01 01:52:43,248,0.0
232966,/TM023_4_21_1.-103C/Lon/Net/Rum 1.334/PIR_activity_1.334,2024-01-01 01:51:43,248,0.0
232966,/TM023_4_21_1.-103C/Lon/Net/Rum 1.334/PIR_activity_1.334,2024-01-01 01:50:43,248,0.0
232966,/TM023_4_21_1.-103C/Lon/Net/Rum 1.334/PIR_activity_1.334,2024-01-01 01:49:43,248,0.0
232966,/TM023_4_21_1.-103C/Lon/Net/Rum 1.334/PIR_activity_1.334,2024-01-01 01:48:43,248,0.0
232966,/TM023_4_21_1.-103C/Lon/Net/Rum 1.334/PIR_activity_1.334,2024-01-01 01:47:43,248,0.0
232966,/TM023_4_21_1.-103C/Lon/Net/Rum 1.334/PIR_activity_1.334,2024-01-01 01:46:43,248,0.0
232966,/TM023_4_21_1.-103C/Lon/Net/Rum 1.334/PIR_activity_1.334,2024-01-01 01:45:43,248,0.0
232966,/TM023_4_21_1.-103C/Lon/Net/Rum 1.334/PIR_activity_1.334,2024-01-01 01:44:43,248,0.0
232966,/TM023_4_21_1.-103C/Lon/Net/Rum 1.334/PIR_activity_1.334,2024-01-01 01:43:43,248,0.0
232966,/TM023_4_21_1.-103C/Lon/Net/Rum 1.334/PIR_activity_1.334,2024-01-01 01:42:43,248,0.0
232966,/TM023_4_21_1.-103C/Lon/Net/Rum 1.334/PIR_activity_1.334,2024-01-01 01:41:43,248,0.0
232966,/TM023_4_21_1.-103C/Lon/Net/Rum 1.334/PIR_activity_1.334,2024-01-01 01:40:43,248,0.0
232966,/TM023_4_21_1.-103C/Lon/Net/Rum 1.334/PIR_activity_1.334,2024-01-01 01:39:43,248,0.0
232966,/TM023_4_21_1.-103C/Lon/Net/Rum 1.334/PIR_activity_1.334,2024-01-01 01:38:43,248,0.0
232966,/TM023_4_21_1.-103C/Lon/Net/Rum 1.334/PIR_activity_1.334,2024-01-01 01:37:43,248,0.0
232966,/TM023_4_21_1.-103C/Lon/Net/Rum 1.334/PIR_activity_1.334,2024-01-01 01:36:43,248,0.0
232966,/TM023_4_21_1.-103C/Lon/Net/Rum 1.334/PIR_activity_1.334,2024-01-01 01:35:43,248,0.0
232966,/TM023_4_21_1.-103C/Lon/Net/Rum 1.334/PIR_activity_1.334,2024-01-01 01:34:43,248,0.0
232966,/TM023_4_21_1.-103C/Lon/Net/Rum 1.334/PIR_activity_1.334,2024-01-01 01:33:43,248,0.0
232966,/TM023_4_21_1.-103C/Lon/Net/Rum 1.334/PIR_activity_1.334,2024-01-01 01:32:43,248,0.0
232966,/TM023_4_21_1.-103C/Lon/Net/Rum 1.334/PIR_activity_1.334,2024-01-01 01:31:43,248,0.0
232966,/TM023_4_21_1.-103C/Lon/Net/Rum 1.334/PIR_activity_1.334,2024-01-01 01:30:43,248,0.0
232966,/TM023_4_21_1.-103C/Lon/Net/Rum 1.334/PIR_activity_1.334,2024-01-01 01:29:43,248,0.0
232966,/TM023_4_21_1.-103C/Lon/Net/Rum 1.334/PIR_activity_1.334,2024-01-01 01:28:43,248,0.0
232966,/TM023_4_21_1.-103C/Lon/Net/Rum 1.334/PIR_activity_1.334,2024-01-01 01:27:43,248,0.0
232966,/TM023_4_21_1.-103C/Lon/Net/Rum 1.334/PIR_activity_1.334,2024-01-01 01:26:43,248,0.0
232966,/TM023_4_21_1.-103C/Lon/Net/Rum 1.334/PIR_activity_1.334,2024-01-01 01:25:43,248,0.0
232966,/TM023_4_21_1.-103C/Lon/Net/Rum 1.334/PIR_activity_1.334,2024-01-01 01:24:43,248,0.0
232966,/TM023_4_21_1.-103C/Lon/Net/Rum 1.334/PIR_activity_1.334,2024-01-01 01:23:43,248,0.0
232966,/TM023_4_21_1.-103C/Lon/Net/Rum 1.334/PIR_activity_1.334,2024-01-01 01:22:43,248,0.0
232966,/TM023_4_21_1.-103C/Lon/Net/Rum 1.334/PIR_activity_1.334,2024-01-01 01:21:43,248,0.0
232966,/TM023_4_21_1.-103C/Lon/Net/Rum 1.334/PIR_activity_1.334,2024-01-01 01:20:43,248,0.0
232966,/TM023_4_21_1.-103C/Lon/Net/Rum 1.334/PIR_activity_1.334,2024-01-01 01:19:43,248,0.0
232966,/TM023_4_21_1.-103C/Lon/Net/Rum 1.334/PIR_activity_1.334,2024-01-01 01:18:43,248,0.0
232966,/TM023_4_21_1.-103C/Lon/Net/Rum 1.334/PIR_activity_1.334,2024-01-01 01:17:43,248,0.0
232966,/TM023_4_21_1.-103C/Lon/Net/Rum 1.334/PIR_activity_1.334,2024-01-01 01:16:43,248,0.0
232966,/TM023_4_21_1.-103C/Lon/Net/Rum 1.334/PIR_activity_1.334,2024-01-01 01:15:43,248,0.0
232966,/TM023_4_21_1.-103C/Lon/Net/Rum 1.334/PIR_activity_1.334,2024-01-01 01:14:43,248,0.0
232966,/TM023_4_21_1.-103C/Lon/Net/Rum 1.334/PIR_activity_1.334,2024-01-01 01:13:43,248,0.0
232966,/TM023_4_21_1.-103C/Lon/Net/Rum 1.334/PIR_activity_1.334,2024-01-01 01:12:43,248,0.0
232966,/TM023_4_21_1.-103C/Lon/Net/Rum 1.334/PIR_activity_1.334,2024-01-01 01:11:43,248,0.0
232966,/TM023_4_21_1.-103C/Lon/Net/Rum 1.334/PIR_activity_1.334,2024-01-01 01:10:43,248,0.0
232966,/TM023_4_21_1.-103C/Lon/Net/Rum 1.334/PIR_activity_1.334,2024-01-01 01:09:43,248,0.0
232966,/TM023_4_21_1.-103C/Lon/Net/Rum 1.334/PIR_activity_1.334,2024-01-01 01:08:43,248,0.0
232966,/TM023_4_21_1.-103C/Lon/Net/Rum 1.334/PIR_activity_1.334,2024-01-01 01:07:43,248,0.0
232966,/TM023_4_21_1.-103C/Lon/Net/Rum 1.334/PIR_activity_1.334,2024-01-01 01:06:43,248,0.0
232966,/TM023_4_21_1.-103C/Lon/Net/Rum 1.334/PIR_activity_1.334,2024-01-01 01:05:43,248,0.0
232966,/TM023_4_21_1.-103C/Lon/Net/Rum 1.334/PIR_activity_1.334,2024-01-01 01:04:43,248,0.0
232966,/TM023_4_21_1.-103C/Lon/Net/Rum 1.334/PIR_activity_1.334,2024-01-01 01:03:43,248,0.0
232966,/TM023_4_21_1.-103C/Lon/Net/Rum 1.334/PIR_activity_1.334,2024-01-01 01:02:43,248,0.0
232966,/TM023_4_21_1.-103C/Lon/Net/Rum 1.334/PIR_activity_1.334,2024-01-01 01:01:43,248,0.0
232966,/TM023_4_21_1.-103C/Lon/Net/Rum 1.334/PIR_activity_1.334,2024-01-01 01:00:43,248,0.0
232967,/TM023_4_21_1.-103C/Lon/Net/Rum 1.332/PIR_activity_1.332,2024-01-01 01:59:41,248,0.0
232967,/TM023_4_21_1.-103C/Lon/Net/Rum 1.332/PIR_activity_1.332,2024-01-01 01:58:41,248,0.0
232967,/TM023_4_21_1.-103C/Lon/Net/Rum 1.332/PIR_activity_1.332,2024-01-01 01:57:41,248,0.0
232967,/TM023_4_21_1.-103C/Lon/Net/Rum 1.332/PIR_activity_1.332,2024-01-01 01:56:41,248,0.0
232967,/TM023_4_21_1.-103C/Lon/Net/Rum 1.332/PIR_activity_1.332,2024-01-01 01:55:41,248,0.0
232967,/TM023_4_21_1.-103C/Lon/Net/Rum 1.332/PIR_activity_1.332,2024-01-01 01:54:41,248,0.0
232967,/TM023_4_21_1.-103C/Lon/Net/Rum 1.332/PIR_activity_1.332,2024-01-01 01:53:41,248,0.0
232967,/TM023_4_21_1.-103C/Lon/Net/Rum 1.332/PIR_activity_1.332,2024-01-01 01:52:41,248,0.0
232967,/TM023_4_21_1.-103C/Lon/Net/Rum 1.332/PIR_activity_1.332,2024-01-01 01:51:41,248,0.0
232967,/TM023_4_21_1.-103C/Lon/Net/Rum 1.332/PIR_activity_1.332,2024-01-01 01:50:41,248,0.0
232967,/TM023_4_21_1.-103C/Lon/Net/Rum 1.332/PIR_activity_1.332,2024-01-01 01:49:41,248,0.0
232967,/TM023_4_21_1.-103C/Lon/Net/Rum 1.332/PIR_activity_1.332,2024-01-01 01:48:41,248,0.0
232967,/TM023_4_21_1.-103C/Lon/Net/Rum 1.332/PIR_activity_1.332,2024-01-01 01:47:41,248,
232967,/TM023_4_21_1.-103C/Lon/Net/Rum 1.332/PIR_activity_1.332,2024-01-01 01:46:41,248,0.0
232967,/TM023_4_21_1.-103C/Lon/Net/Rum 1.332/PIR_activity_1.332,2024-01-01 01:45:41,248,0.0
232967,/TM023_4_21_1.-103C/Lon/Net/Rum 1.332/PIR_activity_1.332,2024-01-01 01:44:41,248,0.0
232967,/TM023_4_21_1.-103C/Lon/Net/Rum 1.332/PIR_activity_1.332,2024-01-01 01:43:41,248,0.0
232967,/TM023_4_21_1.-103C/Lon/Net/Rum 1.332/PIR_activity_1.332,2024-01-01 01:42:41,248,0.0
232967,/TM023_4_21_1.-103C/Lon/Net/Rum 1.332/PIR_activity_1.332,2024-01-01 01:41:41,248,0.0
232967,/TM023_4_21_1.-103C/Lon/Net/Rum 1.332/PIR_activity_1.332,2024-01-01 01:40:41,248,0.0
232967,/TM023_4_21_1.-103C/Lon/Net/Rum 1.332/PIR_activity_1.332,2024-01-01 01:39:41,248,0.0
232967,/TM023_4_21_1.-103C/Lon/Net/Rum 1.332/PIR_activity_1.332,2024-01-01 01:38:41,248,0.0
232967,/TM023_4_21_1.-103C/Lon/Net/Rum 1.332/PIR_activity_1.332,2024-01-01 01:37:41,248,0.0
232967,/TM023_4_21_1.-103C/Lon/Net/Rum 1.332/PIR_activity_1.332,2024-01-01 01:36:41,248,0.0
232967,/TM023_4_21_1.-103C/Lon/Net/Rum 1.332/PIR_activity_1.332,2024-01-01 01:35:41,248,0.0
232967,/TM023_4_21_1.-103C/Lon/Net/Rum 1.332/PIR_activity_1.332,2024-01-01 01:34:41,248,0.0
232967,/TM023_4_21_1.-103C/Lon/Net/Rum 1.332/PIR_activity_1.332,2024-01-01 01:33:41,248,0.0
232967,/TM023_4_21_1.-103C/Lon/Net/Rum 1.332/PIR_activity_1.332,2024-01-01 01:32:41,248,0.0
232967,/TM023_4_21_1.-103C/Lon/Net/Rum 1.332/PIR_activity_1.332,2024-01-01 01:31:41,248,0.0
232967,/TM023_4_21_1.-103C/Lon/Net/Rum 1.332/PIR_activity_1.332,2024-01-01 01:30:41,248,0.0
232967,/TM023_4_21_1.-103C/Lon/Net/Rum 1.332/PIR_activity_1.332,2024-01-01 01:29:41,248,0.0
232967,/TM023_4_21_1.-103C/Lon/Net/Rum 1.332/PIR_activity_1.332,2024-01-01 01:28:41,248,0.0
232967,/TM023_4_21_1.-103C/Lon/Net/Rum 1.332/PIR_activity_1.332,2024-01-01 01:27:41,248,0.0
232967,/TM023_4_21_1.-103C/Lon/Net/Rum 1.332/PIR_activity_1.332,2024-01-01 01:26:41,248,0.0
232967,/TM023_4_21_1.-103C/Lon/Net/Rum 1.332/PIR_activity_1.332,2024-01-01 01:25:41,248,0.0
232967,/TM023_4_21_1.-103C/Lon/Net/Rum 1.332/PIR_activity_1.332,2024-01-01 01:24:41,248,0.0
232967,/TM023_4_21_1.-103C/Lon/Net/Rum 1.332/PIR_activity_1.332,2024-01-01 01:23:41,248,0.0
232967,/TM023_4_21_1.-103C/Lon/Net/Rum 1.332/PIR_activity_1.332,2024-01-01 01:22:41,248,0.0
232967,/TM023_4_21_1.-103C/Lon/Net/Rum 1.332/PIR_activity_1.332,2024-01-01 01:21:41,248,0.0
232967,/TM023_4_21_1.-103C/Lon/Net/Rum 1.332/PIR_activity_1.332,2024-01-01 01:20:41,248,0.0
232967,/TM023_4_21_1.-103C/Lon/Net/Rum 1.332/PIR_activity_1.332,2024-01-01 01:19:41,248,0.0
232967,/TM023_4_21_1.-103C/Lon/Net/Rum 1.332/PIR_activity_1.332,2024-01-01 01:18:41,248,0.0
232967,/TM023_4_21_1.-103C/Lon/Net/Rum 1.332/PIR_activity_1.332,2024-01-01 01:17:41,248,0.0
232967,/TM023_4_21_1.-103C/Lon/Net/Rum 1.332/PIR_activity_1.332,2024-01-01 01:16:41,248,0.0
232967,/TM023_4_21_1.-103C/Lon/Net/Rum 1.332/PIR_activity_1.332,2024-01-01 01:15:41,248,0.0
232967,/TM023_4_21_1.-103C/Lon/Net/Rum 1.332/PIR_activity_1.332,2024-01-01 01:14:41,248,0.0
232967,/TM023_4_21_1.-103C/Lon/Net/Rum 1.332/PIR_activity_1.332,2024-01-01 01:13:41,248,0.0
232967,/TM023_4_21_1.-103C/Lon/Net/Rum 1.332/PIR_activity_1.332,2024-01-01 01:12:41,248,0.0
232967,/TM023_4_21_1.-103C/Lon/Net/Rum 1.332/PIR_activity_1.332,2024-01-01 01:11:41,248,0.0
232967,/TM023_4_21_1.-103C/Lon/Net/Rum 1.332/PIR_activity_1.332,2024-01-01 01:10:41,248,0.0
232967,/TM023_4_21_1.-103C/Lon/Net/Rum 1.332/PIR_activity_1.332,2024-01-01 01:09:41,248,0.0
232967,/TM023_4_21_1.-103C/Lon/Net/Rum 1.332/PIR_activity_1.332,2024-01-01 01:08:41,248,0.0
232967,/TM023_4_21_1.-103C/Lon/Net/Rum 1.332/PIR_activity_1.332,2024-01-01 01:07:41,248,0.0
232967,/TM023_4_21_1.-103C/Lon/Net/Rum 1.332/PIR_activity_1.332,2024-01-01 01:06:41,248,0.0
232967,/TM023_4_21_1.-103C/Lon/Net/Rum 1.332/PIR_activity_1.332,2024-01-01 01:05:41,248,0.0
232967,/TM023_4_21_1.-103C/Lon/Net/Rum 1.332/PIR_activity_1.332,2024-01-01 01:04:41,248,0.0
232967,/TM023_4_21_1.-103C/Lon/Net/Rum 1.332/PIR_activity_1.332,2024-01-01 01:03:41,248,0.0
232967,/TM023_4_21_1.-103C/Lon/Net/Rum 1.332/PIR_activity_1.332,2024-01-01 01:02:41,248,0.0
232967,/TM023_4_21_1.-103C/Lon/Net/Rum 1.332/PIR_activity_1.332,2024-01-01 01:01:41,248,0.0
232967,/TM023_4_21_1.-103C/Lon/Net/Rum 1.332/PIR_activity_1.332,2024-01-01 01:00:41,248,0.0
232968,/TM023_4_21_1.-103C/Lon/Net/Rum 1.330/PIR_activity_1.330,2024-01-01 01:59:39,248,0.0
232968,/TM023_4_21_1.-103C/Lon/Net/Rum 1.330/PIR_activity_1.330,2024-01-01 01:58:39,248,0.0
232968,/TM023_4_21_1.-103C/Lon/Net/Rum 1.330/PIR_activity_1.330,2024-01-01 01:57:39,248,0.0
232968,/TM023_4_21_1.-103C/Lon/Net/Rum 1.330/PIR_activity_1.330,2024-01-01 01:56:39,248,0.0
232968,/TM023_4_21_1.-103C/Lon/Net/Rum 1.330/PIR_activity_1.330,2024-01-01 01:55:39,248,0.0
232968,/TM023_4_21_1.-103C/Lon/Net/Rum 1.330/PIR_activity_1.330,2024-01-01 01:54:39,248,0.0
232968,/TM023_4_21_1.-103C/Lon/Net/Rum 1.330/PIR_activity_1.330,2024-01-01 01:53:39,248,0.0
232968,/TM023_4_21_1.-103C/Lon/Net/Rum 1.330/PIR_activity_1.330,2024-01-01 01:52:39,248,0.0
232968,/TM023_4_21_1.-103C/Lon/Net/Rum 1.330/PIR_activity_1.330,2024-01-01 01:51:39,248,0.0
232968,/TM023_4_21_1.-103C/Lon/Net/Rum 1.330/PIR_activity_1.330,2024-01-01 01:50:39,248,0.0
232968,/TM023_4_21_1.-103C/Lon/Net/Rum 1.330/PIR_activity_1.330,2024-01-01 01:49:39,248,0.0
232968,/TM023_4_21_1.-103C/Lon/Net/Rum 1.330/PIR_activity_1.330,2024-01-01 01:48:39,248,0.0
232968,/TM023_4_21_1.-103C/Lon/Net/Rum 1.330/PIR_activity_1.330,2024-01-01 01:47:39,248,0.0
232968,/TM023_4_21_1.-103C/Lon/Net/Rum 1.330/PIR_activity_1.330,2024-01-01 01:46:39,248,0.0
232968,/TM023_4_21_1.-103C/Lon/Net/Rum 1.330/PIR_activity_1.330,2024-01-01 01:45:39,248,0.0
232968,/TM023_4_21_1.-103C/Lon/Net/Rum 1.330/PIR_activity_1.330,2024-01-01 01:44:39,248,0.0
232968,/TM023_4_21_1.-103C/Lon/Net/Rum 1.330/PIR_activity_1.330,2024-01-01 01:43:39,248,0.0
232968,/TM023_4_21_1.-103C/Lon/Net/Rum 1.330/PIR_activity_1.330,2024-01-01 01:42:39,248,0.0
232968,/TM023_4_21_1.-103C/Lon/Net/Rum 1.330/PIR_activity_1.330,2024-01-01 01:41:39,248,0.0
232968,/TM023_4_21_1.-103C/Lon/Net/Rum 1.330/PIR_activity_1.330,2024-01-01 01:40:39,248,0.0
232968,/TM023_4_21_1.-103C/Lon/Net/Rum 1.330/PIR_activity_1.330,2024-01-01 01:39:39,248,0.0
232968,/TM023_4_21_1.-103C/Lon/Net/Rum 1.330/PIR_activity_1.330,2024-01-01 01:38:39,248,0.0
232968,/TM023_4_21_1.-103C/Lon/Net/Rum 1.330/PIR_activity_1.330,2024-01-01 01:37:39,248,0.0
232968,/TM023_4_21_1.-103C/Lon/Net/Rum 1.330/PIR_activity_1.330,2024-01-01 01:36:39,248,0.0
232968,/TM023_4_21_1.-103C/Lon/Net/Rum 1.330/PIR_activity_1.330,2024-01-01 01:35:39,248,0.0
232968,/TM023_4_21_1.-103C/Lon/Net/Rum 1.330/PIR_activity_1.330,2024-01-01 01:34:39,248,0.0
232968,/TM023_4_21_1.-103C/Lon/Net/Rum 1.330/PIR_activity_1.330,2024-01-01 01:33:39,248,0.0
232968,/TM023_4_21_1.-103C/Lon/Net/Rum 1.330/PIR_activity_1.330,2024-01-01 01:32:39,248,0.0
232968,/TM023_4_21_1.-103C/Lon/Net/Rum 1.330/PIR_activity_1.330,2024-01-01 01:31:39,248,0.0
232968,/TM023_4_21_1.-103C/Lon/Net/Rum 1.330/PIR_activity_1.330,2024-01-01 01:30:39,248,0.0
232968,/TM023_4_21_1.-103C/Lon/Net/Rum 1.330/PIR_activity_1.330,2024-01-01 01:29:39,248,0.0
232968,/TM023_4_21_1.-103C/Lon/Net/Rum 1.330/PIR_activity_1.330,2024-01-01 01:28:39,248,0.0
232968,/TM023_4_21_1.-103C/Lon/Net/Rum 1.330/PIR_activity_1.330,2024-01-01 01:27:39,248,0.0
232968,/TM023_4_21_1.-103C/Lon/Net/Rum 1.330/PIR_activity_1.330,2024-01-01 01:26:39,248,0.0
232968,/TM023_4_21_1.-103C/Lon/Net/Rum 1.330/PIR_activity_1.330,2024-01-01 01:25:39,248,0.0
232968,/TM023_4_21_1.-103C/Lon/Net/Rum 1.330/PIR_activity_1.330,2024-01-01 01:24:39,248,0.0
232968,/TM023_4_21_1.-103C/Lon/Net/Rum 1.330/PIR_activity_1.330,2024-01-01 01:23:39,248,0.0
232968,/TM023_4_21_1.-103C/Lon/Net/Rum 1.330/PIR_activity_1.330,2024-01-01 01:22:39,248,0.0
232968,/TM023_4_21_1.-103C/Lon/Net/Rum 1.330/PIR_activity_1.330,2024-01-01 01:21:39,248,0.0
232968,/TM023_4_21_1.-103C/Lon/Net/Rum 1.330/PIR_activity_1.330,2024-01-01 01:20:39,248,0.0
232968,/TM023_4_21_1.-103C/Lon/Net/Rum 1.330/PIR_activity_1.330,2024-01-01 01:19:39,248,0.0
232968,/TM023_4_21_1.-103C/Lon/Net/Rum 1.330/PIR_activity_1.330,2024-01-01 01:18:39,248,0.0
232968,/TM023_4_21_1.-103C/Lon/Net/Rum 1.330/PIR_activity_1.330,2024-01-01 01:17:39,248,0.0
232968,/TM023_4_21_1.-103C/Lon/Net/Rum 1.330/PIR_activity_1.330,2024-01-01 01:16:39,248,0.0
232968,/TM023_4_21_1.-103C/Lon/Net/Rum 1.330/PIR_activity_1.330,2024-01-01 01:15:39,248,0.0
232968,/TM023_4_21_1.-103C/Lon/Net/Rum 1.330/PIR_activity_1.330,2024-01-01 01:14:39,248,0.0
232968,/TM023_4_21_1.-103C/Lon/Net/Rum 1.330/PIR_activity_1.330,2024-01-01 01:13:39,248,0.0
232968,/TM023_4_21_1.-103C/Lon/Net/Rum 1.330/PIR_activity_1.330,2024-01-01 01:12:39,248,0.0
232968,/TM023_4_21_1.-103C/Lon/Net/Rum 1.330/PIR_activity_1.330,2024-01-01 01:11:39,248,0.0
232968,/TM023_4_21_1.-103C/Lon/Net/Rum 1.330/PIR_activity_1.330,2024-01-01 01:10:39,248,0.0
232968,/TM023_4_21_1.-103C/Lon/Net/Rum 1.330/PIR_activity_1.330,2024-01-01 01:09:39,248,0.0
232968,/TM023_4_21_1.-103C/Lon/Net/Rum 1.330/PIR_activity_1.330,2024-01-01 01:08:39,248,0.0
232968,/TM023_4_21_1.-103C/Lon/Net/Rum 1.330/PIR_activity_1.330,2024-01-01 01:07:39,248,0.0
232968,/TM023_4_21_1.-103C/Lon/Net/Rum 1.330/PIR_activity_1.330,2024-01-01 01:06:39,248,0.0
232968,/TM023_4_21_1.-103C/Lon/Net/Rum 1.330/PIR_activity_1.330,2024-01-01 01:05:39,248,0.0
232968,/TM023_4_21_1.-103C/Lon/Net/Rum 1.330/PIR_activity_1.330,2024-01-01 01:04:39,248,0.0
232968,/TM023_4_21_1.-103C/Lon/Net/Rum 1.330/PIR_activity_1.330,2024-01-01 01:03:39,248,0.0
232968,/TM023_4_21_1.-103C/Lon/Net/Rum 1.330/PIR_activity_1.330,2024-01-01 01:02:39,248,0.0
232968,/TM023_4_21_1.-103C/Lon/Net/Rum 1.330/PIR_activity_1.330,2024-01-01 01:01:39,248,0.0
232968,/TM023_4_21_1.-103C/Lon/Net/Rum 1.330/PIR_activity_1.330,2024-01-01 01:00:39,248,0.0
232969,/TM023_4_21_1.-103C/Lon/Net/Rum 1.328/PIR_activity_1.328,2024-01-01 01:59:37,248,0.0
232969,/TM023_4_21_1.-103C/Lon/Net/Rum 1.328/PIR_activity_1.328,2024-01-01 01:58:37,248,0.0
232969,/TM023_4_21_1.-103C/Lon/Net/Rum 1.328/PIR_activity_1.328,2024-01-01 01:57:37,248,0.0
232969,/TM023_4_21_1.-103C/Lon/Net/Rum 1.328/PIR_activity_1.328,2024-01-01 01:56:37,248,0.0
232969,/TM023_4_21_1.-103C/Lon/Net/Rum 1.328/PIR_activity_1.328,2024-01-01 01:55:37,248,0.0
232969,/TM023_4_21_1.-103C/Lon/Net/Rum 1.328/PIR_activity_1.328,2024-01-01 01:54:37,248,0.0
232969,/TM023_4_21_1.-103C/Lon/Net/Rum 1.328/PIR_activity_1.328,2024-01-01 01:53:37,248,0.0
232969,/TM023_4_21_1.-103C/Lon/Net/Rum 1.328/PIR_activity_1.328,2024-01-01 01:52:37,248,0.0
232969,/TM023_4_21_1.-103C/Lon/Net/Rum 1.328/PIR_activity_1.328,2024-01-01 01:51:37,248,0.0
232969,/TM023_4_21_1.-103C/Lon/Net/Rum 1.328/PIR_activity_1.328,2024-01-01 01:50:37,248,0.0
232969,/TM023_4_21_1.-103C/Lon/Net/Rum 1.328/PIR_activity_1.328,2024-01-01 01:49:37,248,0.0
232969,/TM023_4_21_1.-103C/Lon/Net/Rum 1.328/PIR_activity_1.328,2024-01-01 01:48:37,248,0.0
232969,/TM023_4_21_1.-103C/Lon/Net/Rum 1.328/PIR_activity_1.328,2024-01-01 01:47:37,248,0.0
232969,/TM023_4_21_1.-103C/Lon/Net/Rum 1.328/PIR_activity_1.328,2024-01-01 01:46:37,248,0.0
232969,/TM023_4_21_1.-103C/Lon/Net/Rum 1.328/PIR_activity_1.328,2024-01-01 01:45:37,248,0.0
232969,/TM023_4_21_1.-103C/Lon/Net/Rum 1.328/PIR_activity_1.328,2024-01-01 01:44:37,248,0.0
232969,/TM023_4_21_1.-103C/Lon/Net/Rum 1.328/PIR_activity_1.328,2024-01-01 01:43:37,248,0.0
232969,/TM023_4_21_1.-103C/Lon/Net/Rum 1.328/PIR_activity_1.328,2024-01-01 01:42:37,248,0.0
232969,/TM023_4_21_1.-103C/Lon/Net/Rum 1.328/PIR_activity_1.328,2024-01-01 01:41:37,248,0.0
232969,/TM023_4_21_1.-103C/Lon/Net/Rum 1.328/PIR_activity_1.328,2024-01-01 01:40:37,248,0.0
232969,/TM023_4_21_1.-103C/Lon/Net/Rum 1.328/PIR_activity_1.328,2024-01-01 01:39:37,248,0.0
232969,/TM023_4_21_1.-103C/Lon/Net/Rum 1.328/PIR_activity_1.328,2024-01-01 01:38:37,248,0.0
232969,/TM023_4_21_1.-103C/Lon/Net/Rum 1.328/PIR_activity_1.328,2024-01-01 01:37:37,248,0.0
232969,/TM023_4_21_1.-103C/Lon/Net/Rum 1.328/PIR_activity_1.328,2024-01-01 01:36:37,248,0.0
232969,/TM023_4_21_1.-103C/Lon/Net/Rum 1.328/PIR_activity_1.328,2024-01-01 01:35:37,248,0.0
232969,/TM023_4_21_1.-103C/Lon/Net/Rum 1.328/PIR_activity_1.328,2024-01-01 01:34:37,248,0.0
232969,/TM023_4_21_1.-103C/Lon/Net/Rum 1.328/PIR_activity_1.328,2024-01-01 01:33:37,248,0.0
232969,/TM023_4_21_1.-103C/Lon/Net/Rum 1.328/PIR_activity_1.328,2024-01-01 01:32:37,248,0.0
232969,/TM023_4_21_1.-103C/Lon/Net/Rum 1.328/PIR_activity_1.328,2024-01-01 01:31:37,248,0.0
232969,/TM023_4_21_1.-103C/Lon/Net/Rum 1.328/PIR_activity_1.328,2024-01-01 01:30:37,248,0.0
232969,/TM023_4_21_1.-103C/Lon/Net/Rum 1.328/PIR_activity_1.328,2024-01-01 01:29:37,248,0.0
232969,/TM023_4_21_1.-103C/Lon/Net/Rum 1.328/PIR_activity_1.328,2024-01-01 01:28:37,248,0.0
232969,/TM023_4_21_1.-103C/Lon/Net/Rum 1.328/PIR_activity_1.328,2024-01-01 01:27:37,248,0.0
232969,/TM023_4_21_1.-103C/Lon/Net/Rum 1.328/PIR_activity_1.328,2024-01-01 01:26:37,248,0.0
232969,/TM023_4_21_1.-103C/Lon/Net/Rum 1.328/PIR_activity_1.328,2024-01-01 01:25:37,248,0.0
232969,/TM023_4_21_1.-103C/Lon/Net/Rum 1.328/PIR_activity_1.328,2024-01-01 01:24:37,248,0.0
232969,/TM023_4_21_1.-103C/Lon/Net/Rum 1.328/PIR_activity_1.328,2024-01-01 01:23:37,248,0.0
232969,/TM023_4_21_1.-103C/Lon/Net/Rum 1.328/PIR_activity_1.328,2024-01-01 01:22:37,248,0.0
232969,/TM023_4_21_1.-103C/Lon/Net/Rum 1.328/PIR_activity_1.328,2024-01-01 01:21:37,248,0.0
232969,/TM023_4_21_1.-103C/Lon/Net/Rum 1.328/PIR_activity_1.328,2024-01-01 01:20:37,248,0.0
232969,/TM023_4_21_1.-103C/Lon/Net/Rum 1.328/PIR_activity_1.328,2024-01-01 01:19:37,248,
232969,/TM023_4_21_1.-103C/Lon/Net/Rum 1.328/PIR_activity_1.328,2024-01-01 01:18:37,248,0.0
232969,/TM023_4_21_1.-103C/Lon/Net/Rum 1.328/PIR_activity_1.328,2024-01-01 01:17:37,248,0.0
232969,/TM023_4_21_1.-103C/Lon/Net/Rum 1.328/PIR_activity_1.328,2024-01-01 01:16:37,248,0.0
232969,/TM023_4_21_1.-103C/Lon/Net/Rum 1.328/PIR_activity_1.328,2024-01-01 01:15:37,248,0.0
232969,/TM023_4_21_1.-103C/Lon/Net/Rum 1.328/PIR_activity_1.328,2024-01-01 01:14:37,248,0.0
232969,/TM023_4_21_1.-103C/Lon/Net/Rum 1.328/PIR_activity_1.328,2024-01-01 01:13:37,248,0.0
232969,/TM023_4_21_1.-103C/Lon/Net/Rum 1.328/PIR_activity_1.328,2024-01-01 01:12:37,248,0.0
232969,/TM023_4_21_1.-103C/Lon/Net/Rum 1.328/PIR_activity_1.328,2024-01-01 01:11:37,248,0.0
232969,/TM023_4_21_1.-103C/Lon/Net/Rum 1.328/PIR_activity_1.328,2024-01-01 01:10:37,248,0.0
232969,/TM023_4_21_1.-103C/Lon/Net/Rum 1.328/PIR_activity_1.328,2024-01-01 01:09:37,248,
232969,/TM023_4_21_1.-103C/Lon/Net/Rum 1.328/PIR_activity_1.328,2024-01-01 01:08:37,248,0.0
232969,/TM023_4_21_1.-103C/Lon/Net/Rum 1.328/PIR_activity_1.328,2024-01-01 01:07:37,248,0.0
232969,/TM023_4_21_1.-103C/Lon/Net/Rum 1.328/PIR_activity_1.328,2024-01-01 01:06:37,248,0.0
232969,/TM023_4_21_1.-103C/Lon/Net/Rum 1.328/PIR_activity_1.328,2024-01-01 01:05:37,248,0.0
232969,/TM023_4_21_1.-103C/Lon/Net/Rum 1.328/PIR_activity_1.328,2024-01-01 01:04:37,248,0.0
232969,/TM023_4_21_1.-103C/Lon/Net/Rum 1.328/PIR_activity_1.328,2024-01-01 01:03:37,248,0.0
232969,/TM023_4_21_1.-103C/Lon/Net/Rum 1.328/PIR_activity_1.328,2024-01-01 01:02:37,248,0.0
232969,/TM023_4_21_1.-103C/Lon/Net/Rum 1.328/PIR_activity_1.328,2024-01-01 01:01:37,248,0.0
232969,/TM023_4_21_1.-103C/Lon/Net/Rum 1.328/PIR_activity_1.328,2024-01-01 01:00:37,248,0.0
232970,/TM023_4_21_1.-103C/Lon/Net/Rum 1.326/PIR_activity_1.326,2024-01-01 01:59:35,248,0.0
232970,/TM023_4_21_1.-103C/Lon/Net/Rum 1.326/PIR_activity_1.326,2024-01-01 01:58:35,248,0.0
232970,/TM023_4_21_1.-103C/Lon/Net/Rum 1.326/PIR_activity_1.326,2024-01-01 01:57:35,248,0.0
232970,/TM023_4_21_1.-103C/Lon/Net/Rum 1.326/PIR_activity_1.326,2024-01-01 01:56:35,248,0.0
232970,/TM023_4_21_1.-103C/Lon/Net/Rum 1.326/PIR_activity_1.326,2024-01-01 01:55:35,248,0.0
232970,/TM023_4_21_1.-103C/Lon/Net/Rum 1.326/PIR_activity_1.326,2024-01-01 01:54:35,248,0.0
232970,/TM023_4_21_1.-103C/Lon/Net/Rum 1.326/PIR_activity_1.326,2024-01-01 01:53:35,248,0.0
232970,/TM023_4_21_1.-103C/Lon/Net/Rum 1.326/PIR_activity_1.326,2024-01-01 01:52:35,248,0.0
232970,/TM023_4_21_1.-103C/Lon/Net/Rum 1.326/PIR_activity_1.326,2024-01-01 01:51:35,248,0.0
232970,/TM023_4_21_1.-103C/Lon/Net/Rum 1.326/PIR_activity_1.326,2024-01-01 01:50:35,248,0.0
232970,/TM023_4_21_1.-103C/Lon/Net/Rum 1.326/PIR_activity_1.326,2024-01-01 01:49:35,248,0.0
232970,/TM023_4_21_1.-103C/Lon/Net/Rum 1.326/PIR_activity_1.326,2024-01-01 01:48:35,248,0.0
232970,/TM023_4_21_1.-103C/Lon/Net/Rum 1.326/PIR_activity_1.326,2024-01-01 01:47:35,248,0.0
232970,/TM023_4_21_1.-103C/Lon/Net/Rum 1.326/PIR_activity_1.326,2024-01-01 01:46:35,248,
232970,/TM023_4_21_1.-103C/Lon/Net/Rum 1.326/PIR_activity_1.326,2024-01-01 01:45:35,248,0.0
232970,/TM023_4_21_1.-103C/Lon/Net/Rum 1.326/PIR_activity_1.326,2024-01-01 01:44:35,248,0.0
232970,/TM023_4_21_1.-103C/Lon/Net/Rum 1.326/PIR_activity_1.326,2024-01-01 01:43:35,248,0.0
232970,/TM023_4_21_1.-103C/Lon/Net/Rum 1.326/PIR_activity_1.326,2024-01-01 01:42:35,248,0.0
232970,/TM023_4_21_1.-103C/Lon/Net/Rum 1.326/PIR_activity_1.326,2024-01-01 01:41:35,248,0.0
232970,/TM023_4_21_1.-103C/Lon/Net/Rum 1.326/PIR_activity_1.326,2024-01-01 01:40:35,248,0.0
232970,/TM023_4_21_1.-103C/Lon/Net/Rum 1.326/PIR_activity_1.326,2024-01-01 01:39:35,248,0.0
232970,/TM023_4_21_1.-103C/Lon/Net/Rum 1.326/PIR_activity_1.326,2024-01-01 01:38:35,248,
232970,/TM023_4_21_1.-103C/Lon/Net/Rum 1.326/PIR_activity_1.326,2024-01-01 01:37:35,248,0.0
232970,/TM023_4_21_1.-103C/Lon/Net/Rum 1.326/PIR_activity_1.326,2024-01-01 01:36:35,248,0.0
232970,/TM023_4_21_1.-103C/Lon/Net/Rum 1.326/PIR_activity_1.326,2024-01-01 01:35:35,248,0.0
232970,/TM023_4_21_1.-103C/Lon/Net/Rum 1.326/PIR_activity_1.326,2024-01-01 01:34:35,248,0.0
232970,/TM023_4_21_1.-103C/Lon/Net/Rum 1.326/PIR_activity_1.326,2024-01-01 01:33:35,248,0.0
232970,/TM023_4_21_1.-103C/Lon/Net/Rum 1.326/PIR_activity_1.326,2024-01-01 01:32:35,248,0.0
232970,/TM023_4_21_1.-103C/Lon/Net/Rum 1.326/PIR_activity_1.326,2024-01-01 01:31:35,248,0.0
232970,/TM023_4_21_1.-103C/Lon/Net/Rum 1.326/PIR_activity_1.326,2024-01-01 01:30:35,248,0.0
232970,/TM023_4_21_1.-103C/Lon/Net/Rum 1.326/PIR_activity_1.326,2024-01-01 01:29:35,248,0.0
232970,/TM023_4_21_1.-103C/Lon/Net/Rum 1.326/PIR_activity_1.326,2024-01-01 01:28:35,248,0.0
232970,/TM023_4_21_1.-103C/Lon/Net/Rum 1.326/PIR_activity_1.326,2024-01-01 01:27:35,248,0.0
232970,/TM023_4_21_1.-103C/Lon/Net/Rum 1.326/PIR_activity_1.326,2024-01-01 01:26:35,248,0.0
232970,/TM023_4_21_1.-103C/Lon/Net/Rum 1.326/PIR_activity_1.326,2024-01-01 01:25:35,248,0.0
232970,/TM023_4_21_1.-103C/Lon/Net/Rum 1.326/PIR_activity_1.326,2024-01-01 01:24:35,248,0.0
232970,/TM023_4_21_1.-103C/Lon/Net/Rum 1.326/PIR_activity_1.326,2024-01-01 01:23:35,248,0.0
232970,/TM023_4_21_1.-103C/Lon/Net/Rum 1.326/PIR_activity_1.326,2024-01-01 01:22:35,248,0.0
232970,/TM023_4_21_1.-103C/Lon/Net/Rum 1.326/PIR_activity_1.326,2024-01-01 01:21:35,248,0.0
232970,/TM023_4_21_1.-103C/Lon/Net/Rum 1.326/PIR_activity_1.326,2024-01-01 01:20:35,248,0.0
232970,/TM023_4_21_1.-103C/Lon/Net/Rum 1.326/PIR_activity_1.326,2024-01-01 01:19:35,248,0.0
232970,/TM023_4_21_1.-103C/Lon/Net/Rum 1.326/PIR_activity_1.326,2024-01-01 01:18:35,248,0.0
232970,/TM023_4_21_1.-103C/Lon/Net/Rum 1.326/PIR_activity_1.326,2024-01-01 01:17:35,248,0.0
232970,/TM023_4_21_1.-103C/Lon/Net/Rum 1.326/PIR_activity_1.326,2024-01-01 01:16:35,248,0.0
232970,/TM023_4_21_1.-103C/Lon/Net/Rum 1.326/PIR_activity_1.326,2024-01-01 01:15:35,248,0.0
232970,/TM023_4_21_1.-103C/Lon/Net/Rum 1.326/PIR_activity_1.326,2024-01-01 01:14:35,248,0.0
232970,/TM023_4_21_1.-103C/Lon/Net/Rum 1.326/PIR_activity_1.326,2024-01-01 01:13:35,248,0.0
232970,/TM023_4_21_1.-103C/Lon/Net/Rum 1.326/PIR_activity_1.326,2024-01-01 01:12:35,248,0.0
232970,/TM023_4_21_1.-103C/Lon/Net/Rum 1.326/PIR_activity_1.326,2024-01-01 01:11:35,248,0.0
232970,/TM023_4_21_1.-103C/Lon/Net/Rum 1.326/PIR_activity_1.326,2024-01-01 01:10:35,248,0.0
232970,/TM023_4_21_1.-103C/Lon/Net/Rum 1.326/PIR_activity_1.326,2024-01-01 01:09:35,248,0.0
232970,/TM023_4_21_1.-103C/Lon/Net/Rum 1.326/PIR_activity_1.326,2024-01-01 01:08:35,248,0.0
232970,/TM023_4_21_1.-103C/Lon/Net/Rum 1.326/PIR_activity_1.326,2024-01-01 01:07:35,248,0.0
232970,/TM023_4_21_1.-103C/Lon/Net/Rum 1.326/PIR_activity_1.326,2024-01-01 01:06:35,248,0.0
232970,/TM023_4_21_1.-103C/Lon/Net/Rum 1.326/PIR_activity_1.326,2024-01-01 01:05:35,248,0.0
232970,/TM023_4_21_1.-103C/Lon/Net/Rum 1.326/PIR_activity_1.326,2024-01-01 01:04:35,248,0.0
232970,/TM023_4_21_1.-103C/Lon/Net/Rum 1.326/PIR_activity_1.326,2024-01-01 01:03:35,248,0.0
232970,/TM023_4_21_1.-103C/Lon/Net/Rum 1.326/PIR_activity_1.326,2024-01-01 01:02:35,248,0.0
232970,/TM023_4_21_1.-103C/Lon/Net/Rum 1.326/PIR_activity_1.326,2024-01-01 01:01:35,248,0.0
232970,/TM023_4_21_1.-103C/Lon/Net/Rum 1.326/PIR_activity_1.326,2024-01-01 01:00:35,248,0.0
232971,/TM023_4_21_1.-103C/Lon/Net/Rum 1.324/PIR_activity_1.324,2024-01-01 01:59:33,248,0.0
232971,/TM023_4_21_1.-103C/Lon/Net/Rum 1.324/PIR_activity_1.324,2024-01-01 01:58:33,248,0.0
232971,/TM023_4_21_1.-103C/Lon/Net/Rum 1.324/PIR_activity_1.324,2024-01-01 01:57:33,248,0.0
232971,/TM023_4_21_1.-103C/Lon/Net/Rum 1.324/PIR_activity_1.324,2024-01-01 01:56:33,248,0.0
232971,/TM023_4_21_1.-103C/Lon/Net/Rum 1.324/PIR_activity_1.324,2024-01-01 01:55:33,248,0.0
232971,/TM023_4_21_1.-103C/Lon/Net/Rum 1.324/PIR_activity_1.324,2024-01-01 01:54:33,248,0.0
232971,/TM023_4_21_1.-103C/Lon/Net/Rum 1.324/PIR_activity_1.324,2024-01-01 01:53:33,248,0.0
232971,/TM023_4_21_1.-103C/Lon/Net/Rum 1.324/PIR_activity_1.324,2024-01-01 01:52:33,248,0.0
232971,/TM023_4_21_1.-103C/Lon/Net/Rum 1.324/PIR_activity_1.324,2024-01-01 01:51:33,248,0.0
232971,/TM023_4_21_1.-103C/Lon/Net/Rum 1.324/PIR_activity_1.324,2024-01-01 01:50:33,248,0.0
232971,/TM023_4_21_1.-103C/Lon/Net/Rum 1.324/PIR_activity_1.324,2024-01-01 01:49:33,248,0.0
232971,/TM023_4_21_1.-103C/Lon/Net/Rum 1.324/PIR_activity_1.324,2024-01-01 01:48:33,248,0.0
232971,/TM023_4_21_1.-103C/Lon/Net/Rum 1.324/PIR_activity_1.324,2024-01-01 01:47:33,248,0.0
232971,/TM023_4_21_1.-103C/Lon/Net/Rum 1.324/PIR_activity_1.324,2024-01-01 01:46:33,248,0.0
232971,/TM023_4_21_1.-103C/Lon/Net/Rum 1.324/PIR_activity_1.324,2024-01-01 01:45:33,248,0.0
232971,/TM023_4_21_1.-103C/Lon/Net/Rum 1.324/PIR_activity_1.324,2024-01-01 01:44:33,248,0.0
232971,/TM023_4_21_1.-103C/Lon/Net/Rum 1.324/PIR_activity_1.324,2024-01-01 01:43:33,248,0.0
232971,/TM023_4_21_1.-103C/Lon/Net/Rum 1.324/PIR_activity_1.324,2024-01-01 01:42:33,248,0.0
232971,/TM023_4_21_1.-103C/Lon/Net/Rum 1.324/PIR_activity_1.324,2024-01-01 01:41:33,248,0.0
232971,/TM023_4_21_1.-103C/Lon/Net/Rum 1.324/PIR_activity_1.324,2024-01-01 01:40:33,248,0.0
232971,/TM023_4_21_1.-103C/Lon/Net/Rum 1.324/PIR_activity_1.324,2024-01-01 01:39:33,248,0.0
232971,/TM023_4_21_1.-103C/Lon/Net/Rum 1.324/PIR_activity_1.324,2024-01-01 01:38:33,248,0.0
232971,/TM023_4_21_1.-103C/Lon/Net/Rum 1.324/PIR_activity_1.324,2024-01-01 01:37:33,248,0.0
232971,/TM023_4_21_1.-103C/Lon/Net/Rum 1.324/PIR_activity_1.324,2024-01-01 01:36:33,248,0.0
232971,/TM023_4_21_1.-103C/Lon/Net/Rum 1.324/PIR_activity_1.324,2024-01-01 01:35:33,248,0.0
232971,/TM023_4_21_1.-103C/Lon/Net/Rum 1.324/PIR_activity_1.324,2024-01-01 01:34:33,248,0.0
232971,/TM023_4_21_1.-103C/Lon/Net/Rum 1.324/PIR_activity_1.324,2024-01-01 01:33:33,248,0.0
232971,/TM023_4_21_1.-103C/Lon/Net/Rum 1.324/PIR_activity_1.324,2024-01-01 01:32:33,248,0.0
232971,/TM023_4_21_1.-103C/Lon/Net/Rum 1.324/PIR_activity_1.324,2024-01-01 01:31:33,248,0.0
232971,/TM023_4_21_1.-103C/Lon/Net/Rum 1.324/PIR_activity_1.324,2024-01-01 01:30:33,248,0.0
232971,/TM023_4_21_1.-103C/Lon/Net/Rum 1.324/PIR_activity_1.324,2024-01-01 01:29:33,248,0.0
232971,/TM023_4_21_1.-103C/Lon/Net/Rum 1.324/PIR_activity_1.324,2024-01-01 01:28:33,248,0.0
232971,/TM023_4_21_1.-103C/Lon/Net/Rum 1.324/PIR_activity_1.324,2024-01-01 01:27:33,248,0.0
232971,/TM023_4_21_1.-103C/Lon/Net/Rum 1.324/PIR_activity_1.324,2024-01-01 01:26:33,248,0.0
232971,/TM023_4_21_1.-103C/Lon/Net/Rum 1.324/PIR_activity_1.324,2024-01-01 01:25:33,248,0.0
232971,/TM023_4_21_1.-103C/Lon/Net/Rum 1.324/PIR_activity_1.324,2024-01-01 01:24:33,248,0.0
232971,/TM023_4_21_1.-103C/Lon/Net/Rum 1.324/PIR_activity_1.324,2024-01-01 01:23:33,248,0.0
232971,/TM023_4_21_1.-103C/Lon/Net/Rum 1.324/PIR_activity_1.324,2024-01-01 01:22:33,248,0.0
232971,/TM023_4_21_1.-103C/Lon/Net/Rum 1.324/PIR_activity_1.324,2024-01-01 01:21:33,248,0.0
232971,/TM023_4_21_1.-103C/Lon/Net/Rum 1.324/PIR_activity_1.324,2024-01-01 01:20:33,248,0.0
232971,/TM023_4_21_1.-103C/Lon/Net/Rum 1.324/PIR_activity_1.324,2024-01-01 01:19:33,248,0.0
232971,/TM023_4_21_1.-103C/Lon/Net/Rum 1.324/PIR_activity_1.324,2024-01-01 01:18:33,248,0.0
232971,/TM023_4_21_1.-103C/Lon/Net/Rum 1.324/PIR_activity_1.324,2024-01-01 01:17:33,248,0.0
232971,/TM023_4_21_1.-103C/Lon/Net/Rum 1.324/PIR_activity_1.324,2024-01-01 01:16:33,248,0.0
232971,/TM023_4_21_1.-103C/Lon/Net/Rum 1.324/PIR_activity_1.324,2024-01-01 01:15:33,248,0.0
232971,/TM023_4_21_1.-103C/Lon/Net/Rum 1.324/PIR_activity_1.324,2024-01-01 01:14:33,248,0.0
232971,/TM023_4_21_1.-103C/Lon/Net/Rum 1.324/PIR_activity_1.324,2024-01-01 01:13:33,248,0.0
232971,/TM023_4_21_1.-103C/Lon/Net/Rum 1.324/PIR_activity_1.324,2024-01-01 01:12:33,248,0.0
232971,/TM023_4_21_1.-103C/Lon/Net/Rum 1.324/PIR_activity_1.324,2024-01-01 01:11:33,248,0.0
232971,/TM023_4_21_1.-103C/Lon/Net/Rum 1.324/PIR_activity_1.324,2024-01-01 01:10:33,248,0.0
232971,/TM023_4_21_1.-103C/Lon/Net/Rum 1.324/PIR_activity_1.324,2024-01-01 01:09:33,248,0.0
232971,/TM023_4_21_1.-103C/Lon/Net/Rum 1.324/PIR_activity_1.324,2024-01-01 01:08:33,248,0.0
232971,/TM023_4_21_1.-103C/Lon/Net/Rum 1.324/PIR_activity_1.324,2024-01-01 01:07:33,248,0.0
232971,/TM023_4_21_1.-103C/Lon/Net/Rum 1.324/PIR_activity_1.324,2024-01-01 01:06:33,248,0.0
232971,/TM023_4_21_1.-103C/Lon/Net/Rum 1.324/PIR_activity_1.324,2024-01-01 01:05:33,248,0.0
232971,/TM023_4_21_1.-103C/Lon/Net/Rum 1.324/PIR_activity_1.324,2024-01-01 01:04:33,248,0.0
232971,/TM023_4_21_1.-103C/Lon/Net/Rum 1.324/PIR_activity_1.324,2024-01-01 01:03:33,248,0.0
232971,/TM023_4_21_1.-103C/Lon/Net/Rum 1.324/PIR_activity_1.324,2024-01-01 01:02:33,248,0.0
232971,/TM023_4_21_1.-103C/Lon/Net/Rum 1.324/PIR_activity_1.324,2024-01-01 01:01:33,248,0.0
232971,/TM023_4_21_1.-103C/Lon/Net/Rum 1.324/PIR_activity_1.324,2024-01-01 01:00:33,248,0.0
232972,/TM023_4_21_1.-103C/Lon/Net/Rum 1.322/PIR_activity_1.322,2024-01-01 01:59:31,248,0.0
232972,/TM023_4_21_1.-103C/Lon/Net/Rum 1.322/PIR_activity_1.322,2024-01-01 01:58:31,248,0.0
232972,/TM023_4_21_1.-103C/Lon/Net/Rum 1.322/PIR_activity_1.322,2024-01-01 01:57:31,248,0.0
232972,/TM023_4_21_1.-103C/Lon/Net/Rum 1.322/PIR_activity_1.322,2024-01-01 01:56:31,248,0.0
232972,/TM023_4_21_1.-103C/Lon/Net/Rum 1.322/PIR_activity_1.322,2024-01-01 01:55:31,248,0.0
232972,/TM023_4_21_1.-103C/Lon/Net/Rum 1.322/PIR_activity_1.322,2024-01-01 01:54:31,248,0.0
232972,/TM023_4_21_1.-103C/Lon/Net/Rum 1.322/PIR_activity_1.322,2024-01-01 01:53:31,248,0.0
232972,/TM023_4_21_1.-103C/Lon/Net/Rum 1.322/PIR_activity_1.322,2024-01-01 01:52:31,248,0.0
232972,/TM023_4_21_1.-103C/Lon/Net/Rum 1.322/PIR_activity_1.322,2024-01-01 01:51:31,248,0.0
232972,/TM023_4_21_1.-103C/Lon/Net/Rum 1.322/PIR_activity_1.322,2024-01-01 01:50:31,248,0.0
232972,/TM023_4_21_1.-103C/Lon/Net/Rum 1.322/PIR_activity_1.322,2024-01-01 01:49:31,248,0.0
232972,/TM023_4_21_1.-103C/Lon/Net/Rum 1.322/PIR_activity_1.322,2024-01-01 01:48:31,248,0.0
232972,/TM023_4_21_1.-103C/Lon/Net/Rum 1.322/PIR_activity_1.322,2024-01-01 01:47:31,248,0.0
232972,/TM023_4_21_1.-103C/Lon/Net/Rum 1.322/PIR_activity_1.322,2024-01-01 01:46:31,248,0.0
232972,/TM023_4_21_1.-103C/Lon/Net/Rum 1.322/PIR_activity_1.322,2024-01-01 01:45:31,248,0.0
232972,/TM023_4_21_1.-103C/Lon/Net/Rum 1.322/PIR_activity_1.322,2024-01-01 01:44:31,248,0.0
232972,/TM023_4_21_1.-103C/Lon/Net/Rum 1.322/PIR_activity_1.322,2024-01-01 01:43:31,248,0.0
232972,/TM023_4_21_1.-103C/Lon/Net/Rum 1.322/PIR_activity_1.322,2024-01-01 01:42:31,248,0.0
232972,/TM023_4_21_1.-103C/Lon/Net/Rum 1.322/PIR_activity_1.322,2024-01-01 01:41:31,248,0.0
232972,/TM023_4_21_1.-103C/Lon/Net/Rum 1.322/PIR_activity_1.322,2024-01-01 01:40:31,248,0.0
232972,/TM023_4_21_1.-103C/Lon/Net/Rum 1.322/PIR_activity_1.322,2024-01-01 01:39:31,248,0.0
232972,/TM023_4_21_1.-103C/Lon/Net/Rum 1.322/PIR_activity_1.322,2024-01-01 01:38:31,248,0.0
232972,/TM023_4_21_1.-103C/Lon/Net/Rum 1.322/PIR_activity_1.322,2024-01-01 01:37:31,248,0.0
232972,/TM023_4_21_1.-103C/Lon/Net/Rum 1.322/PIR_activity_1.322,2024-01-01 01:36:31,248,0.0
232972,/TM023_4_21_1.-103C/Lon/Net/Rum 1.322/PIR_activity_1.322,2024-01-01 01:35:31,248,0.0
232972,/TM023_4_21_1.-103C/Lon/Net/Rum 1.322/PIR_activity_1.322,2024-01-01 01:34:31,248,0.0
232972,/TM023_4_21_1.-103C/Lon/Net/Rum 1.322/PIR_activity_1.322,2024-01-01 01:33:31,248,0.0
232972,/TM023_4_21_1.-103C/Lon/Net/Rum 1.322/PIR_activity_1.322,2024-01-01 01:32:31,248,0.0
232972,/TM023_4_21_1.-103C/Lon/Net/Rum 1.322/PIR_activity_1.322,2024-01-01 01:31:31,248,0.0
232972,/TM023_4_21_1.-103C/Lon/Net/Rum 1.322/PIR_activity_1.322,2024-01-01 01:30:31,248,0.0
232972,/TM023_4_21_1.-103C/Lon/Net/Rum 1.322/PIR_activity_1.322,2024-01-01 01:29:31,248,0.0
232972,/TM023_4_21_1.-103C/Lon/Net/Rum 1.322/PIR_activity_1.322,2024-01-01 01:28:31,248,0.0
232972,/TM023_4_21_1.-103C/Lon/Net/Rum 1.322/PIR_activity_1.322,2024-01-01 01:27:31,248,0.0
232972,/TM023_4_21_1.-103C/Lon/Net/Rum 1.322/PIR_activity_1.322,2024-01-01 01:26:31,248,0.0
232972,/TM023_4_21_1.-103C/Lon/Net/Rum 1.322/PIR_activity_1.322,2024-01-01 01:25:31,248,0.0
232972,/TM023_4_21_1.-103C/Lon/Net/Rum 1.322/PIR_activity_1.322,2024-01-01 01:24:31,248,0.0
232972,/TM023_4_21_1.-103C/Lon/Net/Rum 1.322/PIR_activity_1.322,2024-01-01 01:23:31,248,0.0
232972,/TM023_4_21_1.-103C/Lon/Net/Rum 1.322/PIR_activity_1.322,2024-01-01 01:22:31,248,0.0
232972,/TM023_4_21_1.-103C/Lon/Net/Rum 1.322/PIR_activity_1.322,2024-01-01 01:21:31,248,0.0
232972,/TM023_4_21_1.-103C/Lon/Net/Rum 1.322/PIR_activity_1.322,2024-01-01 01:20:31,248,0.0
232972,/TM023_4_21_1.-103C/Lon/Net/Rum 1.322/PIR_activity_1.322,2024-01-01 01:19:31,248,0.0
232972,/TM023_4_21_1.-103C/Lon/Net/Rum 1.322/PIR_activity_1.322,2024-01-01 01:18:31,248,0.0
232972,/TM023_4_21_1.-103C/Lon/Net/Rum 1.322/PIR_activity_1.322,2024-01-01 01:17:31,248,0.0
232972,/TM023_4_21_1.-103C/Lon/Net/Rum 1.322/PIR_activity_1.322,2024-01-01 01:16:31,248,0.0
232972,/TM023_4_21_1.-103C/Lon/Net/Rum 1.322/PIR_activity_1.322,2024-01-01 01:15:31,248,0.0
232972,/TM023_4_21_1.-103C/Lon/Net/Rum 1.322/PIR_activity_1.322,2024-01-01 01:14:31,248,0.0
232972,/TM023_4_21_1.-103C/Lon/Net/Rum 1.322/PIR_activity_1.322,2024-01-01 01:13:31,248,0.0
232972,/TM023_4_21_1.-103C/Lon/Net/Rum 1.322/PIR_activity_1.322,2024-01-01 01:12:31,248,0.0
232972,/TM023_4_21_1.-103C/Lon/Net/Rum 1.322/PIR_activity_1.322,2024-01-01 01:11:31,248,0.0
232972,/TM023_4_21_1.-103C/Lon/Net/Rum 1.322/PIR_activity_1.322,2024-01-01 01:10:31,248,0.0
232972,/TM023_4_21_1.-103C/Lon/Net/Rum 1.322/PIR_activity_1.322,2024-01-01 01:09:31,248,0.0
232972,/TM023_4_21_1.-103C/Lon/Net/Rum 1.322/PIR_activity_1.322,2024-01-01 01:08:31,248,0.0
232972,/TM023_4_21_1.-103C/Lon/Net/Rum 1.322/PIR_activity_1.322,2024-01-01 01:07:31,248,0.0
232972,/TM023_4_21_1.-103C/Lon/Net/Rum 1.322/PIR_activity_1.322,2024-01-01 01:06:31,248,0.0
232972,/TM023_4_21_1.-103C/Lon/Net/Rum 1.322/PIR_activity_1.322,2024-01-01 01:05:31,248,0.0
232972,/TM023_4_21_1.-103C/Lon/Net/Rum 1.322/PIR_activity_1.322,2024-01-01 01:04:31,248,0.0
232972,/TM023_4_21_1.-103C/Lon/Net/Rum 1.322/PIR_activity_1.322,2024-01-01 01:03:31,248,0.0
232972,/TM023_4_21_1.-103C/Lon/Net/Rum 1.322/PIR_activity_1.322,2024-01-01 01:02:31,248,0.0
232972,/TM023_4_21_1.-103C/Lon/Net/Rum 1.322/PIR_activity_1.322,2024-01-01 01:01:31,248,0.0
232972,/TM023_4_21_1.-103C/Lon/Net/Rum 1.322/PIR_activity_1.322,2024-01-01 01:00:31,248,0.0
232973,/TM023_4_21_1.-103C/Lon/Net/Rum 1.320/PIR_activity_1.320,2024-01-01 01:59:29,248,1.0
232973,/TM023_4_21_1.-103C/Lon/Net/Rum 1.320/PIR_activity_1.320,2024-01-01 01:58:29,248,1.0
232973,/TM023_4_21_1.-103C/Lon/Net/Rum 1.320/PIR_activity_1.320,2024-01-01 01:57:29,248,1.0
232973,/TM023_4_21_1.-103C/Lon/Net/Rum 1.320/PIR_activity_1.320,2024-01-01 01:56:29,248,1.0
232973,/TM023_4_21_1.-103C/Lon/Net/Rum 1.320/PIR_activity_1.320,2024-01-01 01:55:29,248,1.0
232973,/TM023_4_21_1.-103C/Lon/Net/Rum 1.320/PIR_activity_1.320,2024-01-01 01:54:29,248,1.0
232973,/TM023_4_21_1.-103C/Lon/Net/Rum 1.320/PIR_activity_1.320,2024-01-01 01:53:29,248,1.0
232973,/TM023_4_21_1.-103C/Lon/Net/Rum 1.320/PIR_activity_1.320,2024-01-01 01:52:29,248,1.0
232973,/TM023_4_21_1.-103C/Lon/Net/Rum 1.320/PIR_activity_1.320,2024-01-01 01:51:29,248,1.0
232973,/TM023_4_21_1.-103C/Lon/Net/Rum 1.320/PIR_activity_1.320,2024-01-01 01:50:29,248,1.0
232973,/TM023_4_21_1.-103C/Lon/Net/Rum 1.320/PIR_activity_1.320,2024-01-01 01:49:29,248,1.0
232973,/TM023_4_21_1.-103C/Lon/Net/Rum 1.320/PIR_activity_1.320,2024-01-01 01:48:29,248,1.0
232973,/TM023_4_21_1.-103C/Lon/Net/Rum 1.320/PIR_activity_1.320,2024-01-01 01:47:29,248,1.0
232973,/TM023_4_21_1.-103C/Lon/Net/Rum 1.320/PIR_activity_1.320,2024-01-01 01:46:29,248,1.0
232973,/TM023_4_21_1.-103C/Lon/Net/Rum 1.320/PIR_activity_1.320,2024-01-01 01:45:29,248,1.0
232973,/TM023_4_21_1.-103C/Lon/Net/Rum 1.320/PIR_activity_1.320,2024-01-01 01:44:29,248,1.0
232973,/TM023_4_21_1.-103C/Lon/Net/Rum 1.320/PIR_activity_1.320,2024-01-01 01:43:29,248,1.0
232973,/TM023_4_21_1.-103C/Lon/Net/Rum 1.320/PIR_activity_1.320,2024-01-01 01:42:29,248,1.0
232973,/TM023_4_21_1.-103C/Lon/Net/Rum 1.320/PIR_activity_1.320,2024-01-01 01:41:29,248,1.0
232973,/TM023_4_21_1.-103C/Lon/Net/Rum 1.320/PIR_activity_1.320,2024-01-01 01:40:29,248,1.0
232973,/TM023_4_21_1.-103C/Lon/Net/Rum 1.320/PIR_activity_1.320,2024-01-01 01:39:29,248,1.0
232973,/TM023_4_21_1.-103C/Lon/Net/Rum 1.320/PIR_activity_1.320,2024-01-01 01:38:29,248,1.0
232973,/TM023_4_21_1.-103C/Lon/Net/Rum 1.320/PIR_activity_1.320,2024-01-01 01:37:29,248,1.0
232973,/TM023_4_21_1.-103C/Lon/Net/Rum 1.320/PIR_activity_1.320,2024-01-01 01:36:29,248,1.0
232973,/TM023_4_21_1.-103C/Lon/Net/Rum 1.320/PIR_activity_1.320,2024-01-01 01:35:29,248,1.0
232973,/TM023_4_21_1.-103C/Lon/Net/Rum 1.320/PIR_activity_1.320,2024-01-01 01:34:29,248,1.0
232973,/TM023_4_21_1.-103C/Lon/Net/Rum 1.320/PIR_activity_1.320,2024-01-01 01:33:29,248,1.0
232973,/TM023_4_21_1.-103C/Lon/Net/Rum 1.320/PIR_activity_1.320,2024-01-01 01:32:29,248,1.0
232973,/TM023_4_21_1.-103C/Lon/Net/Rum 1.320/PIR_activity_1.320,2024-01-01 01:31:29,248,1.0
232973,/TM023_4_21_1.-103C/Lon/Net/Rum 1.320/PIR_activity_1.320,2024-01-01 01:30:29,248,1.0
232973,/TM023_4_21_1.-103C/Lon/Net/Rum 1.320/PIR_activity_1.320,2024-01-01 01:29:29,248,1.0
232973,/TM023_4_21_1.-103C/Lon/Net/Rum 1.320/PIR_activity_1.320,2024-01-01 01:28:29,248,1.0
232973,/TM023_4_21_1.-103C/Lon/Net/Rum 1.320/PIR_activity_1.320,2024-01-01 01:27:29,248,1.0
232973,/TM023_4_21_1.-103C/Lon/Net/Rum 1.320/PIR_activity_1.320,2024-01-01 01:26:29,248,1.0
232973,/TM023_4_21_1.-103C/Lon/Net/Rum 1.320/PIR_activity_1.320,2024-01-01 01:25:29,248,1.0
232973,/TM023_4_21_1.-103C/Lon/Net/Rum 1.320/PIR_activity_1.320,2024-01-01 01:24:29,248,1.0
232973,/TM023_4_21_1.-103C/Lon/Net/Rum 1.320/PIR_activity_1.320,2024-01-01 01:23:29,248,1.0
232973,/TM023_4_21_1.-103C/Lon/Net/Rum 1.320/PIR_activity_1.320,2024-01-01 01:22:29,248,1.0
232973,/TM023_4_21_1.-103C/Lon/Net/Rum 1.320/PIR_activity_1.320,2024-01-01 01:21:29,248,1.0
232973,/TM023_4_21_1.-103C/Lon/Net/Rum 1.320/PIR_activity_1.320,2024-01-01 01:20:29,248,1.0
232973,/TM023_4_21_1.-103C/Lon/Net/Rum 1.320/PIR_activity_1.320,2024-01-01 01:19:29,248,1.0
232973,/TM023_4_21_1.-103C/Lon/Net/Rum 1.320/PIR_activity_1.320,2024-01-01 01:18:29,248,1.0
232973,/TM023_4_21_1.-103C/Lon/Net/Rum 1.320/PIR_activity_1.320,2024-01-01 01:17:29,248,1.0
232973,/TM023_4_21_1.-103C/Lon/Net/Rum 1.320/PIR_activity_1.320,2024-01-01 01:16:29,248,1.0
232973,/TM023_4_21_1.-103C/Lon/Net/Rum 1.320/PIR_activity_1.320,2024-01-01 01:15:29,248,1.0
232973,/TM023_4_21_1.-103C/Lon/Net/Rum 1.320/PIR_activity_1.320,2024-01-01 01:14:29,248,1.0
232973,/TM023_4_21_1.-103C/Lon/Net/Rum 1.320/PIR_activity_1.320,2024-01-01 01:13:29,248,1.0
232973,/TM023_4_21_1.-103C/Lon/Net/Rum 1.320/PIR_activity_1.320,2024-01-01 01:12:29,248,1.0
232973,/TM023_4_21_1.-103C/Lon/Net/Rum 1.320/PIR_activity_1.320,2024-01-01 01:11:29,248,1.0
232973,/TM023_4_21_1.-103C/Lon/Net/Rum 1.320/PIR_activity_1.320,2024-01-01 01:10:29,248,1.0
232973,/TM023_4_21_1.-103C/Lon/Net/Rum 1.320/PIR_activity_1.320,2024-01-01 01:09:29,248,1.0
232973,/TM023_4_21_1.-103C/Lon/Net/Rum 1.320/PIR_activity_1.320,2024-01-01 01:08:29,248,1.0
232973,/TM023_4_21_1.-103C/Lon/Net/Rum 1.320/PIR_activity_1.320,2024-01-01 01:07:29,248,1.0
232973,/TM023_4_21_1.-103C/Lon/Net/Rum 1.320/PIR_activity_1.320,2024-01-01 01:06:29,248,1.0
232973,/TM023_4_21_1.-103C/Lon/Net/Rum 1.320/PIR_activity_1.320,2024-01-01 01:05:29,248,1.0
232973,/TM023_4_21_1.-103C/Lon/Net/Rum 1.320/PIR_activity_1.320,2024-01-01 01:04:29,248,1.0
232973,/TM023_4_21_1.-103C/Lon/Net/Rum 1.320/PIR_activity_1.320,2024-01-01 01:03:29,248,1.0
232973,/TM023_4_21_1.-103C/Lon/Net/Rum 1.320/PIR_activity_1.320,2024-01-01 01:02:29,248,1.0
232973,/TM023_4_21_1.-103C/Lon/Net/Rum 1.320/PIR_activity_1.320,2024-01-01 01:01:29,248,1.0
232973,/TM023_4_21_1.-103C/Lon/Net/Rum 1.320/PIR_activity_1.320,2024-01-01 01:00:29,248,1.0
232974,/TM023_4_21_1.-103C/Lon/Net/Rum 1.318/PIR_activity_1.318,2024-01-01 01:59:27,248,0.0
232974,/TM023_4_21_1.-103C/Lon/Net/Rum 1.318/PIR_activity_1.318,2024-01-01 01:58:27,248,0.0
232974,/TM023_4_21_1.-103C/Lon/Net/Rum 1.318/PIR_activity_1.318,2024-01-01 01:57:27,248,0.0
232974,/TM023_4_21_1.-103C/Lon/Net/Rum 1.318/PIR_activity_1.318,2024-01-01 01:56:27,248,0.0
232974,/TM023_4_21_1.-103C/Lon/Net/Rum 1.318/PIR_activity_1.318,2024-01-01 01:55:27,248,0.0
232974,/TM023_4_21_1.-103C/Lon/Net/Rum 1.318/PIR_activity_1.318,2024-01-01 01:54:27,248,0.0
232974,/TM023_4_21_1.-103C/Lon/Net/Rum 1.318/PIR_activity_1.318,2024-01-01 01:53:27,248,0.0
232974,/TM023_4_21_1.-103C/Lon/Net/Rum 1.318/PIR_activity_1.318,2024-01-01 01:52:27,248,0.0
232974,/TM023_4_21_1.-103C/Lon/Net/Rum 1.318/PIR_activity_1.318,2024-01-01 01:51:27,248,0.0
232974,/TM023_4_21_1.-103C/Lon/Net/Rum 1.318/PIR_activity_1.318,2024-01-01 01:50:27,248,0.0
232974,/TM023_4_21_1.-103C/Lon/Net/Rum 1.318/PIR_activity_1.318,2024-01-01 01:49:27,248,0.0
232974,/TM023_4_21_1.-103C/Lon/Net/Rum 1.318/PIR_activity_1.318,2024-01-01 01:48:27,248,0.0
232974,/TM023_4_21_1.-103C/Lon/Net/Rum 1.318/PIR_activity_1.318,2024-01-01 01:47:27,248,0.0
232974,/TM023_4_21_1.-103C/Lon/Net/Rum 1.318/PIR_activity_1.318,2024-01-01 01:46:27,248,0.0
232974,/TM023_4_21_1.-103C/Lon/Net/Rum 1.318/PIR_activity_1.318,2024-01-01 01:45:27,248,0.0
232974,/TM023_4_21_1.-103C/Lon/Net/Rum 1.318/PIR_activity_1.318,2024-01-01 01:44:27,248,0.0
232974,/TM023_4_21_1.-103C/Lon/Net/Rum 1.318/PIR_activity_1.318,2024-01-01 01:43:27,248,0.0
232974,/TM023_4_21_1.-103C/Lon/Net/Rum 1.318/PIR_activity_1.318,2024-01-01 01:42:27,248,0.0
232974,/TM023_4_21_1.-103C/Lon/Net/Rum 1.318/PIR_activity_1.318,2024-01-01 01:41:27,248,0.0
232974,/TM023_4_21_1.-103C/Lon/Net/Rum 1.318/PIR_activity_1.318,2024-01-01 01:40:27,248,0.0
232974,/TM023_4_21_1.-103C/Lon/Net/Rum 1.318/PIR_activity_1.318,2024-01-01 01:39:27,248,0.0
232974,/TM023_4_21_1.-103C/Lon/Net/Rum 1.318/PIR_activity_1.318,2024-01-01 01:38:27,248,0.0
232974,/TM023_4_21_1.-103C/Lon/Net/Rum 1.318/PIR_activity_1.318,2024-01-01 01:37:27,248,0.0
232974,/TM023_4_21_1.-103C/Lon/Net/Rum 1.318/PIR_activity_1.318,2024-01-01 01:36:27,248,0.0
232974,/TM023_4_21_1.-103C/Lon/Net/Rum 1.318/PIR_activity_1.318,2024-01-01 01:35:27,248,0.0
232974,/TM023_4_21_1.-103C/Lon/Net/Rum 1.318/PIR_activity_1.318,2024-01-01 01:34:27,248,0.0
232974,/TM023_4_21_1.-103C/Lon/Net/Rum 1.318/PIR_activity_1.318,2024-01-01 01:33:27,248,0.0
232974,/TM023_4_21_1.-103C/Lon/Net/Rum 1.318/PIR_activity_1.318,2024-01-01 01:32:27,248,0.0
232974,/TM023_4_21_1.-103C/Lon/Net/Rum 1.318/PIR_activity_1.318,2024-01-01 01:31:27,248,0.0
232974,/TM023_4_21_1.-103C/Lon/Net/Rum 1.318/PIR_activity_1.318,2024-01-01 01:30:27,248,0.0
232974,/TM023_4_21_1.-103C/Lon/Net/Rum 1.318/PIR_activity_1.318,2024-01-01 01:29:27,248,0.0
232974,/TM023_4_21_1.-103C/Lon/Net/Rum 1.318/PIR_activity_1.318,2024-01-01 01:28:27,248,0.0
232974,/TM023_4_21_1.-103C/Lon/Net/Rum 1.318/PIR_activity_1.318,2024-01-01 01:27:27,248,0.0
232974,/TM023_4_21_1.-103C/Lon/Net/Rum 1.318/PIR_activity_1.318,2024-01-01 01:26:27,248,0.0
232974,/TM023_4_21_1.-103C/Lon/Net/Rum 1.318/PIR_activity_1.318,2024-01-01 01:25:27,248,0.0
232974,/TM023_4_21_1.-103C/Lon/Net/Rum 1.318/PIR_activity_1.318,2024-01-01 01:24:27,248,0.0
232974,/TM023_4_21_1.-103C/Lon/Net/Rum 1.318/PIR_activity_1.318,2024-01-01 01:23:27,248,0.0
232974,/TM023_4_21_1.-103C/Lon/Net/Rum 1.318/PIR_activity_1.318,2024-01-01 01:22:27,248,0.0
232974,/TM023_4_21_1.-103C/Lon/Net/Rum 1.318/PIR_activity_1.318,2024-01-01 01:21:27,248,0.0
232974,/TM023_4_21_1.-103C/Lon/Net/Rum 1.318/PIR_activity_1.318,2024-01-01 01:20:27,248,0.0
232974,/TM023_4_21_1.-103C/Lon/Net/Rum 1.318/PIR_activity_1.318,2024-01-01 01:19:27,248,0.0
232974,/TM023_4_21_1.-103C/Lon/Net/Rum 1.318/PIR_activity_1.318,2024-01-01 01:18:27,248,0.0
232974,/TM023_4_21_1.-103C/Lon/Net/Rum 1.318/PIR_activity_1.318,2024-01-01 01:17:27,248,0.0
232974,/TM023_4_21_1.-103C/Lon/Net/Rum 1.318/PIR_activity_1.318,2024-01-01 01:16:27,248,0.0
232974,/TM023_4_21_1.-103C/Lon/Net/Rum 1.318/PIR_activity_1.318,2024-01-01 01:15:27,248,0.0
232974,/TM023_4_21_1.-103C/Lon/Net/Rum 1.318/PIR_activity_1.318,2024-01-01 01:14:27,248,0.0
232974,/TM023_4_21_1.-103C/Lon/Net/Rum 1.318/PIR_activity_1.318,2024-01-01 01:13:27,248,0.0
232974,/TM023_4_21_1.-103C/Lon/Net/Rum 1.318/PIR_activity_1.318,2024-01-01 01:12:27,248,0.0
232974,/TM023_4_21_1.-103C/Lon/Net/Rum 1.318/PIR_activity_1.318,2024-01-01 01:11:27,248,0.0
232974,/TM023_4_21_1.-103C/Lon/Net/Rum 1.318/PIR_activity_1.318,2024-01-01 01:10:27,248,0.0
232974,/TM023_4_21_1.-103C/Lon/Net/Rum 1.318/PIR_activity_1.318,2024-01-01 01:09:27,248,0.0
232974,/TM023_4_21_1.-103C/Lon/Net/Rum 1.318/PIR_activity_1.318,2024-01-01 01:08:27,248,0.0
232974,/TM023_4_21_1.-103C/Lon/Net/Rum 1.318/PIR_activity_1.318,2024-01-01 01:07:27,248,0.0
232974,/TM023_4_21_1.-103C/Lon/Net/Rum 1.318/PIR_activity_1.318,2024-01-01 01:06:27,248,0.0
232974,/TM023_4_21_1.-103C/Lon/Net/Rum 1.318/PIR_activity_1.318,2024-01-01 01:05:27,248,0.0
232974,/TM023_4_21_1.-103C/Lon/Net/Rum 1.318/PIR_activity_1.318,2024-01-01 01:04:27,248,0.0
232974,/TM023_4_21_1.-103C/Lon/Net/Rum 1.318/PIR_activity_1.318,2024-01-01 01:03:27,248,0.0
232974,/TM023_4_21_1.-103C/Lon/Net/Rum 1.318/PIR_activity_1.318,2024-01-01 01:02:27,248,0.0
232974,/TM023_4_21_1.-103C/Lon/Net/Rum 1.318/PIR_activity_1.318,2024-01-01 01:01:27,248,0.0
232974,/TM023_4_21_1.-103C/Lon/Net/Rum 1.318/PIR_activity_1.318,2024-01-01 01:00:27,248,0.0
232975,/TM023_4_21_1.-103C/Lon/Net/Rum 1.316/PIR_activity_1.316,2024-01-01 01:59:25,248,0.0
232975,/TM023_4_21_1.-103C/Lon/Net/Rum 1.316/PIR_activity_1.316,2024-01-01 01:58:25,248,0.0
232975,/TM023_4_21_1.-103C/Lon/Net/Rum 1.316/PIR_activity_1.316,2024-01-01 01:57:25,248,0.0
232975,/TM023_4_21_1.-103C/Lon/Net/Rum 1.316/PIR_activity_1.316,2024-01-01 01:56:25,248,0.0
232975,/TM023_4_21_1.-103C/Lon/Net/Rum 1.316/PIR_activity_1.316,2024-01-01 01:55:25,248,0.0
232975,/TM023_4_21_1.-103C/Lon/Net/Rum 1.316/PIR_activity_1.316,2024-01-01 01:54:25,248,0.0
232975,/TM023_4_21_1.-103C/Lon/Net/Rum 1.316/PIR_activity_1.316,2024-01-01 01:53:25,248,0.0
232975,/TM023_4_21_1.-103C/Lon/Net/Rum 1.316/PIR_activity_1.316,2024-01-01 01:52:25,248,0.0
232975,/TM023_4_21_1.-103C/Lon/Net/Rum 1.316/PIR_activity_1.316,2024-01-01 01:51:25,248,0.0
232975,/TM023_4_21_1.-103C/Lon/Net/Rum 1.316/PIR_activity_1.316,2024-01-01 01:50:25,248,0.0
232975,/TM023_4_21_1.-103C/Lon/Net/Rum 1.316/PIR_activity_1.316,2024-01-01 01:49:25,248,0.0
232975,/TM023_4_21_1.-103C/Lon/Net/Rum 1.316/PIR_activity_1.316,2024-01-01 01:48:25,248,0.0
232975,/TM023_4_21_1.-103C/Lon/Net/Rum 1.316/PIR_activity_1.316,2024-01-01 01:47:25,248,0.0
232975,/TM023_4_21_1.-103C/Lon/Net/Rum 1.316/PIR_activity_1.316,2024-01-01 01:46:25,248,0.0
232975,/TM023_4_21_1.-103C/Lon/Net/Rum 1.316/PIR_activity_1.316,2024-01-01 01:45:25,248,0.0
232975,/TM023_4_21_1.-103C/Lon/Net/Rum 1.316/PIR_activity_1.316,2024-01-01 01:44:25,248,0.0
232975,/TM023_4_21_1.-103C/Lon/Net/Rum 1.316/PIR_activity_1.316,2024-01-01 01:43:25,248,0.0
232975,/TM023_4_21_1.-103C/Lon/Net/Rum 1.316/PIR_activity_1.316,2024-01-01 01:42:25,248,0.0
232975,/TM023_4_21_1.-103C/Lon/Net/Rum 1.316/PIR_activity_1.316,2024-01-01 01:41:25,248,0.0
232975,/TM023_4_21_1.-103C/Lon/Net/Rum 1.316/PIR_activity_1.316,2024-01-01 01:40:25,248,0.0
232975,/TM023_4_21_1.-103C/Lon/Net/Rum 1.316/PIR_activity_1.316,2024-01-01 01:39:25,248,0.0
232975,/TM023_4_21_1.-103C/Lon/Net/Rum 1.316/PIR_activity_1.316,2024-01-01 01:38:25,248,0.0
232975,/TM023_4_21_1.-103C/Lon/Net/Rum 1.316/PIR_activity_1.316,2024-01-01 01:37:25,248,0.0
232975,/TM023_4_21_1.-103C/Lon/Net/Rum 1.316/PIR_activity_1.316,2024-01-01 01:36:25,248,0.0
232975,/TM023_4_21_1.-103C/Lon/Net/Rum 1.316/PIR_activity_1.316,2024-01-01 01:35:25,248,0.0
232975,/TM023_4_21_1.-103C/Lon/Net/Rum 1.316/PIR_activity_1.316,2024-01-01 01:34:25,248,0.0
232975,/TM023_4_21_1.-103C/Lon/Net/Rum 1.316/PIR_activity_1.316,2024-01-01 01:33:25,248,0.0
232975,/TM023_4_21_1.-103C/Lon/Net/Rum 1.316/PIR_activity_1.316,2024-01-01 01:32:25,248,0.0
232975,/TM023_4_21_1.-103C/Lon/Net/Rum 1.316/PIR_activity_1.316,2024-01-01 01:31:25,248,0.0
232975,/TM023_4_21_1.-103C/Lon/Net/Rum 1.316/PIR_activity_1.316,2024-01-01 01:30:25,248,0.0
232975,/TM023_4_21_1.-103C/Lon/Net/Rum 1.316/PIR_activity_1.316,2024-01-01 01:29:25,248,0.0
232975,/TM023_4_21_1.-103C/Lon/Net/Rum 1.316/PIR_activity_1.316,2024-01-01 01:28:25,248,0.0
232975,/TM023_4_21_1.-103C/Lon/Net/Rum 1.316/PIR_activity_1.316,2024-01-01 01:27:25,248,0.0
232975,/TM023_4_21_1.-103C/Lon/Net/Rum 1.316/PIR_activity_1.316,2024-01-01 01:26:25,248,0.0
232975,/TM023_4_21_1.-103C/Lon/Net/Rum 1.316/PIR_activity_1.316,2024-01-01 01:25:25,248,0.0
232975,/TM023_4_21_1.-103C/Lon/Net/Rum 1.316/PIR_activity_1.316,2024-01-01 01:24:25,248,0.0
232975,/TM023_4_21_1.-103C/Lon/Net/Rum 1.316/PIR_activity_1.316,2024-01-01 01:23:25,248,0.0
232975,/TM023_4_21_1.-103C/Lon/Net/Rum 1.316/PIR_activity_1.316,2024-01-01 01:22:25,248,0.0
232975,/TM023_4_21_1.-103C/Lon/Net/Rum 1.316/PIR_activity_1.316,2024-01-01 01:21:25,248,0.0
232975,/TM023_4_21_1.-103C/Lon/Net/Rum 1.316/PIR_activity_1.316,2024-01-01 01:20:25,248,0.0
232975,/TM023_4_21_1.-103C/Lon/Net/Rum 1.316/PIR_activity_1.316,2024-01-01 01:19:25,248,0.0
232975,/TM023_4_21_1.-103C/Lon/Net/Rum 1.316/PIR_activity_1.316,2024-01-01 01:18:25,248,0.0
232975,/TM023_4_21_1.-103C/Lon/Net/Rum 1.316/PIR_activity_1.316,2024-01-01 01:17:25,248,0.0
232975,/TM023_4_21_1.-103C/Lon/Net/Rum 1.316/PIR_activity_1.316,2024-01-01 01:16:25,248,0.0
232975,/TM023_4_21_1.-103C/Lon/Net/Rum 1.316/PIR_activity_1.316,2024-01-01 01:15:25,248,0.0
232975,/TM023_4_21_1.-103C/Lon/Net/Rum 1.316/PIR_activity_1.316,2024-01-01 01:14:25,248,0.0
232975,/TM023_4_21_1.-103C/Lon/Net/Rum 1.316/PIR_activity_1.316,2024-01-01 01:13:25,248,0.0
232975,/TM023_4_21_1.-103C/Lon/Net/Rum 1.316/PIR_activity_1.316,2024-01-01 01:12:25,248,0.0
232975,/TM023_4_21_1.-103C/Lon/Net/Rum 1.316/PIR_activity_1.316,2024-01-01 01:11:25,248,0.0
232975,/TM023_4_21_1.-103C/Lon/Net/Rum 1.316/PIR_activity_1.316,2024-01-01 01:10:25,248,0.0
232975,/TM023_4_21_1.-103C/Lon/Net/Rum 1.316/PIR_activity_1.316,2024-01-01 01:09:25,248,0.0
232975,/TM023_4_21_1.-103C/Lon/Net/Rum 1.316/PIR_activity_1.316,2024-01-01 01:08:25,248,0.0
232975,/TM023_4_21_1.-103C/Lon/Net/Rum 1.316/PIR_activity_1.316,2024-01-01 01:07:25,248,0.0
232975,/TM023_4_21_1.-103C/Lon/Net/Rum 1.316/PIR_activity_1.316,2024-01-01 01:06:25,248,0.0
232975,/TM023_4_21_1.-103C/Lon/Net/Rum 1.316/PIR_activity_1.316,2024-01-01 01:05:25,248,0.0
232975,/TM023_4_21_1.-103C/Lon/Net/Rum 1.316/PIR_activity_1.316,2024-01-01 01:04:25,248,0.0
232975,/TM023_4_21_1.-103C/Lon/Net/Rum 1.316/PIR_activity_1.316,2024-01-01 01:03:25,248,0.0
232975,/TM023_4_21_1.-103C/Lon/Net/Rum 1.316/PIR_activity_1.316,2024-01-01 01:02:25,248,0.0
232975,/TM023_4_21_1.-103C/Lon/Net/Rum 1.316/PIR_activity_1.316,2024-01-01 01:01:25,248,0.0
232975,/TM023_4_21_1.-103C/Lon/Net/Rum 1.316/PIR_activity_1.316,2024-01-01 01:00:25,248,0.0
232976,/TM023_4_21_1.-103C/Lon/Net/Rum 1.314/PIR_activity_1.314,2024-01-01 01:59:23,248,0.0
232976,/TM023_4_21_1.-103C/Lon/Net/Rum 1.314/PIR_activity_1.314,2024-01-01 01:58:23,248,0.0
232976,/TM023_4_21_1.-103C/Lon/Net/Rum 1.314/PIR_activity_1.314,2024-01-01 01:57:23,248,0.0
232976,/TM023_4_21_1.-103C/Lon/Net/Rum 1.314/PIR_activity_1.314,2024-01-01 01:56:23,248,0.0
232976,/TM023_4_21_1.-103C/Lon/Net/Rum 1.314/PIR_activity_1.314,2024-01-01 01:55:23,248,0.0
232976,/TM023_4_21_1.-103C/Lon/Net/Rum 1.314/PIR_activity_1.314,2024-01-01 01:54:23,248,0.0
232976,/TM023_4_21_1.-103C/Lon/Net/Rum 1.314/PIR_activity_1.314,2024-01-01 01:53:23,248,0.0
232976,/TM023_4_21_1.-103C/Lon/Net/Rum 1.314/PIR_activity_1.314,2024-01-01 01:52:23,248,0.0
232976,/TM023_4_21_1.-103C/Lon/Net/Rum 1.314/PIR_activity_1.314,2024-01-01 01:51:23,248,0.0
232976,/TM023_4_21_1.-103C/Lon/Net/Rum 1.314/PIR_activity_1.314,2024-01-01 01:50:23,248,0.0
232976,/TM023_4_21_1.-103C/Lon/Net/Rum 1.314/PIR_activity_1.314,2024-01-01 01:49:23,248,0.0
232976,/TM023_4_21_1.-103C/Lon/Net/Rum 1.314/PIR_activity_1.314,2024-01-01 01:48:23,248,0.0
232976,/TM023_4_21_1.-103C/Lon/Net/Rum 1.314/PIR_activity_1.314,2024-01-01 01:47:23,248,0.0
232976,/TM023_4_21_1.-103C/Lon/Net/Rum 1.314/PIR_activity_1.314,2024-01-01 01:46:23,248,0.0
232976,/TM023_4_21_1.-103C/Lon/Net/Rum 1.314/PIR_activity_1.314,2024-01-01 01:45:23,248,0.0
232976,/TM023_4_21_1.-103C/Lon/Net/Rum 1.314/PIR_activity_1.314,2024-01-01 01:44:23,248,0.0
232976,/TM023_4_21_1.-103C/Lon/Net/Rum 1.314/PIR_activity_1.314,2024-01-01 01:43:23,248,0.0
232976,/TM023_4_21_1.-103C/Lon/Net/Rum 1.314/PIR_activity_1.314,2024-01-01 01:42:23,248,0.0
232976,/TM023_4_21_1.-103C/Lon/Net/Rum 1.314/PIR_activity_1.314,2024-01-01 01:41:23,248,0.0
232976,/TM023_4_21_1.-103C/Lon/Net/Rum 1.314/PIR_activity_1.314,2024-01-01 01:40:23,248,0.0
232976,/TM023_4_21_1.-103C/Lon/Net/Rum 1.314/PIR_activity_1.314,2024-01-01 01:39:23,248,0.0
232976,/TM023_4_21_1.-103C/Lon/Net/Rum 1.314/PIR_activity_1.314,2024-01-01 01:38:23,248,0.0
232976,/TM023_4_21_1.-103C/Lon/Net/Rum 1.314/PIR_activity_1.314,2024-01-01 01:37:23,248,0.0
232976,/TM023_4_21_1.-103C/Lon/Net/Rum 1.314/PIR_activity_1.314,2024-01-01 01:36:23,248,0.0
232976,/TM023_4_21_1.-103C/Lon/Net/Rum 1.314/PIR_activity_1.314,2024-01-01 01:35:23,248,0.0
232976,/TM023_4_21_1.-103C/Lon/Net/Rum 1.314/PIR_activity_1.314,2024-01-01 01:34:23,248,0.0
232976,/TM023_4_21_1.-103C/Lon/Net/Rum 1.314/PIR_activity_1.314,2024-01-01 01:33:23,248,0.0
232976,/TM023_4_21_1.-103C/Lon/Net/Rum 1.314/PIR_activity_1.314,2024-01-01 01:32:23,248,0.0
232976,/TM023_4_21_1.-103C/Lon/Net/Rum 1.314/PIR_activity_1.314,2024-01-01 01:31:23,248,0.0
232976,/TM023_4_21_1.-103C/Lon/Net/Rum 1.314/PIR_activity_1.314,2024-01-01 01:30:23,248,0.0
232976,/TM023_4_21_1.-103C/Lon/Net/Rum 1.314/PIR_activity_1.314,2024-01-01 01:29:23,248,0.0
232976,/TM023_4_21_1.-103C/Lon/Net/Rum 1.314/PIR_activity_1.314,2024-01-01 01:28:23,248,0.0
232976,/TM023_4_21_1.-103C/Lon/Net/Rum 1.314/PIR_activity_1.314,2024-01-01 01:27:23,248,0.0
232976,/TM023_4_21_1.-103C/Lon/Net/Rum 1.314/PIR_activity_1.314,2024-01-01 01:26:23,248,0.0
232976,/TM023_4_21_1.-103C/Lon/Net/Rum 1.314/PIR_activity_1.314,2024-01-01 01:25:23,248,0.0
232976,/TM023_4_21_1.-103C/Lon/Net/Rum 1.314/PIR_activity_1.314,2024-01-01 01:24:23,248,0.0
232976,/TM023_4_21_1.-103C/Lon/Net/Rum 1.314/PIR_activity_1.314,2024-01-01 01:23:23,248,0.0
232976,/TM023_4_21_1.-103C/Lon/Net/Rum 1.314/PIR_activity_1.314,2024-01-01 01:22:23,248,0.0
232976,/TM023_4_21_1.-103C/Lon/Net/Rum 1.314/PIR_activity_1.314,2024-01-01 01:21:23,248,0.0
232976,/TM023_4_21_1.-103C/Lon/Net/Rum 1.314/PIR_activity_1.314,2024-01-01 01:20:23,248,0.0
232976,/TM023_4_21_1.-103C/Lon/Net/Rum 1.314/PIR_activity_1.314,2024-01-01 01:19:23,248,0.0
232976,/TM023_4_21_1.-103C/Lon/Net/Rum 1.314/PIR_activity_1.314,2024-01-01 01:18:23,248,0.0
232976,/TM023_4_21_1.-103C/Lon/Net/Rum 1.314/PIR_activity_1.314,2024-01-01 01:17:23,248,0.0
232976,/TM023_4_21_1.-103C/Lon/Net/Rum 1.314/PIR_activity_1.314,2024-01-01 01:16:23,248,0.0
232976,/TM023_4_21_1.-103C/Lon/Net/Rum 1.314/PIR_activity_1.314,2024-01-01 01:15:23,248,0.0
232976,/TM023_4_21_1.-103C/Lon/Net/Rum 1.314/PIR_activity_1.314,2024-01-01 01:14:23,248,0.0
232976,/TM023_4_21_1.-103C/Lon/Net/Rum 1.314/PIR_activity_1.314,2024-01-01 01:13:23,248,0.0
232976,/TM023_4_21_1.-103C/Lon/Net/Rum 1.314/PIR_activity_1.314,2024-01-01 01:12:23,248,0.0
232976,/TM023_4_21_1.-103C/Lon/Net/Rum 1.314/PIR_activity_1.314,2024-01-01 01:11:23,248,0.0
232976,/TM023_4_21_1.-103C/Lon/Net/Rum 1.314/PIR_activity_1.314,2024-01-01 01:10:23,248,0.0
232976,/TM023_4_21_1.-103C/Lon/Net/Rum 1.314/PIR_activity_1.314,2024-01-01 01:09:23,248,0.0
232976,/TM023_4_21_1.-103C/Lon/Net/Rum 1.314/PIR_activity_1.314,2024-01-01 01:08:23,248,0.0
232976,/TM023_4_21_1.-103C/Lon/Net/Rum 1.314/PIR_activity_1.314,2024-01-01 01:07:23,248,0.0
232976,/TM023_4_21_1.-103C/Lon/Net/Rum 1.314/PIR_activity_1.314,2024-01-01 01:06:23,248,0.0
232976,/TM023_4_21_1.-103C/Lon/Net/Rum 1.314/PIR_activity_1.314,2024-01-01 01:05:23,248,0.0
232976,/TM023_4_21_1.-103C/Lon/Net/Rum 1.314/PIR_activity_1.314,2024-01-01 01:04:23,248,0.0
232976,/TM023_4_21_1.-103C/Lon/Net/Rum 1.314/PIR_activity_1.314,2024-01-01 01:03:23,248,0.0
232976,/TM023_4_21_1.-103C/Lon/Net/Rum 1.314/PIR_activity_1.314,2024-01-01 01:02:23,248,0.0
232976,/TM023_4_21_1.-103C/Lon/Net/Rum 1.314/PIR_activity_1.314,2024-01-01 01:01:23,248,0.0
232976,/TM023_4_21_1.-103C/Lon/Net/Rum 1.314/PIR_activity_1.314,2024-01-01 01:00:23,248,0.0
232977,/TM023_4_21_1.-103C/Lon/Net/Rum 1.312/PIR_activity_1.312,2024-01-01 01:59:21,248,0.0
232977,/TM023_4_21_1.-103C/Lon/Net/Rum 1.312/PIR_activity_1.312,2024-01-01 01:58:21,248,0.0
232977,/TM023_4_21_1.-103C/Lon/Net/Rum 1.312/PIR_activity_1.312,2024-01-01 01:57:21,248,0.0
232977,/TM023_4_21_1.-103C/Lon/Net/Rum 1.312/PIR_activity_1.312,2024-01-01 01:56:21,248,0.0
232977,/TM023_4_21_1.-103C/Lon/Net/Rum 1.312/PIR_activity_1.312,2024-01-01 01:55:21,248,0.0
232977,/TM023_4_21_1.-103C/Lon/Net/Rum 1.312/PIR_activity_1.312,2024-01-01 01:54:21,248,0.0
232977,/TM023_4_21_1.-103C/Lon/Net/Rum 1.312/PIR_activity_1.312,2024-01-01 01:53:21,248,0.0
232977,/TM023_4_21_1.-103C/Lon/Net/Rum 1.312/PIR_activity_1.312,2024-01-01 01:52:21,248,0.0
232977,/TM023_4_21_1.-103C/Lon/Net/Rum 1.312/PIR_activity_1.312,2024-01-01 01:51:21,248,0.0
232977,/TM023_4_21_1.-103C/Lon/Net/Rum 1.312/PIR_activity_1.312,2024-01-01 01:50:21,248,0.0
232977,/TM023_4_21_1.-103C/Lon/Net/Rum 1.312/PIR_activity_1.312,2024-01-01 01:49:21,248,0.0
232977,/TM023_4_21_1.-103C/Lon/Net/Rum 1.312/PIR_activity_1.312,2024-01-01 01:48:21,248,0.0
232977,/TM023_4_21_1.-103C/Lon/Net/Rum 1.312/PIR_activity_1.312,2024-01-01 01:47:21,248,0.0
232977,/TM023_4_21_1.-103C/Lon/Net/Rum 1.312/PIR_activity_1.312,2024-01-01 01:46:21,248,0.0
232977,/TM023_4_21_1.-103C/Lon/Net/Rum 1.312/PIR_activity_1.312,2024-01-01 01:45:21,248,0.0
232977,/TM023_4_21_1.-103C/Lon/Net/Rum 1.312/PIR_activity_1.312,2024-01-01 01:44:21,248,0.0
232977,/TM023_4_21_1.-103C/Lon/Net/Rum 1.312/PIR_activity_1.312,2024-01-01 01:43:21,248,0.0
232977,/TM023_4_21_1.-103C/Lon/Net/Rum 1.312/PIR_activity_1.312,2024-01-01 01:42:21,248,0.0
232977,/TM023_4_21_1.-103C/Lon/Net/Rum 1.312/PIR_activity_1.312,2024-01-01 01:41:21,248,0.0
232977,/TM023_4_21_1.-103C/Lon/Net/Rum 1.312/PIR_activity_1.312,2024-01-01 01:40:21,248,0.0
232977,/TM023_4_21_1.-103C/Lon/Net/Rum 1.312/PIR_activity_1.312,2024-01-01 01:39:21,248,0.0
232977,/TM023_4_21_1.-103C/Lon/Net/Rum 1.312/PIR_activity_1.312,2024-01-01 01:38:21,248,0.0
232977,/TM023_4_21_1.-103C/Lon/Net/Rum 1.312/PIR_activity_1.312,2024-01-01 01:37:21,248,0.0
232977,/TM023_4_21_1.-103C/Lon/Net/Rum 1.312/PIR_activity_1.312,2024-01-01 01:36:21,248,0.0
232977,/TM023_4_21_1.-103C/Lon/Net/Rum 1.312/PIR_activity_1.312,2024-01-01 01:35:21,248,
232977,/TM023_4_21_1.-103C/Lon/Net/Rum 1.312/PIR_activity_1.312,2024-01-01 01:34:21,248,0.0
232977,/TM023_4_21_1.-103C/Lon/Net/Rum 1.312/PIR_activity_1.312,2024-01-01 01:33:21,248,0.0
232977,/TM023_4_21_1.-103C/Lon/Net/Rum 1.312/PIR_activity_1.312,2024-01-01 01:32:21,248,0.0
232977,/TM023_4_21_1.-103C/Lon/Net/Rum 1.312/PIR_activity_1.312,2024-01-01 01:31:21,248,0.0
232977,/TM023_4_21_1.-103C/Lon/Net/Rum 1.312/PIR_activity_1.312,2024-01-01 01:30:21,248,0.0
232977,/TM023_4_21_1.-103C/Lon/Net/Rum 1.312/PIR_activity_1.312,2024-01-01 01:29:21,248,0.0
232977,/TM023_4_21_1.-103C/Lon/Net/Rum 1.312/PIR_activity_1.312,2024-01-01 01:28:21,248,0.0
232977,/TM023_4_21_1.-103C/Lon/Net/Rum 1.312/PIR_activity_1.312,2024-01-01 01:27:21,248,0.0
232977,/TM023_4_21_1.-103C/Lon/Net/Rum 1.312/PIR_activity_1.312,2024-01-01 01:26:21,248,0.0
232977,/TM023_4_21_1.-103C/Lon/Net/Rum 1.312/PIR_activity_1.312,2024-01-01 01:25:21,248,0.0
232977,/TM023_4_21_1.-103C/Lon/Net/Rum 1.312/PIR_activity_1.312,2024-01-01 01:24:21,248,0.0
232977,/TM023_4_21_1.-103C/Lon/Net/Rum 1.312/PIR_activity_1.312,2024-01-01 01:23:21,248,0.0
232977,/TM023_4_21_1.-103C/Lon/Net/Rum 1.312/PIR_activity_1.312,2024-01-01 01:22:21,248,0.0
232977,/TM023_4_21_1.-103C/Lon/Net/Rum 1.312/PIR_activity_1.312,2024-01-01 01:21:21,248,0.0
232977,/TM023_4_21_1.-103C/Lon/Net/Rum 1.312/PIR_activity_1.312,2024-01-01 01:20:21,248,0.0
232977,/TM023_4_21_1.-103C/Lon/Net/Rum 1.312/PIR_activity_1.312,2024-01-01 01:19:21,248,0.0
232977,/TM023_4_21_1.-103C/Lon/Net/Rum 1.312/PIR_activity_1.312,2024-01-01 01:18:21,248,0.0
232977,/TM023_4_21_1.-103C/Lon/Net/Rum 1.312/PIR_activity_1.312,2024-01-01 01:17:21,248,0.0
232977,/TM023_4_21_1.-103C/Lon/Net/Rum 1.312/PIR_activity_1.312,2024-01-01 01:16:21,248,0.0
232977,/TM023_4_21_1.-103C/Lon/Net/Rum 1.312/PIR_activity_1.312,2024-01-01 01:15:21,248,0.0
232977,/TM023_4_21_1.-103C/Lon/Net/Rum 1.312/PIR_activity_1.312,2024-01-01 01:14:21,248,0.0
232977,/TM023_4_21_1.-103C/Lon/Net/Rum 1.312/PIR_activity_1.312,2024-01-01 01:13:21,248,0.0
232977,/TM023_4_21_1.-103C/Lon/Net/Rum 1.312/PIR_activity_1.312,2024-01-01 01:12:21,248,0.0
232977,/TM023_4_21_1.-103C/Lon/Net/Rum 1.312/PIR_activity_1.312,2024-01-01 01:11:21,248,0.0
232977,/TM023_4_21_1.-103C/Lon/Net/Rum 1.312/PIR_activity_1.312,2024-01-01 01:10:21,248,0.0
232977,/TM023_4_21_1.-103C/Lon/Net/Rum 1.312/PIR_activity_1.312,2024-01-01 01:09:21,248,0.0
232977,/TM023_4_21_1.-103C/Lon/Net/Rum 1.312/PIR_activity_1.312,2024-01-01 01:08:21,248,0.0
232977,/TM023_4_21_1.-103C/Lon/Net/Rum 1.312/PIR_activity_1.312,2024-01-01 01:07:21,248,0.0
232977,/TM023_4_21_1.-103C/Lon/Net/Rum 1.312/PIR_activity_1.312,2024-01-01 01:06:21,248,0.0
232977,/TM023_4_21_1.-103C/Lon/Net/Rum 1.312/PIR_activity_1.312,2024-01-01 01:05:21,248,0.0
232977,/TM023_4_21_1.-103C/Lon/Net/Rum 1.312/PIR_activity_1.312,2024-01-01 01:04:21,248,0.0
232977,/TM023_4_21_1.-103C/Lon/Net/Rum 1.312/PIR_activity_1.312,2024-01-01 01:03:21,248,0.0
232977,/TM023_4_21_1.-103C/Lon/Net/Rum 1.312/PIR_activity_1.312,2024-01-01 01:02:21,248,0.0
232977,/TM023_4_21_1.-103C/Lon/Net/Rum 1.312/PIR_activity_1.312,2024-01-01 01:01:21,248,0.0
232977,/TM023_4_21_1.-103C/Lon/Net/Rum 1.312/PIR_activity_1.312,2024-01-01 01:00:21,248,0.0
232978,/TM023_4_21_1.-103C/Lon/Net/Rum 1.310/PIR_activity_1.310,2024-01-01 01:59:19,248,0.0
232978,/TM023_4_21_1.-103C/Lon/Net/Rum 1.310/PIR_activity_1.310,2024-01-01 01:58:19,248,0.0
232978,/TM023_4_21_1.-103C/Lon/Net/Rum 1.310/PIR_activity_1.310,2024-01-01 01:57:19,248,0.0
232978,/TM023_4_21_1.-103C/Lon/Net/Rum 1.310/PIR_activity_1.310,2024-01-01 01:56:19,248,0.0
232978,/TM023_4_21_1.-103C/Lon/Net/Rum 1.310/PIR_activity_1.310,2024-01-01 01:55:19,248,
232978,/TM023_4_21_1.-103C/Lon/Net/Rum 1.310/PIR_activity_1.310,2024-01-01 01:54:19,248,0.0
232978,/TM023_4_21_1.-103C/Lon/Net/Rum 1.310/PIR_activity_1.310,2024-01-01 01:53:19,248,0.0
232978,/TM023_4_21_1.-103C/Lon/Net/Rum 1.310/PIR_activity_1.310,2024-01-01 01:52:19,248,0.0
232978,/TM023_4_21_1.-103C/Lon/Net/Rum 1.310/PIR_activity_1.310,2024-01-01 01:51:19,248,0.0
232978,/TM023_4_21_1.-103C/Lon/Net/Rum 1.310/PIR_activity_1.310,2024-01-01 01:50:19,248,0.0
232978,/TM023_4_21_1.-103C/Lon/Net/Rum 1.310/PIR_activity_1.310,2024-01-01 01:49:19,248,0.0
232978,/TM023_4_21_1.-103C/Lon/Net/Rum 1.310/PIR_activity_1.310,2024-01-01 01:48:19,248,0.0
232978,/TM023_4_21_1.-103C/Lon/Net/Rum 1.310/PIR_activity_1.310,2024-01-01 01:47:19,248,0.0
232978,/TM023_4_21_1.-103C/Lon/Net/Rum 1.310/PIR_activity_1.310,2024-01-01 01:46:19,248,0.0
232978,/TM023_4_21_1.-103C/Lon/Net/Rum 1.310/PIR_activity_1.310,2024-01-01 01:45:19,248,0.0
232978,/TM023_4_21_1.-103C/Lon/Net/Rum 1.310/PIR_activity_1.310,2024-01-01 01:44:19,248,0.0
232978,/TM023_4_21_1.-103C/Lon/Net/Rum 1.310/PIR_activity_1.310,2024-01-01 01:43:19,248,0.0
232978,/TM023_4_21_1.-103C/Lon/Net/Rum 1.310/PIR_activity_1.310,2024-01-01 01:42:19,248,0.0
232978,/TM023_4_21_1.-103C/Lon/Net/Rum 1.310/PIR_activity_1.310,2024-01-01 01:41:19,248,0.0
232978,/TM023_4_21_1.-103C/Lon/Net/Rum 1.310/PIR_activity_1.310,2024-01-01 01:40:19,248,0.0
232978,/TM023_4_21_1.-103C/Lon/Net/Rum 1.310/PIR_activity_1.310,2024-01-01 01:39:19,248,0.0
232978,/TM023_4_21_1.-103C/Lon/Net/Rum 1.310/PIR_activity_1.310,2024-01-01 01:38:19,248,0.0
232978,/TM023_4_21_1.-103C/Lon/Net/Rum 1.310/PIR_activity_1.310,2024-01-01 01:37:19,248,0.0
232978,/TM023_4_21_1.-103C/Lon/Net/Rum 1.310/PIR_activity_1.310,2024-01-01 01:36:19,248,0.0
232978,/TM023_4_21_1.-103C/Lon/Net/Rum 1.310/PIR_activity_1.310,2024-01-01 01:35:19,248,0.0
232978,/TM023_4_21_1.-103C/Lon/Net/Rum 1.310/PIR_activity_1.310,2024-01-01 01:34:19,248,0.0
232978,/TM023_4_21_1.-103C/Lon/Net/Rum 1.310/PIR_activity_1.310,2024-01-01 01:33:19,248,0.0
232978,/TM023_4_21_1.-103C/Lon/Net/Rum 1.310/PIR_activity_1.310,2024-01-01 01:32:19,248,0.0
232978,/TM023_4_21_1.-103C/Lon/Net/Rum 1.310/PIR_activity_1.310,2024-01-01 01:31:19,248,0.0
232978,/TM023_4_21_1.-103C/Lon/Net/Rum 1.310/PIR_activity_1.310,2024-01-01 01:30:19,248,0.0
232978,/TM023_4_21_1.-103C/Lon/Net/Rum 1.310/PIR_activity_1.310,2024-01-01 01:29:19,248,0.0
232978,/TM023_4_21_1.-103C/Lon/Net/Rum 1.310/PIR_activity_1.310,2024-01-01 01:28:19,248,0.0
232978,/TM023_4_21_1.-103C/Lon/Net/Rum 1.310/PIR_activity_1.310,2024-01-01 01:27:19,248,0.0
232978,/TM023_4_21_1.-103C/Lon/Net/Rum 1.310/PIR_activity_1.310,2024-01-01 01:26:19,248,0.0
232978,/TM023_4_21_1.-103C/Lon/Net/Rum 1.310/PIR_activity_1.310,2024-01-01 01:25:19,248,0.0
232978,/TM023_4_21_1.-103C/Lon/Net/Rum 1.310/PIR_activity_1.310,2024-01-01 01:24:19,248,0.0
232978,/TM023_4_21_1.-103C/Lon/Net/Rum 1.310/PIR_activity_1.310,2024-01-01 01:23:19,248,0.0
232978,/TM023_4_21_1.-103C/Lon/Net/Rum 1.310/PIR_activity_1.310,2024-01-01 01:22:19,248,0.0
232978,/TM023_4_21_1.-103C/Lon/Net/Rum 1.310/PIR_activity_1.310,2024-01-01 01:21:19,248,0.0
232978,/TM023_4_21_1.-103C/Lon/Net/Rum 1.310/PIR_activity_1.310,2024-01-01 01:20:19,248,0.0
232978,/TM023_4_21_1.-103C/Lon/Net/Rum 1.310/PIR_activity_1.310,2024-01-01 01:19:19,248,0.0
232978,/TM023_4_21_1.-103C/Lon/Net/Rum 1.310/PIR_activity_1.310,2024-01-01 01:18:19,248,0.0
232978,/TM023_4_21_1.-103C/Lon/Net/Rum 1.310/PIR_activity_1.310,2024-01-01 01:17:19,248,0.0
232978,/TM023_4_21_1.-103C/Lon/Net/Rum 1.310/PIR_activity_1.310,2024-01-01 01:16:19,248,0.0
232978,/TM023_4_21_1.-103C/Lon/Net/Rum 1.310/PIR_activity_1.310,2024-01-01 01:15:19,248,0.0
232978,/TM023_4_21_1.-103C/Lon/Net/Rum 1.310/PIR_activity_1.310,2024-01-01 01:14:19,248,0.0
232978,/TM023_4_21_1.-103C/Lon/Net/Rum 1.310/PIR_activity_1.310,2024-01-01 01:13:19,248,0.0
232978,/TM023_4_21_1.-103C/Lon/Net/Rum 1.310/PIR_activity_1.310,2024-01-01 01:12:19,248,0.0
232978,/TM023_4_21_1.-103C/Lon/Net/Rum 1.310/PIR_activity_1.310,2024-01-01 01:11:19,248,0.0
232978,/TM023_4_21_1.-103C/Lon/Net/Rum 1.310/PIR_activity_1.310,2024-01-01 01:10:19,248,0.0
232978,/TM023_4_21_1.-103C/Lon/Net/Rum 1.310/PIR_activity_1.310,2024-01-01 01:09:19,248,0.0
232978,/TM023_4_21_1.-103C/Lon/Net/Rum 1.310/PIR_activity_1.310,2024-01-01 01:08:19,248,0.0
232978,/TM023_4_21_1.-103C/Lon/Net/Rum 1.310/PIR_activity_1.310,2024-01-01 01:07:19,248,0.0
232978,/TM023_4_21_1.-103C/Lon/Net/Rum 1.310/PIR_activity_1.310,2024-01-01 01:06:19,248,0.0
232978,/TM023_4_21_1.-103C/Lon/Net/Rum 1.310/PIR_activity_1.310,2024-01-01 01:05:19,248,0.0
232978,/TM023_4_21_1.-103C/Lon/Net/Rum 1.310/PIR_activity_1.310,2024-01-01 01:04:19,248,0.0
232978,/TM023_4_21_1.-103C/Lon/Net/Rum 1.310/PIR_activity_1.310,2024-01-01 01:03:19,248,0.0
232978,/TM023_4_21_1.-103C/Lon/Net/Rum 1.310/PIR_activity_1.310,2024-01-01 01:02:19,248,0.0
232978,/TM023_4_21_1.-103C/Lon/Net/Rum 1.310/PIR_activity_1.310,2024-01-01 01:01:19,248,0.0
232978,/TM023_4_21_1.-103C/Lon/Net/Rum 1.310/PIR_activity_1.310,2024-01-01 01:00:19,248,0.0
232979,/TM023_4_21_1.-103C/Lon/Net/Rum 1.308/PIR_activity_1.308,2024-01-01 01:59:17,248,0.0
232979,/TM023_4_21_1.-103C/Lon/Net/Rum 1.308/PIR_activity_1.308,2024-01-01 01:58:17,248,0.0
232979,/TM023_4_21_1.-103C/Lon/Net/Rum 1.308/PIR_activity_1.308,2024-01-01 01:57:17,248,0.0
232979,/TM023_4_21_1.-103C/Lon/Net/Rum 1.308/PIR_activity_1.308,2024-01-01 01:56:17,248,0.0
232979,/TM023_4_21_1.-103C/Lon/Net/Rum 1.308/PIR_activity_1.308,2024-01-01 01:55:17,248,0.0
232979,/TM023_4_21_1.-103C/Lon/Net/Rum 1.308/PIR_activity_1.308,2024-01-01 01:54:17,248,0.0
232979,/TM023_4_21_1.-103C/Lon/Net/Rum 1.308/PIR_activity_1.308,2024-01-01 01:53:17,248,0.0
232979,/TM023_4_21_1.-103C/Lon/Net/Rum 1.308/PIR_activity_1.308,2024-01-01 01:52:17,248,0.0
232979,/TM023_4_21_1.-103C/Lon/Net/Rum 1.308/PIR_activity_1.308,2024-01-01 01:51:17,248,0.0
232979,/TM023_4_21_1.-103C/Lon/Net/Rum 1.308/PIR_activity_1.308,2024-01-01 01:50:17,248,0.0
232979,/TM023_4_21_1.-103C/Lon/Net/Rum 1.308/PIR_activity_1.308,2024-01-01 01:49:17,248,0.0
232979,/TM023_4_21_1.-103C/Lon/Net/Rum 1.308/PIR_activity_1.308,2024-01-01 01:48:17,248,0.0
232979,/TM023_4_21_1.-103C/Lon/Net/Rum 1.308/PIR_activity_1.308,2024-01-01 01:47:17,248,0.0
232979,/TM023_4_21_1.-103C/Lon/Net/Rum 1.308/PIR_activity_1.308,2024-01-01 01:46:17,248,0.0
232979,/TM023_4_21_1.-103C/Lon/Net/Rum 1.308/PIR_activity_1.308,2024-01-01 01:45:17,248,0.0
232979,/TM023_4_21_1.-103C/Lon/Net/Rum 1.308/PIR_activity_1.308,2024-01-01 01:44:17,248,0.0
232979,/TM023_4_21_1.-103C/Lon/Net/Rum 1.308/PIR_activity_1.308,2024-01-01 01:43:17,248,0.0
232979,/TM023_4_21_1.-103C/Lon/Net/Rum 1.308/PIR_activity_1.308,2024-01-01 01:42:17,248,0.0
232979,/TM023_4_21_1.-103C/Lon/Net/Rum 1.308/PIR_activity_1.308,2024-01-01 01:41:17,248,0.0
232979,/TM023_4_21_1.-103C/Lon/Net/Rum 1.308/PIR_activity_1.308,2024-01-01 01:40:17,248,0.0
232979,/TM023_4_21_1.-103C/Lon/Net/Rum 1.308/PIR_activity_1.308,2024-01-01 01:39:17,248,0.0
232979,/TM023_4_21_1.-103C/Lon/Net/Rum 1.308/PIR_activity_1.308,2024-01-01 01:38:17,248,0.0
232979,/TM023_4_21_1.-103C/Lon/Net/Rum 1.308/PIR_activity_1.308,2024-01-01 01:37:17,248,0.0
232979,/TM023_4_21_1.-103C/Lon/Net/Rum 1.308/PIR_activity_1.308,2024-01-01 01:36:17,248,0.0
232979,/TM023_4_21_1.-103C/Lon/Net/Rum 1.308/PIR_activity_1.308,2024-01-01 01:35:17,248,0.0
232979,/TM023_4_21_1.-103C/Lon/Net/Rum 1.308/PIR_activity_1.308,2024-01-01 01:34:17,248,0.0
232979,/TM023_4_21_1.-103C/Lon/Net/Rum 1.308/PIR_activity_1.308,2024-01-01 01:33:17,248,0.0
232979,/TM023_4_21_1.-103C/Lon/Net/Rum 1.308/PIR_activity_1.308,2024-01-01 01:32:17,248,0.0
232979,/TM023_4_21_1.-103C/Lon/Net/Rum 1.308/PIR_activity_1.308,2024-01-01 01:31:17,248,0.0
232979,/TM023_4_21_1.-103C/Lon/Net/Rum 1.308/PIR_activity_1.308,2024-01-01 01:30:17,248,0.0
232979,/TM023_4_21_1.-103C/Lon/Net/Rum 1.308/PIR_activity_1.308,2024-01-01 01:29:17,248,0.0
232979,/TM023_4_21_1.-103C/Lon/Net/Rum 1.308/PIR_activity_1.308,2024-01-01 01:28:17,248,0.0
232979,/TM023_4_21_1.-103C/Lon/Net/Rum 1.308/PIR_activity_1.308,2024-01-01 01:27:17,248,0.0
232979,/TM023_4_21_1.-103C/Lon/Net/Rum 1.308/PIR_activity_1.308,2024-01-01 01:26:17,248,0.0
232979,/TM023_4_21_1.-103C/Lon/Net/Rum 1.308/PIR_activity_1.308,2024-01-01 01:25:17,248,0.0
232979,/TM023_4_21_1.-103C/Lon/Net/Rum 1.308/PIR_activity_1.308,2024-01-01 01:24:17,248,0.0
232979,/TM023_4_21_1.-103C/Lon/Net/Rum 1.308/PIR_activity_1.308,2024-01-01 01:23:17,248,0.0
232979,/TM023_4_21_1.-103C/Lon/Net/Rum 1.308/PIR_activity_1.308,2024-01-01 01:22:17,248,0.0
232979,/TM023_4_21_1.-103C/Lon/Net/Rum 1.308/PIR_activity_1.308,2024-01-01 01:21:17,248,0.0
232979,/TM023_4_21_1.-103C/Lon/Net/Rum 1.308/PIR_activity_1.308,2024-01-01 01:20:17,248,0.0
232979,/TM023_4_21_1.-103C/Lon/Net/Rum 1.308/PIR_activity_1.308,2024-01-01 01:19:17,248,0.0
232979,/TM023_4_21_1.-103C/Lon/Net/Rum 1.308/PIR_activity_1.308,2024-01-01 01:18:17,248,0.0
232979,/TM023_4_21_1.-103C/Lon/Net/Rum 1.308/PIR_activity_1.308,2024-01-01 01:17:17,248,0.0
232979,/TM023_4_21_1.-103C/Lon/Net/Rum 1.308/PIR_activity_1.308,2024-01-01 01:16:17,248,0.0
232979,/TM023_4_21_1.-103C/Lon/Net/Rum 1.308/PIR_activity_1.308,2024-01-01 01:15:17,248,0.0
232979,/TM023_4_21_1.-103C/Lon/Net/Rum 1.308/PIR_activity_1.308,2024-01-01 01:14:17,248,0.0
232979,/TM023_4_21_1.-103C/Lon/Net/Rum 1.308/PIR_activity_1.308,2024-01-01 01:13:17,248,0.0
232979,/TM023_4_21_1.-103C/Lon/Net/Rum 1.308/PIR_activity_1.308,2024-01-01 01:12:17,248,0.0
232979,/TM023_4_21_1.-103C/Lon/Net/Rum 1.308/PIR_activity_1.308,2024-01-01 01:11:17,248,0.0
232979,/TM023_4_21_1.-103C/Lon/Net/Rum 1.308/PIR_activity_1.308,2024-01-01 01:10:17,248,0.0
232979,/TM023_4_21_1.-103C/Lon/Net/Rum 1.308/PIR_activity_1.308,2024-01-01 01:09:17,248,0.0
232979,/TM023_4_21_1.-103C/Lon/Net/Rum 1.308/PIR_activity_1.308,2024-01-01 01:08:17,248,0.0
232979,/TM023_4_21_1.-103C/Lon/Net/Rum 1.308/PIR_activity_1.308,2024-01-01 01:07:17,248,0.0
232979,/TM023_4_21_1.-103C/Lon/Net/Rum 1.308/PIR_activity_1.308,2024-01-01 01:06:17,248,0.0
232979,/TM023_4_21_1.-103C/Lon/Net/Rum 1.308/PIR_activity_1.308,2024-01-01 01:05:17,248,0.0
232979,/TM023_4_21_1.-103C/Lon/Net/Rum 1.308/PIR_activity_1.308,2024-01-01 01:04:17,248,0.0
232979,/TM023_4_21_1.-103C/Lon/Net/Rum 1.308/PIR_activity_1.308,2024-01-01 01:03:17,248,0.0
232979,/TM023_4_21_1.-103C/Lon/Net/Rum 1.308/PIR_activity_1.308,2024-01-01 01:02:17,248,0.0
232979,/TM023_4_21_1.-103C/Lon/Net/Rum 1.308/PIR_activity_1.308,2024-01-01 01:01:17,248,0.0
232979,/TM023_4_21_1.-103C/Lon/Net/Rum 1.308/PIR_activity_1.308,2024-01-01 01:00:17,248,0.0
232980,/TM023_4_21_1.-103C/Lon/Net/Rum 1.306/PIR_activity_1.306,2024-01-01 01:59:15,248,0.0
232980,/TM023_4_21_1.-103C/Lon/Net/Rum 1.306/PIR_activity_1.306,2024-01-01 01:58:15,248,0.0
232980,/TM023_4_21_1.-103C/Lon/Net/Rum 1.306/PIR_activity_1.306,2024-01-01 01:57:15,248,0.0
232980,/TM023_4_21_1.-103C/Lon/Net/Rum 1.306/PIR_activity_1.306,2024-01-01 01:56:15,248,0.0
232980,/TM023_4_21_1.-103C/Lon/Net/Rum 1.306/PIR_activity_1.306,2024-01-01 01:55:15,248,0.0
232980,/TM023_4_21_1.-103C/Lon/Net/Rum 1.306/PIR_activity_1.306,2024-01-01 01:54:15,248,0.0
232980,/TM023_4_21_1.-103C/Lon/Net/Rum 1.306/PIR_activity_1.306,2024-01-01 01:53:15,248,0.0
232980,/TM023_4_21_1.-103C/Lon/Net/Rum 1.306/PIR_activity_1.306,2024-01-01 01:52:15,248,0.0
232980,/TM023_4_21_1.-103C/Lon/Net/Rum 1.306/PIR_activity_1.306,2024-01-01 01:51:15,248,0.0
232980,/TM023_4_21_1.-103C/Lon/Net/Rum 1.306/PIR_activity_1.306,2024-01-01 01:50:15,248,0.0
232980,/TM023_4_21_1.-103C/Lon/Net/Rum 1.306/PIR_activity_1.306,2024-01-01 01:49:15,248,0.0
232980,/TM023_4_21_1.-103C/Lon/Net/Rum 1.306/PIR_activity_1.306,2024-01-01 01:48:15,248,0.0
232980,/TM023_4_21_1.-103C/Lon/Net/Rum 1.306/PIR_activity_1.306,2024-01-01 01:47:15,248,0.0
232980,/TM023_4_21_1.-103C/Lon/Net/Rum 1.306/PIR_activity_1.306,2024-01-01 01:46:15,248,0.0
232980,/TM023_4_21_1.-103C/Lon/Net/Rum 1.306/PIR_activity_1.306,2024-01-01 01:45:15,248,0.0
232980,/TM023_4_21_1.-103C/Lon/Net/Rum 1.306/PIR_activity_1.306,2024-01-01 01:44:15,248,0.0
232980,/TM023_4_21_1.-103C/Lon/Net/Rum 1.306/PIR_activity_1.306,2024-01-01 01:43:15,248,0.0
232980,/TM023_4_21_1.-103C/Lon/Net/Rum 1.306/PIR_activity_1.306,2024-01-01 01:42:15,248,0.0
232980,/TM023_4_21_1.-103C/Lon/Net/Rum 1.306/PIR_activity_1.306,2024-01-01 01:41:15,248,0.0
232980,/TM023_4_21_1.-103C/Lon/Net/Rum 1.306/PIR_activity_1.306,2024-01-01 01:40:15,248,0.0
232980,/TM023_4_21_1.-103C/Lon/Net/Rum 1.306/PIR_activity_1.306,2024-01-01 01:39:15,248,0.0
232980,/TM023_4_21_1.-103C/Lon/Net/Rum 1.306/PIR_activity_1.306,2024-01-01 01:38:15,248,0.0
232980,/TM023_4_21_1.-103C/Lon/Net/Rum 1.306/PIR_activity_1.306,2024-01-01 01:37:15,248,0.0
232980,/TM023_4_21_1.-103C/Lon/Net/Rum 1.306/PIR_activity_1.306,2024-01-01 01:36:15,248,0.0
232980,/TM023_4_21_1.-103C/Lon/Net/Rum 1.306/PIR_activity_1.306,2024-01-01 01:35:15,248,0.0
232980,/TM023_4_21_1.-103C/Lon/Net/Rum 1.306/PIR_activity_1.306,2024-01-01 01:34:15,248,0.0
232980,/TM023_4_21_1.-103C/Lon/Net/Rum 1.306/PIR_activity_1.306,2024-01-01 01:33:15,248,0.0
232980,/TM023_4_21_1.-103C/Lon/Net/Rum 1.306/PIR_activity_1.306,2024-01-01 01:32:15,248,0.0
232980,/TM023_4_21_1.-103C/Lon/Net/Rum 1.306/PIR_activity_1.306,2024-01-01 01:31:15,248,0.0
232980,/TM023_4_21_1.-103C/Lon/Net/Rum 1.306/PIR_activity_1.306,2024-01-01 01:30:15,248,0.0
232980,/TM023_4_21_1.-103C/Lon/Net/Rum 1.306/PIR_activity_1.306,2024-01-01 01:29:15,248,0.0
232980,/TM023_4_21_1.-103C/Lon/Net/Rum 1.306/PIR_activity_1.306,2024-01-01 01:28:15,248,0.0
232980,/TM023_4_21_1.-103C/Lon/Net/Rum 1.306/PIR_activity_1.306,2024-01-01 01:27:15,248,0.0
232980,/TM023_4_21_1.-103C/Lon/Net/Rum 1.306/PIR_activity_1.306,2024-01-01 01:26:15,248,0.0
232980,/TM023_4_21_1.-103C/Lon/Net/Rum 1.306/PIR_activity_1.306,2024-01-01 01:25:15,248,0.0
232980,/TM023_4_21_1.-103C/Lon/Net/Rum 1.306/PIR_activity_1.306,2024-01-01 01:24:15,248,0.0
232980,/TM023_4_21_1.-103C/Lon/Net/Rum 1.306/PIR_activity_1.306,2024-01-01 01:23:15,248,0.0
232980,/TM023_4_21_1.-103C/Lon/Net/Rum 1.306/PIR_activity_1.306,2024-01-01 01:22:15,248,0.0
232980,/TM023_4_21_1.-103C/Lon/Net/Rum 1.306/PIR_activity_1.306,2024-01-01 01:21:15,248,0.0
232980,/TM023_4_21_1.-103C/Lon/Net/Rum 1.306/PIR_activity_1.306,2024-01-01 01:20:15,248,0.0
232980,/TM023_4_21_1.-103C/Lon/Net/Rum 1.306/PIR_activity_1.306,2024-01-01 01:19:15,248,0.0
232980,/TM023_4_21_1.-103C/Lon/Net/Rum 1.306/PIR_activity_1.306,2024-01-01 01:18:15,248,0.0
232980,/TM023_4_21_1.-103C/Lon/Net/Rum 1.306/PIR_activity_1.306,2024-01-01 01:17:15,248,0.0
232980,/TM023_4_21_1.-103C/Lon/Net/Rum 1.306/PIR_activity_1.306,2024-01-01 01:16:15,248,0.0
232980,/TM023_4_21_1.-103C/Lon/Net/Rum 1.306/PIR_activity_1.306,2024-01-01 01:15:15,248,0.0
232980,/TM023_4_21_1.-103C/Lon/Net/Rum 1.306/PIR_activity_1.306,2024-01-01 01:14:15,248,0.0
232980,/TM023_4_21_1.-103C/Lon/Net/Rum 1.306/PIR_activity_1.306,2024-01-01 01:13:15,248,0.0
232980,/TM023_4_21_1.-103C/Lon/Net/Rum 1.306/PIR_activity_1.306,2024-01-01 01:12:15,248,0.0
232980,/TM023_4_21_1.-103C/Lon/Net/Rum 1.306/PIR_activity_1.306,2024-01-01 01:11:15,248,0.0
232980,/TM023_4_21_1.-103C/Lon/Net/Rum 1.306/PIR_activity_1.306,2024-01-01 01:10:15,248,0.0
232980,/TM023_4_21_1.-103C/Lon/Net/Rum 1.306/PIR_activity_1.306,2024-01-01 01:09:15,248,0.0
232980,/TM023_4_21_1.-103C/Lon/Net/Rum 1.306/PIR_activity_1.306,2024-01-01 01:08:15,248,0.0
232980,/TM023_4_21_1.-103C/Lon/Net/Rum 1.306/PIR_activity_1.306,2024-01-01 01:07:15,248,0.0
232980,/TM023_4_21_1.-103C/Lon/Net/Rum 1.306/PIR_activity_1.306,2024-01-01 01:06:15,248,0.0
232980,/TM023_4_21_1.-103C/Lon/Net/Rum 1.306/PIR_activity_1.306,2024-01-01 01:05:15,248,0.0
232980,/TM023_4_21_1.-103C/Lon/Net/Rum 1.306/PIR_activity_1.306,2024-01-01 01:04:15,248,0.0
232980,/TM023_4_21_1.-103C/Lon/Net/Rum 1.306/PIR_activity_1.306,2024-01-01 01:03:15,248,0.0
232980,/TM023_4_21_1.-103C/Lon/Net/Rum 1.306/PIR_activity_1.306,2024-01-01 01:02:15,248,0.0
232980,/TM023_4_21_1.-103C/Lon/Net/Rum 1.306/PIR_activity_1.306,2024-01-01 01:01:15,248,0.0
232980,/TM023_4_21_1.-103C/Lon/Net/Rum 1.306/PIR_activity_1.306,2024-01-01 01:00:15,248,0.0
232981,/TM023_4_21_1.-103C/Lon/Net/Rum 1.337/PIR_activity_1.337,2024-01-01 01:59:46,248,0.0
232981,/TM023_4_21_1.-103C/Lon/Net/Rum 1.337/PIR_activity_1.337,2024-01-01 01:58:46,248,0.0
232981,/TM023_4_21_1.-103C/Lon/Net/Rum 1.337/PIR_activity_1.337,2024-01-01 01:57:46,248,0.0
232981,/TM023_4_21_1.-103C/Lon/Net/Rum 1.337/PIR_activity_1.337,2024-01-01 01:56:46,248,0.0
232981,/TM023_4_21_1.-103C/Lon/Net/Rum 1.337/PIR_activity_1.337,2024-01-01 01:55:46,248,0.0
232981,/TM023_4_21_1.-103C/Lon/Net/Rum 1.337/PIR_activity_1.337,2024-01-01 01:54:46,248,0.0
232981,/TM023_4_21_1.-103C/Lon/Net/Rum 1.337/PIR_activity_1.337,2024-01-01 01:53:46,248,0.0
232981,/TM023_4_21_1.-103C/Lon/Net/Rum 1.337/PIR_activity_1.337,2024-01-01 01:52:46,248,0.0
232981,/TM023_4_21_1.-103C/Lon/Net/Rum 1.337/PIR_activity_1.337,2024-01-01 01:51:46,248,0.0
232981,/TM023_4_21_1.-103C/Lon/Net/Rum 1.337/PIR_activity_1.337,2024-01-01 01:50:46,248,0.0
232981,/TM023_4_21_1.-103C/Lon/Net/Rum 1.337/PIR_activity_1.337,2024-01-01 01:49:46,248,0.0
232981,/TM023_4_21_1.-103C/Lon/Net/Rum 1.337/PIR_activity_1.337,2024-01-01 01:48:46,248,0.0
232981,/TM023_4_21_1.-103C/Lon/Net/Rum 1.337/PIR_activity_1.337,2024-01-01 01:47:46,248,0.0
232981,/TM023_4_21_1.-103C/Lon/Net/Rum 1.337/PIR_activity_1.337,2024-01-01 01:46:46,248,0.0
232981,/TM023_4_21_1.-103C/Lon/Net/Rum 1.337/PIR_activity_1.337,2024-01-01 01:45:46,248,0.0
232981,/TM023_4_21_1.-103C/Lon/Net/Rum 1.337/PIR_activity_1.337,2024-01-01 01:44:46,248,0.0
232981,/TM023_4_21_1.-103C/Lon/Net/Rum 1.337/PIR_activity_1.337,2024-01-01 01:43:46,248,0.0
232981,/TM023_4_21_1.-103C/Lon/Net/Rum 1.337/PIR_activity_1.337,2024-01-01 01:42:46,248,0.0
232981,/TM023_4_21_1.-103C/Lon/Net/Rum 1.337/PIR_activity_1.337,2024-01-01 01:41:46,248,0.0
232981,/TM023_4_21_1.-103C/Lon/Net/Rum 1.337/PIR_activity_1.337,2024-01-01 01:40:46,248,0.0
232981,/TM023_4_21_1.-103C/Lon/Net/Rum 1.337/PIR_activity_1.337,2024-01-01 01:39:46,248,0.0
232981,/TM023_4_21_1.-103C/Lon/Net/Rum 1.337/PIR_activity_1.337,2024-01-01 01:38:46,248,0.0
232981,/TM023_4_21_1.-103C/Lon/Net/Rum 1.337/PIR_activity_1.337,2024-01-01 01:37:46,248,0.0
232981,/TM023_4_21_1.-103C/Lon/Net/Rum 1.337/PIR_activity_1.337,2024-01-01 01:36:46,248,0.0
232981,/TM023_4_21_1.-103C/Lon/Net/Rum 1.337/PIR_activity_1.337,2024-01-01 01:35:46,248,0.0
232981,/TM023_4_21_1.-103C/Lon/Net/Rum 1.337/PIR_activity_1.337,2024-01-01 01:34:46,248,0.0
232981,/TM023_4_21_1.-103C/Lon/Net/Rum 1.337/PIR_activity_1.337,2024-01-01 01:33:46,248,0.0
232981,/TM023_4_21_1.-103C/Lon/Net/Rum 1.337/PIR_activity_1.337,2024-01-01 01:32:46,248,0.0
232981,/TM023_4_21_1.-103C/Lon/Net/Rum 1.337/PIR_activity_1.337,2024-01-01 01:31:46,248,0.0
232981,/TM023_4_21_1.-103C/Lon/Net/Rum 1.337/PIR_activity_1.337,2024-01-01 01:30:46,248,0.0
232981,/TM023_4_21_1.-103C/Lon/Net/Rum 1.337/PIR_activity_1.337,2024-01-01 01:29:46,248,0.0
232981,/TM023_4_21_1.-103C/Lon/Net/Rum 1.337/PIR_activity_1.337,2024-01-01 01:28:46,248,0.0
232981,/TM023_4_21_1.-103C/Lon/Net/Rum 1.337/PIR_activity_1.337,2024-01-01 01:27:46,248,0.0
232981,/TM023_4_21_1.-103C/Lon/Net/Rum 1.337/PIR_activity_1.337,2024-01-01 01:26:46,248,0.0
232981,/TM023_4_21_1.-103C/Lon/Net/Rum 1.337/PIR_activity_1.337,2024-01-01 01:25:46,248,0.0
232981,/TM023_4_21_1.-103C/Lon/Net/Rum 1.337/PIR_activity_1.337,2024-01-01 01:24:46,248,0.0
232981,/TM023_4_21_1.-103C/Lon/Net/Rum 1.337/PIR_activity_1.337,2024-01-01 01:23:46,248,0.0
232981,/TM023_4_21_1.-103C/Lon/Net/Rum 1.337/PIR_activity_1.337,2024-01-01 01:22:46,248,0.0
232981,/TM023_4_21_1.-103C/Lon/Net/Rum 1.337/PIR_activity_1.337,2024-01-01 01:21:46,248,0.0
232981,/TM023_4_21_1.-103C/Lon/Net/Rum 1.337/PIR_activity_1.337,2024-01-01 01:20:46,248,0.0
232981,/TM023_4_21_1.-103C/Lon/Net/Rum 1.337/PIR_activity_1.337,2024-01-01 01:19:46,248,0.0
232981,/TM023_4_21_1.-103C/Lon/Net/Rum 1.337/PIR_activity_1.337,2024-01-01 01:18:46,248,0.0
232981,/TM023_4_21_1.-103C/Lon/Net/Rum 1.337/PIR_activity_1.337,2024-01-01 01:17:46,248,0.0
232981,/TM023_4_21_1.-103C/Lon/Net/Rum 1.337/PIR_activity_1.337,2024-01-01 01:16:46,248,0.0
232981,/TM023_4_21_1.-103C/Lon/Net/Rum 1.337/PIR_activity_1.337,2024-01-01 01:15:46,248,0.0
232981,/TM023_4_21_1.-103C/Lon/Net/Rum 1.337/PIR_activity_1.337,2024-01-01 01:14:46,248,0.0
232981,/TM023_4_21_1.-103C/Lon/Net/Rum 1.337/PIR_activity_1.337,2024-01-01 01:13:46,248,0.0
232981,/TM023_4_21_1.-103C/Lon/Net/Rum 1.337/PIR_activity_1.337,2024-01-01 01:12:46,248,0.0
232981,/TM023_4_21_1.-103C/Lon/Net/Rum 1.337/PIR_activity_1.337,2024-01-01 01:11:46,248,0.0
232981,/TM023_4_21_1.-103C/Lon/Net/Rum 1.337/PIR_activity_1.337,2024-01-01 01:10:46,248,0.0
232981,/TM023_4_21_1.-103C/Lon/Net/Rum 1.337/PIR_activity_1.337,2024-01-01 01:09:46,248,0.0
232981,/TM023_4_21_1.-103C/Lon/Net/Rum 1.337/PIR_activity_1.337,2024-01-01 01:08:46,248,0.0
232981,/TM023_4_21_1.-103C/Lon/Net/Rum 1.337/PIR_activity_1.337,2024-01-01 01:07:46,248,0.0
232981,/TM023_4_21_1.-103C/Lon/Net/Rum 1.337/PIR_activity_1.337,2024-01-01 01:06:46,248,0.0
232981,/TM023_4_21_1.-103C/Lon/Net/Rum 1.337/PIR_activity_1.337,2024-01-01 01:05:46,248,0.0
232981,/TM023_4_21_1.-103C/Lon/Net/Rum 1.337/PIR_activity_1.337,2024-01-01 01:04:46,248,0.0
232981,/TM023_4_21_1.-103C/Lon/Net/Rum 1.337/PIR_activity_1.337,2024-01-01 01:03:46,248,0.0
232981,/TM023_4_21_1.-103C/Lon/Net/Rum 1.337/PIR_activity_1.337,2024-01-01 01:02:46,248,0.0
232981,/TM023_4_21_1.-103C/Lon/Net/Rum 1.337/PIR_activity_1.337,2024-01-01 01:01:46,248,0.0
232981,/TM023_4_21_1.-103C/Lon/Net/Rum 1.337/PIR_activity_1.337,2024-01-01 01:00:46,248,0.0
232982,/TM023_4_21_1.-103C/Lon/Net/Rum 1.335/PIR_activity_1.335,2024-01-01 01:59:44,248,0.0
232982,/TM023_4_21_1.-103C/Lon/Net/Rum 1.335/PIR_activity_1.335,2024-01-01 01:58:44,248,0.0
232982,/TM023_4_21_1.-103C/Lon/Net/Rum 1.335/PIR_activity_1.335,2024-01-01 01:57:44,248,0.0
232982,/TM023_4_21_1.-103C/Lon/Net/Rum 1.335/PIR_activity_1.335,2024-01-01 01:56:44,248,0.0
232982,/TM023_4_21_1.-103C/Lon/Net/Rum 1.335/PIR_activity_1.335,2024-01-01 01:55:44,248,0.0
232982,/TM023_4_21_1.-103C/Lon/Net/Rum 1.335/PIR_activity_1.335,2024-01-01 01:54:44,248,0.0
232982,/TM023_4_21_1.-103C/Lon/Net/Rum 1.335/PIR_activity_1.335,2024-01-01 01:53:44,248,0.0
232982,/TM023_4_21_1.-103C/Lon/Net/Rum 1.335/PIR_activity_1.335,2024-01-01 01:52:44,248,0.0
232982,/TM023_4_21_1.-103C/Lon/Net/Rum 1.335/PIR_activity_1.335,2024-01-01 01:51:44,248,0.0
232982,/TM023_4_21_1.-103C/Lon/Net/Rum 1.335/PIR_activity_1.335,2024-01-01 01:50:44,248,0.0
232982,/TM023_4_21_1.-103C/Lon/Net/Rum 1.335/PIR_activity_1.335,2024-01-01 01:49:44,248,0.0
232982,/TM023_4_21_1.-103C/Lon/Net/Rum 1.335/PIR_activity_1.335,2024-01-01 01:48:44,248,0.0
232982,/TM023_4_21_1.-103C/Lon/Net/Rum 1.335/PIR_activity_1.335,2024-01-01 01:47:44,248,0.0
232982,/TM023_4_21_1.-103C/Lon/Net/Rum 1.335/PIR_activity_1.335,2024-01-01 01:46:44,248,0.0
232982,/TM023_4_21_1.-103C/Lon/Net/Rum 1.335/PIR_activity_1.335,2024-01-01 01:45:44,248,0.0
232982,/TM023_4_21_1.-103C/Lon/Net/Rum 1.335/PIR_activity_1.335,2024-01-01 01:44:44,248,0.0
232982,/TM023_4_21_1.-103C/Lon/Net/Rum 1.335/PIR_activity_1.335,2024-01-01 01:43:44,248,0.0
232982,/TM023_4_21_1.-103C/Lon/Net/Rum 1.335/PIR_activity_1.335,2024-01-01 01:42:44,248,0.0
232982,/TM023_4_21_1.-103C/Lon/Net/Rum 1.335/PIR_activity_1.335,2024-01-01 01:41:44,248,0.0
232982,/TM023_4_21_1.-103C/Lon/Net/Rum 1.335/PIR_activity_1.335,2024-01-01 01:40:44,248,0.0
232982,/TM023_4_21_1.-103C/Lon/Net/Rum 1.335/PIR_activity_1.335,2024-01-01 01:39:44,248,0.0
232982,/TM023_4_21_1.-103C/Lon/Net/Rum 1.335/PIR_activity_1.335,2024-01-01 01:38:44,248,0.0
232982,/TM023_4_21_1.-103C/Lon/Net/Rum 1.335/PIR_activity_1.335,2024-01-01 01:37:44,248,0.0
232982,/TM023_4_21_1.-103C/Lon/Net/Rum 1.335/PIR_activity_1.335,2024-01-01 01:36:44,248,0.0
232982,/TM023_4_21_1.-103C/Lon/Net/Rum 1.335/PIR_activity_1.335,2024-01-01 01:35:44,248,0.0
232982,/TM023_4_21_1.-103C/Lon/Net/Rum 1.335/PIR_activity_1.335,2024-01-01 01:34:44,248,0.0
232982,/TM023_4_21_1.-103C/Lon/Net/Rum 1.335/PIR_activity_1.335,2024-01-01 01:33:44,248,0.0
232982,/TM023_4_21_1.-103C/Lon/Net/Rum 1.335/PIR_activity_1.335,2024-01-01 01:32:44,248,0.0
232982,/TM023_4_21_1.-103C/Lon/Net/Rum 1.335/PIR_activity_1.335,2024-01-01 01:31:44,248,0.0
232982,/TM023_4_21_1.-103C/Lon/Net/Rum 1.335/PIR_activity_1.335,2024-01-01 01:30:44,248,0.0
232982,/TM023_4_21_1.-103C/Lon/Net/Rum 1.335/PIR_activity_1.335,2024-01-01 01:29:44,248,0.0
232982,/TM023_4_21_1.-103C/Lon/Net/Rum 1.335/PIR_activity_1.335,2024-01-01 01:28:44,248,0.0
232982,/TM023_4_21_1.-103C/Lon/Net/Rum 1.335/PIR_activity_1.335,2024-01-01 01:27:44,248,0.0
232982,/TM023_4_21_1.-103C/Lon/Net/Rum 1.335/PIR_activity_1.335,2024-01-01 01:26:44,248,0.0
232982,/TM023_4_21_1.-103C/Lon/Net/Rum 1.335/PIR_activity_1.335,2024-01-01 01:25:44,248,0.0
232982,/TM023_4_21_1.-103C/Lon/Net/Rum 1.335/PIR_activity_1.335,2024-01-01 01:24:44,248,0.0
232982,/TM023_4_21_1.-103C/Lon/Net/Rum 1.335/PIR_activity_1.335,2024-01-01 01:23:44,248,0.0
232982,/TM023_4_21_1.-103C/Lon/Net/Rum 1.335/PIR_activity_1.335,2024-01-01 01:22:44,248,0.0
232982,/TM023_4_21_1.-103C/Lon/Net/Rum 1.335/PIR_activity_1.335,2024-01-01 01:21:44,248,0.0
232982,/TM023_4_21_1.-103C/Lon/Net/Rum 1.335/PIR_activity_1.335,2024-01-01 01:20:44,248,0.0
232982,/TM023_4_21_1.-103C/Lon/Net/Rum 1.335/PIR_activity_1.335,2024-01-01 01:19:44,248,0.0
232982,/TM023_4_21_1.-103C/Lon/Net/Rum 1.335/PIR_activity_1.335,2024-01-01 01:18:44,248,0.0
232982,/TM023_4_21_1.-103C/Lon/Net/Rum 1.335/PIR_activity_1.335,2024-01-01 01:17:44,248,0.0
232982,/TM023_4_21_1.-103C/Lon/Net/Rum 1.335/PIR_activity_1.335,2024-01-01 01:16:44,248,0.0
232982,/TM023_4_21_1.-103C/Lon/Net/Rum 1.335/PIR_activity_1.335,2024-01-01 01:15:44,248,0.0
232982,/TM023_4_21_1.-103C/Lon/Net/Rum 1.335/PIR_activity_1.335,2024-01-01 01:14:44,248,0.0
232982,/TM023_4_21_1.-103C/Lon/Net/Rum 1.335/PIR_activity_1.335,2024-01-01 01:13:44,248,0.0
232982,/TM023_4_21_1.-103C/Lon/Net/Rum 1.335/PIR_activity_1.335,2024-01-01 01:12:44,248,0.0
232982,/TM023_4_21_1.-103C/Lon/Net/Rum 1.335/PIR_activity_1.335,2024-01-01 01:11:44,248,0.0
232982,/TM023_4_21_1.-103C/Lon/Net/Rum 1.335/PIR_activity_1.335,2024-01-01 01:10:44,248,0.0
232982,/TM023_4_21_1.-103C/Lon/Net/Rum 1.335/PIR_activity_1.335,2024-01-01 01:09:44,248,0.0
232982,/TM023_4_21_1.-103C/Lon/Net/Rum 1.335/PIR_activity_1.335,2024-01-01 01:08:44,248,0.0
232982,/TM023_4_21_1.-103C/Lon/Net/Rum 1.335/PIR_activity_1.335,2024-01-01 01:07:44,248,0.0
232982,/TM023_4_21_1.-103C/Lon/Net/Rum 1.335/PIR_activity_1.335,2024-01-01 01:06:44,248,0.0
232982,/TM023_4_21_1.-103C/Lon/Net/Rum 1.335/PIR_activity_1.335,2024-01-01 01:05:44,248,0.0
232982,/TM023_4_21_1.-103C/Lon/Net/Rum 1.335/PIR_activity_1.335,2024-01-01 01:04:44,248,0.0
232982,/TM023_4_21_1.-103C/Lon/Net/Rum 1.335/PIR_activity_1.335,2024-01-01 01:03:44,248,0.0
232982,/TM023_4_21_1.-103C/Lon/Net/Rum 1.335/PIR_activity_1.335,2024-01-01 01:02:44,248,0.0
232982,/TM023_4_21_1.-103C/Lon/Net/Rum 1.335/PIR_activity_1.335,2024-01-01 01:01:44,248,0.0
232982,/TM023_4_21_1.-103C/Lon/Net/Rum 1.335/PIR_activity_1.335,2024-01-01 01:00:44,248,0.0
232983,/TM023_4_21_1.-103C/Lon/Net/Rum 1.333/PIR_activity_1.334,2024-01-01 01:59:42,248,0.0
232983,/TM023_4_21_1.-103C/Lon/Net/Rum 1.333/PIR_activity_1.334,2024-01-01 01:58:42,248,0.0
232983,/TM023_4_21_1.-103C/Lon/Net/Rum 1.333/PIR_activity_1.334,2024-01-01 01:57:42,248,0.0
232983,/TM023_4_21_1.-103C/Lon/Net/Rum 1.333/PIR_activity_1.334,2024-01-01 01:56:42,248,0.0
232983,/TM023_4_21_1.-103C/Lon/Net/Rum 1.333/PIR_activity_1.334,2024-01-01 01:55:42,248,0.0
232983,/TM023_4_21_1.-103C/Lon/Net/Rum 1.333/PIR_activity_1.334,2024-01-01 01:54:42,248,0.0
232983,/TM023_4_21_1.-103C/Lon/Net/Rum 1.333/PIR_activity_1.334,2024-01-01 01:53:42,248,0.0
232983,/TM023_4_21_1.-103C/Lon/Net/Rum 1.333/PIR_activity_1.334,2024-01-01 01:52:42,248,0.0
232983,/TM023_4_21_1.-103C/Lon/Net/Rum 1.333/PIR_activity_1.334,2024-01-01 01:51:42,248,0.0
232983,/TM023_4_21_1.-103C/Lon/Net/Rum 1.333/PIR_activity_1.334,2024-01-01 01:50:42,248,0.0
232983,/TM023_4_21_1.-103C/Lon/Net/Rum 1.333/PIR_activity_1.334,2024-01-01 01:49:42,248,0.0
232983,/TM023_4_21_1.-103C/Lon/Net/Rum 1.333/PIR_activity_1.334,2024-01-01 01:48:42,248,0.0
232983,/TM023_4_21_1.-103C/Lon/Net/Rum 1.333/PIR_activity_1.334,2024-01-01 01:47:42,248,0.0
232983,/TM023_4_21_1.-103C/Lon/Net/Rum 1.333/PIR_activity_1.334,2024-01-01 01:46:42,248,0.0
232983,/TM023_4_21_1.-103C/Lon/Net/Rum 1.333/PIR_activity_1.334,2024-01-01 01:45:42,248,0.0
232983,/TM023_4_21_1.-103C/Lon/Net/Rum 1.333/PIR_activity_1.334,2024-01-01 01:44:42,248,0.0
232983,/TM023_4_21_1.-103C/Lon/Net/Rum 1.333/PIR_activity_1.334,2024-01-01 01:43:42,248,0.0
232983,/TM023_4_21_1.-103C/Lon/Net/Rum 1.333/PIR_activity_1.334,2024-01-01 01:42:42,248,0.0
232983,/TM023_4_21_1.-103C/Lon/Net/Rum 1.333/PIR_activity_1.334,2024-01-01 01:41:42,248,0.0
232983,/TM023_4_21_1.-103C/Lon/Net/Rum 1.333/PIR_activity_1.334,2024-01-01 01:40:42,248,0.0
232983,/TM023_4_21_1.-103C/Lon/Net/Rum 1.333/PIR_activity_1.334,2024-01-01 01:39:42,248,0.0
232983,/TM023_4_21_1.-103C/Lon/Net/Rum 1.333/PIR_activity_1.334,2024-01-01 01:38:42,248,0.0
232983,/TM023_4_21_1.-103C/Lon/Net/Rum 1.333/PIR_activity_1.334,2024-01-01 01:37:42,248,0.0
232983,/TM023_4_21_1.-103C/Lon/Net/Rum 1.333/PIR_activity_1.334,2024-01-01 01:36:42,248,0.0
232983,/TM023_4_21_1.-103C/Lon/Net/Rum 1.333/PIR_activity_1.334,2024-01-01 01:35:42,248,0.0
232983,/TM023_4_21_1.-103C/Lon/Net/Rum 1.333/PIR_activity_1.334,2024-01-01 01:34:42,248,0.0
232983,/TM023_4_21_1.-103C/Lon/Net/Rum 1.333/PIR_activity_1.334,2024-01-01 01:33:42,248,0.0
232983,/TM023_4_21_1.-103C/Lon/Net/Rum 1.333/PIR_activity_1.334,2024-01-01 01:32:42,248,0.0
232983,/TM023_4_21_1.-103C/Lon/Net/Rum 1.333/PIR_activity_1.334,2024-01-01 01:31:42,248,0.0
232983,/TM023_4_21_1.-103C/Lon/Net/Rum 1.333/PIR_activity_1.334,2024-01-01 01:30:42,248,0.0
232983,/TM023_4_21_1.-103C/Lon/Net/Rum 1.333/PIR_activity_1.334,2024-01-01 01:29:42,248,0.0
232983,/TM023_4_21_1.-103C/Lon/Net/Rum 1.333/PIR_activity_1.334,2024-01-01 01:28:42,248,0.0
232983,/TM023_4_21_1.-103C/Lon/Net/Rum 1.333/PIR_activity_1.334,2024-01-01 01:27:42,248,0.0
232983,/TM023_4_21_1.-103C/Lon/Net/Rum 1.333/PIR_activity_1.334,2024-01-01 01:26:42,248,0.0
232983,/TM023_4_21_1.-103C/Lon/Net/Rum 1.333/PIR_activity_1.334,2024-01-01 01:25:42,248,0.0
232983,/TM023_4_21_1.-103C/Lon/Net/Rum 1.333/PIR_activity_1.334,2024-01-01 01:24:42,248,0.0
232983,/TM023_4_21_1.-103C/Lon/Net/Rum 1.333/PIR_activity_1.334,2024-01-01 01:23:42,248,0.0
232983,/TM023_4_21_1.-103C/Lon/Net/Rum 1.333/PIR_activity_1.334,2024-01-01 01:22:42,248,0.0
232983,/TM023_4_21_1.-103C/Lon/Net/Rum 1.333/PIR_activity_1.334,2024-01-01 01:21:42,248,0.0
232983,/TM023_4_21_1.-103C/Lon/Net/Rum 1.333/PIR_activity_1.334,2024-01-01 01:20:42,248,0.0
232983,/TM023_4_21_1.-103C/Lon/Net/Rum 1.333/PIR_activity_1.334,2024-01-01 01:19:42,248,0.0
232983,/TM023_4_21_1.-103C/Lon/Net/Rum 1.333/PIR_activity_1.334,2024-01-01 01:18:42,248,0.0
232983,/TM023_4_21_1.-103C/Lon/Net/Rum 1.333/PIR_activity_1.334,2024-01-01 01:17:42,248,0.0
232983,/TM023_4_21_1.-103C/Lon/Net/Rum 1.333/PIR_activity_1.334,2024-01-01 01:16:42,248,0.0
232983,/TM023_4_21_1.-103C/Lon/Net/Rum 1.333/PIR_activity_1.334,2024-01-01 01:15:42,248,0.0
232983,/TM023_4_21_1.-103C/Lon/Net/Rum 1.333/PIR_activity_1.334,2024-01-01 01:14:42,248,0.0
232983,/TM023_4_21_1.-103C/Lon/Net/Rum 1.333/PIR_activity_1.334,2024-01-01 01:13:42,248,0.0
232983,/TM023_4_21_1.-103C/Lon/Net/Rum 1.333/PIR_activity_1.334,2024-01-01 01:12:42,248,0.0
232983,/TM023_4_21_1.-103C/Lon/Net/Rum 1.333/PIR_activity_1.334,2024-01-01 01:11:42,248,0.0
232983,/TM023_4_21_1.-103C/Lon/Net/Rum 1.333/PIR_activity_1.334,2024-01-01 01:10:42,248,0.0
232983,/TM023_4_21_1.-103C/Lon/Net/Rum 1.333/PIR_activity_1.334,2024-01-01 01:09:42,248,0.0
232983,/TM023_4_21_1.-103C/Lon/Net/Rum 1.333/PIR_activity_1.334,2024-01-01 01:08:42,248,0.0
232983,/TM023_4_21_1.-103C/Lon/Net/Rum 1.333/PIR_activity_1.334,2024-01-01 01:07:42,248,0.0
232983,/TM023_4_21_1.-103C/Lon/Net/Rum 1.333/PIR_activity_1.334,2024-01-01 01:06:42,248,0.0
232983,/TM023_4_21_1.-103C/Lon/Net/Rum 1.333/PIR_activity_1.334,2024-01-01 01:05:42,248,0.0
232983,/TM023_4_21_1.-103C/Lon/Net/Rum 1.333/PIR_activity_1.334,2024-01-01 01:04:42,248,0.0
232983,/TM023_4_21_1.-103C/Lon/Net/Rum 1.333/PIR_activity_1.334,2024-01-01 01:03:42,248,0.0
232983,/TM023_4_21_1.-103C/Lon/Net/Rum 1.333/PIR_activity_1.334,2024-01-01 01:02:42,248,0.0
232983,/TM023_4_21_1.-103C/Lon/Net/Rum 1.333/PIR_activity_1.334,2024-01-01 01:01:42,248,0.0
232983,/TM023_4_21_1.-103C/Lon/Net/Rum 1.333/PIR_activity_1.334,2024-01-01 01:00:42,248,0.0
232984,/TM023_4_21_1.-103C/Lon/Net/Rum 1.331/PIR_activity_1.331,2024-01-01 01:59:40,248,0.0
232984,/TM023_4_21_1.-103C/Lon/Net/Rum 1.331/PIR_activity_1.331,2024-01-01 01:58:40,248,0.0
232984,/TM023_4_21_1.-103C/Lon/Net/Rum 1.331/PIR_activity_1.331,2024-01-01 01:57:40,248,0.0
232984,/TM023_4_21_1.-103C/Lon/Net/Rum 1.331/PIR_activity_1.331,2024-01-01 01:56:40,248,0.0
232984,/TM023_4_21_1.-103C/Lon/Net/Rum 1.331/PIR_activity_1.331,2024-01-01 01:55:40,248,0.0
232984,/TM023_4_21_1.-103C/Lon/Net/Rum 1.331/PIR_activity_1.331,2024-01-01 01:54:40,248,0.0
232984,/TM023_4_21_1.-103C/Lon/Net/Rum 1.331/PIR_activity_1.331,2024-01-01 01:53:40,248,0.0
232984,/TM023_4_21_1.-103C/Lon/Net/Rum 1.331/PIR_activity_1.331,2024-01-01 01:52:40,248,0.0
232984,/TM023_4_21_1.-103C/Lon/Net/Rum 1.331/PIR_activity_1.331,2024-01-01 01:51:40,248,0.0
232984,/TM023_4_21_1.-103C/Lon/Net/Rum 1.331/PIR_activity_1.331,2024-01-01 01:50:40,248,0.0
232984,/TM023_4_21_1.-103C/Lon/Net/Rum 1.331/PIR_activity_1.331,2024-01-01 01:49:40,248,0.0
232984,/TM023_4_21_1.-103C/Lon/Net/Rum 1.331/PIR_activity_1.331,2024-01-01 01:48:40,248,0.0
232984,/TM023_4_21_1.-103C/Lon/Net/Rum 1.331/PIR_activity_1.331,2024-01-01 01:47:40,248,0.0
232984,/TM023_4_21_1.-103C/Lon/Net/Rum 1.331/PIR_activity_1.331,2024-01-01 01:46:40,248,0.0
232984,/TM023_4_21_1.-103C/Lon/Net/Rum 1.331/PIR_activity_1.331,2024-01-01 01:45:40,248,0.0
232984,/TM023_4_21_1.-103C/Lon/Net/Rum 1.331/PIR_activity_1.331,2024-01-01 01:44:40,248,0.0
232984,/TM023_4_21_1.-103C/Lon/Net/Rum 1.331/PIR_activity_1.331,2024-01-01 01:43:40,248,0.0
232984,/TM023_4_21_1.-103C/Lon/Net/Rum 1.331/PIR_activity_1.331,2024-01-01 01:42:40,248,0.0
232984,/TM023_4_21_1.-103C/Lon/Net/Rum 1.331/PIR_activity_1.331,2024-01-01 01:41:40,248,0.0
232984,/TM023_4_21_1.-103C/Lon/Net/Rum 1.331/PIR_activity_1.331,2024-01-01 01:40:40,248,0.0
232984,/TM023_4_21_1.-103C/Lon/Net/Rum 1.331/PIR_activity_1.331,2024-01-01 01:39:40,248,0.0
232984,/TM023_4_21_1.-103C/Lon/Net/Rum 1.331/PIR_activity_1.331,2024-01-01 01:38:40,248,0.0
232984,/TM023_4_21_1.-103C/Lon/Net/Rum 1.331/PIR_activity_1.331,2024-01-01 01:37:40,248,0.0
232984,/TM023_4_21_1.-103C/Lon/Net/Rum 1.331/PIR_activity_1.331,2024-01-01 01:36:40,248,0.0
232984,/TM023_4_21_1.-103C/Lon/Net/Rum 1.331/PIR_activity_1.331,2024-01-01 01:35:40,248,0.0
232984,/TM023_4_21_1.-103C/Lon/Net/Rum 1.331/PIR_activity_1.331,2024-01-01 01:34:40,248,0.0
232984,/TM023_4_21_1.-103C/Lon/Net/Rum 1.331/PIR_activity_1.331,2024-01-01 01:33:40,248,0.0
232984,/TM023_4_21_1.-103C/Lon/Net/Rum 1.331/PIR_activity_1.331,2024-01-01 01:32:40,248,0.0
232984,/TM023_4_21_1.-103C/Lon/Net/Rum 1.331/PIR_activity_1.331,2024-01-01 01:31:40,248,0.0
232984,/TM023_4_21_1.-103C/Lon/Net/Rum 1.331/PIR_activity_1.331,2024-01-01 01:30:40,248,0.0
232984,/TM023_4_21_1.-103C/Lon/Net/Rum 1.331/PIR_activity_1.331,2024-01-01 01:29:40,248,0.0
232984,/TM023_4_21_1.-103C/Lon/Net/Rum 1.331/PIR_activity_1.331,2024-01-01 01:28:40,248,0.0
232984,/TM023_4_21_1.-103C/Lon/Net/Rum 1.331/PIR_activity_1.331,2024-01-01 01:27:40,248,0.0
232984,/TM023_4_21_1.-103C/Lon/Net/Rum 1.331/PIR_activity_1.331,2024-01-01 01:26:40,248,0.0
232984,/TM023_4_21_1.-103C/Lon/Net/Rum 1.331/PIR_activity_1.331,2024-01-01 01:25:40,248,0.0
232984,/TM023_4_21_1.-103C/Lon/Net/Rum 1.331/PIR_activity_1.331,2024-01-01 01:24:40,248,0.0
232984,/TM023_4_21_1.-103C/Lon/Net/Rum 1.331/PIR_activity_1.331,2024-01-01 01:23:40,248,0.0
232984,/TM023_4_21_1.-103C/Lon/Net/Rum 1.331/PIR_activity_1.331,2024-01-01 01:22:40,248,0.0
232984,/TM023_4_21_1.-103C/Lon/Net/Rum 1.331/PIR_activity_1.331,2024-01-01 01:21:40,248,0.0
232984,/TM023_4_21_1.-103C/Lon/Net/Rum 1.331/PIR_activity_1.331,2024-01-01 01:20:40,248,0.0
232984,/TM023_4_21_1.-103C/Lon/Net/Rum 1.331/PIR_activity_1.331,2024-01-01 01:19:40,248,0.0
232984,/TM023_4_21_1.-103C/Lon/Net/Rum 1.331/PIR_activity_1.331,2024-01-01 01:18:40,248,0.0
232984,/TM023_4_21_1.-103C/Lon/Net/Rum 1.331/PIR_activity_1.331,2024-01-01 01:17:40,248,0.0
232984,/TM023_4_21_1.-103C/Lon/Net/Rum 1.331/PIR_activity_1.331,2024-01-01 01:16:40,248,0.0
232984,/TM023_4_21_1.-103C/Lon/Net/Rum 1.331/PIR_activity_1.331,2024-01-01 01:15:40,248,0.0
232984,/TM023_4_21_1.-103C/Lon/Net/Rum 1.331/PIR_activity_1.331,2024-01-01 01:14:40,248,0.0
232984,/TM023_4_21_1.-103C/Lon/Net/Rum 1.331/PIR_activity_1.331,2024-01-01 01:13:40,248,0.0
232984,/TM023_4_21_1.-103C/Lon/Net/Rum 1.331/PIR_activity_1.331,2024-01-01 01:12:40,248,0.0
232984,/TM023_4_21_1.-103C/Lon/Net/Rum 1.331/PIR_activity_1.331,2024-01-01 01:11:40,248,0.0
232984,/TM023_4_21_1.-103C/Lon/Net/Rum 1.331/PIR_activity_1.331,2024-01-01 01:10:40,248,0.0
232984,/TM023_4_21_1.-103C/Lon/Net/Rum 1.331/PIR_activity_1.331,2024-01-01 01:09:40,248,0.0
232984,/TM023_4_21_1.-103C/Lon/Net/Rum 1.331/PIR_activity_1.331,2024-01-01 01:08:40,248,0.0
232984,/TM023_4_21_1.-103C/Lon/Net/Rum 1.331/PIR_activity_1.331,2024-01-01 01:07:40,248,0.0
232984,/TM023_4_21_1.-103C/Lon/Net/Rum 1.331/PIR_activity_1.331,2024-01-01 01:06:40,248,0.0
232984,/TM023_4_21_1.-103C/Lon/Net/Rum 1.331/PIR_activity_1.331,2024-01-01 01:05:40,248,0.0
232984,/TM023_4_21_1.-103C/Lon/Net/Rum 1.331/PIR_activity_1.331,2024-01-01 01:04:40,248,0.0
232984,/TM023_4_21_1.-103C/Lon/Net/Rum 1.331/PIR_activity_1.331,2024-01-01 01:03:40,248,0.0
232984,/TM023_4_21_1.-103C/Lon/Net/Rum 1.331/PIR_activity_1.331,2024-01-01 01:02:40,248,0.0
232984,/TM023_4_21_1.-103C/Lon/Net/Rum 1.331/PIR_activity_1.331,2024-01-01 01:01:40,248,0.0
232984,/TM023_4_21_1.-103C/Lon/Net/Rum 1.331/PIR_activity_1.331,2024-01-01 01:00:40,248,0.0
232985,/TM023_4_21_1.-103C/Lon/Net/Rum 1.329/PIR_activity_1.329,2024-01-01 01:59:38,248,0.0
232985,/TM023_4_21_1.-103C/Lon/Net/Rum 1.329/PIR_activity_1.329,2024-01-01 01:58:38,248,0.0
232985,/TM023_4_21_1.-103C/Lon/Net/Rum 1.329/PIR_activity_1.329,2024-01-01 01:57:38,248,0.0
232985,/TM023_4_21_1.-103C/Lon/Net/Rum 1.329/PIR_activity_1.329,2024-01-01 01:56:38,248,0.0
232985,/TM023_4_21_1.-103C/Lon/Net/Rum 1.329/PIR_activity_1.329,2024-01-01 01:55:38,248,0.0
232985,/TM023_4_21_1.-103C/Lon/Net/Rum 1.329/PIR_activity_1.329,2024-01-01 01:54:38,248,0.0
232985,/TM023_4_21_1.-103C/Lon/Net/Rum 1.329/PIR_activity_1.329,2024-01-01 01:53:38,248,0.0
232985,/TM023_4_21_1.-103C/Lon/Net/Rum 1.329/PIR_activity_1.329,2024-01-01 01:52:38,248,0.0
232985,/TM023_4_21_1.-103C/Lon/Net/Rum 1.329/PIR_activity_1.329,2024-01-01 01:51:38,248,0.0
232985,/TM023_4_21_1.-103C/Lon/Net/Rum 1.329/PIR_activity_1.329,2024-01-01 01:50:38,248,0.0
232985,/TM023_4_21_1.-103C/Lon/Net/Rum 1.329/PIR_activity_1.329,2024-01-01 01:49:38,248,0.0
232985,/TM023_4_21_1.-103C/Lon/Net/Rum 1.329/PIR_activity_1.329,2024-01-01 01:48:38,248,0.0
232985,/TM023_4_21_1.-103C/Lon/Net/Rum 1.329/PIR_activity_1.329,2024-01-01 01:47:38,248,0.0
232985,/TM023_4_21_1.-103C/Lon/Net/Rum 1.329/PIR_activity_1.329,2024-01-01 01:46:38,248,0.0
232985,/TM023_4_21_1.-103C/Lon/Net/Rum 1.329/PIR_activity_1.329,2024-01-01 01:45:38,248,0.0
232985,/TM023_4_21_1.-103C/Lon/Net/Rum 1.329/PIR_activity_1.329,2024-01-01 01:44:38,248,0.0
232985,/TM023_4_21_1.-103C/Lon/Net/Rum 1.329/PIR_activity_1.329,2024-01-01 01:43:38,248,0.0
232985,/TM023_4_21_1.-103C/Lon/Net/Rum 1.329/PIR_activity_1.329,2024-01-01 01:42:38,248,0.0
232985,/TM023_4_21_1.-103C/Lon/Net/Rum 1.329/PIR_activity_1.329,2024-01-01 01:41:38,248,0.0
232985,/TM023_4_21_1.-103C/Lon/Net/Rum 1.329/PIR_activity_1.329,2024-01-01 01:40:38,248,0.0
232985,/TM023_4_21_1.-103C/Lon/Net/Rum 1.329/PIR_activity_1.329,2024-01-01 01:39:38,248,0.0
232985,/TM023_4_21_1.-103C/Lon/Net/Rum 1.329/PIR_activity_1.329,2024-01-01 01:38:38,248,0.0
232985,/TM023_4_21_1.-103C/Lon/Net/Rum 1.329/PIR_activity_1.329,2024-01-01 01:37:38,248,0.0
232985,/TM023_4_21_1.-103C/Lon/Net/Rum 1.329/PIR_activity_1.329,2024-01-01 01:36:38,248,0.0
232985,/TM023_4_21_1.-103C/Lon/Net/Rum 1.329/PIR_activity_1.329,2024-01-01 01:35:38,248,0.0
232985,/TM023_4_21_1.-103C/Lon/Net/Rum 1.329/PIR_activity_1.329,2024-01-01 01:34:38,248,0.0
232985,/TM023_4_21_1.-103C/Lon/Net/Rum 1.329/PIR_activity_1.329,2024-01-01 01:33:38,248,0.0
232985,/TM023_4_21_1.-103C/Lon/Net/Rum 1.329/PIR_activity_1.329,2024-01-01 01:32:38,248,0.0
232985,/TM023_4_21_1.-103C/Lon/Net/Rum 1.329/PIR_activity_1.329,2024-01-01 01:31:38,248,0.0
232985,/TM023_4_21_1.-103C/Lon/Net/Rum 1.329/PIR_activity_1.329,2024-01-01 01:30:38,248,0.0
232985,/TM023_4_21_1.-103C/Lon/Net/Rum 1.329/PIR_activity_1.329,2024-01-01 01:29:38,248,0.0
232985,/TM023_4_21_1.-103C/Lon/Net/Rum 1.329/PIR_activity_1.329,2024-01-01 01:28:38,248,0.0
232985,/TM023_4_21_1.-103C/Lon/Net/Rum 1.329/PIR_activity_1.329,2024-01-01 01:27:38,248,0.0
232985,/TM023_4_21_1.-103C/Lon/Net/Rum 1.329/PIR_activity_1.329,2024-01-01 01:26:38,248,0.0
232985,/TM023_4_21_1.-103C/Lon/Net/Rum 1.329/PIR_activity_1.329,2024-01-01 01:25:38,248,0.0
232985,/TM023_4_21_1.-103C/Lon/Net/Rum 1.329/PIR_activity_1.329,2024-01-01 01:24:38,248,0.0
232985,/TM023_4_21_1.-103C/Lon/Net/Rum 1.329/PIR_activity_1.329,2024-01-01 01:23:38,248,0.0
232985,/TM023_4_21_1.-103C/Lon/Net/Rum 1.329/PIR_activity_1.329,2024-01-01 01:22:38,248,0.0
232985,/TM023_4_21_1.-103C/Lon/Net/Rum 1.329/PIR_activity_1.329,2024-01-01 01:21:38,248,0.0
232985,/TM023_4_21_1.-103C/Lon/Net/Rum 1.329/PIR_activity_1.329,2024-01-01 01:20:38,248,0.0
232985,/TM023_4_21_1.-103C/Lon/Net/Rum 1.329/PIR_activity_1.329,2024-01-01 01:19:38,248,0.0
232985,/TM023_4_21_1.-103C/Lon/Net/Rum 1.329/PIR_activity_1.329,2024-01-01 01:18:38,248,0.0
232985,/TM023_4_21_1.-103C/Lon/Net/Rum 1.329/PIR_activity_1.329,2024-01-01 01:17:38,248,0.0
232985,/TM023_4_21_1.-103C/Lon/Net/Rum 1.329/PIR_activity_1.329,2024-01-01 01:16:38,248,0.0
232985,/TM023_4_21_1.-103C/Lon/Net/Rum 1.329/PIR_activity_1.329,2024-01-01 01:15:38,248,0.0
232985,/TM023_4_21_1.-103C/Lon/Net/Rum 1.329/PIR_activity_1.329,2024-01-01 01:14:38,248,0.0
232985,/TM023_4_21_1.-103C/Lon/Net/Rum 1.329/PIR_activity_1.329,2024-01-01 01:13:38,248,0.0
232985,/TM023_4_21_1.-103C/Lon/Net/Rum 1.329/PIR_activity_1.329,2024-01-01 01:12:38,248,0.0
232985,/TM023_4_21_1.-103C/Lon/Net/Rum 1.329/PIR_activity_1.329,2024-01-01 01:11:38,248,0.0
232985,/TM023_4_21_1.-103C/Lon/Net/Rum 1.329/PIR_activity_1.329,2024-01-01 01:10:38,248,0.0
232985,/TM023_4_21_1.-103C/Lon/Net/Rum 1.329/PIR_activity_1.329,2024-01-01 01:09:38,248,0.0
232985,/TM023_4_21_1.-103C/Lon/Net/Rum 1.329/PIR_activity_1.329,2024-01-01 01:08:38,248,0.0
232985,/TM023_4_21_1.-103C/Lon/Net/Rum 1.329/PIR_activity_1.329,2024-01-01 01:07:38,248,0.0
232985,/TM023_4_21_1.-103C/Lon/Net/Rum 1.329/PIR_activity_1.329,2024-01-01 01:06:38,248,0.0
232985,/TM023_4_21_1.-103C/Lon/Net/Rum 1.329/PIR_activity_1.329,2024-01-01 01:05:38,248,0.0
232985,/TM023_4_21_1.-103C/Lon/Net/Rum 1.329/PIR_activity_1.329,2024-01-01 01:04:38,248,0.0
232985,/TM023_4_21_1.-103C/Lon/Net/Rum 1.329/PIR_activity_1.329,2024-01-01 01:03:38,248,0.0
232985,/TM023_4_21_1.-103C/Lon/Net/Rum 1.329/PIR_activity_1.329,2024-01-01 01:02:38,248,0.0
232985,/TM023_4_21_1.-103C/Lon/Net/Rum 1.329/PIR_activity_1.329,2024-01-01 01:01:38,248,0.0
232985,/TM023_4_21_1.-103C/Lon/Net/Rum 1.329/PIR_activity_1.329,2024-01-01 01:00:38,248,0.0
232986,/TM023_4_20_1.-103C/Lon/Lon/Rum 1.303/PIR_activity_1.303,2024-01-01 01:59:13,248,0.0
232986,/TM023_4_20_1.-103C/Lon/Lon/Rum 1.303/PIR_activity_1.303,2024-01-01 01:58:13,248,0.0
232986,/TM023_4_20_1.-103C/Lon/Lon/Rum 1.303/PIR_activity_1.303,2024-01-01 01:57:13,248,0.0
232986,/TM023_4_20_1.-103C/Lon/Lon/Rum 1.303/PIR_activity_1.303,2024-01-01 01:56:13,248,0.0
232986,/TM023_4_20_1.-103C/Lon/Lon/Rum 1.303/PIR_activity_1.303,2024-01-01 01:55:13,248,0.0
232986,/TM023_4_20_1.-103C/Lon/Lon/Rum 1.303/PIR_activity_1.303,2024-01-01 01:54:13,248,0.0
232986,/TM023_4_20_1.-103C/Lon/Lon/Rum 1.303/PIR_activity_1.303,2024-01-01 01:53:13,248,0.0
232986,/TM023_4_20_1.-103C/Lon/Lon/Rum 1.303/PIR_activity_1.303,2024-01-01 01:52:13,248,0.0
232986,/TM023_4_20_1.-103C/Lon/Lon/Rum 1.303/PIR_activity_1.303,2024-01-01 01:51:13,248,0.0
232986,/TM023_4_20_1.-103C/Lon/Lon/Rum 1.303/PIR_activity_1.303,2024-01-01 01:50:13,248,0.0
232986,/TM023_4_20_1.-103C/Lon/Lon/Rum 1.303/PIR_activity_1.303,2024-01-01 01:49:13,248,0.0
232986,/TM023_4_20_1.-103C/Lon/Lon/Rum 1.303/PIR_activity_1.303,2024-01-01 01:48:13,248,0.0
232986,/TM023_4_20_1.-103C/Lon/Lon/Rum 1.303/PIR_activity_1.303,2024-01-01 01:47:13,248,0.0
232986,/TM023_4_20_1.-103C/Lon/Lon/Rum 1.303/PIR_activity_1.303,2024-01-01 01:46:13,248,0.0
232986,/TM023_4_20_1.-103C/Lon/Lon/Rum 1.303/PIR_activity_1.303,2024-01-01 01:45:13,248,0.0
232986,/TM023_4_20_1.-103C/Lon/Lon/Rum 1.303/PIR_activity_1.303,2024-01-01 01:44:13,248,0.0
232986,/TM023_4_20_1.-103C/Lon/Lon/Rum 1.303/PIR_activity_1.303,2024-01-01 01:43:13,248,0.0
232986,/TM023_4_20_1.-103C/Lon/Lon/Rum 1.303/PIR_activity_1.303,2024-01-01 01:42:13,248,0.0
232986,/TM023_4_20_1.-103C/Lon/Lon/Rum 1.303/PIR_activity_1.303,2024-01-01 01:41:13,248,0.0
232986,/TM023_4_20_1.-103C/Lon/Lon/Rum 1.303/PIR_activity_1.303,2024-01-01 01:40:13,248,0.0
232986,/TM023_4_20_1.-103C/Lon/Lon/Rum 1.303/PIR_activity_1.303,2024-01-01 01:39:13,248,0.0
232986,/TM023_4_20_1.-103C/Lon/Lon/Rum 1.303/PIR_activity_1.303,2024-01-01 01:38:13,248,0.0
232986,/TM023_4_20_1.-103C/Lon/Lon/Rum 1.303/PIR_activity_1.303,2024-01-01 01:37:13,248,0.0
232986,/TM023_4_20_1.-103C/Lon/Lon/Rum 1.303/PIR_activity_1.303,2024-01-01 01:36:13,248,0.0
232986,/TM023_4_20_1.-103C/Lon/Lon/Rum 1.303/PIR_activity_1.303,2024-01-01 01:35:13,248,0.0
232986,/TM023_4_20_1.-103C/Lon/Lon/Rum 1.303/PIR_activity_1.303,2024-01-01 01:34:13,248,0.0
232986,/TM023_4_20_1.-103C/Lon/Lon/Rum 1.303/PIR_activity_1.303,2024-01-01 01:33:13,248,0.0
232986,/TM023_4_20_1.-103C/Lon/Lon/Rum 1.303/PIR_activity_1.303,2024-01-01 01:32:13,248,0.0
232986,/TM023_4_20_1.-103C/Lon/Lon/Rum 1.303/PIR_activity_1.303,2024-01-01 01:31:13,248,0.0
232986,/TM023_4_20_1.-103C/Lon/Lon/Rum 1.303/PIR_activity_1.303,2024-01-01 01:30:13,248,0.0
232986,/TM023_4_20_1.-103C/Lon/Lon/Rum 1.303/PIR_activity_1.303,2024-01-01 01:29:13,248,0.0
232986,/TM023_4_20_1.-103C/Lon/Lon/Rum 1.303/PIR_activity_1.303,2024-01-01 01:28:13,248,0.0
232986,/TM023_4_20_1.-103C/Lon/Lon/Rum 1.303/PIR_activity_1.303,2024-01-01 01:27:13,248,0.0
232986,/TM023_4_20_1.-103C/Lon/Lon/Rum 1.303/PIR_activity_1.303,2024-01-01 01:26:13,248,0.0
232986,/TM023_4_20_1.-103C/Lon/Lon/Rum 1.303/PIR_activity_1.303,2024-01-01 01:25:13,248,0.0
232986,/TM023_4_20_1.-103C/Lon/Lon/Rum 1.303/PIR_activity_1.303,2024-01-01 01:24:13,248,0.0
232986,/TM023_4_20_1.-103C/Lon/Lon/Rum 1.303/PIR_activity_1.303,2024-01-01 01:23:13,248,0.0
232986,/TM023_4_20_1.-103C/Lon/Lon/Rum 1.303/PIR_activity_1.303,2024-01-01 01:22:13,248,0.0
232986,/TM023_4_20_1.-103C/Lon/Lon/Rum 1.303/PIR_activity_1.303,2024-01-01 01:21:13,248,0.0
232986,/TM023_4_20_1.-103C/Lon/Lon/Rum 1.303/PIR_activity_1.303,2024-01-01 01:20:13,248,0.0
232986,/TM023_4_20_1.-103C/Lon/Lon/Rum 1.303/PIR_activity_1.303,2024-01-01 01:19:13,248,0.0
232986,/TM023_4_20_1.-103C/Lon/Lon/Rum 1.303/PIR_activity_1.303,2024-01-01 01:18:13,248,0.0
232986,/TM023_4_20_1.-103C/Lon/Lon/Rum 1.303/PIR_activity_1.303,2024-01-01 01:17:13,248,0.0
232986,/TM023_4_20_1.-103C/Lon/Lon/Rum 1.303/PIR_activity_1.303,2024-01-01 01:16:13,248,0.0
232986,/TM023_4_20_1.-103C/Lon/Lon/Rum 1.303/PIR_activity_1.303,2024-01-01 01:15:13,248,0.0
232986,/TM023_4_20_1.-103C/Lon/Lon/Rum 1.303/PIR_activity_1.303,2024-01-01 01:14:13,248,0.0
232986,/TM023_4_20_1.-103C/Lon/Lon/Rum 1.303/PIR_activity_1.303,2024-01-01 01:13:13,248,0.0
232986,/TM023_4_20_1.-103C/Lon/Lon/Rum 1.303/PIR_activity_1.303,2024-01-01 01:12:13,248,0.0
232986,/TM023_4_20_1.-103C/Lon/Lon/Rum 1.303/PIR_activity_1.303,2024-01-01 01:11:13,248,0.0
232986,/TM023_4_20_1.-103C/Lon/Lon/Rum 1.303/PIR_activity_1.303,2024-01-01 01:10:13,248,0.0
232986,/TM023_4_20_1.-103C/Lon/Lon/Rum 1.303/PIR_activity_1.303,2024-01-01 01:09:13,248,0.0
232986,/TM023_4_20_1.-103C/Lon/Lon/Rum 1.303/PIR_activity_1.303,2024-01-01 01:08:13,248,0.0
232986,/TM023_4_20_1.-103C/Lon/Lon/Rum 1.303/PIR_activity_1.303,2024-01-01 01:07:13,248,0.0
232986,/TM023_4_20_1.-103C/Lon/Lon/Rum 1.303/PIR_activity_1.303,2024-01-01 01:06:13,248,0.0
232986,/TM023_4_20_1.-103C/Lon/Lon/Rum 1.303/PIR_activity_1.303,2024-01-01 01:05:13,248,0.0
232986,/TM023_4_20_1.-103C/Lon/Lon/Rum 1.303/PIR_activity_1.303,2024-01-01 01:04:13,248,0.0
232986,/TM023_4_20_1.-103C/Lon/Lon/Rum 1.303/PIR_activity_1.303,2024-01-01 01:03:13,248,0.0
232986,/TM023_4_20_1.-103C/Lon/Lon/Rum 1.303/PIR_activity_1.303,2024-01-01 01:02:13,248,0.0
232986,/TM023_4_20_1.-103C/Lon/Lon/Rum 1.303/PIR_activity_1.303,2024-01-01 01:01:13,248,0.0
232986,/TM023_4_20_1.-103C/Lon/Lon/Rum 1.303/PIR_activity_1.303,2024-01-01 01:00:13,248,0.0
232987,/TM023_4_20_1.-103C/Lon/Lon/Rum 1.305/PIR_activity_1.305,2024-01-01 01:59:14,248,0.0
232987,/TM023_4_20_1.-103C/Lon/Lon/Rum 1.305/PIR_activity_1.305,2024-01-01 01:58:14,248,0.0
232987,/TM023_4_20_1.-103C/Lon/Lon/Rum 1.305/PIR_activity_1.305,2024-01-01 01:57:14,248,0.0
232987,/TM023_4_20_1.-103C/Lon/Lon/Rum 1.305/PIR_activity_1.305,2024-01-01 01:56:14,248,0.0
232987,/TM023_4_20_1.-103C/Lon/Lon/Rum 1.305/PIR_activity_1.305,2024-01-01 01:55:14,248,0.0
232987,/TM023_4_20_1.-103C/Lon/Lon/Rum 1.305/PIR_activity_1.305,2024-01-01 01:54:14,248,0.0
232987,/TM023_4_20_1.-103C/Lon/Lon/Rum 1.305/PIR_activity_1.305,2024-01-01 01:53:14,248,0.0
232987,/TM023_4_20_1.-103C/Lon/Lon/Rum 1.305/PIR_activity_1.305,2024-01-01 01:52:14,248,0.0
232987,/TM023_4_20_1.-103C/Lon/Lon/Rum 1.305/PIR_activity_1.305,2024-01-01 01:51:14,248,0.0
232987,/TM023_4_20_1.-103C/Lon/Lon/Rum 1.305/PIR_activity_1.305,2024-01-01 01:50:14,248,0.0
232987,/TM023_4_20_1.-103C/Lon/Lon/Rum 1.305/PIR_activity_1.305,2024-01-01 01:49:14,248,0.0
232987,/TM023_4_20_1.-103C/Lon/Lon/Rum 1.305/PIR_activity_1.305,2024-01-01 01:48:14,248,0.0
232987,/TM023_4_20_1.-103C/Lon/Lon/Rum 1.305/PIR_activity_1.305,2024-01-01 01:47:14,248,0.0
232987,/TM023_4_20_1.-103C/Lon/Lon/Rum 1.305/PIR_activity_1.305,2024-01-01 01:46:14,248,0.0
232987,/TM023_4_20_1.-103C/Lon/Lon/Rum 1.305/PIR_activity_1.305,2024-01-01 01:45:14,248,0.0
232987,/TM023_4_20_1.-103C/Lon/Lon/Rum 1.305/PIR_activity_1.305,2024-01-01 01:44:14,248,0.0
232987,/TM023_4_20_1.-103C/Lon/Lon/Rum 1.305/PIR_activity_1.305,2024-01-01 01:43:14,248,0.0
232987,/TM023_4_20_1.-103C/Lon/Lon/Rum 1.305/PIR_activity_1.305,2024-01-01 01:42:14,248,0.0
232987,/TM023_4_20_1.-103C/Lon/Lon/Rum 1.305/PIR_activity_1.305,2024-01-01 01:41:14,248,0.0
232987,/TM023_4_20_1.-103C/Lon/Lon/Rum 1.305/PIR_activity_1.305,2024-01-01 01:40:14,248,0.0
232987,/TM023_4_20_1.-103C/Lon/Lon/Rum 1.305/PIR_activity_1.305,2024-01-01 01:39:14,248,0.0
232987,/TM023_4_20_1.-103C/Lon/Lon/Rum 1.305/PIR_activity_1.305,2024-01-01 01:38:14,248,0.0
232987,/TM023_4_20_1.-103C/Lon/Lon/Rum 1.305/PIR_activity_1.305,2024-01-01 01:37:14,248,0.0
232987,/TM023_4_20_1.-103C/Lon/Lon/Rum 1.305/PIR_activity_1.305,2024-01-01 01:36:14,248,0.0
232987,/TM023_4_20_1.-103C/Lon/Lon/Rum 1.305/PIR_activity_1.305,2024-01-01 01:35:14,248,0.0
232987,/TM023_4_20_1.-103C/Lon/Lon/Rum 1.305/PIR_activity_1.305,2024-01-01 01:34:14,248,0.0
232987,/TM023_4_20_1.-103C/Lon/Lon/Rum 1.305/PIR_activity_1.305,2024-01-01 01:33:14,248,0.0
232987,/TM023_4_20_1.-103C/Lon/Lon/Rum 1.305/PIR_activity_1.305,2024-01-01 01:32:14,248,0.0
232987,/TM023_4_20_1.-103C/Lon/Lon/Rum 1.305/PIR_activity_1.305,2024-01-01 01:31:14,248,0.0
232987,/TM023_4_20_1.-103C/Lon/Lon/Rum 1.305/PIR_activity_1.305,2024-01-01 01:30:14,248,0.0
232987,/TM023_4_20_1.-103C/Lon/Lon/Rum 1.305/PIR_activity_1.305,2024-01-01 01:29:14,248,0.0
232987,/TM023_4_20_1.-103C/Lon/Lon/Rum 1.305/PIR_activity_1.305,2024-01-01 01:28:14,248,0.0
232987,/TM023_4_20_1.-103C/Lon/Lon/Rum 1.305/PIR_activity_1.305,2024-01-01 01:27:14,248,0.0
232987,/TM023_4_20_1.-103C/Lon/Lon/Rum 1.305/PIR_activity_1.305,2024-01-01 01:26:14,248,0.0
232987,/TM023_4_20_1.-103C/Lon/Lon/Rum 1.305/PIR_activity_1.305,2024-01-01 01:25:14,248,0.0
232987,/TM023_4_20_1.-103C/Lon/Lon/Rum 1.305/PIR_activity_1.305,2024-01-01 01:24:14,248,0.0
232987,/TM023_4_20_1.-103C/Lon/Lon/Rum 1.305/PIR_activity_1.305,2024-01-01 01:23:14,248,0.0
232987,/TM023_4_20_1.-103C/Lon/Lon/Rum 1.305/PIR_activity_1.305,2024-01-01 01:22:14,248,0.0
232987,/TM023_4_20_1.-103C/Lon/Lon/Rum 1.305/PIR_activity_1.305,2024-01-01 01:21:14,248,0.0
232987,/TM023_4_20_1.-103C/Lon/Lon/Rum 1.305/PIR_activity_1.305,2024-01-01 01:20:14,248,0.0
232987,/TM023_4_20_1.-103C/Lon/Lon/Rum 1.305/PIR_activity_1.305,2024-01-01 01:19:14,248,0.0
232987,/TM023_4_20_1.-103C/Lon/Lon/Rum 1.305/PIR_activity_1.305,2024-01-01 01:18:14,248,0.0
232987,/TM023_4_20_1.-103C/Lon/Lon/Rum 1.305/PIR_activity_1.305,2024-01-01 01:17:14,248,0.0
232987,/TM023_4_20_1.-103C/Lon/Lon/Rum 1.305/PIR_activity_1.305,2024-01-01 01:16:14,248,0.0
232987,/TM023_4_20_1.-103C/Lon/Lon/Rum 1.305/PIR_activity_1.305,2024-01-01 01:15:14,248,0.0
232987,/TM023_4_20_1.-103C/Lon/Lon/Rum 1.305/PIR_activity_1.305,2024-01-01 01:14:14,248,0.0
232987,/TM023_4_20_1.-103C/Lon/Lon/Rum 1.305/PIR_activity_1.305,2024-01-01 01:13:14,248,0.0
232987,/TM023_4_20_1.-103C/Lon/Lon/Rum 1.305/PIR_activity_1.305,2024-01-01 01:12:14,248,0.0
232987,/TM023_4_20_1.-103C/Lon/Lon/Rum 1.305/PIR_activity_1.305,2024-01-01 01:11:14,248,0.0
232987,/TM023_4_20_1.-103C/Lon/Lon/Rum 1.305/PIR_activity_1.305,2024-01-01 01:10:14,248,0.0
232987,/TM023_4_20_1.-103C/Lon/Lon/Rum 1.305/PIR_activity_1.305,2024-01-01 01:09:14,248,0.0
232987,/TM023_4_20_1.-103C/Lon/Lon/Rum 1.305/PIR_activity_1.305,2024-01-01 01:08:14,248,0.0
232987,/TM023_4_20_1.-103C/Lon/Lon/Rum 1.305/PIR_activity_1.305,2024-01-01 01:07:14,248,0.0
232987,/TM023_4_20_1.-103C/Lon/Lon/Rum 1.305/PIR_activity_1.305,2024-01-01 01:06:14,248,0.0
232987,/TM023_4_20_1.-103C/Lon/Lon/Rum 1.305/PIR_activity_1.305,2024-01-01 01:05:14,248,0.0
232987,/TM023_4_20_1.-103C/Lon/Lon/Rum 1.305/PIR_activity_1.305,2024-01-01 01:04:14,248,0.0
232987,/TM023_4_20_1.-103C/Lon/Lon/Rum 1.305/PIR_activity_1.305,2024-01-01 01:03:14,248,0.0
232987,/TM023_4_20_1.-103C/Lon/Lon/Rum 1.305/PIR_activity_1.305,2024-01-01 01:02:14,248,0.0
232987,/TM023_4_20_1.-103C/Lon/Lon/Rum 1.305/PIR_activity_1.305,2024-01-01 01:01:14,248,0.0
232987,/TM023_4_20_1.-103C/Lon/Lon/Rum 1.305/PIR_activity_1.305,2024-01-01 01:00:14,248,0.0
232988,/TM023_4_20_1.-103C/Lon/Lon/Rum 1.307/PIR_activity_1.307,2024-01-01 01:59:16,248,0.0
232988,/TM023_4_20_1.-103C/Lon/Lon/Rum 1.307/PIR_activity_1.307,2024-01-01 01:58:16,248,0.0
232988,/TM023_4_20_1.-103C/Lon/Lon/Rum 1.307/PIR_activity_1.307,2024-01-01 01:57:16,248,0.0
232988,/TM023_4_20_1.-103C/Lon/Lon/Rum 1.307/PIR_activity_1.307,2024-01-01 01:56:16,248,0.0
232988,/TM023_4_20_1.-103C/Lon/Lon/Rum 1.307/PIR_activity_1.307,2024-01-01 01:55:16,248,0.0
232988,/TM023_4_20_1.-103C/Lon/Lon/Rum 1.307/PIR_activity_1.307,2024-01-01 01:54:16,248,0.0
232988,/TM023_4_20_1.-103C/Lon/Lon/Rum 1.307/PIR_activity_1.307,2024-01-01 01:53:16,248,0.0
232988,/TM023_4_20_1.-103C/Lon/Lon/Rum 1.307/PIR_activity_1.307,2024-01-01 01:52:16,248,0.0
232988,/TM023_4_20_1.-103C/Lon/Lon/Rum 1.307/PIR_activity_1.307,2024-01-01 01:51:16,248,0.0
232988,/TM023_4_20_1.-103C/Lon/Lon/Rum 1.307/PIR_activity_1.307,2024-01-01 01:50:16,248,0.0
232988,/TM023_4_20_1.-103C/Lon/Lon/Rum 1.307/PIR_activity_1.307,2024-01-01 01:49:16,248,0.0
232988,/TM023_4_20_1.-103C/Lon/Lon/Rum 1.307/PIR_activity_1.307,2024-01-01 01:48:16,248,0.0
232988,/TM023_4_20_1.-103C/Lon/Lon/Rum 1.307/PIR_activity_1.307,2024-01-01 01:47:16,248,0.0
232988,/TM023_4_20_1.-103C/Lon/Lon/Rum 1.307/PIR_activity_1.307,2024-01-01 01:46:16,248,0.0
232988,/TM023_4_20_1.-103C/Lon/Lon/Rum 1.307/PIR_activity_1.307,2024-01-01 01:45:16,248,0.0
232988,/TM023_4_20_1.-103C/Lon/Lon/Rum 1.307/PIR_activity_1.307,2024-01-01 01:44:16,248,0.0
232988,/TM023_4_20_1.-103C/Lon/Lon/Rum 1.307/PIR_activity_1.307,2024-01-01 01:43:16,248,0.0
232988,/TM023_4_20_1.-103C/Lon/Lon/Rum 1.307/PIR_activity_1.307,2024-01-01 01:42:16,248,0.0
232988,/TM023_4_20_1.-103C/Lon/Lon/Rum 1.307/PIR_activity_1.307,2024-01-01 01:41:16,248,0.0
232988,/TM023_4_20_1.-103C/Lon/Lon/Rum 1.307/PIR_activity_1.307,2024-01-01 01:40:16,248,0.0
232988,/TM023_4_20_1.-103C/Lon/Lon/Rum 1.307/PIR_activity_1.307,2024-01-01 01:39:16,248,0.0
232988,/TM023_4_20_1.-103C/Lon/Lon/Rum 1.307/PIR_activity_1.307,2024-01-01 01:38:16,248,0.0
232988,/TM023_4_20_1.-103C/Lon/Lon/Rum 1.307/PIR_activity_1.307,2024-01-01 01:37:16,248,0.0
232988,/TM023_4_20_1.-103C/Lon/Lon/Rum 1.307/PIR_activity_1.307,2024-01-01 01:36:16,248,0.0
232988,/TM023_4_20_1.-103C/Lon/Lon/Rum 1.307/PIR_activity_1.307,2024-01-01 01:35:16,248,0.0
232988,/TM023_4_20_1.-103C/Lon/Lon/Rum 1.307/PIR_activity_1.307,2024-01-01 01:34:16,248,0.0
232988,/TM023_4_20_1.-103C/Lon/Lon/Rum 1.307/PIR_activity_1.307,2024-01-01 01:33:16,248,0.0
232988,/TM023_4_20_1.-103C/Lon/Lon/Rum 1.307/PIR_activity_1.307,2024-01-01 01:32:16,248,0.0
232988,/TM023_4_20_1.-103C/Lon/Lon/Rum 1.307/PIR_activity_1.307,2024-01-01 01:31:16,248,0.0
232988,/TM023_4_20_1.-103C/Lon/Lon/Rum 1.307/PIR_activity_1.307,2024-01-01 01:30:16,248,0.0
232988,/TM023_4_20_1.-103C/Lon/Lon/Rum 1.307/PIR_activity_1.307,2024-01-01 01:29:16,248,0.0
232988,/TM023_4_20_1.-103C/Lon/Lon/Rum 1.307/PIR_activity_1.307,2024-01-01 01:28:16,248,0.0
232988,/TM023_4_20_1.-103C/Lon/Lon/Rum 1.307/PIR_activity_1.307,2024-01-01 01:27:16,248,0.0
232988,/TM023_4_20_1.-103C/Lon/Lon/Rum 1.307/PIR_activity_1.307,2024-01-01 01:26:16,248,0.0
232988,/TM023_4_20_1.-103C/Lon/Lon/Rum 1.307/PIR_activity_1.307,2024-01-01 01:25:16,248,0.0
232988,/TM023_4_20_1.-103C/Lon/Lon/Rum 1.307/PIR_activity_1.307,2024-01-01 01:24:16,248,0.0
232988,/TM023_4_20_1.-103C/Lon/Lon/Rum 1.307/PIR_activity_1.307,2024-01-01 01:23:16,248,0.0
232988,/TM023_4_20_1.-103C/Lon/Lon/Rum 1.307/PIR_activity_1.307,2024-01-01 01:22:16,248,0.0
232988,/TM023_4_20_1.-103C/Lon/Lon/Rum 1.307/PIR_activity_1.307,2024-01-01 01:21:16,248,0.0
232988,/TM023_4_20_1.-103C/Lon/Lon/Rum 1.307/PIR_activity_1.307,2024-01-01 01:20:16,248,0.0
232988,/TM023_4_20_1.-103C/Lon/Lon/Rum 1.307/PIR_activity_1.307,2024-01-01 01:19:16,248,0.0
232988,/TM023_4_20_1.-103C/Lon/Lon/Rum 1.307/PIR_activity_1.307,2024-01-01 01:18:16,248,0.0
232988,/TM023_4_20_1.-103C/Lon/Lon/Rum 1.307/PIR_activity_1.307,2024-01-01 01:17:16,248,0.0
232988,/TM023_4_20_1.-103C/Lon/Lon/Rum 1.307/PIR_activity_1.307,2024-01-01 01:16:16,248,0.0
232988,/TM023_4_20_1.-103C/Lon/Lon/Rum 1.307/PIR_activity_1.307,2024-01-01 01:15:16,248,0.0
232988,/TM023_4_20_1.-103C/Lon/Lon/Rum 1.307/PIR_activity_1.307,2024-01-01 01:14:16,248,0.0
232988,/TM023_4_20_1.-103C/Lon/Lon/Rum 1.307/PIR_activity_1.307,2024-01-01 01:13:16,248,0.0
232988,/TM023_4_20_1.-103C/Lon/Lon/Rum 1.307/PIR_activity_1.307,2024-01-01 01:12:16,248,0.0
232988,/TM023_4_20_1.-103C/Lon/Lon/Rum 1.307/PIR_activity_1.307,2024-01-01 01:11:16,248,0.0
232988,/TM023_4_20_1.-103C/Lon/Lon/Rum 1.307/PIR_activity_1.307,2024-01-01 01:10:16,248,0.0
232988,/TM023_4_20_1.-103C/Lon/Lon/Rum 1.307/PIR_activity_1.307,2024-01-01 01:09:16,248,0.0
232988,/TM023_4_20_1.-103C/Lon/Lon/Rum 1.307/PIR_activity_1.307,2024-01-01 01:08:16,248,0.0
232988,/TM023_4_20_1.-103C/Lon/Lon/Rum 1.307/PIR_activity_1.307,2024-01-01 01:07:16,248,0.0
232988,/TM023_4_20_1.-103C/Lon/Lon/Rum 1.307/PIR_activity_1.307,2024-01-01 01:06:16,248,0.0
232988,/TM023_4_20_1.-103C/Lon/Lon/Rum 1.307/PIR_activity_1.307,2024-01-01 01:05:16,248,0.0
232988,/TM023_4_20_1.-103C/Lon/Lon/Rum 1.307/PIR_activity_1.307,2024-01-01 01:04:16,248,0.0
232988,/TM023_4_20_1.-103C/Lon/Lon/Rum 1.307/PIR_activity_1.307,2024-01-01 01:03:16,248,0.0
232988,/TM023_4_20_1.-103C/Lon/Lon/Rum 1.307/PIR_activity_1.307,2024-01-01 01:02:16,248,0.0
232988,/TM023_4_20_1.-103C/Lon/Lon/Rum 1.307/PIR_activity_1.307,2024-01-01 01:01:16,248,0.0
232988,/TM023_4_20_1.-103C/Lon/Lon/Rum 1.307/PIR_activity_1.307,2024-01-01 01:00:16,248,0.0
232989,/TM023_4_20_1.-103C/Lon/Lon/Rum 1.309/PIR_activity_1.309,2024-01-01 01:59:18,248,0.0
232989,/TM023_4_20_1.-103C/Lon/Lon/Rum 1.309/PIR_activity_1.309,2024-01-01 01:58:18,248,0.0
232989,/TM023_4_20_1.-103C/Lon/Lon/Rum 1.309/PIR_activity_1.309,2024-01-01 01:57:18,248,0.0
232989,/TM023_4_20_1.-103C/Lon/Lon/Rum 1.309/PIR_activity_1.309,2024-01-01 01:56:18,248,0.0
232989,/TM023_4_20_1.-103C/Lon/Lon/Rum 1.309/PIR_activity_1.309,2024-01-01 01:55:18,248,0.0
232989,/TM023_4_20_1.-103C/Lon/Lon/Rum 1.309/PIR_activity_1.309,2024-01-01 01:54:18,248,0.0
232989,/TM023_4_20_1.-103C/Lon/Lon/Rum 1.309/PIR_activity_1.309,2024-01-01 01:53:18,248,0.0
232989,/TM023_4_20_1.-103C/Lon/Lon/Rum 1.309/PIR_activity_1.309,2024-01-01 01:52:18,248,0.0
232989,/TM023_4_20_1.-103C/Lon/Lon/Rum 1.309/PIR_activity_1.309,2024-01-01 01:51:18,248,0.0
232989,/TM023_4_20_1.-103C/Lon/Lon/Rum 1.309/PIR_activity_1.309,2024-01-01 01:50:18,248,0.0
232989,/TM023_4_20_1.-103C/Lon/Lon/Rum 1.309/PIR_activity_1.309,2024-01-01 01:49:18,248,0.0
232989,/TM023_4_20_1.-103C/Lon/Lon/Rum 1.309/PIR_activity_1.309,2024-01-01 01:48:18,248,0.0
232989,/TM023_4_20_1.-103C/Lon/Lon/Rum 1.309/PIR_activity_1.309,2024-01-01 01:47:18,248,0.0
232989,/TM023_4_20_1.-103C/Lon/Lon/Rum 1.309/PIR_activity_1.309,2024-01-01 01:46:18,248,0.0
232989,/TM023_4_20_1.-103C/Lon/Lon/Rum 1.309/PIR_activity_1.309,2024-01-01 01:45:18,248,0.0
232989,/TM023_4_20_1.-103C/Lon/Lon/Rum 1.309/PIR_activity_1.309,2024-01-01 01:44:18,248,0.0
232989,/TM023_4_20_1.-103C/Lon/Lon/Rum 1.309/PIR_activity_1.309,2024-01-01 01:43:18,248,0.0
232989,/TM023_4_20_1.-103C/Lon/Lon/Rum 1.309/PIR_activity_1.309,2024-01-01 01:42:18,248,0.0
232989,/TM023_4_20_1.-103C/Lon/Lon/Rum 1.309/PIR_activity_1.309,2024-01-01 01:41:18,248,0.0
232989,/TM023_4_20_1.-103C/Lon/Lon/Rum 1.309/PIR_activity_1.309,2024-01-01 01:40:18,248,0.0
232989,/TM023_4_20_1.-103C/Lon/Lon/Rum 1.309/PIR_activity_1.309,2024-01-01 01:39:18,248,0.0
232989,/TM023_4_20_1.-103C/Lon/Lon/Rum 1.309/PIR_activity_1.309,2024-01-01 01:38:18,248,0.0
232989,/TM023_4_20_1.-103C/Lon/Lon/Rum 1.309/PIR_activity_1.309,2024-01-01 01:37:18,248,0.0
232989,/TM023_4_20_1.-103C/Lon/Lon/Rum 1.309/PIR_activity_1.309,2024-01-01 01:36:18,248,0.0
232989,/TM023_4_20_1.-103C/Lon/Lon/Rum 1.309/PIR_activity_1.309,2024-01-01 01:35:18,248,0.0
232989,/TM023_4_20_1.-103C/Lon/Lon/Rum 1.309/PIR_activity_1.309,2024-01-01 01:34:18,248,0.0
232989,/TM023_4_20_1.-103C/Lon/Lon/Rum 1.309/PIR_activity_1.309,2024-01-01 01:33:18,248,0.0
232989,/TM023_4_20_1.-103C/Lon/Lon/Rum 1.309/PIR_activity_1.309,2024-01-01 01:32:18,248,0.0
232989,/TM023_4_20_1.-103C/Lon/Lon/Rum 1.309/PIR_activity_1.309,2024-01-01 01:31:18,248,0.0
232989,/TM023_4_20_1.-103C/Lon/Lon/Rum 1.309/PIR_activity_1.309,2024-01-01 01:30:18,248,0.0
232989,/TM023_4_20_1.-103C/Lon/Lon/Rum 1.309/PIR_activity_1.309,2024-01-01 01:29:18,248,0.0
232989,/TM023_4_20_1.-103C/Lon/Lon/Rum 1.309/PIR_activity_1.309,2024-01-01 01:28:18,248,0.0
232989,/TM023_4_20_1.-103C/Lon/Lon/Rum 1.309/PIR_activity_1.309,2024-01-01 01:27:18,248,0.0
232989,/TM023_4_20_1.-103C/Lon/Lon/Rum 1.309/PIR_activity_1.309,2024-01-01 01:26:18,248,0.0
232989,/TM023_4_20_1.-103C/Lon/Lon/Rum 1.309/PIR_activity_1.309,2024-01-01 01:25:18,248,0.0
232989,/TM023_4_20_1.-103C/Lon/Lon/Rum 1.309/PIR_activity_1.309,2024-01-01 01:24:18,248,0.0
232989,/TM023_4_20_1.-103C/Lon/Lon/Rum 1.309/PIR_activity_1.309,2024-01-01 01:23:18,248,0.0
232989,/TM023_4_20_1.-103C/Lon/Lon/Rum 1.309/PIR_activity_1.309,2024-01-01 01:22:18,248,0.0
232989,/TM023_4_20_1.-103C/Lon/Lon/Rum 1.309/PIR_activity_1.309,2024-01-01 01:21:18,248,0.0
232989,/TM023_4_20_1.-103C/Lon/Lon/Rum 1.309/PIR_activity_1.309,2024-01-01 01:20:18,248,0.0
232989,/TM023_4_20_1.-103C/Lon/Lon/Rum 1.309/PIR_activity_1.309,2024-01-01 01:19:18,248,0.0
232989,/TM023_4_20_1.-103C/Lon/Lon/Rum 1.309/PIR_activity_1.309,2024-01-01 01:18:18,248,0.0
232989,/TM023_4_20_1.-103C/Lon/Lon/Rum 1.309/PIR_activity_1.309,2024-01-01 01:17:18,248,0.0
232989,/TM023_4_20_1.-103C/Lon/Lon/Rum 1.309/PIR_activity_1.309,2024-01-01 01:16:18,248,0.0
232989,/TM023_4_20_1.-103C/Lon/Lon/Rum 1.309/PIR_activity_1.309,2024-01-01 01:15:18,248,0.0
232989,/TM023_4_20_1.-103C/Lon/Lon/Rum 1.309/PIR_activity_1.309,2024-01-01 01:14:18,248,0.0
232989,/TM023_4_20_1.-103C/Lon/Lon/Rum 1.309/PIR_activity_1.309,2024-01-01 01:13:18,248,0.0
232989,/TM023_4_20_1.-103C/Lon/Lon/Rum 1.309/PIR_activity_1.309,2024-01-01 01:12:18,248,0.0
232989,/TM023_4_20_1.-103C/Lon/Lon/Rum 1.309/PIR_activity_1.309,2024-01-01 01:11:18,248,0.0
232989,/TM023_4_20_1.-103C/Lon/Lon/Rum 1.309/PIR_activity_1.309,2024-01-01 01:10:18,248,0.0
232989,/TM023_4_20_1.-103C/Lon/Lon/Rum 1.309/PIR_activity_1.309,2024-01-01 01:09:18,248,0.0
232989,/TM023_4_20_1.-103C/Lon/Lon/Rum 1.309/PIR_activity_1.309,2024-01-01 01:08:18,248,0.0
232989,/TM023_4_20_1.-103C/Lon/Lon/Rum 1.309/PIR_activity_1.309,2024-01-01 01:07:18,248,0.0
232989,/TM023_4_20_1.-103C/Lon/Lon/Rum 1.309/PIR_activity_1.309,2024-01-01 01:06:18,248,0.0
232989,/TM023_4_20_1.-103C/Lon/Lon/Rum 1.309/PIR_activity_1.309,2024-01-01 01:05:18,248,0.0
232989,/TM023_4_20_1.-103C/Lon/Lon/Rum 1.309/PIR_activity_1.309,2024-01-01 01:04:18,248,0.0
232989,/TM023_4_20_1.-103C/Lon/Lon/Rum 1.309/PIR_activity_1.309,2024-01-01 01:03:18,248,0.0
232989,/TM023_4_20_1.-103C/Lon/Lon/Rum 1.309/PIR_activity_1.309,2024-01-01 01:02:18,248,0.0
232989,/TM023_4_20_1.-103C/Lon/Lon/Rum 1.309/PIR_activity_1.309,2024-01-01 01:01:18,248,0.0
232989,/TM023_4_20_1.-103C/Lon/Lon/Rum 1.309/PIR_activity_1.309,2024-01-01 01:00:18,248,0.0
232990,/TM023_4_20_1.-103C/Lon/Lon/Rum 1.311/PIR_activity_1.311,2024-01-01 01:59:20,248,0.0
232990,/TM023_4_20_1.-103C/Lon/Lon/Rum 1.311/PIR_activity_1.311,2024-01-01 01:58:20,248,0.0
232990,/TM023_4_20_1.-103C/Lon/Lon/Rum 1.311/PIR_activity_1.311,2024-01-01 01:57:20,248,0.0
232990,/TM023_4_20_1.-103C/Lon/Lon/Rum 1.311/PIR_activity_1.311,2024-01-01 01:56:20,248,0.0
232990,/TM023_4_20_1.-103C/Lon/Lon/Rum 1.311/PIR_activity_1.311,2024-01-01 01:55:20,248,0.0
232990,/TM023_4_20_1.-103C/Lon/Lon/Rum 1.311/PIR_activity_1.311,2024-01-01 01:54:20,248,0.0
232990,/TM023_4_20_1.-103C/Lon/Lon/Rum 1.311/PIR_activity_1.311,2024-01-01 01:53:20,248,0.0
232990,/TM023_4_20_1.-103C/Lon/Lon/Rum 1.311/PIR_activity_1.311,2024-01-01 01:52:20,248,0.0
232990,/TM023_4_20_1.-103C/Lon/Lon/Rum 1.311/PIR_activity_1.311,2024-01-01 01:51:20,248,0.0
232990,/TM023_4_20_1.-103C/Lon/Lon/Rum 1.311/PIR_activity_1.311,2024-01-01 01:50:20,248,0.0
232990,/TM023_4_20_1.-103C/Lon/Lon/Rum 1.311/PIR_activity_1.311,2024-01-01 01:49:20,248,0.0
232990,/TM023_4_20_1.-103C/Lon/Lon/Rum 1.311/PIR_activity_1.311,2024-01-01 01:48:20,248,0.0
232990,/TM023_4_20_1.-103C/Lon/Lon/Rum 1.311/PIR_activity_1.311,2024-01-01 01:47:20,248,0.0
232990,/TM023_4_20_1.-103C/Lon/Lon/Rum 1.311/PIR_activity_1.311,2024-01-01 01:46:20,248,0.0
232990,/TM023_4_20_1.-103C/Lon/Lon/Rum 1.311/PIR_activity_1.311,2024-01-01 01:45:20,248,0.0
232990,/TM023_4_20_1.-103C/Lon/Lon/Rum 1.311/PIR_activity_1.311,2024-01-01 01:44:20,248,0.0
232990,/TM023_4_20_1.-103C/Lon/Lon/Rum 1.311/PIR_activity_1.311,2024-01-01 01:43:20,248,0.0
232990,/TM023_4_20_1.-103C/Lon/Lon/Rum 1.311/PIR_activity_1.311,2024-01-01 01:42:20,248,0.0
232990,/TM023_4_20_1.-103C/Lon/Lon/Rum 1.311/PIR_activity_1.311,2024-01-01 01:41:20,248,0.0
232990,/TM023_4_20_1.-103C/Lon/Lon/Rum 1.311/PIR_activity_1.311,2024-01-01 01:40:20,248,0.0
232990,/TM023_4_20_1.-103C/Lon/Lon/Rum 1.311/PIR_activity_1.311,2024-01-01 01:39:20,248,0.0
232990,/TM023_4_20_1.-103C/Lon/Lon/Rum 1.311/PIR_activity_1.311,2024-01-01 01:38:20,248,0.0
232990,/TM023_4_20_1.-103C/Lon/Lon/Rum 1.311/PIR_activity_1.311,2024-01-01 01:37:20,248,0.0
232990,/TM023_4_20_1.-103C/Lon/Lon/Rum 1.311/PIR_activity_1.311,2024-01-01 01:36:20,248,0.0
232990,/TM023_4_20_1.-103C/Lon/Lon/Rum 1.311/PIR_activity_1.311,2024-01-01 01:35:20,248,0.0
232990,/TM023_4_20_1.-103C/Lon/Lon/Rum 1.311/PIR_activity_1.311,2024-01-01 01:34:20,248,0.0
232990,/TM023_4_20_1.-103C/Lon/Lon/Rum 1.311/PIR_activity_1.311,2024-01-01 01:33:20,248,0.0
232990,/TM023_4_20_1.-103C/Lon/Lon/Rum 1.311/PIR_activity_1.311,2024-01-01 01:32:20,248,0.0
232990,/TM023_4_20_1.-103C/Lon/Lon/Rum 1.311/PIR_activity_1.311,2024-01-01 01:31:20,248,0.0
232990,/TM023_4_20_1.-103C/Lon/Lon/Rum 1.311/PIR_activity_1.311,2024-01-01 01:30:20,248,0.0
232990,/TM023_4_20_1.-103C/Lon/Lon/Rum 1.311/PIR_activity_1.311,2024-01-01 01:29:20,248,0.0
232990,/TM023_4_20_1.-103C/Lon/Lon/Rum 1.311/PIR_activity_1.311,2024-01-01 01:28:20,248,0.0
232990,/TM023_4_20_1.-103C/Lon/Lon/Rum 1.311/PIR_activity_1.311,2024-01-01 01:27:20,248,0.0
232990,/TM023_4_20_1.-103C/Lon/Lon/Rum 1.311/PIR_activity_1.311,2024-01-01 01:26:20,248,0.0
232990,/TM023_4_20_1.-103C/Lon/Lon/Rum 1.311/PIR_activity_1.311,2024-01-01 01:25:20,248,0.0
232990,/TM023_4_20_1.-103C/Lon/Lon/Rum 1.311/PIR_activity_1.311,2024-01-01 01:24:20,248,0.0
232990,/TM023_4_20_1.-103C/Lon/Lon/Rum 1.311/PIR_activity_1.311,2024-01-01 01:23:20,248,0.0
232990,/TM023_4_20_1.-103C/Lon/Lon/Rum 1.311/PIR_activity_1.311,2024-01-01 01:22:20,248,0.0
232990,/TM023_4_20_1.-103C/Lon/Lon/Rum 1.311/PIR_activity_1.311,2024-01-01 01:21:20,248,0.0
232990,/TM023_4_20_1.-103C/Lon/Lon/Rum 1.311/PIR_activity_1.311,2024-01-01 01:20:20,248,0.0
232990,/TM023_4_20_1.-103C/Lon/Lon/Rum 1.311/PIR_activity_1.311,2024-01-01 01:19:20,248,0.0
232990,/TM023_4_20_1.-103C/Lon/Lon/Rum 1.311/PIR_activity_1.311,2024-01-01 01:18:20,248,0.0
232990,/TM023_4_20_1.-103C/Lon/Lon/Rum 1.311/PIR_activity_1.311,2024-01-01 01:17:20,248,0.0
232990,/TM023_4_20_1.-103C/Lon/Lon/Rum 1.311/PIR_activity_1.311,2024-01-01 01:16:20,248,0.0
232990,/TM023_4_20_1.-103C/Lon/Lon/Rum 1.311/PIR_activity_1.311,2024-01-01 01:15:20,248,0.0
232990,/TM023_4_20_1.-103C/Lon/Lon/Rum 1.311/PIR_activity_1.311,2024-01-01 01:14:20,248,0.0
232990,/TM023_4_20_1.-103C/Lon/Lon/Rum 1.311/PIR_activity_1.311,2024-01-01 01:13:20,248,0.0
232990,/TM023_4_20_1.-103C/Lon/Lon/Rum 1.311/PIR_activity_1.311,2024-01-01 01:12:20,248,0.0
232990,/TM023_4_20_1.-103C/Lon/Lon/Rum 1.311/PIR_activity_1.311,2024-01-01 01:11:20,248,0.0
232990,/TM023_4_20_1.-103C/Lon/Lon/Rum 1.311/PIR_activity_1.311,2024-01-01 01:10:20,248,0.0
232990,/TM023_4_20_1.-103C/Lon/Lon/Rum 1.311/PIR_activity_1.311,2024-01-01 01:09:20,248,0.0
232990,/TM023_4_20_1.-103C/Lon/Lon/Rum 1.311/PIR_activity_1.311,2024-01-01 01:08:20,248,0.0
232990,/TM023_4_20_1.-103C/Lon/Lon/Rum 1.311/PIR_activity_1.311,2024-01-01 01:07:20,248,0.0
232990,/TM023_4_20_1.-103C/Lon/Lon/Rum 1.311/PIR_activity_1.311,2024-01-01 01:06:20,248,0.0
232990,/TM023_4_20_1.-103C/Lon/Lon/Rum 1.311/PIR_activity_1.311,2024-01-01 01:05:20,248,0.0
232990,/TM023_4_20_1.-103C/Lon/Lon/Rum 1.311/PIR_activity_1.311,2024-01-01 01:04:20,248,0.0
232990,/TM023_4_20_1.-103C/Lon/Lon/Rum 1.311/PIR_activity_1.311,2024-01-01 01:03:20,248,0.0
232990,/TM023_4_20_1.-103C/Lon/Lon/Rum 1.311/PIR_activity_1.311,2024-01-01 01:02:20,248,0.0
232990,/TM023_4_20_1.-103C/Lon/Lon/Rum 1.311/PIR_activity_1.311,2024-01-01 01:01:20,248,0.0
232990,/TM023_4_20_1.-103C/Lon/Lon/Rum 1.311/PIR_activity_1.311,2024-01-01 01:00:20,248,0.0
232991,/TM023_4_20_1.-103C/Lon/Lon/Rum 1.313/PIR_activity_1.313,2024-01-01 01:59:22,248,0.0
232991,/TM023_4_20_1.-103C/Lon/Lon/Rum 1.313/PIR_activity_1.313,2024-01-01 01:58:22,248,0.0
232991,/TM023_4_20_1.-103C/Lon/Lon/Rum 1.313/PIR_activity_1.313,2024-01-01 01:57:22,248,0.0
232991,/TM023_4_20_1.-103C/Lon/Lon/Rum 1.313/PIR_activity_1.313,2024-01-01 01:56:22,248,0.0
232991,/TM023_4_20_1.-103C/Lon/Lon/Rum 1.313/PIR_activity_1.313,2024-01-01 01:55:22,248,0.0
232991,/TM023_4_20_1.-103C/Lon/Lon/Rum 1.313/PIR_activity_1.313,2024-01-01 01:54:22,248,0.0
232991,/TM023_4_20_1.-103C/Lon/Lon/Rum 1.313/PIR_activity_1.313,2024-01-01 01:53:22,248,0.0
232991,/TM023_4_20_1.-103C/Lon/Lon/Rum 1.313/PIR_activity_1.313,2024-01-01 01:52:22,248,0.0
232991,/TM023_4_20_1.-103C/Lon/Lon/Rum 1.313/PIR_activity_1.313,2024-01-01 01:51:22,248,0.0
232991,/TM023_4_20_1.-103C/Lon/Lon/Rum 1.313/PIR_activity_1.313,2024-01-01 01:50:22,248,0.0
232991,/TM023_4_20_1.-103C/Lon/Lon/Rum 1.313/PIR_activity_1.313,2024-01-01 01:49:22,248,0.0
232991,/TM023_4_20_1.-103C/Lon/Lon/Rum 1.313/PIR_activity_1.313,2024-01-01 01:48:22,248,0.0
232991,/TM023_4_20_1.-103C/Lon/Lon/Rum 1.313/PIR_activity_1.313,2024-01-01 01:47:22,248,0.0
232991,/TM023_4_20_1.-103C/Lon/Lon/Rum 1.313/PIR_activity_1.313,2024-01-01 01:46:22,248,0.0
232991,/TM023_4_20_1.-103C/Lon/Lon/Rum 1.313/PIR_activity_1.313,2024-01-01 01:45:22,248,0.0
232991,/TM023_4_20_1.-103C/Lon/Lon/Rum 1.313/PIR_activity_1.313,2024-01-01 01:44:22,248,0.0
232991,/TM023_4_20_1.-103C/Lon/Lon/Rum 1.313/PIR_activity_1.313,2024-01-01 01:43:22,248,0.0
232991,/TM023_4_20_1.-103C/Lon/Lon/Rum 1.313/PIR_activity_1.313,2024-01-01 01:42:22,248,0.0
232991,/TM023_4_20_1.-103C/Lon/Lon/Rum 1.313/PIR_activity_1.313,2024-01-01 01:41:22,248,0.0
232991,/TM023_4_20_1.-103C/Lon/Lon/Rum 1.313/PIR_activity_1.313,2024-01-01 01:40:22,248,0.0
232991,/TM023_4_20_1.-103C/Lon/Lon/Rum 1.313/PIR_activity_1.313,2024-01-01 01:39:22,248,0.0
232991,/TM023_4_20_1.-103C/Lon/Lon/Rum 1.313/PIR_activity_1.313,2024-01-01 01:38:22,248,0.0
232991,/TM023_4_20_1.-103C/Lon/Lon/Rum 1.313/PIR_activity_1.313,2024-01-01 01:37:22,248,0.0
232991,/TM023_4_20_1.-103C/Lon/Lon/Rum 1.313/PIR_activity_1.313,2024-01-01 01:36:22,248,0.0
232991,/TM023_4_20_1.-103C/Lon/Lon/Rum 1.313/PIR_activity_1.313,2024-01-01 01:35:22,248,0.0
232991,/TM023_4_20_1.-103C/Lon/Lon/Rum 1.313/PIR_activity_1.313,2024-01-01 01:34:22,248,0.0
232991,/TM023_4_20_1.-103C/Lon/Lon/Rum 1.313/PIR_activity_1.313,2024-01-01 01:33:22,248,0.0
232991,/TM023_4_20_1.-103C/Lon/Lon/Rum 1.313/PIR_activity_1.313,2024-01-01 01:32:22,248,0.0
232991,/TM023_4_20_1.-103C/Lon/Lon/Rum 1.313/PIR_activity_1.313,2024-01-01 01:31:22,248,0.0
232991,/TM023_4_20_1.-103C/Lon/Lon/Rum 1.313/PIR_activity_1.313,2024-01-01 01:30:22,248,0.0
232991,/TM023_4_20_1.-103C/Lon/Lon/Rum 1.313/PIR_activity_1.313,2024-01-01 01:29:22,248,0.0
232991,/TM023_4_20_1.-103C/Lon/Lon/Rum 1.313/PIR_activity_1.313,2024-01-01 01:28:22,248,0.0
232991,/TM023_4_20_1.-103C/Lon/Lon/Rum 1.313/PIR_activity_1.313,2024-01-01 01:27:22,248,0.0
232991,/TM023_4_20_1.-103C/Lon/Lon/Rum 1.313/PIR_activity_1.313,2024-01-01 01:26:22,248,0.0
232991,/TM023_4_20_1.-103C/Lon/Lon/Rum 1.313/PIR_activity_1.313,2024-01-01 01:25:22,248,0.0
232991,/TM023_4_20_1.-103C/Lon/Lon/Rum 1.313/PIR_activity_1.313,2024-01-01 01:24:22,248,0.0
232991,/TM023_4_20_1.-103C/Lon/Lon/Rum 1.313/PIR_activity_1.313,2024-01-01 01:23:22,248,0.0
232991,/TM023_4_20_1.-103C/Lon/Lon/Rum 1.313/PIR_activity_1.313,2024-01-01 01:22:22,248,0.0
232991,/TM023_4_20_1.-103C/Lon/Lon/Rum 1.313/PIR_activity_1.313,2024-01-01 01:21:22,248,0.0
232991,/TM023_4_20_1.-103C/Lon/Lon/Rum 1.313/PIR_activity_1.313,2024-01-01 01:20:22,248,0.0
232991,/TM023_4_20_1.-103C/Lon/Lon/Rum 1.313/PIR_activity_1.313,2024-01-01 01:19:22,248,0.0
232991,/TM023_4_20_1.-103C/Lon/Lon/Rum 1.313/PIR_activity_1.313,2024-01-01 01:18:22,248,0.0
232991,/TM023_4_20_1.-103C/Lon/Lon/Rum 1.313/PIR_activity_1.313,2024-01-01 01:17:22,248,0.0
232991,/TM023_4_20_1.-103C/Lon/Lon/Rum 1.313/PIR_activity_1.313,2024-01-01 01:16:22,248,0.0
232991,/TM023_4_20_1.-103C/Lon/Lon/Rum 1.313/PIR_activity_1.313,2024-01-01 01:15:22,248,0.0
232991,/TM023_4_20_1.-103C/Lon/Lon/Rum 1.313/PIR_activity_1.313,2024-01-01 01:14:22,248,0.0
232991,/TM023_4_20_1.-103C/Lon/Lon/Rum 1.313/PIR_activity_1.313,2024-01-01 01:13:22,248,0.0
232991,/TM023_4_20_1.-103C/Lon/Lon/Rum 1.313/PIR_activity_1.313,2024-01-01 01:12:22,248,0.0
232991,/TM023_4_20_1.-103C/Lon/Lon/Rum 1.313/PIR_activity_1.313,2024-01-01 01:11:22,248,0.0
232991,/TM023_4_20_1.-103C/Lon/Lon/Rum 1.313/PIR_activity_1.313,2024-01-01 01:10:22,248,0.0
232991,/TM023_4_20_1.-103C/Lon/Lon/Rum 1.313/PIR_activity_1.313,2024-01-01 01:09:22,248,0.0
232991,/TM023_4_20_1.-103C/Lon/Lon/Rum 1.313/PIR_activity_1.313,2024-01-01 01:08:22,248,0.0
232991,/TM023_4_20_1.-103C/Lon/Lon/Rum 1.313/PIR_activity_1.313,2024-01-01 01:07:22,248,0.0
232991,/TM023_4_20_1.-103C/Lon/Lon/Rum 1.313/PIR_activity_1.313,2024-01-01 01:06:22,248,0.0
232991,/TM023_4_20_1.-103C/Lon/Lon/Rum 1.313/PIR_activity_1.313,2024-01-01 01:05:22,248,0.0
232991,/TM023_4_20_1.-103C/Lon/Lon/Rum 1.313/PIR_activity_1.313,2024-01-01 01:04:22,248,0.0
232991,/TM023_4_20_1.-103C/Lon/Lon/Rum 1.313/PIR_activity_1.313,2024-01-01 01:03:22,248,0.0
232991,/TM023_4_20_1.-103C/Lon/Lon/Rum 1.313/PIR_activity_1.313,2024-01-01 01:02:22,248,0.0
232991,/TM023_4_20_1.-103C/Lon/Lon/Rum 1.313/PIR_activity_1.313,2024-01-01 01:01:22,248,0.0
232991,/TM023_4_20_1.-103C/Lon/Lon/Rum 1.313/PIR_activity_1.313,2024-01-01 01:00:22,248,0.0
232992,/TM023_4_20_1.-103C/Lon/Lon/Rum 1.315/PIR_activity_1.315,2024-01-01 01:59:24,248,0.0
232992,/TM023_4_20_1.-103C/Lon/Lon/Rum 1.315/PIR_activity_1.315,2024-01-01 01:58:24,248,0.0
232992,/TM023_4_20_1.-103C/Lon/Lon/Rum 1.315/PIR_activity_1.315,2024-01-01 01:57:24,248,0.0
232992,/TM023_4_20_1.-103C/Lon/Lon/Rum 1.315/PIR_activity_1.315,2024-01-01 01:56:24,248,0.0
232992,/TM023_4_20_1.-103C/Lon/Lon/Rum 1.315/PIR_activity_1.315,2024-01-01 01:55:24,248,0.0
232992,/TM023_4_20_1.-103C/Lon/Lon/Rum 1.315/PIR_activity_1.315,2024-01-01 01:54:24,248,0.0
232992,/TM023_4_20_1.-103C/Lon/Lon/Rum 1.315/PIR_activity_1.315,2024-01-01 01:53:24,248,0.0
232992,/TM023_4_20_1.-103C/Lon/Lon/Rum 1.315/PIR_activity_1.315,2024-01-01 01:52:24,248,0.0
232992,/TM023_4_20_1.-103C/Lon/Lon/Rum 1.315/PIR_activity_1.315,2024-01-01 01:51:24,248,0.0
232992,/TM023_4_20_1.-103C/Lon/Lon/Rum 1.315/PIR_activity_1.315,2024-01-01 01:50:24,248,0.0
232992,/TM023_4_20_1.-103C/Lon/Lon/Rum 1.315/PIR_activity_1.315,2024-01-01 01:49:24,248,0.0
232992,/TM023_4_20_1.-103C/Lon/Lon/Rum 1.315/PIR_activity_1.315,2024-01-01 01:48:24,248,0.0
232992,/TM023_4_20_1.-103C/Lon/Lon/Rum 1.315/PIR_activity_1.315,2024-01-01 01:47:24,248,0.0
232992,/TM023_4_20_1.-103C/Lon/Lon/Rum 1.315/PIR_activity_1.315,2024-01-01 01:46:24,248,0.0
232992,/TM023_4_20_1.-103C/Lon/Lon/Rum 1.315/PIR_activity_1.315,2024-01-01 01:45:24,248,0.0
232992,/TM023_4_20_1.-103C/Lon/Lon/Rum 1.315/PIR_activity_1.315,2024-01-01 01:44:24,248,0.0
232992,/TM023_4_20_1.-103C/Lon/Lon/Rum 1.315/PIR_activity_1.315,2024-01-01 01:43:24,248,0.0
232992,/TM023_4_20_1.-103C/Lon/Lon/Rum 1.315/PIR_activity_1.315,2024-01-01 01:42:24,248,0.0
232992,/TM023_4_20_1.-103C/Lon/Lon/Rum 1.315/PIR_activity_1.315,2024-01-01 01:41:24,248,0.0
232992,/TM023_4_20_1.-103C/Lon/Lon/Rum 1.315/PIR_activity_1.315,2024-01-01 01:40:24,248,0.0
232992,/TM023_4_20_1.-103C/Lon/Lon/Rum 1.315/PIR_activity_1.315,2024-01-01 01:39:24,248,0.0
232992,/TM023_4_20_1.-103C/Lon/Lon/Rum 1.315/PIR_activity_1.315,2024-01-01 01:38:24,248,0.0
232992,/TM023_4_20_1.-103C/Lon/Lon/Rum 1.315/PIR_activity_1.315,2024-01-01 01:37:24,248,0.0
232992,/TM023_4_20_1.-103C/Lon/Lon/Rum 1.315/PIR_activity_1.315,2024-01-01 01:36:24,248,0.0
232992,/TM023_4_20_1.-103C/Lon/Lon/Rum 1.315/PIR_activity_1.315,2024-01-01 01:35:24,248,0.0
232992,/TM023_4_20_1.-103C/Lon/Lon/Rum 1.315/PIR_activity_1.315,2024-01-01 01:34:24,248,0.0
232992,/TM023_4_20_1.-103C/Lon/Lon/Rum 1.315/PIR_activity_1.315,2024-01-01 01:33:24,248,0.0
232992,/TM023_4_20_1.-103C/Lon/Lon/Rum 1.315/PIR_activity_1.315,2024-01-01 01:32:24,248,0.0
232992,/TM023_4_20_1.-103C/Lon/Lon/Rum 1.315/PIR_activity_1.315,2024-01-01 01:31:24,248,0.0
232992,/TM023_4_20_1.-103C/Lon/Lon/Rum 1.315/PIR_activity_1.315,2024-01-01 01:30:24,248,0.0
232992,/TM023_4_20_1.-103C/Lon/Lon/Rum 1.315/PIR_activity_1.315,2024-01-01 01:29:24,248,0.0
232992,/TM023_4_20_1.-103C/Lon/Lon/Rum 1.315/PIR_activity_1.315,2024-01-01 01:28:24,248,0.0
232992,/TM023_4_20_1.-103C/Lon/Lon/Rum 1.315/PIR_activity_1.315,2024-01-01 01:27:24,248,0.0
232992,/TM023_4_20_1.-103C/Lon/Lon/Rum 1.315/PIR_activity_1.315,2024-01-01 01:26:24,248,0.0
232992,/TM023_4_20_1.-103C/Lon/Lon/Rum 1.315/PIR_activity_1.315,2024-01-01 01:25:24,248,0.0
232992,/TM023_4_20_1.-103C/Lon/Lon/Rum 1.315/PIR_activity_1.315,2024-01-01 01:24:24,248,0.0
232992,/TM023_4_20_1.-103C/Lon/Lon/Rum 1.315/PIR_activity_1.315,2024-01-01 01:23:24,248,0.0
232992,/TM023_4_20_1.-103C/Lon/Lon/Rum 1.315/PIR_activity_1.315,2024-01-01 01:22:24,248,0.0
232992,/TM023_4_20_1.-103C/Lon/Lon/Rum 1.315/PIR_activity_1.315,2024-01-01 01:21:24,248,0.0
232992,/TM023_4_20_1.-103C/Lon/Lon/Rum 1.315/PIR_activity_1.315,2024-01-01 01:20:24,248,0.0
232992,/TM023_4_20_1.-103C/Lon/Lon/Rum 1.315/PIR_activity_1.315,2024-01-01 01:19:24,248,0.0
232992,/TM023_4_20_1.-103C/Lon/Lon/Rum 1.315/PIR_activity_1.315,2024-01-01 01:18:24,248,0.0
232992,/TM023_4_20_1.-103C/Lon/Lon/Rum 1.315/PIR_activity_1.315,2024-01-01 01:17:24,248,0.0
232992,/TM023_4_20_1.-103C/Lon/Lon/Rum 1.315/PIR_activity_1.315,2024-01-01 01:16:24,248,0.0
232992,/TM023_4_20_1.-103C/Lon/Lon/Rum 1.315/PIR_activity_1.315,2024-01-01 01:15:24,248,0.0
232992,/TM023_4_20_1.-103C/Lon/Lon/Rum 1.315/PIR_activity_1.315,2024-01-01 01:14:24,248,0.0
232992,/TM023_4_20_1.-103C/Lon/Lon/Rum 1.315/PIR_activity_1.315,2024-01-01 01:13:24,248,0.0
232992,/TM023_4_20_1.-103C/Lon/Lon/Rum 1.315/PIR_activity_1.315,2024-01-01 01:12:24,248,0.0
232992,/TM023_4_20_1.-103C/Lon/Lon/Rum 1.315/PIR_activity_1.315,2024-01-01 01:11:24,248,0.0
232992,/TM023_4_20_1.-103C/Lon/Lon/Rum 1.315/PIR_activity_1.315,2024-01-01 01:10:24,248,0.0
232992,/TM023_4_20_1.-103C/Lon/Lon/Rum 1.315/PIR_activity_1.315,2024-01-01 01:09:24,248,0.0
232992,/TM023_4_20_1.-103C/Lon/Lon/Rum 1.315/PIR_activity_1.315,2024-01-01 01:08:24,248,0.0
232992,/TM023_4_20_1.-103C/Lon/Lon/Rum 1.315/PIR_activity_1.315,2024-01-01 01:07:24,248,0.0
232992,/TM023_4_20_1.-103C/Lon/Lon/Rum 1.315/PIR_activity_1.315,2024-01-01 01:06:24,248,0.0
232992,/TM023_4_20_1.-103C/Lon/Lon/Rum 1.315/PIR_activity_1.315,2024-01-01 01:05:24,248,0.0
232992,/TM023_4_20_1.-103C/Lon/Lon/Rum 1.315/PIR_activity_1.315,2024-01-01 01:04:24,248,0.0
232992,/TM023_4_20_1.-103C/Lon/Lon/Rum 1.315/PIR_activity_1.315,2024-01-01 01:03:24,248,0.0
232992,/TM023_4_20_1.-103C/Lon/Lon/Rum 1.315/PIR_activity_1.315,2024-01-01 01:02:24,248,0.0
232992,/TM023_4_20_1.-103C/Lon/Lon/Rum 1.315/PIR_activity_1.315,2024-01-01 01:01:24,248,0.0
232992,/TM023_4_20_1.-103C/Lon/Lon/Rum 1.315/PIR_activity_1.315,2024-01-01 01:00:24,248,0.0
232993,/TM023_4_20_1.-103C/Lon/Lon/Rum 1.317/PIR_activity_1.317,2024-01-01 01:59:26,248,0.0
232993,/TM023_4_20_1.-103C/Lon/Lon/Rum 1.317/PIR_activity_1.317,2024-01-01 01:58:26,248,0.0
232993,/TM023_4_20_1.-103C/Lon/Lon/Rum 1.317/PIR_activity_1.317,2024-01-01 01:57:26,248,0.0
232993,/TM023_4_20_1.-103C/Lon/Lon/Rum 1.317/PIR_activity_1.317,2024-01-01 01:56:26,248,0.0
232993,/TM023_4_20_1.-103C/Lon/Lon/Rum 1.317/PIR_activity_1.317,2024-01-01 01:55:26,248,0.0
232993,/TM023_4_20_1.-103C/Lon/Lon/Rum 1.317/PIR_activity_1.317,2024-01-01 01:54:26,248,0.0
232993,/TM023_4_20_1.-103C/Lon/Lon/Rum 1.317/PIR_activity_1.317,2024-01-01 01:53:26,248,0.0
232993,/TM023_4_20_1.-103C/Lon/Lon/Rum 1.317/PIR_activity_1.317,2024-01-01 01:52:26,248,0.0
232993,/TM023_4_20_1.-103C/Lon/Lon/Rum 1.317/PIR_activity_1.317,2024-01-01 01:51:26,248,0.0
232993,/TM023_4_20_1.-103C/Lon/Lon/Rum 1.317/PIR_activity_1.317,2024-01-01 01:50:26,248,0.0
232993,/TM023_4_20_1.-103C/Lon/Lon/Rum 1.317/PIR_activity_1.317,2024-01-01 01:49:26,248,0.0
232993,/TM023_4_20_1.-103C/Lon/Lon/Rum 1.317/PIR_activity_1.317,2024-01-01 01:48:26,248,0.0
232993,/TM023_4_20_1.-103C/Lon/Lon/Rum 1.317/PIR_activity_1.317,2024-01-01 01:47:26,248,0.0
232993,/TM023_4_20_1.-103C/Lon/Lon/Rum 1.317/PIR_activity_1.317,2024-01-01 01:46:26,248,0.0
232993,/TM023_4_20_1.-103C/Lon/Lon/Rum 1.317/PIR_activity_1.317,2024-01-01 01:45:26,248,0.0
232993,/TM023_4_20_1.-103C/Lon/Lon/Rum 1.317/PIR_activity_1.317,2024-01-01 01:44:26,248,0.0
232993,/TM023_4_20_1.-103C/Lon/Lon/Rum 1.317/PIR_activity_1.317,2024-01-01 01:43:26,248,0.0
232993,/TM023_4_20_1.-103C/Lon/Lon/Rum 1.317/PIR_activity_1.317,2024-01-01 01:42:26,248,0.0
232993,/TM023_4_20_1.-103C/Lon/Lon/Rum 1.317/PIR_activity_1.317,2024-01-01 01:41:26,248,0.0
232993,/TM023_4_20_1.-103C/Lon/Lon/Rum 1.317/PIR_activity_1.317,2024-01-01 01:40:26,248,0.0
232993,/TM023_4_20_1.-103C/Lon/Lon/Rum 1.317/PIR_activity_1.317,2024-01-01 01:39:26,248,0.0
232993,/TM023_4_20_1.-103C/Lon/Lon/Rum 1.317/PIR_activity_1.317,2024-01-01 01:38:26,248,0.0
232993,/TM023_4_20_1.-103C/Lon/Lon/Rum 1.317/PIR_activity_1.317,2024-01-01 01:37:26,248,0.0
232993,/TM023_4_20_1.-103C/Lon/Lon/Rum 1.317/PIR_activity_1.317,2024-01-01 01:36:26,248,0.0
232993,/TM023_4_20_1.-103C/Lon/Lon/Rum 1.317/PIR_activity_1.317,2024-01-01 01:35:26,248,0.0
232993,/TM023_4_20_1.-103C/Lon/Lon/Rum 1.317/PIR_activity_1.317,2024-01-01 01:34:26,248,0.0
232993,/TM023_4_20_1.-103C/Lon/Lon/Rum 1.317/PIR_activity_1.317,2024-01-01 01:33:26,248,0.0
232993,/TM023_4_20_1.-103C/Lon/Lon/Rum 1.317/PIR_activity_1.317,2024-01-01 01:32:26,248,0.0
232993,/TM023_4_20_1.-103C/Lon/Lon/Rum 1.317/PIR_activity_1.317,2024-01-01 01:31:26,248,0.0
232993,/TM023_4_20_1.-103C/Lon/Lon/Rum 1.317/PIR_activity_1.317,2024-01-01 01:30:26,248,0.0
232993,/TM023_4_20_1.-103C/Lon/Lon/Rum 1.317/PIR_activity_1.317,2024-01-01 01:29:26,248,0.0
232993,/TM023_4_20_1.-103C/Lon/Lon/Rum 1.317/PIR_activity_1.317,2024-01-01 01:28:26,248,0.0
232993,/TM023_4_20_1.-103C/Lon/Lon/Rum 1.317/PIR_activity_1.317,2024-01-01 01:27:26,248,0.0
232993,/TM023_4_20_1.-103C/Lon/Lon/Rum 1.317/PIR_activity_1.317,2024-01-01 01:26:26,248,0.0
232993,/TM023_4_20_1.-103C/Lon/Lon/Rum 1.317/PIR_activity_1.317,2024-01-01 01:25:26,248,0.0
232993,/TM023_4_20_1.-103C/Lon/Lon/Rum 1.317/PIR_activity_1.317,2024-01-01 01:24:26,248,0.0
232993,/TM023_4_20_1.-103C/Lon/Lon/Rum 1.317/PIR_activity_1.317,2024-01-01 01:23:26,248,0.0
232993,/TM023_4_20_1.-103C/Lon/Lon/Rum 1.317/PIR_activity_1.317,2024-01-01 01:22:26,248,0.0
232993,/TM023_4_20_1.-103C/Lon/Lon/Rum 1.317/PIR_activity_1.317,2024-01-01 01:21:26,248,0.0
232993,/TM023_4_20_1.-103C/Lon/Lon/Rum 1.317/PIR_activity_1.317,2024-01-01 01:20:26,248,0.0
232993,/TM023_4_20_1.-103C/Lon/Lon/Rum 1.317/PIR_activity_1.317,2024-01-01 01:19:26,248,0.0
232993,/TM023_4_20_1.-103C/Lon/Lon/Rum 1.317/PIR_activity_1.317,2024-01-01 01:18:26,248,0.0
232993,/TM023_4_20_1.-103C/Lon/Lon/Rum 1.317/PIR_activity_1.317,2024-01-01 01:17:26,248,0.0
232993,/TM023_4_20_1.-103C/Lon/Lon/Rum 1.317/PIR_activity_1.317,2024-01-01 01:16:26,248,0.0
232993,/TM023_4_20_1.-103C/Lon/Lon/Rum 1.317/PIR_activity_1.317,2024-01-01 01:15:26,248,0.0
232993,/TM023_4_20_1.-103C/Lon/Lon/Rum 1.317/PIR_activity_1.317,2024-01-01 01:14:26,248,0.0
232993,/TM023_4_20_1.-103C/Lon/Lon/Rum 1.317/PIR_activity_1.317,2024-01-01 01:13:26,248,0.0
232993,/TM023_4_20_1.-103C/Lon/Lon/Rum 1.317/PIR_activity_1.317,2024-01-01 01:12:26,248,0.0
232993,/TM023_4_20_1.-103C/Lon/Lon/Rum 1.317/PIR_activity_1.317,2024-01-01 01:11:26,248,0.0
232993,/TM023_4_20_1.-103C/Lon/Lon/Rum 1.317/PIR_activity_1.317,2024-01-01 01:10:26,248,0.0
232993,/TM023_4_20_1.-103C/Lon/Lon/Rum 1.317/PIR_activity_1.317,2024-01-01 01:09:26,248,0.0
232993,/TM023_4_20_1.-103C/Lon/Lon/Rum 1.317/PIR_activity_1.317,2024-01-01 01:08:26,248,0.0
232993,/TM023_4_20_1.-103C/Lon/Lon/Rum 1.317/PIR_activity_1.317,2024-01-01 01:07:26,248,0.0
232993,/TM023_4_20_1.-103C/Lon/Lon/Rum 1.317/PIR_activity_1.317,2024-01-01 01:06:26,248,0.0
232993,/TM023_4_20_1.-103C/Lon/Lon/Rum 1.317/PIR_activity_1.317,2024-01-01 01:05:26,248,0.0
232993,/TM023_4_20_1.-103C/Lon/Lon/Rum 1.317/PIR_activity_1.317,2024-01-01 01:04:26,248,0.0
232993,/TM023_4_20_1.-103C/Lon/Lon/Rum 1.317/PIR_activity_1.317,2024-01-01 01:03:26,248,0.0
232993,/TM023_4_20_1.-103C/Lon/Lon/Rum 1.317/PIR_activity_1.317,2024-01-01 01:02:26,248,0.0
232993,/TM023_4_20_1.-103C/Lon/Lon/Rum 1.317/PIR_activity_1.317,2024-01-01 01:01:26,248,0.0
232993,/TM023_4_20_1.-103C/Lon/Lon/Rum 1.317/PIR_activity_1.317,2024-01-01 01:00:26,248,0.0
232994,/TM023_4_20_1.-103C/Lon/Lon/Rum 1.319/PIR_activity_1.319,2024-01-01 01:59:28,248,0.0
232994,/TM023_4_20_1.-103C/Lon/Lon/Rum 1.319/PIR_activity_1.319,2024-01-01 01:58:28,248,0.0
232994,/TM023_4_20_1.-103C/Lon/Lon/Rum 1.319/PIR_activity_1.319,2024-01-01 01:57:28,248,0.0
232994,/TM023_4_20_1.-103C/Lon/Lon/Rum 1.319/PIR_activity_1.319,2024-01-01 01:56:28,248,0.0
232994,/TM023_4_20_1.-103C/Lon/Lon/Rum 1.319/PIR_activity_1.319,2024-01-01 01:55:28,248,0.0
232994,/TM023_4_20_1.-103C/Lon/Lon/Rum 1.319/PIR_activity_1.319,2024-01-01 01:54:28,248,0.0
232994,/TM023_4_20_1.-103C/Lon/Lon/Rum 1.319/PIR_activity_1.319,2024-01-01 01:53:28,248,0.0
232994,/TM023_4_20_1.-103C/Lon/Lon/Rum 1.319/PIR_activity_1.319,2024-01-01 01:52:28,248,0.0
232994,/TM023_4_20_1.-103C/Lon/Lon/Rum 1.319/PIR_activity_1.319,2024-01-01 01:51:28,248,0.0
232994,/TM023_4_20_1.-103C/Lon/Lon/Rum 1.319/PIR_activity_1.319,2024-01-01 01:50:28,248,0.0
232994,/TM023_4_20_1.-103C/Lon/Lon/Rum 1.319/PIR_activity_1.319,2024-01-01 01:49:28,248,0.0
232994,/TM023_4_20_1.-103C/Lon/Lon/Rum 1.319/PIR_activity_1.319,2024-01-01 01:48:28,248,0.0
232994,/TM023_4_20_1.-103C/Lon/Lon/Rum 1.319/PIR_activity_1.319,2024-01-01 01:47:28,248,0.0
232994,/TM023_4_20_1.-103C/Lon/Lon/Rum 1.319/PIR_activity_1.319,2024-01-01 01:46:28,248,0.0
232994,/TM023_4_20_1.-103C/Lon/Lon/Rum 1.319/PIR_activity_1.319,2024-01-01 01:45:28,248,0.0
232994,/TM023_4_20_1.-103C/Lon/Lon/Rum 1.319/PIR_activity_1.319,2024-01-01 01:44:28,248,0.0
232994,/TM023_4_20_1.-103C/Lon/Lon/Rum 1.319/PIR_activity_1.319,2024-01-01 01:43:28,248,0.0
232994,/TM023_4_20_1.-103C/Lon/Lon/Rum 1.319/PIR_activity_1.319,2024-01-01 01:42:28,248,0.0
232994,/TM023_4_20_1.-103C/Lon/Lon/Rum 1.319/PIR_activity_1.319,2024-01-01 01:41:28,248,0.0
232994,/TM023_4_20_1.-103C/Lon/Lon/Rum 1.319/PIR_activity_1.319,2024-01-01 01:40:28,248,0.0
232994,/TM023_4_20_1.-103C/Lon/Lon/Rum 1.319/PIR_activity_1.319,2024-01-01 01:39:28,248,0.0
232994,/TM023_4_20_1.-103C/Lon/Lon/Rum 1.319/PIR_activity_1.319,2024-01-01 01:38:28,248,0.0
232994,/TM023_4_20_1.-103C/Lon/Lon/Rum 1.319/PIR_activity_1.319,2024-01-01 01:37:28,248,0.0
232994,/TM023_4_20_1.-103C/Lon/Lon/Rum 1.319/PIR_activity_1.319,2024-01-01 01:36:28,248,0.0
232994,/TM023_4_20_1.-103C/Lon/Lon/Rum 1.319/PIR_activity_1.319,2024-01-01 01:35:28,248,0.0
232994,/TM023_4_20_1.-103C/Lon/Lon/Rum 1.319/PIR_activity_1.319,2024-01-01 01:34:28,248,0.0
232994,/TM023_4_20_1.-103C/Lon/Lon/Rum 1.319/PIR_activity_1.319,2024-01-01 01:33:28,248,0.0
232994,/TM023_4_20_1.-103C/Lon/Lon/Rum 1.319/PIR_activity_1.319,2024-01-01 01:32:28,248,0.0
232994,/TM023_4_20_1.-103C/Lon/Lon/Rum 1.319/PIR_activity_1.319,2024-01-01 01:31:28,248,0.0
232994,/TM023_4_20_1.-103C/Lon/Lon/Rum 1.319/PIR_activity_1.319,2024-01-01 01:30:28,248,0.0
232994,/TM023_4_20_1.-103C/Lon/Lon/Rum 1.319/PIR_activity_1.319,2024-01-01 01:29:28,248,0.0
232994,/TM023_4_20_1.-103C/Lon/Lon/Rum 1.319/PIR_activity_1.319,2024-01-01 01:28:28,248,0.0
232994,/TM023_4_20_1.-103C/Lon/Lon/Rum 1.319/PIR_activity_1.319,2024-01-01 01:27:28,248,0.0
232994,/TM023_4_20_1.-103C/Lon/Lon/Rum 1.319/PIR_activity_1.319,2024-01-01 01:26:28,248,0.0
232994,/TM023_4_20_1.-103C/Lon/Lon/Rum 1.319/PIR_activity_1.319,2024-01-01 01:25:28,248,0.0
232994,/TM023_4_20_1.-103C/Lon/Lon/Rum 1.319/PIR_activity_1.319,2024-01-01 01:24:28,248,0.0
232994,/TM023_4_20_1.-103C/Lon/Lon/Rum 1.319/PIR_activity_1.319,2024-01-01 01:23:28,248,0.0
232994,/TM023_4_20_1.-103C/Lon/Lon/Rum 1.319/PIR_activity_1.319,2024-01-01 01:22:28,248,0.0
232994,/TM023_4_20_1.-103C/Lon/Lon/Rum 1.319/PIR_activity_1.319,2024-01-01 01:21:28,248,0.0
232994,/TM023_4_20_1.-103C/Lon/Lon/Rum 1.319/PIR_activity_1.319,2024-01-01 01:20:28,248,0.0
232994,/TM023_4_20_1.-103C/Lon/Lon/Rum 1.319/PIR_activity_1.319,2024-01-01 01:19:28,248,0.0
232994,/TM023_4_20_1.-103C/Lon/Lon/Rum 1.319/PIR_activity_1.319,2024-01-01 01:18:28,248,0.0
232994,/TM023_4_20_1.-103C/Lon/Lon/Rum 1.319/PIR_activity_1.319,2024-01-01 01:17:28,248,0.0
232994,/TM023_4_20_1.-103C/Lon/Lon/Rum 1.319/PIR_activity_1.319,2024-01-01 01:16:28,248,0.0
232994,/TM023_4_20_1.-103C/Lon/Lon/Rum 1.319/PIR_activity_1.319,2024-01-01 01:15:28,248,0.0
232994,/TM023_4_20_1.-103C/Lon/Lon/Rum 1.319/PIR_activity_1.319,2024-01-01 01:14:28,248,0.0
232994,/TM023_4_20_1.-103C/Lon/Lon/Rum 1.319/PIR_activity_1.319,2024-01-01 01:13:28,248,0.0
232994,/TM023_4_20_1.-103C/Lon/Lon/Rum 1.319/PIR_activity_1.319,2024-01-01 01:12:28,248,0.0
232994,/TM023_4_20_1.-103C/Lon/Lon/Rum 1.319/PIR_activity_1.319,2024-01-01 01:11:28,248,0.0
232994,/TM023_4_20_1.-103C/Lon/Lon/Rum 1.319/PIR_activity_1.319,2024-01-01 01:10:28,248,0.0
232994,/TM023_4_20_1.-103C/Lon/Lon/Rum 1.319/PIR_activity_1.319,2024-01-01 01:09:28,248,0.0
232994,/TM023_4_20_1.-103C/Lon/Lon/Rum 1.319/PIR_activity_1.319,2024-01-01 01:08:28,248,0.0
232994,/TM023_4_20_1.-103C/Lon/Lon/Rum 1.319/PIR_activity_1.319,2024-01-01 01:07:28,248,0.0
232994,/TM023_4_20_1.-103C/Lon/Lon/Rum 1.319/PIR_activity_1.319,2024-01-01 01:06:28,248,0.0
232994,/TM023_4_20_1.-103C/Lon/Lon/Rum 1.319/PIR_activity_1.319,2024-01-01 01:05:28,248,0.0
232994,/TM023_4_20_1.-103C/Lon/Lon/Rum 1.319/PIR_activity_1.319,2024-01-01 01:04:28,248,0.0
232994,/TM023_4_20_1.-103C/Lon/Lon/Rum 1.319/PIR_activity_1.319,2024-01-01 01:03:28,248,0.0
232994,/TM023_4_20_1.-103C/Lon/Lon/Rum 1.319/PIR_activity_1.319,2024-01-01 01:02:28,248,0.0
232994,/TM023_4_20_1.-103C/Lon/Lon/Rum 1.319/PIR_activity_1.319,2024-01-01 01:01:28,248,0.0
232994,/TM023_4_20_1.-103C/Lon/Lon/Rum 1.319/PIR_activity_1.319,2024-01-01 01:00:28,248,0.0
232995,/TM023_4_20_1.-103C/Lon/Lon/Rum 1.321/PIR_activity_1.321,2024-01-01 01:59:30,248,0.0
232995,/TM023_4_20_1.-103C/Lon/Lon/Rum 1.321/PIR_activity_1.321,2024-01-01 01:58:30,248,0.0
232995,/TM023_4_20_1.-103C/Lon/Lon/Rum 1.321/PIR_activity_1.321,2024-01-01 01:57:30,248,0.0
232995,/TM023_4_20_1.-103C/Lon/Lon/Rum 1.321/PIR_activity_1.321,2024-01-01 01:56:30,248,0.0
232995,/TM023_4_20_1.-103C/Lon/Lon/Rum 1.321/PIR_activity_1.321,2024-01-01 01:55:30,248,0.0
232995,/TM023_4_20_1.-103C/Lon/Lon/Rum 1.321/PIR_activity_1.321,2024-01-01 01:54:30,248,0.0
232995,/TM023_4_20_1.-103C/Lon/Lon/Rum 1.321/PIR_activity_1.321,2024-01-01 01:53:30,248,0.0
232995,/TM023_4_20_1.-103C/Lon/Lon/Rum 1.321/PIR_activity_1.321,2024-01-01 01:52:30,248,0.0
232995,/TM023_4_20_1.-103C/Lon/Lon/Rum 1.321/PIR_activity_1.321,2024-01-01 01:51:30,248,0.0
232995,/TM023_4_20_1.-103C/Lon/Lon/Rum 1.321/PIR_activity_1.321,2024-01-01 01:50:30,248,0.0
232995,/TM023_4_20_1.-103C/Lon/Lon/Rum 1.321/PIR_activity_1.321,2024-01-01 01:49:30,248,0.0
232995,/TM023_4_20_1.-103C/Lon/Lon/Rum 1.321/PIR_activity_1.321,2024-01-01 01:48:30,248,0.0
232995,/TM023_4_20_1.-103C/Lon/Lon/Rum 1.321/PIR_activity_1.321,2024-01-01 01:47:30,248,0.0
232995,/TM023_4_20_1.-103C/Lon/Lon/Rum 1.321/PIR_activity_1.321,2024-01-01 01:46:30,248,0.0
232995,/TM023_4_20_1.-103C/Lon/Lon/Rum 1.321/PIR_activity_1.321,2024-01-01 01:45:30,248,0.0
232995,/TM023_4_20_1.-103C/Lon/Lon/Rum 1.321/PIR_activity_1.321,2024-01-01 01:44:30,248,0.0
232995,/TM023_4_20_1.-103C/Lon/Lon/Rum 1.321/PIR_activity_1.321,2024-01-01 01:43:30,248,0.0
232995,/TM023_4_20_1.-103C/Lon/Lon/Rum 1.321/PIR_activity_1.321,2024-01-01 01:42:30,248,0.0
232995,/TM023_4_20_1.-103C/Lon/Lon/Rum 1.321/PIR_activity_1.321,2024-01-01 01:41:30,248,0.0
232995,/TM023_4_20_1.-103C/Lon/Lon/Rum 1.321/PIR_activity_1.321,2024-01-01 01:40:30,248,0.0
232995,/TM023_4_20_1.-103C/Lon/Lon/Rum 1.321/PIR_activity_1.321,2024-01-01 01:39:30,248,0.0
232995,/TM023_4_20_1.-103C/Lon/Lon/Rum 1.321/PIR_activity_1.321,2024-01-01 01:38:30,248,0.0
232995,/TM023_4_20_1.-103C/Lon/Lon/Rum 1.321/PIR_activity_1.321,2024-01-01 01:37:30,248,0.0
232995,/TM023_4_20_1.-103C/Lon/Lon/Rum 1.321/PIR_activity_1.321,2024-01-01 01:36:30,248,0.0
232995,/TM023_4_20_1.-103C/Lon/Lon/Rum 1.321/PIR_activity_1.321,2024-01-01 01:35:30,248,0.0
232995,/TM023_4_20_1.-103C/Lon/Lon/Rum 1.321/PIR_activity_1.321,2024-01-01 01:34:30,248,0.0
232995,/TM023_4_20_1.-103C/Lon/Lon/Rum 1.321/PIR_activity_1.321,2024-01-01 01:33:30,248,0.0
232995,/TM023_4_20_1.-103C/Lon/Lon/Rum 1.321/PIR_activity_1.321,2024-01-01 01:32:30,248,0.0
232995,/TM023_4_20_1.-103C/Lon/Lon/Rum 1.321/PIR_activity_1.321,2024-01-01 01:31:30,248,0.0
232995,/TM023_4_20_1.-103C/Lon/Lon/Rum 1.321/PIR_activity_1.321,2024-01-01 01:30:30,248,0.0
232995,/TM023_4_20_1.-103C/Lon/Lon/Rum 1.321/PIR_activity_1.321,2024-01-01 01:29:30,248,0.0
232995,/TM023_4_20_1.-103C/Lon/Lon/Rum 1.321/PIR_activity_1.321,2024-01-01 01:28:30,248,0.0
232995,/TM023_4_20_1.-103C/Lon/Lon/Rum 1.321/PIR_activity_1.321,2024-01-01 01:27:30,248,0.0
232995,/TM023_4_20_1.-103C/Lon/Lon/Rum 1.321/PIR_activity_1.321,2024-01-01 01:26:30,248,0.0
232995,/TM023_4_20_1.-103C/Lon/Lon/Rum 1.321/PIR_activity_1.321,2024-01-01 01:25:30,248,0.0
232995,/TM023_4_20_1.-103C/Lon/Lon/Rum 1.321/PIR_activity_1.321,2024-01-01 01:24:30,248,0.0
232995,/TM023_4_20_1.-103C/Lon/Lon/Rum 1.321/PIR_activity_1.321,2024-01-01 01:23:30,248,0.0
232995,/TM023_4_20_1.-103C/Lon/Lon/Rum 1.321/PIR_activity_1.321,2024-01-01 01:22:30,248,0.0
232995,/TM023_4_20_1.-103C/Lon/Lon/Rum 1.321/PIR_activity_1.321,2024-01-01 01:21:30,248,0.0
232995,/TM023_4_20_1.-103C/Lon/Lon/Rum 1.321/PIR_activity_1.321,2024-01-01 01:20:30,248,0.0
232995,/TM023_4_20_1.-103C/Lon/Lon/Rum 1.321/PIR_activity_1.321,2024-01-01 01:19:30,248,0.0
232995,/TM023_4_20_1.-103C/Lon/Lon/Rum 1.321/PIR_activity_1.321,2024-01-01 01:18:30,248,0.0
232995,/TM023_4_20_1.-103C/Lon/Lon/Rum 1.321/PIR_activity_1.321,2024-01-01 01:17:30,248,0.0
232995,/TM023_4_20_1.-103C/Lon/Lon/Rum 1.321/PIR_activity_1.321,2024-01-01 01:16:30,248,0.0
232995,/TM023_4_20_1.-103C/Lon/Lon/Rum 1.321/PIR_activity_1.321,2024-01-01 01:15:30,248,0.0
232995,/TM023_4_20_1.-103C/Lon/Lon/Rum 1.321/PIR_activity_1.321,2024-01-01 01:14:30,248,0.0
232995,/TM023_4_20_1.-103C/Lon/Lon/Rum 1.321/PIR_activity_1.321,2024-01-01 01:13:30,248,0.0
232995,/TM023_4_20_1.-103C/Lon/Lon/Rum 1.321/PIR_activity_1.321,2024-01-01 01:12:30,248,0.0
232995,/TM023_4_20_1.-103C/Lon/Lon/Rum 1.321/PIR_activity_1.321,2024-01-01 01:11:30,248,0.0
232995,/TM023_4_20_1.-103C/Lon/Lon/Rum 1.321/PIR_activity_1.321,2024-01-01 01:10:30,248,0.0
232995,/TM023_4_20_1.-103C/Lon/Lon/Rum 1.321/PIR_activity_1.321,2024-01-01 01:09:30,248,0.0
232995,/TM023_4_20_1.-103C/Lon/Lon/Rum 1.321/PIR_activity_1.321,2024-01-01 01:08:30,248,0.0
232995,/TM023_4_20_1.-103C/Lon/Lon/Rum 1.321/PIR_activity_1.321,2024-01-01 01:07:30,248,0.0
232995,/TM023_4_20_1.-103C/Lon/Lon/Rum 1.321/PIR_activity_1.321,2024-01-01 01:06:30,248,0.0
232995,/TM023_4_20_1.-103C/Lon/Lon/Rum 1.321/PIR_activity_1.321,2024-01-01 01:05:30,248,0.0
232995,/TM023_4_20_1.-103C/Lon/Lon/Rum 1.321/PIR_activity_1.321,2024-01-01 01:04:30,248,0.0
232995,/TM023_4_20_1.-103C/Lon/Lon/Rum 1.321/PIR_activity_1.321,2024-01-01 01:03:30,248,0.0
232995,/TM023_4_20_1.-103C/Lon/Lon/Rum 1.321/PIR_activity_1.321,2024-01-01 01:02:30,248,0.0
232995,/TM023_4_20_1.-103C/Lon/Lon/Rum 1.321/PIR_activity_1.321,2024-01-01 01:01:30,248,0.0
232995,/TM023_4_20_1.-103C/Lon/Lon/Rum 1.321/PIR_activity_1.321,2024-01-01 01:00:30,248,0.0
232996,/TM023_4_20_1.-103C/Lon/Lon/Rum 1.323/PIR_activity_1.323,2024-01-01 01:59:32,248,0.0
232996,/TM023_4_20_1.-103C/Lon/Lon/Rum 1.323/PIR_activity_1.323,2024-01-01 01:58:32,248,0.0
232996,/TM023_4_20_1.-103C/Lon/Lon/Rum 1.323/PIR_activity_1.323,2024-01-01 01:57:32,248,0.0
232996,/TM023_4_20_1.-103C/Lon/Lon/Rum 1.323/PIR_activity_1.323,2024-01-01 01:56:32,248,0.0
232996,/TM023_4_20_1.-103C/Lon/Lon/Rum 1.323/PIR_activity_1.323,2024-01-01 01:55:32,248,0.0
232996,/TM023_4_20_1.-103C/Lon/Lon/Rum 1.323/PIR_activity_1.323,2024-01-01 01:54:32,248,0.0
232996,/TM023_4_20_1.-103C/Lon/Lon/Rum 1.323/PIR_activity_1.323,2024-01-01 01:53:32,248,0.0
232996,/TM023_4_20_1.-103C/Lon/Lon/Rum 1.323/PIR_activity_1.323,2024-01-01 01:52:32,248,0.0
232996,/TM023_4_20_1.-103C/Lon/Lon/Rum 1.323/PIR_activity_1.323,2024-01-01 01:51:32,248,0.0
232996,/TM023_4_20_1.-103C/Lon/Lon/Rum 1.323/PIR_activity_1.323,2024-01-01 01:50:32,248,0.0
232996,/TM023_4_20_1.-103C/Lon/Lon/Rum 1.323/PIR_activity_1.323,2024-01-01 01:49:32,248,0.0
232996,/TM023_4_20_1.-103C/Lon/Lon/Rum 1.323/PIR_activity_1.323,2024-01-01 01:48:32,248,0.0
232996,/TM023_4_20_1.-103C/Lon/Lon/Rum 1.323/PIR_activity_1.323,2024-01-01 01:47:32,248,0.0
232996,/TM023_4_20_1.-103C/Lon/Lon/Rum 1.323/PIR_activity_1.323,2024-01-01 01:46:32,248,0.0
232996,/TM023_4_20_1.-103C/Lon/Lon/Rum 1.323/PIR_activity_1.323,2024-01-01 01:45:32,248,0.0
232996,/TM023_4_20_1.-103C/Lon/Lon/Rum 1.323/PIR_activity_1.323,2024-01-01 01:44:32,248,0.0
232996,/TM023_4_20_1.-103C/Lon/Lon/Rum 1.323/PIR_activity_1.323,2024-01-01 01:43:32,248,0.0
232996,/TM023_4_20_1.-103C/Lon/Lon/Rum 1.323/PIR_activity_1.323,2024-01-01 01:42:32,248,0.0
232996,/TM023_4_20_1.-103C/Lon/Lon/Rum 1.323/PIR_activity_1.323,2024-01-01 01:41:32,248,0.0
232996,/TM023_4_20_1.-103C/Lon/Lon/Rum 1.323/PIR_activity_1.323,2024-01-01 01:40:32,248,0.0
232996,/TM023_4_20_1.-103C/Lon/Lon/Rum 1.323/PIR_activity_1.323,2024-01-01 01:39:32,248,0.0
232996,/TM023_4_20_1.-103C/Lon/Lon/Rum 1.323/PIR_activity_1.323,2024-01-01 01:38:32,248,0.0
232996,/TM023_4_20_1.-103C/Lon/Lon/Rum 1.323/PIR_activity_1.323,2024-01-01 01:37:32,248,0.0
232996,/TM023_4_20_1.-103C/Lon/Lon/Rum 1.323/PIR_activity_1.323,2024-01-01 01:36:32,248,0.0
232996,/TM023_4_20_1.-103C/Lon/Lon/Rum 1.323/PIR_activity_1.323,2024-01-01 01:35:32,248,0.0
232996,/TM023_4_20_1.-103C/Lon/Lon/Rum 1.323/PIR_activity_1.323,2024-01-01 01:34:32,248,0.0
232996,/TM023_4_20_1.-103C/Lon/Lon/Rum 1.323/PIR_activity_1.323,2024-01-01 01:33:32,248,0.0
232996,/TM023_4_20_1.-103C/Lon/Lon/Rum 1.323/PIR_activity_1.323,2024-01-01 01:32:32,248,0.0
232996,/TM023_4_20_1.-103C/Lon/Lon/Rum 1.323/PIR_activity_1.323,2024-01-01 01:31:32,248,0.0
232996,/TM023_4_20_1.-103C/Lon/Lon/Rum 1.323/PIR_activity_1.323,2024-01-01 01:30:32,248,0.0
232996,/TM023_4_20_1.-103C/Lon/Lon/Rum 1.323/PIR_activity_1.323,2024-01-01 01:29:32,248,0.0
232996,/TM023_4_20_1.-103C/Lon/Lon/Rum 1.323/PIR_activity_1.323,2024-01-01 01:28:32,248,0.0
232996,/TM023_4_20_1.-103C/Lon/Lon/Rum 1.323/PIR_activity_1.323,2024-01-01 01:27:32,248,0.0
232996,/TM023_4_20_1.-103C/Lon/Lon/Rum 1.323/PIR_activity_1.323,2024-01-01 01:26:32,248,0.0
232996,/TM023_4_20_1.-103C/Lon/Lon/Rum 1.323/PIR_activity_1.323,2024-01-01 01:25:32,248,0.0
232996,/TM023_4_20_1.-103C/Lon/Lon/Rum 1.323/PIR_activity_1.323,2024-01-01 01:24:32,248,0.0
232996,/TM023_4_20_1.-103C/Lon/Lon/Rum 1.323/PIR_activity_1.323,2024-01-01 01:23:32,248,0.0
232996,/TM023_4_20_1.-103C/Lon/Lon/Rum 1.323/PIR_activity_1.323,2024-01-01 01:22:32,248,0.0
232996,/TM023_4_20_1.-103C/Lon/Lon/Rum 1.323/PIR_activity_1.323,2024-01-01 01:21:32,248,0.0
232996,/TM023_4_20_1.-103C/Lon/Lon/Rum 1.323/PIR_activity_1.323,2024-01-01 01:20:32,248,0.0
232996,/TM023_4_20_1.-103C/Lon/Lon/Rum 1.323/PIR_activity_1.323,2024-01-01 01:19:32,248,0.0
232996,/TM023_4_20_1.-103C/Lon/Lon/Rum 1.323/PIR_activity_1.323,2024-01-01 01:18:32,248,0.0
232996,/TM023_4_20_1.-103C/Lon/Lon/Rum 1.323/PIR_activity_1.323,2024-01-01 01:17:32,248,0.0
232996,/TM023_4_20_1.-103C/Lon/Lon/Rum 1.323/PIR_activity_1.323,2024-01-01 01:16:32,248,0.0
232996,/TM023_4_20_1.-103C/Lon/Lon/Rum 1.323/PIR_activity_1.323,2024-01-01 01:15:32,248,0.0
232996,/TM023_4_20_1.-103C/Lon/Lon/Rum 1.323/PIR_activity_1.323,2024-01-01 01:14:32,248,0.0
232996,/TM023_4_20_1.-103C/Lon/Lon/Rum 1.323/PIR_activity_1.323,2024-01-01 01:13:32,248,0.0
232996,/TM023_4_20_1.-103C/Lon/Lon/Rum 1.323/PIR_activity_1.323,2024-01-01 01:12:32,248,0.0
232996,/TM023_4_20_1.-103C/Lon/Lon/Rum 1.323/PIR_activity_1.323,2024-01-01 01:11:32,248,0.0
232996,/TM023_4_20_1.-103C/Lon/Lon/Rum 1.323/PIR_activity_1.323,2024-01-01 01:10:32,248,0.0
232996,/TM023_4_20_1.-103C/Lon/Lon/Rum 1.323/PIR_activity_1.323,2024-01-01 01:09:32,248,0.0
232996,/TM023_4_20_1.-103C/Lon/Lon/Rum 1.323/PIR_activity_1.323,2024-01-01 01:08:32,248,0.0
232996,/TM023_4_20_1.-103C/Lon/Lon/Rum 1.323/PIR_activity_1.323,2024-01-01 01:07:32,248,0.0
232996,/TM023_4_20_1.-103C/Lon/Lon/Rum 1.323/PIR_activity_1.323,2024-01-01 01:06:32,248,0.0
232996,/TM023_4_20_1.-103C/Lon/Lon/Rum 1.323/PIR_activity_1.323,2024-01-01 01:05:32,248,0.0
232996,/TM023_4_20_1.-103C/Lon/Lon/Rum 1.323/PIR_activity_1.323,2024-01-01 01:04:32,248,0.0
232996,/TM023_4_20_1.-103C/Lon/Lon/Rum 1.323/PIR_activity_1.323,2024-01-01 01:03:32,248,0.0
232996,/TM023_4_20_1.-103C/Lon/Lon/Rum 1.323/PIR_activity_1.323,2024-01-01 01:02:32,248,0.0
232996,/TM023_4_20_1.-103C/Lon/Lon/Rum 1.323/PIR_activity_1.323,2024-01-01 01:01:32,248,0.0
232996,/TM023_4_20_1.-103C/Lon/Lon/Rum 1.323/PIR_activity_1.323,2024-01-01 01:00:32,248,0.0
232997,/TM023_4_20_1.-103C/Lon/Lon/Rum 1.325/PIR_activity_1.325,2024-01-01 01:59:34,248,0.0
232997,/TM023_4_20_1.-103C/Lon/Lon/Rum 1.325/PIR_activity_1.325,2024-01-01 01:58:34,248,0.0
232997,/TM023_4_20_1.-103C/Lon/Lon/Rum 1.325/PIR_activity_1.325,2024-01-01 01:57:34,248,0.0
232997,/TM023_4_20_1.-103C/Lon/Lon/Rum 1.325/PIR_activity_1.325,2024-01-01 01:56:34,248,0.0
232997,/TM023_4_20_1.-103C/Lon/Lon/Rum 1.325/PIR_activity_1.325,2024-01-01 01:55:34,248,0.0
232997,/TM023_4_20_1.-103C/Lon/Lon/Rum 1.325/PIR_activity_1.325,2024-01-01 01:54:34,248,0.0
232997,/TM023_4_20_1.-103C/Lon/Lon/Rum 1.325/PIR_activity_1.325,2024-01-01 01:53:34,248,0.0
232997,/TM023_4_20_1.-103C/Lon/Lon/Rum 1.325/PIR_activity_1.325,2024-01-01 01:52:34,248,0.0
232997,/TM023_4_20_1.-103C/Lon/Lon/Rum 1.325/PIR_activity_1.325,2024-01-01 01:51:34,248,0.0
232997,/TM023_4_20_1.-103C/Lon/Lon/Rum 1.325/PIR_activity_1.325,2024-01-01 01:50:34,248,0.0
232997,/TM023_4_20_1.-103C/Lon/Lon/Rum 1.325/PIR_activity_1.325,2024-01-01 01:49:34,248,0.0
232997,/TM023_4_20_1.-103C/Lon/Lon/Rum 1.325/PIR_activity_1.325,2024-01-01 01:48:34,248,0.0
232997,/TM023_4_20_1.-103C/Lon/Lon/Rum 1.325/PIR_activity_1.325,2024-01-01 01:47:34,248,0.0
232997,/TM023_4_20_1.-103C/Lon/Lon/Rum 1.325/PIR_activity_1.325,2024-01-01 01:46:34,248,0.0
232997,/TM023_4_20_1.-103C/Lon/Lon/Rum 1.325/PIR_activity_1.325,2024-01-01 01:45:34,248,0.0
232997,/TM023_4_20_1.-103C/Lon/Lon/Rum 1.325/PIR_activity_1.325,2024-01-01 01:44:34,248,0.0
232997,/TM023_4_20_1.-103C/Lon/Lon/Rum 1.325/PIR_activity_1.325,2024-01-01 01:43:34,248,0.0
232997,/TM023_4_20_1.-103C/Lon/Lon/Rum 1.325/PIR_activity_1.325,2024-01-01 01:42:34,248,0.0
232997,/TM023_4_20_1.-103C/Lon/Lon/Rum 1.325/PIR_activity_1.325,2024-01-01 01:41:34,248,0.0
232997,/TM023_4_20_1.-103C/Lon/Lon/Rum 1.325/PIR_activity_1.325,2024-01-01 01:40:34,248,0.0
232997,/TM023_4_20_1.-103C/Lon/Lon/Rum 1.325/PIR_activity_1.325,2024-01-01 01:39:34,248,0.0
232997,/TM023_4_20_1.-103C/Lon/Lon/Rum 1.325/PIR_activity_1.325,2024-01-01 01:38:34,248,0.0
232997,/TM023_4_20_1.-103C/Lon/Lon/Rum 1.325/PIR_activity_1.325,2024-01-01 01:37:34,248,0.0
232997,/TM023_4_20_1.-103C/Lon/Lon/Rum 1.325/PIR_activity_1.325,2024-01-01 01:36:34,248,0.0
232997,/TM023_4_20_1.-103C/Lon/Lon/Rum 1.325/PIR_activity_1.325,2024-01-01 01:35:34,248,0.0
232997,/TM023_4_20_1.-103C/Lon/Lon/Rum 1.325/PIR_activity_1.325,2024-01-01 01:34:34,248,0.0
232997,/TM023_4_20_1.-103C/Lon/Lon/Rum 1.325/PIR_activity_1.325,2024-01-01 01:33:34,248,0.0
232997,/TM023_4_20_1.-103C/Lon/Lon/Rum 1.325/PIR_activity_1.325,2024-01-01 01:32:34,248,0.0
232997,/TM023_4_20_1.-103C/Lon/Lon/Rum 1.325/PIR_activity_1.325,2024-01-01 01:31:34,248,0.0
232997,/TM023_4_20_1.-103C/Lon/Lon/Rum 1.325/PIR_activity_1.325,2024-01-01 01:30:34,248,0.0
232997,/TM023_4_20_1.-103C/Lon/Lon/Rum 1.325/PIR_activity_1.325,2024-01-01 01:29:34,248,0.0
232997,/TM023_4_20_1.-103C/Lon/Lon/Rum 1.325/PIR_activity_1.325,2024-01-01 01:28:34,248,0.0
232997,/TM023_4_20_1.-103C/Lon/Lon/Rum 1.325/PIR_activity_1.325,2024-01-01 01:27:34,248,0.0
232997,/TM023_4_20_1.-103C/Lon/Lon/Rum 1.325/PIR_activity_1.325,2024-01-01 01:26:34,248,0.0
232997,/TM023_4_20_1.-103C/Lon/Lon/Rum 1.325/PIR_activity_1.325,2024-01-01 01:25:34,248,0.0
232997,/TM023_4_20_1.-103C/Lon/Lon/Rum 1.325/PIR_activity_1.325,2024-01-01 01:24:34,248,0.0
232997,/TM023_4_20_1.-103C/Lon/Lon/Rum 1.325/PIR_activity_1.325,2024-01-01 01:23:34,248,0.0
232997,/TM023_4_20_1.-103C/Lon/Lon/Rum 1.325/PIR_activity_1.325,2024-01-01 01:22:34,248,0.0
232997,/TM023_4_20_1.-103C/Lon/Lon/Rum 1.325/PIR_activity_1.325,2024-01-01 01:21:34,248,0.0
232997,/TM023_4_20_1.-103C/Lon/Lon/Rum 1.325/PIR_activity_1.325,2024-01-01 01:20:34,248,0.0
232997,/TM023_4_20_1.-103C/Lon/Lon/Rum 1.325/PIR_activity_1.325,2024-01-01 01:19:34,248,0.0
232997,/TM023_4_20_1.-103C/Lon/Lon/Rum 1.325/PIR_activity_1.325,2024-01-01 01:18:34,248,0.0
232997,/TM023_4_20_1.-103C/Lon/Lon/Rum 1.325/PIR_activity_1.325,2024-01-01 01:17:34,248,0.0
232997,/TM023_4_20_1.-103C/Lon/Lon/Rum 1.325/PIR_activity_1.325,2024-01-01 01:16:34,248,0.0
232997,/TM023_4_20_1.-103C/Lon/Lon/Rum 1.325/PIR_activity_1.325,2024-01-01 01:15:34,248,0.0
232997,/TM023_4_20_1.-103C/Lon/Lon/Rum 1.325/PIR_activity_1.325,2024-01-01 01:14:34,248,0.0
232997,/TM023_4_20_1.-103C/Lon/Lon/Rum 1.325/PIR_activity_1.325,2024-01-01 01:13:34,248,0.0
232997,/TM023_4_20_1.-103C/Lon/Lon/Rum 1.325/PIR_activity_1.325,2024-01-01 01:12:34,248,0.0
232997,/TM023_4_20_1.-103C/Lon/Lon/Rum 1.325/PIR_activity_1.325,2024-01-01 01:11:34,248,0.0
232997,/TM023_4_20_1.-103C/Lon/Lon/Rum 1.325/PIR_activity_1.325,2024-01-01 01:10:34,248,0.0
232997,/TM023_4_20_1.-103C/Lon/Lon/Rum 1.325/PIR_activity_1.325,2024-01-01 01:09:34,248,0.0
232997,/TM023_4_20_1.-103C/Lon/Lon/Rum 1.325/PIR_activity_1.325,2024-01-01 01:08:34,248,0.0
232997,/TM023_4_20_1.-103C/Lon/Lon/Rum 1.325/PIR_activity_1.325,2024-01-01 01:07:34,248,0.0
232997,/TM023_4_20_1.-103C/Lon/Lon/Rum 1.325/PIR_activity_1.325,2024-01-01 01:06:34,248,0.0
232997,/TM023_4_20_1.-103C/Lon/Lon/Rum 1.325/PIR_activity_1.325,2024-01-01 01:05:34,248,0.0
232997,/TM023_4_20_1.-103C/Lon/Lon/Rum 1.325/PIR_activity_1.325,2024-01-01 01:04:34,248,0.0
232997,/TM023_4_20_1.-103C/Lon/Lon/Rum 1.325/PIR_activity_1.325,2024-01-01 01:03:34,248,0.0
232997,/TM023_4_20_1.-103C/Lon/Lon/Rum 1.325/PIR_activity_1.325,2024-01-01 01:02:34,248,0.0
232997,/TM023_4_20_1.-103C/Lon/Lon/Rum 1.325/PIR_activity_1.325,2024-01-01 01:01:34,248,0.0
232997,/TM023_4_20_1.-103C/Lon/Lon/Rum 1.325/PIR_activity_1.325,2024-01-01 01:00:34,248,0.0
232998,/TM023_4_20_1.-103C/Lon/Lon/Rum 1.327/PIR_activity_1.327,2024-01-01 01:59:36,248,0.0
232998,/TM023_4_20_1.-103C/Lon/Lon/Rum 1.327/PIR_activity_1.327,2024-01-01 01:58:36,248,0.0
232998,/TM023_4_20_1.-103C/Lon/Lon/Rum 1.327/PIR_activity_1.327,2024-01-01 01:57:36,248,0.0
232998,/TM023_4_20_1.-103C/Lon/Lon/Rum 1.327/PIR_activity_1.327,2024-01-01 01:56:36,248,0.0
232998,/TM023_4_20_1.-103C/Lon/Lon/Rum 1.327/PIR_activity_1.327,2024-01-01 01:55:36,248,0.0
232998,/TM023_4_20_1.-103C/Lon/Lon/Rum 1.327/PIR_activity_1.327,2024-01-01 01:54:36,248,0.0
232998,/TM023_4_20_1.-103C/Lon/Lon/Rum 1.327/PIR_activity_1.327,2024-01-01 01:53:36,248,0.0
232998,/TM023_4_20_1.-103C/Lon/Lon/Rum 1.327/PIR_activity_1.327,2024-01-01 01:52:36,248,0.0
232998,/TM023_4_20_1.-103C/Lon/Lon/Rum 1.327/PIR_activity_1.327,2024-01-01 01:51:36,248,0.0
232998,/TM023_4_20_1.-103C/Lon/Lon/Rum 1.327/PIR_activity_1.327,2024-01-01 01:50:36,248,0.0
232998,/TM023_4_20_1.-103C/Lon/Lon/Rum 1.327/PIR_activity_1.327,2024-01-01 01:49:36,248,0.0
232998,/TM023_4_20_1.-103C/Lon/Lon/Rum 1.327/PIR_activity_1.327,2024-01-01 01:48:36,248,0.0
232998,/TM023_4_20_1.-103C/Lon/Lon/Rum 1.327/PIR_activity_1.327,2024-01-01 01:47:36,248,0.0
232998,/TM023_4_20_1.-103C/Lon/Lon/Rum 1.327/PIR_activity_1.327,2024-01-01 01:46:36,248,0.0
232998,/TM023_4_20_1.-103C/Lon/Lon/Rum 1.327/PIR_activity_1.327,2024-01-01 01:45:36,248,0.0
232998,/TM023_4_20_1.-103C/Lon/Lon/Rum 1.327/PIR_activity_1.327,2024-01-01 01:44:36,248,0.0
232998,/TM023_4_20_1.-103C/Lon/Lon/Rum 1.327/PIR_activity_1.327,2024-01-01 01:43:36,248,0.0
232998,/TM023_4_20_1.-103C/Lon/Lon/Rum 1.327/PIR_activity_1.327,2024-01-01 01:42:36,248,0.0
232998,/TM023_4_20_1.-103C/Lon/Lon/Rum 1.327/PIR_activity_1.327,2024-01-01 01:41:36,248,0.0
232998,/TM023_4_20_1.-103C/Lon/Lon/Rum 1.327/PIR_activity_1.327,2024-01-01 01:40:36,248,0.0
232998,/TM023_4_20_1.-103C/Lon/Lon/Rum 1.327/PIR_activity_1.327,2024-01-01 01:39:36,248,0.0
232998,/TM023_4_20_1.-103C/Lon/Lon/Rum 1.327/PIR_activity_1.327,2024-01-01 01:38:36,248,0.0
232998,/TM023_4_20_1.-103C/Lon/Lon/Rum 1.327/PIR_activity_1.327,2024-01-01 01:37:36,248,0.0
232998,/TM023_4_20_1.-103C/Lon/Lon/Rum 1.327/PIR_activity_1.327,2024-01-01 01:36:36,248,0.0
232998,/TM023_4_20_1.-103C/Lon/Lon/Rum 1.327/PIR_activity_1.327,2024-01-01 01:35:36,248,0.0
232998,/TM023_4_20_1.-103C/Lon/Lon/Rum 1.327/PIR_activity_1.327,2024-01-01 01:34:36,248,0.0
232998,/TM023_4_20_1.-103C/Lon/Lon/Rum 1.327/PIR_activity_1.327,2024-01-01 01:33:36,248,0.0
232998,/TM023_4_20_1.-103C/Lon/Lon/Rum 1.327/PIR_activity_1.327,2024-01-01 01:32:36,248,0.0
232998,/TM023_4_20_1.-103C/Lon/Lon/Rum 1.327/PIR_activity_1.327,2024-01-01 01:31:36,248,0.0
232998,/TM023_4_20_1.-103C/Lon/Lon/Rum 1.327/PIR_activity_1.327,2024-01-01 01:30:36,248,0.0
232998,/TM023_4_20_1.-103C/Lon/Lon/Rum 1.327/PIR_activity_1.327,2024-01-01 01:29:36,248,0.0
232998,/TM023_4_20_1.-103C/Lon/Lon/Rum 1.327/PIR_activity_1.327,2024-01-01 01:28:36,248,0.0
232998,/TM023_4_20_1.-103C/Lon/Lon/Rum 1.327/PIR_activity_1.327,2024-01-01 01:27:36,248,0.0
232998,/TM023_4_20_1.-103C/Lon/Lon/Rum 1.327/PIR_activity_1.327,2024-01-01 01:26:36,248,0.0
232998,/TM023_4_20_1.-103C/Lon/Lon/Rum 1.327/PIR_activity_1.327,2024-01-01 01:25:36,248,0.0
232998,/TM023_4_20_1.-103C/Lon/Lon/Rum 1.327/PIR_activity_1.327,2024-01-01 01:24:36,248,0.0
232998,/TM023_4_20_1.-103C/Lon/Lon/Rum 1.327/PIR_activity_1.327,2024-01-01 01:23:36,248,0.0
232998,/TM023_4_20_1.-103C/Lon/Lon/Rum 1.327/PIR_activity_1.327,2024-01-01 01:22:36,248,0.0
232998,/TM023_4_20_1.-103C/Lon/Lon/Rum 1.327/PIR_activity_1.327,2024-01-01 01:21:36,248,0.0
232998,/TM023_4_20_1.-103C/Lon/Lon/Rum 1.327/PIR_activity_1.327,2024-01-01 01:20:36,248,0.0
232998,/TM023_4_20_1.-103C/Lon/Lon/Rum 1.327/PIR_activity_1.327,2024-01-01 01:19:36,248,0.0
232998,/TM023_4_20_1.-103C/Lon/Lon/Rum 1.327/PIR_activity_1.327,2024-01-01 01:18:36,248,0.0
232998,/TM023_4_20_1.-103C/Lon/Lon/Rum 1.327/PIR_activity_1.327,2024-01-01 01:17:36,248,0.0
232998,/TM023_4_20_1.-103C/Lon/Lon/Rum 1.327/PIR_activity_1.327,2024-01-01 01:16:36,248,0.0
232998,/TM023_4_20_1.-103C/Lon/Lon/Rum 1.327/PIR_activity_1.327,2024-01-01 01:15:36,248,0.0
232998,/TM023_4_20_1.-103C/Lon/Lon/Rum 1.327/PIR_activity_1.327,2024-01-01 01:14:36,248,0.0
232998,/TM023_4_20_1.-103C/Lon/Lon/Rum 1.327/PIR_activity_1.327,2024-01-01 01:13:36,248,0.0
232998,/TM023_4_20_1.-103C/Lon/Lon/Rum 1.327/PIR_activity_1.327,2024-01-01 01:12:36,248,0.0
232998,/TM023_4_20_1.-103C/Lon/Lon/Rum 1.327/PIR_activity_1.327,2024-01-01 01:11:36,248,0.0
232998,/TM023_4_20_1.-103C/Lon/Lon/Rum 1.327/PIR_activity_1.327,2024-01-01 01:10:36,248,0.0
232998,/TM023_4_20_1.-103C/Lon/Lon/Rum 1.327/PIR_activity_1.327,2024-01-01 01:09:36,248,0.0
232998,/TM023_4_20_1.-103C/Lon/Lon/Rum 1.327/PIR_activity_1.327,2024-01-01 01:08:36,248,0.0
232998,/TM023_4_20_1.-103C/Lon/Lon/Rum 1.327/PIR_activity_1.327,2024-01-01 01:07:36,248,0.0
232998,/TM023_4_20_1.-103C/Lon/Lon/Rum 1.327/PIR_activity_1.327,2024-01-01 01:06:36,248,0.0
232998,/TM023_4_20_1.-103C/Lon/Lon/Rum 1.327/PIR_activity_1.327,2024-01-01 01:05:36,248,0.0
232998,/TM023_4_20_1.-103C/Lon/Lon/Rum 1.327/PIR_activity_1.327,2024-01-01 01:04:36,248,0.0
232998,/TM023_4_20_1.-103C/Lon/Lon/Rum 1.327/PIR_activity_1.327,2024-01-01 01:03:36,248,0.0
232998,/TM023_4_20_1.-103C/Lon/Lon/Rum 1.327/PIR_activity_1.327,2024-01-01 01:02:36,248,0.0
232998,/TM023_4_20_1.-103C/Lon/Lon/Rum 1.327/PIR_activity_1.327,2024-01-01 01:01:36,248,0.0
232998,/TM023_4_20_1.-103C/Lon/Lon/Rum 1.327/PIR_activity_1.327,2024-01-01 01:00:36,248,0.0
232999,/TM023_4_20_1.-103C/Lon/Lon/Rum 1.339/PIR_activity_1.339,2024-01-01 01:59:48,248,0.0
232999,/TM023_4_20_1.-103C/Lon/Lon/Rum 1.339/PIR_activity_1.339,2024-01-01 01:58:48,248,0.0
232999,/TM023_4_20_1.-103C/Lon/Lon/Rum 1.339/PIR_activity_1.339,2024-01-01 01:57:48,248,0.0
232999,/TM023_4_20_1.-103C/Lon/Lon/Rum 1.339/PIR_activity_1.339,2024-01-01 01:56:48,248,0.0
232999,/TM023_4_20_1.-103C/Lon/Lon/Rum 1.339/PIR_activity_1.339,2024-01-01 01:55:48,248,0.0
232999,/TM023_4_20_1.-103C/Lon/Lon/Rum 1.339/PIR_activity_1.339,2024-01-01 01:54:48,248,0.0
232999,/TM023_4_20_1.-103C/Lon/Lon/Rum 1.339/PIR_activity_1.339,2024-01-01 01:53:48,248,0.0
232999,/TM023_4_20_1.-103C/Lon/Lon/Rum 1.339/PIR_activity_1.339,2024-01-01 01:52:48,248,0.0
232999,/TM023_4_20_1.-103C/Lon/Lon/Rum 1.339/PIR_activity_1.339,2024-01-01 01:51:48,248,0.0
232999,/TM023_4_20_1.-103C/Lon/Lon/Rum 1.339/PIR_activity_1.339,2024-01-01 01:50:48,248,0.0
232999,/TM023_4_20_1.-103C/Lon/Lon/Rum 1.339/PIR_activity_1.339,2024-01-01 01:49:48,248,0.0
232999,/TM023_4_20_1.-103C/Lon/Lon/Rum 1.339/PIR_activity_1.339,2024-01-01 01:48:48,248,0.0
232999,/TM023_4_20_1.-103C/Lon/Lon/Rum 1.339/PIR_activity_1.339,2024-01-01 01:47:48,248,0.0
232999,/TM023_4_20_1.-103C/Lon/Lon/Rum 1.339/PIR_activity_1.339,2024-01-01 01:46:48,248,0.0
232999,/TM023_4_20_1.-103C/Lon/Lon/Rum 1.339/PIR_activity_1.339,2024-01-01 01:45:48,248,0.0
232999,/TM023_4_20_1.-103C/Lon/Lon/Rum 1.339/PIR_activity_1.339,2024-01-01 01:44:48,248,0.0
232999,/TM023_4_20_1.-103C/Lon/Lon/Rum 1.339/PIR_activity_1.339,2024-01-01 01:43:48,248,0.0
232999,/TM023_4_20_1.-103C/Lon/Lon/Rum 1.339/PIR_activity_1.339,2024-01-01 01:42:48,248,0.0
232999,/TM023_4_20_1.-103C/Lon/Lon/Rum 1.339/PIR_activity_1.339,2024-01-01 01:41:48,248,0.0
232999,/TM023_4_20_1.-103C/Lon/Lon/Rum 1.339/PIR_activity_1.339,2024-01-01 01:40:48,248,0.0
232999,/TM023_4_20_1.-103C/Lon/Lon/Rum 1.339/PIR_activity_1.339,2024-01-01 01:39:48,248,0.0
232999,/TM023_4_20_1.-103C/Lon/Lon/Rum 1.339/PIR_activity_1.339,2024-01-01 01:38:48,248,0.0
232999,/TM023_4_20_1.-103C/Lon/Lon/Rum 1.339/PIR_activity_1.339,2024-01-01 01:37:48,248,0.0
232999,/TM023_4_20_1.-103C/Lon/Lon/Rum 1.339/PIR_activity_1.339,2024-01-01 01:36:48,248,0.0
232999,/TM023_4_20_1.-103C/Lon/Lon/Rum 1.339/PIR_activity_1.339,2024-01-01 01:35:48,248,0.0
232999,/TM023_4_20_1.-103C/Lon/Lon/Rum 1.339/PIR_activity_1.339,2024-01-01 01:34:48,248,0.0
232999,/TM023_4_20_1.-103C/Lon/Lon/Rum 1.339/PIR_activity_1.339,2024-01-01 01:33:48,248,0.0
232999,/TM023_4_20_1.-103C/Lon/Lon/Rum 1.339/PIR_activity_1.339,2024-01-01 01:32:48,248,0.0
232999,/TM023_4_20_1.-103C/Lon/Lon/Rum 1.339/PIR_activity_1.339,2024-01-01 01:31:48,248,0.0
232999,/TM023_4_20_1.-103C/Lon/Lon/Rum 1.339/PIR_activity_1.339,2024-01-01 01:30:48,248,0.0
232999,/TM023_4_20_1.-103C/Lon/Lon/Rum 1.339/PIR_activity_1.339,2024-01-01 01:29:48,248,0.0
232999,/TM023_4_20_1.-103C/Lon/Lon/Rum 1.339/PIR_activity_1.339,2024-01-01 01:28:48,248,0.0
232999,/TM023_4_20_1.-103C/Lon/Lon/Rum 1.339/PIR_activity_1.339,2024-01-01 01:27:48,248,0.0
232999,/TM023_4_20_1.-103C/Lon/Lon/Rum 1.339/PIR_activity_1.339,2024-01-01 01:26:48,248,0.0
232999,/TM023_4_20_1.-103C/Lon/Lon/Rum 1.339/PIR_activity_1.339,2024-01-01 01:25:48,248,0.0
232999,/TM023_4_20_1.-103C/Lon/Lon/Rum 1.339/PIR_activity_1.339,2024-01-01 01:24:48,248,0.0
232999,/TM023_4_20_1.-103C/Lon/Lon/Rum 1.339/PIR_activity_1.339,2024-01-01 01:23:48,248,0.0
232999,/TM023_4_20_1.-103C/Lon/Lon/Rum 1.339/PIR_activity_1.339,2024-01-01 01:22:48,248,0.0
232999,/TM023_4_20_1.-103C/Lon/Lon/Rum 1.339/PIR_activity_1.339,2024-01-01 01:21:48,248,0.0
232999,/TM023_4_20_1.-103C/Lon/Lon/Rum 1.339/PIR_activity_1.339,2024-01-01 01:20:48,248,0.0
232999,/TM023_4_20_1.-103C/Lon/Lon/Rum 1.339/PIR_activity_1.339,2024-01-01 01:19:48,248,0.0
232999,/TM023_4_20_1.-103C/Lon/Lon/Rum 1.339/PIR_activity_1.339,2024-01-01 01:18:48,248,0.0
232999,/TM023_4_20_1.-103C/Lon/Lon/Rum 1.339/PIR_activity_1.339,2024-01-01 01:17:48,248,0.0
232999,/TM023_4_20_1.-103C/Lon/Lon/Rum 1.339/PIR_activity_1.339,2024-01-01 01:16:48,248,0.0
232999,/TM023_4_20_1.-103C/Lon/Lon/Rum 1.339/PIR_activity_1.339,2024-01-01 01:15:48,248,0.0
232999,/TM023_4_20_1.-103C/Lon/Lon/Rum 1.339/PIR_activity_1.339,2024-01-01 01:14:48,248,0.0
232999,/TM023_4_20_1.-103C/Lon/Lon/Rum 1.339/PIR_activity_1.339,2024-01-01 01:13:48,248,0.0
232999,/TM023_4_20_1.-103C/Lon/Lon/Rum 1.339/PIR_activity_1.339,2024-01-01 01:12:48,248,0.0
232999,/TM023_4_20_1.-103C/Lon/Lon/Rum 1.339/PIR_activity_1.339,2024-01-01 01:11:48,248,0.0
232999,/TM023_4_20_1.-103C/Lon/Lon/Rum 1.339/PIR_activity_1.339,2024-01-01 01:10:48,248,0.0
232999,/TM023_4_20_1.-103C/Lon/Lon/Rum 1.339/PIR_activity_1.339,2024-01-01 01:09:48,248,0.0
232999,/TM023_4_20_1.-103C/Lon/Lon/Rum 1.339/PIR_activity_1.339,2024-01-01 01:08:48,248,0.0
232999,/TM023_4_20_1.-103C/Lon/Lon/Rum 1.339/PIR_activity_1.339,2024-01-01 01:07:48,248,0.0
232999,/TM023_4_20_1.-103C/Lon/Lon/Rum 1.339/PIR_activity_1.339,2024-01-01 01:06:48,248,0.0
232999,/TM023_4_20_1.-103C/Lon/Lon/Rum 1.339/PIR_activity_1.339,2024-01-01 01:05:48,248,0.0
232999,/TM023_4_20_1.-103C/Lon/Lon/Rum 1.339/PIR_activity_1.339,2024-01-01 01:04:48,248,0.0
232999,/TM023_4_20_1.-103C/Lon/Lon/Rum 1.339/PIR_activity_1.339,2024-01-01 01:03:48,248,0.0
232999,/TM023_4_20_1.-103C/Lon/Lon/Rum 1.339/PIR_activity_1.339,2024-01-01 01:02:48,248,0.0
232999,/TM023_4_20_1.-103C/Lon/Lon/Rum 1.339/PIR_activity_1.339,2024-01-01 01:01:48,248,0.0
232999,/TM023_4_20_1.-103C/Lon/Lon/Rum 1.339/PIR_activity_1.339,2024-01-01 01:00:48,248,0.0
233000,/TM023_4_20_1.-103C/Lon/Lon/Rum 1.341/PIR_activity_1.341,2024-01-01 01:59:13,248,0.0
233000,/TM023_4_20_1.-103C/Lon/Lon/Rum 1.341/PIR_activity_1.341,2024-01-01 01:58:13,248,0.0
233000,/TM023_4_20_1.-103C/Lon/Lon/Rum 1.341/PIR_activity_1.341,2024-01-01 01:57:13,248,0.0
233000,/TM023_4_20_1.-103C/Lon/Lon/Rum 1.341/PIR_activity_1.341,2024-01-01 01:56:13,248,0.0
233000,/TM023_4_20_1.-103C/Lon/Lon/Rum 1.341/PIR_activity_1.341,2024-01-01 01:55:13,248,0.0
233000,/TM023_4_20_1.-103C/Lon/Lon/Rum 1.341/PIR_activity_1.341,2024-01-01 01:54:13,248,0.0
233000,/TM023_4_20_1.-103C/Lon/Lon/Rum 1.341/PIR_activity_1.341,2024-01-01 01:53:13,248,0.0
233000,/TM023_4_20_1.-103C/Lon/Lon/Rum 1.341/PIR_activity_1.341,2024-01-01 01:52:13,248,0.0
233000,/TM023_4_20_1.-103C/Lon/Lon/Rum 1.341/PIR_activity_1.341,2024-01-01 01:51:13,248,0.0
233000,/TM023_4_20_1.-103C/Lon/Lon/Rum 1.341/PIR_activity_1.341,2024-01-01 01:50:13,248,0.0
233000,/TM023_4_20_1.-103C/Lon/Lon/Rum 1.341/PIR_activity_1.341,2024-01-01 01:49:13,248,0.0
233000,/TM023_4_20_1.-103C/Lon/Lon/Rum 1.341/PIR_activity_1.341,2024-01-01 01:48:13,248,0.0
233000,/TM023_4_20_1.-103C/Lon/Lon/Rum 1.341/PIR_activity_1.341,2024-01-01 01:47:13,248,0.0
233000,/TM023_4_20_1.-103C/Lon/Lon/Rum 1.341/PIR_activity_1.341,2024-01-01 01:46:13,248,0.0
233000,/TM023_4_20_1.-103C/Lon/Lon/Rum 1.341/PIR_activity_1.341,2024-01-01 01:45:13,248,0.0
233000,/TM023_4_20_1.-103C/Lon/Lon/Rum 1.341/PIR_activity_1.341,2024-01-01 01:44:13,248,0.0
233000,/TM023_4_20_1.-103C/Lon/Lon/Rum 1.341/PIR_activity_1.341,2024-01-01 01:43:13,248,0.0
233000,/TM023_4_20_1.-103C/Lon/Lon/Rum 1.341/PIR_activity_1.341,2024-01-01 01:42:13,248,0.0
233000,/TM023_4_20_1.-103C/Lon/Lon/Rum 1.341/PIR_activity_1.341,2024-01-01 01:41:13,248,0.0
233000,/TM023_4_20_1.-103C/Lon/Lon/Rum 1.341/PIR_activity_1.341,2024-01-01 01:40:13,248,0.0
233000,/TM023_4_20_1.-103C/Lon/Lon/Rum 1.341/PIR_activity_1.341,2024-01-01 01:39:13,248,0.0
233000,/TM023_4_20_1.-103C/Lon/Lon/Rum 1.341/PIR_activity_1.341,2024-01-01 01:38:13,248,0.0
233000,/TM023_4_20_1.-103C/Lon/Lon/Rum 1.341/PIR_activity_1.341,2024-01-01 01:37:13,248,0.0
233000,/TM023_4_20_1.-103C/Lon/Lon/Rum 1.341/PIR_activity_1.341,2024-01-01 01:36:13,248,0.0
233000,/TM023_4_20_1.-103C/Lon/Lon/Rum 1.341/PIR_activity_1.341,2024-01-01 01:35:13,248,0.0
233000,/TM023_4_20_1.-103C/Lon/Lon/Rum 1.341/PIR_activity_1.341,2024-01-01 01:34:13,248,0.0
233000,/TM023_4_20_1.-103C/Lon/Lon/Rum 1.341/PIR_activity_1.341,2024-01-01 01:33:13,248,0.0
233000,/TM023_4_20_1.-103C/Lon/Lon/Rum 1.341/PIR_activity_1.341,2024-01-01 01:32:13,248,0.0
233000,/TM023_4_20_1.-103C/Lon/Lon/Rum 1.341/PIR_activity_1.341,2024-01-01 01:31:13,248,0.0
233000,/TM023_4_20_1.-103C/Lon/Lon/Rum 1.341/PIR_activity_1.341,2024-01-01 01:30:13,248,0.0
233000,/TM023_4_20_1.-103C/Lon/Lon/Rum 1.341/PIR_activity_1.341,2024-01-01 01:29:13,248,0.0
233000,/TM023_4_20_1.-103C/Lon/Lon/Rum 1.341/PIR_activity_1.341,2024-01-01 01:28:13,248,0.0
233000,/TM023_4_20_1.-103C/Lon/Lon/Rum 1.341/PIR_activity_1.341,2024-01-01 01:27:13,248,0.0
233000,/TM023_4_20_1.-103C/Lon/Lon/Rum 1.341/PIR_activity_1.341,2024-01-01 01:26:13,248,0.0
233000,/TM023_4_20_1.-103C/Lon/Lon/Rum 1.341/PIR_activity_1.341,2024-01-01 01:25:13,248,0.0
233000,/TM023_4_20_1.-103C/Lon/Lon/Rum 1.341/PIR_activity_1.341,2024-01-01 01:24:13,248,0.0
233000,/TM023_4_20_1.-103C/Lon/Lon/Rum 1.341/PIR_activity_1.341,2024-01-01 01:23:13,248,0.0
233000,/TM023_4_20_1.-103C/Lon/Lon/Rum 1.341/PIR_activity_1.341,2024-01-01 01:22:13,248,0.0
233000,/TM023_4_20_1.-103C/Lon/Lon/Rum 1.341/PIR_activity_1.341,2024-01-01 01:21:13,248,0.0
233000,/TM023_4_20_1.-103C/Lon/Lon/Rum 1.341/PIR_activity_1.341,2024-01-01 01:20:13,248,0.0
233000,/TM023_4_20_1.-103C/Lon/Lon/Rum 1.341/PIR_activity_1.341,2024-01-01 01:19:13,248,0.0
233000,/TM023_4_20_1.-103C/Lon/Lon/Rum 1.341/PIR_activity_1.341,2024-01-01 01:18:13,248,0.0
233000,/TM023_4_20_1.-103C/Lon/Lon/Rum 1.341/PIR_activity_1.341,2024-01-01 01:17:13,248,0.0
233000,/TM023_4_20_1.-103C/Lon/Lon/Rum 1.341/PIR_activity_1.341,2024-01-01 01:16:13,248,0.0
233000,/TM023_4_20_1.-103C/Lon/Lon/Rum 1.341/PIR_activity_1.341,2024-01-01 01:15:13,248,0.0
233000,/TM023_4_20_1.-103C/Lon/Lon/Rum 1.341/PIR_activity_1.341,2024-01-01 01:14:13,248,0.0
233000,/TM023_4_20_1.-103C/Lon/Lon/Rum 1.341/PIR_activity_1.341,2024-01-01 01:13:13,248,0.0
233000,/TM023_4_20_1.-103C/Lon/Lon/Rum 1.341/PIR_activity_1.341,2024-01-01 01:12:13,248,0.0
233000,/TM023_4_20_1.-103C/Lon/Lon/Rum 1.341/PIR_activity_1.341,2024-01-01 01:11:13,248,0.0
233000,/TM023_4_20_1.-103C/Lon/Lon/Rum 1.341/PIR_activity_1.341,2024-01-01 01:10:13,248,0.0
233000,/TM023_4_20_1.-103C/Lon/Lon/Rum 1.341/PIR_activity_1.341,2024-01-01 01:09:13,248,0.0
233000,/TM023_4_20_1.-103C/Lon/Lon/Rum 1.341/PIR_activity_1.341,2024-01-01 01:08:13,248,0.0
233000,/TM023_4_20_1.-103C/Lon/Lon/Rum 1.341/PIR_activity_1.341,2024-01-01 01:07:13,248,0.0
233000,/TM023_4_20_1.-103C/Lon/Lon/Rum 1.341/PIR_activity_1.341,2024-01-01 01:06:13,248,0.0
233000,/TM023_4_20_1.-103C/Lon/Lon/Rum 1.341/PIR_activity_1.341,2024-01-01 01:05:13,248,0.0
233000,/TM023_4_20_1.-103C/Lon/Lon/Rum 1.341/PIR_activity_1.341,2024-01-01 01:04:13,248,0.0
233000,/TM023_4_20_1.-103C/Lon/Lon/Rum 1.341/PIR_activity_1.341,2024-01-01 01:03:13,248,0.0
233000,/TM023_4_20_1.-103C/Lon/Lon/Rum 1.341/PIR_activity_1.341,2024-01-01 01:02:13,248,0.0
233000,/TM023_4_20_1.-103C/Lon/Lon/Rum 1.341/PIR_activity_1.341,2024-01-01 01:01:13,248,0.0
233000,/TM023_4_20_1.-103C/Lon/Lon/Rum 1.341/PIR_activity_1.341,2024-01-01 01:00:13,248,0.0
233001,/TM023_4_20_1.-103C/Lon/Lon/Rum 1.343/PIR_activity_1.343,2024-01-01 01:59:38,248,0.0
233001,/TM023_4_20_1.-103C/Lon/Lon/Rum 1.343/PIR_activity_1.343,2024-01-01 01:58:38,248,0.0
233001,/TM023_4_20_1.-103C/Lon/Lon/Rum 1.343/PIR_activity_1.343,2024-01-01 01:57:38,248,0.0
233001,/TM023_4_20_1.-103C/Lon/Lon/Rum 1.343/PIR_activity_1.343,2024-01-01 01:56:38,248,0.0
233001,/TM023_4_20_1.-103C/Lon/Lon/Rum 1.343/PIR_activity_1.343,2024-01-01 01:55:38,248,0.0
233001,/TM023_4_20_1.-103C/Lon/Lon/Rum 1.343/PIR_activity_1.343,2024-01-01 01:54:38,248,0.0
233001,/TM023_4_20_1.-103C/Lon/Lon/Rum 1.343/PIR_activity_1.343,2024-01-01 01:53:38,248,0.0
233001,/TM023_4_20_1.-103C/Lon/Lon/Rum 1.343/PIR_activity_1.343,2024-01-01 01:52:38,248,0.0
233001,/TM023_4_20_1.-103C/Lon/Lon/Rum 1.343/PIR_activity_1.343,2024-01-01 01:51:38,248,0.0
233001,/TM023_4_20_1.-103C/Lon/Lon/Rum 1.343/PIR_activity_1.343,2024-01-01 01:50:38,248,0.0
233001,/TM023_4_20_1.-103C/Lon/Lon/Rum 1.343/PIR_activity_1.343,2024-01-01 01:49:38,248,0.0
233001,/TM023_4_20_1.-103C/Lon/Lon/Rum 1.343/PIR_activity_1.343,2024-01-01 01:48:38,248,0.0
233001,/TM023_4_20_1.-103C/Lon/Lon/Rum 1.343/PIR_activity_1.343,2024-01-01 01:47:38,248,0.0
233001,/TM023_4_20_1.-103C/Lon/Lon/Rum 1.343/PIR_activity_1.343,2024-01-01 01:46:38,248,0.0
233001,/TM023_4_20_1.-103C/Lon/Lon/Rum 1.343/PIR_activity_1.343,2024-01-01 01:45:38,248,0.0
233001,/TM023_4_20_1.-103C/Lon/Lon/Rum 1.343/PIR_activity_1.343,2024-01-01 01:44:38,248,0.0
233001,/TM023_4_20_1.-103C/Lon/Lon/Rum 1.343/PIR_activity_1.343,2024-01-01 01:43:38,248,0.0
233001,/TM023_4_20_1.-103C/Lon/Lon/Rum 1.343/PIR_activity_1.343,2024-01-01 01:42:38,248,0.0
233001,/TM023_4_20_1.-103C/Lon/Lon/Rum 1.343/PIR_activity_1.343,2024-01-01 01:41:38,248,0.0
233001,/TM023_4_20_1.-103C/Lon/Lon/Rum 1.343/PIR_activity_1.343,2024-01-01 01:40:38,248,0.0
233001,/TM023_4_20_1.-103C/Lon/Lon/Rum 1.343/PIR_activity_1.343,2024-01-01 01:39:38,248,0.0
233001,/TM023_4_20_1.-103C/Lon/Lon/Rum 1.343/PIR_activity_1.343,2024-01-01 01:38:38,248,0.0
233001,/TM023_4_20_1.-103C/Lon/Lon/Rum 1.343/PIR_activity_1.343,2024-01-01 01:37:38,248,0.0
233001,/TM023_4_20_1.-103C/Lon/Lon/Rum 1.343/PIR_activity_1.343,2024-01-01 01:36:38,248,0.0
233001,/TM023_4_20_1.-103C/Lon/Lon/Rum 1.343/PIR_activity_1.343,2024-01-01 01:35:38,248,0.0
233001,/TM023_4_20_1.-103C/Lon/Lon/Rum 1.343/PIR_activity_1.343,2024-01-01 01:34:38,248,0.0
233001,/TM023_4_20_1.-103C/Lon/Lon/Rum 1.343/PIR_activity_1.343,2024-01-01 01:33:38,248,0.0
233001,/TM023_4_20_1.-103C/Lon/Lon/Rum 1.343/PIR_activity_1.343,2024-01-01 01:32:38,248,0.0
233001,/TM023_4_20_1.-103C/Lon/Lon/Rum 1.343/PIR_activity_1.343,2024-01-01 01:31:38,248,0.0
233001,/TM023_4_20_1.-103C/Lon/Lon/Rum 1.343/PIR_activity_1.343,2024-01-01 01:30:38,248,0.0
233001,/TM023_4_20_1.-103C/Lon/Lon/Rum 1.343/PIR_activity_1.343,2024-01-01 01:29:38,248,0.0
233001,/TM023_4_20_1.-103C/Lon/Lon/Rum 1.343/PIR_activity_1.343,2024-01-01 01:28:38,248,0.0
233001,/TM023_4_20_1.-103C/Lon/Lon/Rum 1.343/PIR_activity_1.343,2024-01-01 01:27:38,248,0.0
233001,/TM023_4_20_1.-103C/Lon/Lon/Rum 1.343/PIR_activity_1.343,2024-01-01 01:26:38,248,0.0
233001,/TM023_4_20_1.-103C/Lon/Lon/Rum 1.343/PIR_activity_1.343,2024-01-01 01:25:38,248,0.0
233001,/TM023_4_20_1.-103C/Lon/Lon/Rum 1.343/PIR_activity_1.343,2024-01-01 01:24:38,248,0.0
233001,/TM023_4_20_1.-103C/Lon/Lon/Rum 1.343/PIR_activity_1.343,2024-01-01 01:23:38,248,0.0
233001,/TM023_4_20_1.-103C/Lon/Lon/Rum 1.343/PIR_activity_1.343,2024-01-01 01:22:38,248,0.0
233001,/TM023_4_20_1.-103C/Lon/Lon/Rum 1.343/PIR_activity_1.343,2024-01-01 01:21:38,248,0.0
233001,/TM023_4_20_1.-103C/Lon/Lon/Rum 1.343/PIR_activity_1.343,2024-01-01 01:20:38,248,0.0
233001,/TM023_4_20_1.-103C/Lon/Lon/Rum 1.343/PIR_activity_1.343,2024-01-01 01:19:38,248,0.0
233001,/TM023_4_20_1.-103C/Lon/Lon/Rum 1.343/PIR_activity_1.343,2024-01-01 01:18:38,248,0.0
233001,/TM023_4_20_1.-103C/Lon/Lon/Rum 1.343/PIR_activity_1.343,2024-01-01 01:17:38,248,0.0
233001,/TM023_4_20_1.-103C/Lon/Lon/Rum 1.343/PIR_activity_1.343,2024-01-01 01:16:38,248,0.0
233001,/TM023_4_20_1.-103C/Lon/Lon/Rum 1.343/PIR_activity_1.343,2024-01-01 01:15:38,248,0.0
233001,/TM023_4_20_1.-103C/Lon/Lon/Rum 1.343/PIR_activity_1.343,2024-01-01 01:14:38,248,0.0
233001,/TM023_4_20_1.-103C/Lon/Lon/Rum 1.343/PIR_activity_1.343,2024-01-01 01:13:38,248,0.0
233001,/TM023_4_20_1.-103C/Lon/Lon/Rum 1.343/PIR_activity_1.343,2024-01-01 01:12:38,248,0.0
233001,/TM023_4_20_1.-103C/Lon/Lon/Rum 1.343/PIR_activity_1.343,2024-01-01 01:11:38,248,0.0
233001,/TM023_4_20_1.-103C/Lon/Lon/Rum 1.343/PIR_activity_1.343,2024-01-01 01:10:38,248,0.0
233001,/TM023_4_20_1.-103C/Lon/Lon/Rum 1.343/PIR_activity_1.343,2024-01-01 01:09:38,248,0.0
233001,/TM023_4_20_1.-103C/Lon/Lon/Rum 1.343/PIR_activity_1.343,2024-01-01 01:08:38,248,0.0
233001,/TM023_4_20_1.-103C/Lon/Lon/Rum 1.343/PIR_activity_1.343,2024-01-01 01:07:38,248,0.0
233001,/TM023_4_20_1.-103C/Lon/Lon/Rum 1.343/PIR_activity_1.343,2024-01-01 01:06:38,248,0.0
233001,/TM023_4_20_1.-103C/Lon/Lon/Rum 1.343/PIR_activity_1.343,2024-01-01 01:05:38,248,0.0
233001,/TM023_4_20_1.-103C/Lon/Lon/Rum 1.343/PIR_activity_1.343,2024-01-01 01:04:38,248,0.0
233001,/TM023_4_20_1.-103C/Lon/Lon/Rum 1.343/PIR_activity_1.343,2024-01-01 01:03:38,248,0.0
233001,/TM023_4_20_1.-103C/Lon/Lon/Rum 1.343/PIR_activity_1.343,2024-01-01 01:02:38,248,0.0
233001,/TM023_4_20_1.-103C/Lon/Lon/Rum 1.343/PIR_activity_1.343,2024-01-01 01:01:38,248,0.0
233001,/TM023_4_20_1.-103C/Lon/Lon/Rum 1.343/PIR_activity_1.343,2024-01-01 01:00:38,248,0.0
233002,/TM023_4_20_1.-103C/Lon/Lon/Rum 1.345/PIR_activity_1.345,2024-01-01 01:59:04,248,0.0
233002,/TM023_4_20_1.-103C/Lon/Lon/Rum 1.345/PIR_activity_1.345,2024-01-01 01:58:04,248,0.0
233002,/TM023_4_20_1.-103C/Lon/Lon/Rum 1.345/PIR_activity_1.345,2024-01-01 01:57:04,248,0.0
233002,/TM023_4_20_1.-103C/Lon/Lon/Rum 1.345/PIR_activity_1.345,2024-01-01 01:56:04,248,0.0
233002,/TM023_4_20_1.-103C/Lon/Lon/Rum 1.345/PIR_activity_1.345,2024-01-01 01:55:04,248,0.0
233002,/TM023_4_20_1.-103C/Lon/Lon/Rum 1.345/PIR_activity_1.345,2024-01-01 01:54:04,248,0.0
233002,/TM023_4_20_1.-103C/Lon/Lon/Rum 1.345/PIR_activity_1.345,2024-01-01 01:53:04,248,0.0
233002,/TM023_4_20_1.-103C/Lon/Lon/Rum 1.345/PIR_activity_1.345,2024-01-01 01:52:04,248,0.0
233002,/TM023_4_20_1.-103C/Lon/Lon/Rum 1.345/PIR_activity_1.345,2024-01-01 01:51:04,248,0.0
233002,/TM023_4_20_1.-103C/Lon/Lon/Rum 1.345/PIR_activity_1.345,2024-01-01 01:50:04,248,0.0
233002,/TM023_4_20_1.-103C/Lon/Lon/Rum 1.345/PIR_activity_1.345,2024-01-01 01:49:04,248,0.0
233002,/TM023_4_20_1.-103C/Lon/Lon/Rum 1.345/PIR_activity_1.345,2024-01-01 01:48:04,248,0.0
233002,/TM023_4_20_1.-103C/Lon/Lon/Rum 1.345/PIR_activity_1.345,2024-01-01 01:47:04,248,0.0
233002,/TM023_4_20_1.-103C/Lon/Lon/Rum 1.345/PIR_activity_1.345,2024-01-01 01:46:04,248,0.0
233002,/TM023_4_20_1.-103C/Lon/Lon/Rum 1.345/PIR_activity_1.345,2024-01-01 01:45:04,248,0.0
233002,/TM023_4_20_1.-103C/Lon/Lon/Rum 1.345/PIR_activity_1.345,2024-01-01 01:44:04,248,0.0
233002,/TM023_4_20_1.-103C/Lon/Lon/Rum 1.345/PIR_activity_1.345,2024-01-01 01:43:04,248,0.0
233002,/TM023_4_20_1.-103C/Lon/Lon/Rum 1.345/PIR_activity_1.345,2024-01-01 01:42:04,248,0.0
233002,/TM023_4_20_1.-103C/Lon/Lon/Rum 1.345/PIR_activity_1.345,2024-01-01 01:41:04,248,0.0
233002,/TM023_4_20_1.-103C/Lon/Lon/Rum 1.345/PIR_activity_1.345,2024-01-01 01:40:04,248,0.0
233002,/TM023_4_20_1.-103C/Lon/Lon/Rum 1.345/PIR_activity_1.345,2024-01-01 01:39:04,248,0.0
233002,/TM023_4_20_1.-103C/Lon/Lon/Rum 1.345/PIR_activity_1.345,2024-01-01 01:38:04,248,0.0
233002,/TM023_4_20_1.-103C/Lon/Lon/Rum 1.345/PIR_activity_1.345,2024-01-01 01:37:04,248,0.0
233002,/TM023_4_20_1.-103C/Lon/Lon/Rum 1.345/PIR_activity_1.345,2024-01-01 01:36:04,248,0.0
233002,/TM023_4_20_1.-103C/Lon/Lon/Rum 1.345/PIR_activity_1.345,2024-01-01 01:35:04,248,0.0
233002,/TM023_4_20_1.-103C/Lon/Lon/Rum 1.345/PIR_activity_1.345,2024-01-01 01:34:04,248,0.0
233002,/TM023_4_20_1.-103C/Lon/Lon/Rum 1.345/PIR_activity_1.345,2024-01-01 01:33:04,248,0.0
233002,/TM023_4_20_1.-103C/Lon/Lon/Rum 1.345/PIR_activity_1.345,2024-01-01 01:32:04,248,0.0
233002,/TM023_4_20_1.-103C/Lon/Lon/Rum 1.345/PIR_activity_1.345,2024-01-01 01:31:04,248,0.0
233002,/TM023_4_20_1.-103C/Lon/Lon/Rum 1.345/PIR_activity_1.345,2024-01-01 01:30:04,248,0.0
233002,/TM023_4_20_1.-103C/Lon/Lon/Rum 1.345/PIR_activity_1.345,2024-01-01 01:29:04,248,0.0
233002,/TM023_4_20_1.-103C/Lon/Lon/Rum 1.345/PIR_activity_1.345,2024-01-01 01:28:04,248,0.0
233002,/TM023_4_20_1.-103C/Lon/Lon/Rum 1.345/PIR_activity_1.345,2024-01-01 01:27:04,248,0.0
233002,/TM023_4_20_1.-103C/Lon/Lon/Rum 1.345/PIR_activity_1.345,2024-01-01 01:26:04,248,0.0
233002,/TM023_4_20_1.-103C/Lon/Lon/Rum 1.345/PIR_activity_1.345,2024-01-01 01:25:04,248,0.0
233002,/TM023_4_20_1.-103C/Lon/Lon/Rum 1.345/PIR_activity_1.345,2024-01-01 01:24:04,248,0.0
233002,/TM023_4_20_1.-103C/Lon/Lon/Rum 1.345/PIR_activity_1.345,2024-01-01 01:23:04,248,0.0
233002,/TM023_4_20_1.-103C/Lon/Lon/Rum 1.345/PIR_activity_1.345,2024-01-01 01:22:04,248,0.0
233002,/TM023_4_20_1.-103C/Lon/Lon/Rum 1.345/PIR_activity_1.345,2024-01-01 01:21:04,248,0.0
233002,/TM023_4_20_1.-103C/Lon/Lon/Rum 1.345/PIR_activity_1.345,2024-01-01 01:20:04,248,0.0
233002,/TM023_4_20_1.-103C/Lon/Lon/Rum 1.345/PIR_activity_1.345,2024-01-01 01:19:04,248,0.0
233002,/TM023_4_20_1.-103C/Lon/Lon/Rum 1.345/PIR_activity_1.345,2024-01-01 01:18:04,248,0.0
233002,/TM023_4_20_1.-103C/Lon/Lon/Rum 1.345/PIR_activity_1.345,2024-01-01 01:17:04,248,0.0
233002,/TM023_4_20_1.-103C/Lon/Lon/Rum 1.345/PIR_activity_1.345,2024-01-01 01:16:04,248,0.0
233002,/TM023_4_20_1.-103C/Lon/Lon/Rum 1.345/PIR_activity_1.345,2024-01-01 01:15:04,248,0.0
233002,/TM023_4_20_1.-103C/Lon/Lon/Rum 1.345/PIR_activity_1.345,2024-01-01 01:14:04,248,0.0
233002,/TM023_4_20_1.-103C/Lon/Lon/Rum 1.345/PIR_activity_1.345,2024-01-01 01:13:04,248,0.0
233002,/TM023_4_20_1.-103C/Lon/Lon/Rum 1.345/PIR_activity_1.345,2024-01-01 01:12:04,248,0.0
233002,/TM023_4_20_1.-103C/Lon/Lon/Rum 1.345/PIR_activity_1.345,2024-01-01 01:11:04,248,0.0
233002,/TM023_4_20_1.-103C/Lon/Lon/Rum 1.345/PIR_activity_1.345,2024-01-01 01:10:04,248,0.0
233002,/TM023_4_20_1.-103C/Lon/Lon/Rum 1.345/PIR_activity_1.345,2024-01-01 01:09:04,248,0.0
233002,/TM023_4_20_1.-103C/Lon/Lon/Rum 1.345/PIR_activity_1.345,2024-01-01 01:08:04,248,0.0
233002,/TM023_4_20_1.-103C/Lon/Lon/Rum 1.345/PIR_activity_1.345,2024-01-01 01:07:04,248,0.0
233002,/TM023_4_20_1.-103C/Lon/Lon/Rum 1.345/PIR_activity_1.345,2024-01-01 01:06:04,248,0.0
233002,/TM023_4_20_1.-103C/Lon/Lon/Rum 1.345/PIR_activity_1.345,2024-01-01 01:05:04,248,0.0
233002,/TM023_4_20_1.-103C/Lon/Lon/Rum 1.345/PIR_activity_1.345,2024-01-01 01:04:04,248,0.0
233002,/TM023_4_20_1.-103C/Lon/Lon/Rum 1.345/PIR_activity_1.345,2024-01-01 01:03:04,248,0.0
233002,/TM023_4_20_1.-103C/Lon/Lon/Rum 1.345/PIR_activity_1.345,2024-01-01 01:02:04,248,0.0
233002,/TM023_4_20_1.-103C/Lon/Lon/Rum 1.345/PIR_activity_1.345,2024-01-01 01:01:04,248,0.0
233002,/TM023_4_20_1.-103C/Lon/Lon/Rum 1.345/PIR_activity_1.345,2024-01-01 01:00:04,248,0.0
233003,/TM023_4_20_1.-103C/Lon/Lon/Rum 1.347/PIR_activity_1.347,2024-01-01 01:59:29,248,0.0
233003,/TM023_4_20_1.-103C/Lon/Lon/Rum 1.347/PIR_activity_1.347,2024-01-01 01:58:29,248,0.0
233003,/TM023_4_20_1.-103C/Lon/Lon/Rum 1.347/PIR_activity_1.347,2024-01-01 01:57:29,248,0.0
233003,/TM023_4_20_1.-103C/Lon/Lon/Rum 1.347/PIR_activity_1.347,2024-01-01 01:56:29,248,0.0
233003,/TM023_4_20_1.-103C/Lon/Lon/Rum 1.347/PIR_activity_1.347,2024-01-01 01:55:29,248,0.0
233003,/TM023_4_20_1.-103C/Lon/Lon/Rum 1.347/PIR_activity_1.347,2024-01-01 01:54:29,248,0.0
233003,/TM023_4_20_1.-103C/Lon/Lon/Rum 1.347/PIR_activity_1.347,2024-01-01 01:53:29,248,0.0
233003,/TM023_4_20_1.-103C/Lon/Lon/Rum 1.347/PIR_activity_1.347,2024-01-01 01:52:29,248,0.0
233003,/TM023_4_20_1.-103C/Lon/Lon/Rum 1.347/PIR_activity_1.347,2024-01-01 01:51:29,248,0.0
233003,/TM023_4_20_1.-103C/Lon/Lon/Rum 1.347/PIR_activity_1.347,2024-01-01 01:50:29,248,0.0
233003,/TM023_4_20_1.-103C/Lon/Lon/Rum 1.347/PIR_activity_1.347,2024-01-01 01:49:29,248,0.0
233003,/TM023_4_20_1.-103C/Lon/Lon/Rum 1.347/PIR_activity_1.347,2024-01-01 01:48:29,248,0.0
233003,/TM023_4_20_1.-103C/Lon/Lon/Rum 1.347/PIR_activity_1.347,2024-01-01 01:47:29,248,0.0
233003,/TM023_4_20_1.-103C/Lon/Lon/Rum 1.347/PIR_activity_1.347,2024-01-01 01:46:29,248,0.0
233003,/TM023_4_20_1.-103C/Lon/Lon/Rum 1.347/PIR_activity_1.347,2024-01-01 01:45:29,248,0.0
233003,/TM023_4_20_1.-103C/Lon/Lon/Rum 1.347/PIR_activity_1.347,2024-01-01 01:44:29,248,0.0
233003,/TM023_4_20_1.-103C/Lon/Lon/Rum 1.347/PIR_activity_1.347,2024-01-01 01:43:29,248,0.0
233003,/TM023_4_20_1.-103C/Lon/Lon/Rum 1.347/PIR_activity_1.347,2024-01-01 01:42:29,248,0.0
233003,/TM023_4_20_1.-103C/Lon/Lon/Rum 1.347/PIR_activity_1.347,2024-01-01 01:41:29,248,0.0
233003,/TM023_4_20_1.-103C/Lon/Lon/Rum 1.347/PIR_activity_1.347,2024-01-01 01:40:29,248,0.0
233003,/TM023_4_20_1.-103C/Lon/Lon/Rum 1.347/PIR_activity_1.347,2024-01-01 01:39:29,248,0.0
233003,/TM023_4_20_1.-103C/Lon/Lon/Rum 1.347/PIR_activity_1.347,2024-01-01 01:38:29,248,0.0
233003,/TM023_4_20_1.-103C/Lon/Lon/Rum 1.347/PIR_activity_1.347,2024-01-01 01:37:29,248,0.0
233003,/TM023_4_20_1.-103C/Lon/Lon/Rum 1.347/PIR_activity_1.347,2024-01-01 01:36:29,248,0.0
233003,/TM023_4_20_1.-103C/Lon/Lon/Rum 1.347/PIR_activity_1.347,2024-01-01 01:35:29,248,0.0
233003,/TM023_4_20_1.-103C/Lon/Lon/Rum 1.347/PIR_activity_1.347,2024-01-01 01:34:29,248,0.0
233003,/TM023_4_20_1.-103C/Lon/Lon/Rum 1.347/PIR_activity_1.347,2024-01-01 01:33:29,248,0.0
233003,/TM023_4_20_1.-103C/Lon/Lon/Rum 1.347/PIR_activity_1.347,2024-01-01 01:32:29,248,0.0
233003,/TM023_4_20_1.-103C/Lon/Lon/Rum 1.347/PIR_activity_1.347,2024-01-01 01:31:29,248,0.0
233003,/TM023_4_20_1.-103C/Lon/Lon/Rum 1.347/PIR_activity_1.347,2024-01-01 01:30:29,248,0.0
233003,/TM023_4_20_1.-103C/Lon/Lon/Rum 1.347/PIR_activity_1.347,2024-01-01 01:29:29,248,0.0
233003,/TM023_4_20_1.-103C/Lon/Lon/Rum 1.347/PIR_activity_1.347,2024-01-01 01:28:29,248,0.0
233003,/TM023_4_20_1.-103C/Lon/Lon/Rum 1.347/PIR_activity_1.347,2024-01-01 01:27:29,248,0.0
233003,/TM023_4_20_1.-103C/Lon/Lon/Rum 1.347/PIR_activity_1.347,2024-01-01 01:26:29,248,0.0
233003,/TM023_4_20_1.-103C/Lon/Lon/Rum 1.347/PIR_activity_1.347,2024-01-01 01:25:29,248,0.0
233003,/TM023_4_20_1.-103C/Lon/Lon/Rum 1.347/PIR_activity_1.347,2024-01-01 01:24:29,248,0.0
233003,/TM023_4_20_1.-103C/Lon/Lon/Rum 1.347/PIR_activity_1.347,2024-01-01 01:23:29,248,0.0
233003,/TM023_4_20_1.-103C/Lon/Lon/Rum 1.347/PIR_activity_1.347,2024-01-01 01:22:29,248,0.0
233003,/TM023_4_20_1.-103C/Lon/Lon/Rum 1.347/PIR_activity_1.347,2024-01-01 01:21:29,248,0.0
233003,/TM023_4_20_1.-103C/Lon/Lon/Rum 1.347/PIR_activity_1.347,2024-01-01 01:20:29,248,0.0
233003,/TM023_4_20_1.-103C/Lon/Lon/Rum 1.347/PIR_activity_1.347,2024-01-01 01:19:29,248,0.0
233003,/TM023_4_20_1.-103C/Lon/Lon/Rum 1.347/PIR_activity_1.347,2024-01-01 01:18:29,248,0.0
233003,/TM023_4_20_1.-103C/Lon/Lon/Rum 1.347/PIR_activity_1.347,2024-01-01 01:17:29,248,0.0
233003,/TM023_4_20_1.-103C/Lon/Lon/Rum 1.347/PIR_activity_1.347,2024-01-01 01:16:29,248,0.0
233003,/TM023_4_20_1.-103C/Lon/Lon/Rum 1.347/PIR_activity_1.347,2024-01-01 01:15:29,248,0.0
233003,/TM023_4_20_1.-103C/Lon/Lon/Rum 1.347/PIR_activity_1.347,2024-01-01 01:14:29,248,0.0
233003,/TM023_4_20_1.-103C/Lon/Lon/Rum 1.347/PIR_activity_1.347,2024-01-01 01:13:29,248,0.0
233003,/TM023_4_20_1.-103C/Lon/Lon/Rum 1.347/PIR_activity_1.347,2024-01-01 01:12:29,248,0.0
233003,/TM023_4_20_1.-103C/Lon/Lon/Rum 1.347/PIR_activity_1.347,2024-01-01 01:11:29,248,0.0
233003,/TM023_4_20_1.-103C/Lon/Lon/Rum 1.347/PIR_activity_1.347,2024-01-01 01:10:29,248,0.0
233003,/TM023_4_20_1.-103C/Lon/Lon/Rum 1.347/PIR_activity_1.347,2024-01-01 01:09:29,248,0.0
233003,/TM023_4_20_1.-103C/Lon/Lon/Rum 1.347/PIR_activity_1.347,2024-01-01 01:08:29,248,0.0
233003,/TM023_4_20_1.-103C/Lon/Lon/Rum 1.347/PIR_activity_1.347,2024-01-01 01:07:29,248,0.0
233003,/TM023_4_20_1.-103C/Lon/Lon/Rum 1.347/PIR_activity_1.347,2024-01-01 01:06:29,248,0.0
233003,/TM023_4_20_1.-103C/Lon/Lon/Rum 1.347/PIR_activity_1.347,2024-01-01 01:05:29,248,0.0
233003,/TM023_4_20_1.-103C/Lon/Lon/Rum 1.347/PIR_activity_1.347,2024-01-01 01:04:29,248,0.0
233003,/TM023_4_20_1.-103C/Lon/Lon/Rum 1.347/PIR_activity_1.347,2024-01-01 01:03:29,248,0.0
233003,/TM023_4_20_1.-103C/Lon/Lon/Rum 1.347/PIR_activity_1.347,2024-01-01 01:02:29,248,0.0
233003,/TM023_4_20_1.-103C/Lon/Lon/Rum 1.347/PIR_activity_1.347,2024-01-01 01:01:29,248,0.0
233003,/TM023_4_20_1.-103C/Lon/Lon/Rum 1.347/PIR_activity_1.347,2024-01-01 01:00:29,248,0.0
233004,/TM023_4_20_1.-103C/Lon/Lon/Rum 1.349/PIR_activity_1.349,2024-01-01 01:59:54,248,0.0
233004,/TM023_4_20_1.-103C/Lon/Lon/Rum 1.349/PIR_activity_1.349,2024-01-01 01:58:54,248,0.0
233004,/TM023_4_20_1.-103C/Lon/Lon/Rum 1.349/PIR_activity_1.349,2024-01-01 01:57:54,248,0.0
233004,/TM023_4_20_1.-103C/Lon/Lon/Rum 1.349/PIR_activity_1.349,2024-01-01 01:56:54,248,0.0
233004,/TM023_4_20_1.-103C/Lon/Lon/Rum 1.349/PIR_activity_1.349,2024-01-01 01:55:54,248,0.0
233004,/TM023_4_20_1.-103C/Lon/Lon/Rum 1.349/PIR_activity_1.349,2024-01-01 01:54:54,248,0.0
233004,/TM023_4_20_1.-103C/Lon/Lon/Rum 1.349/PIR_activity_1.349,2024-01-01 01:53:54,248,0.0
233004,/TM023_4_20_1.-103C/Lon/Lon/Rum 1.349/PIR_activity_1.349,2024-01-01 01:52:54,248,0.0
233004,/TM023_4_20_1.-103C/Lon/Lon/Rum 1.349/PIR_activity_1.349,2024-01-01 01:51:54,248,0.0
233004,/TM023_4_20_1.-103C/Lon/Lon/Rum 1.349/PIR_activity_1.349,2024-01-01 01:50:54,248,0.0
233004,/TM023_4_20_1.-103C/Lon/Lon/Rum 1.349/PIR_activity_1.349,2024-01-01 01:49:54,248,0.0
233004,/TM023_4_20_1.-103C/Lon/Lon/Rum 1.349/PIR_activity_1.349,2024-01-01 01:48:54,248,0.0
233004,/TM023_4_20_1.-103C/Lon/Lon/Rum 1.349/PIR_activity_1.349,2024-01-01 01:47:54,248,0.0
233004,/TM023_4_20_1.-103C/Lon/Lon/Rum 1.349/PIR_activity_1.349,2024-01-01 01:46:54,248,0.0
233004,/TM023_4_20_1.-103C/Lon/Lon/Rum 1.349/PIR_activity_1.349,2024-01-01 01:45:54,248,0.0
233004,/TM023_4_20_1.-103C/Lon/Lon/Rum 1.349/PIR_activity_1.349,2024-01-01 01:44:54,248,0.0
233004,/TM023_4_20_1.-103C/Lon/Lon/Rum 1.349/PIR_activity_1.349,2024-01-01 01:43:54,248,0.0
233004,/TM023_4_20_1.-103C/Lon/Lon/Rum 1.349/PIR_activity_1.349,2024-01-01 01:42:54,248,0.0
233004,/TM023_4_20_1.-103C/Lon/Lon/Rum 1.349/PIR_activity_1.349,2024-01-01 01:41:54,248,0.0
233004,/TM023_4_20_1.-103C/Lon/Lon/Rum 1.349/PIR_activity_1.349,2024-01-01 01:40:54,248,0.0
233004,/TM023_4_20_1.-103C/Lon/Lon/Rum 1.349/PIR_activity_1.349,2024-01-01 01:39:54,248,0.0
233004,/TM023_4_20_1.-103C/Lon/Lon/Rum 1.349/PIR_activity_1.349,2024-01-01 01:38:54,248,0.0
233004,/TM023_4_20_1.-103C/Lon/Lon/Rum 1.349/PIR_activity_1.349,2024-01-01 01:37:54,248,0.0
233004,/TM023_4_20_1.-103C/Lon/Lon/Rum 1.349/PIR_activity_1.349,2024-01-01 01:36:54,248,0.0
233004,/TM023_4_20_1.-103C/Lon/Lon/Rum 1.349/PIR_activity_1.349,2024-01-01 01:35:54,248,0.0
233004,/TM023_4_20_1.-103C/Lon/Lon/Rum 1.349/PIR_activity_1.349,2024-01-01 01:34:54,248,0.0
233004,/TM023_4_20_1.-103C/Lon/Lon/Rum 1.349/PIR_activity_1.349,2024-01-01 01:33:54,248,0.0
233004,/TM023_4_20_1.-103C/Lon/Lon/Rum 1.349/PIR_activity_1.349,2024-01-01 01:32:54,248,0.0
233004,/TM023_4_20_1.-103C/Lon/Lon/Rum 1.349/PIR_activity_1.349,2024-01-01 01:31:54,248,0.0
233004,/TM023_4_20_1.-103C/Lon/Lon/Rum 1.349/PIR_activity_1.349,2024-01-01 01:30:54,248,0.0
233004,/TM023_4_20_1.-103C/Lon/Lon/Rum 1.349/PIR_activity_1.349,2024-01-01 01:29:54,248,0.0
233004,/TM023_4_20_1.-103C/Lon/Lon/Rum 1.349/PIR_activity_1.349,2024-01-01 01:28:54,248,0.0
233004,/TM023_4_20_1.-103C/Lon/Lon/Rum 1.349/PIR_activity_1.349,2024-01-01 01:27:54,248,0.0
233004,/TM023_4_20_1.-103C/Lon/Lon/Rum 1.349/PIR_activity_1.349,2024-01-01 01:26:54,248,0.0
233004,/TM023_4_20_1.-103C/Lon/Lon/Rum 1.349/PIR_activity_1.349,2024-01-01 01:25:54,248,0.0
233004,/TM023_4_20_1.-103C/Lon/Lon/Rum 1.349/PIR_activity_1.349,2024-01-01 01:24:54,248,0.0
233004,/TM023_4_20_1.-103C/Lon/Lon/Rum 1.349/PIR_activity_1.349,2024-01-01 01:23:54,248,
233004,/TM023_4_20_1.-103C/Lon/Lon/Rum 1.349/PIR_activity_1.349,2024-01-01 01:22:54,248,0.0
233004,/TM023_4_20_1.-103C/Lon/Lon/Rum 1.349/PIR_activity_1.349,2024-01-01 01:21:54,248,0.0
233004,/TM023_4_20_1.-103C/Lon/Lon/Rum 1.349/PIR_activity_1.349,2024-01-01 01:20:54,248,0.0
233004,/TM023_4_20_1.-103C/Lon/Lon/Rum 1.349/PIR_activity_1.349,2024-01-01 01:19:54,248,0.0
233004,/TM023_4_20_1.-103C/Lon/Lon/Rum 1.349/PIR_activity_1.349,2024-01-01 01:18:54,248,0.0
233004,/TM023_4_20_1.-103C/Lon/Lon/Rum 1.349/PIR_activity_1.349,2024-01-01 01:17:54,248,0.0
233004,/TM023_4_20_1.-103C/Lon/Lon/Rum 1.349/PIR_activity_1.349,2024-01-01 01:16:54,248,0.0
233004,/TM023_4_20_1.-103C/Lon/Lon/Rum 1.349/PIR_activity_1.349,2024-01-01 01:15:54,248,0.0
233004,/TM023_4_20_1.-103C/Lon/Lon/Rum 1.349/PIR_activity_1.349,2024-01-01 01:14:54,248,0.0
233004,/TM023_4_20_1.-103C/Lon/Lon/Rum 1.349/PIR_activity_1.349,2024-01-01 01:13:54,248,0.0
233004,/TM023_4_20_1.-103C/Lon/Lon/Rum 1.349/PIR_activity_1.349,2024-01-01 01:12:54,248,0.0
233004,/TM023_4_20_1.-103C/Lon/Lon/Rum 1.349/PIR_activity_1.349,2024-01-01 01:11:54,248,0.0
233004,/TM023_4_20_1.-103C/Lon/Lon/Rum 1.349/PIR_activity_1.349,2024-01-01 01:10:54,248,0.0
233004,/TM023_4_20_1.-103C/Lon/Lon/Rum 1.349/PIR_activity_1.349,2024-01-01 01:09:54,248,0.0
233004,/TM023_4_20_1.-103C/Lon/Lon/Rum 1.349/PIR_activity_1.349,2024-01-01 01:08:54,248,0.0
233004,/TM023_4_20_1.-103C/Lon/Lon/Rum 1.349/PIR_activity_1.349,2024-01-01 01:07:54,248,0.0
233004,/TM023_4_20_1.-103C/Lon/Lon/Rum 1.349/PIR_activity_1.349,2024-01-01 01:06:54,248,0.0
233004,/TM023_4_20_1.-103C/Lon/Lon/Rum 1.349/PIR_activity_1.349,2024-01-01 01:05:54,248,0.0
233004,/TM023_4_20_1.-103C/Lon/Lon/Rum 1.349/PIR_activity_1.349,2024-01-01 01:04:54,248,0.0
233004,/TM023_4_20_1.-103C/Lon/Lon/Rum 1.349/PIR_activity_1.349,2024-01-01 01:03:54,248,0.0
233004,/TM023_4_20_1.-103C/Lon/Lon/Rum 1.349/PIR_activity_1.349,2024-01-01 01:02:54,248,0.0
233004,/TM023_4_20_1.-103C/Lon/Lon/Rum 1.349/PIR_activity_1.349,2024-01-01 01:01:54,248,0.0
233004,/TM023_4_20_1.-103C/Lon/Lon/Rum 1.349/PIR_activity_1.349,2024-01-01 01:00:54,248,0.0
233005,/TM023_4_20_1.-103C/Lon/Lon/Rum 1.351/PIR_activity_1.351,2024-01-01 01:59:16,248,0.0
233005,/TM023_4_20_1.-103C/Lon/Lon/Rum 1.351/PIR_activity_1.351,2024-01-01 01:58:16,248,0.0
233005,/TM023_4_20_1.-103C/Lon/Lon/Rum 1.351/PIR_activity_1.351,2024-01-01 01:57:16,248,0.0
233005,/TM023_4_20_1.-103C/Lon/Lon/Rum 1.351/PIR_activity_1.351,2024-01-01 01:56:16,248,0.0
233005,/TM023_4_20_1.-103C/Lon/Lon/Rum 1.351/PIR_activity_1.351,2024-01-01 01:55:16,248,0.0
233005,/TM023_4_20_1.-103C/Lon/Lon/Rum 1.351/PIR_activity_1.351,2024-01-01 01:54:16,248,0.0
233005,/TM023_4_20_1.-103C/Lon/Lon/Rum 1.351/PIR_activity_1.351,2024-01-01 01:53:16,248,0.0
233005,/TM023_4_20_1.-103C/Lon/Lon/Rum 1.351/PIR_activity_1.351,2024-01-01 01:52:16,248,0.0
233005,/TM023_4_20_1.-103C/Lon/Lon/Rum 1.351/PIR_activity_1.351,2024-01-01 01:51:16,248,0.0
233005,/TM023_4_20_1.-103C/Lon/Lon/Rum 1.351/PIR_activity_1.351,2024-01-01 01:50:16,248,0.0
233005,/TM023_4_20_1.-103C/Lon/Lon/Rum 1.351/PIR_activity_1.351,2024-01-01 01:49:16,248,0.0
233005,/TM023_4_20_1.-103C/Lon/Lon/Rum 1.351/PIR_activity_1.351,2024-01-01 01:48:16,248,0.0
233005,/TM023_4_20_1.-103C/Lon/Lon/Rum 1.351/PIR_activity_1.351,2024-01-01 01:47:16,248,0.0
233005,/TM023_4_20_1.-103C/Lon/Lon/Rum 1.351/PIR_activity_1.351,2024-01-01 01:46:16,248,0.0
233005,/TM023_4_20_1.-103C/Lon/Lon/Rum 1.351/PIR_activity_1.351,2024-01-01 01:45:16,248,0.0
233005,/TM023_4_20_1.-103C/Lon/Lon/Rum 1.351/PIR_activity_1.351,2024-01-01 01:44:16,248,0.0
233005,/TM023_4_20_1.-103C/Lon/Lon/Rum 1.351/PIR_activity_1.351,2024-01-01 01:43:16,248,0.0
233005,/TM023_4_20_1.-103C/Lon/Lon/Rum 1.351/PIR_activity_1.351,2024-01-01 01:42:16,248,0.0
233005,/TM023_4_20_1.-103C/Lon/Lon/Rum 1.351/PIR_activity_1.351,2024-01-01 01:41:16,248,0.0
233005,/TM023_4_20_1.-103C/Lon/Lon/Rum 1.351/PIR_activity_1.351,2024-01-01 01:40:16,248,0.0
233005,/TM023_4_20_1.-103C/Lon/Lon/Rum 1.351/PIR_activity_1.351,2024-01-01 01:39:16,248,0.0
233005,/TM023_4_20_1.-103C/Lon/Lon/Rum 1.351/PIR_activity_1.351,2024-01-01 01:38:16,248,0.0
233005,/TM023_4_20_1.-103C/Lon/Lon/Rum 1.351/PIR_activity_1.351,2024-01-01 01:37:16,248,0.0
233005,/TM023_4_20_1.-103C/Lon/Lon/Rum 1.351/PIR_activity_1.351,2024-01-01 01:36:16,248,0.0
233005,/TM023_4_20_1.-103C/Lon/Lon/Rum 1.351/PIR_activity_1.351,2024-01-01 01:35:16,248,0.0
233005,/TM023_4_20_1.-103C/Lon/Lon/Rum 1.351/PIR_activity_1.351,2024-01-01 01:34:16,248,0.0
233005,/TM023_4_20_1.-103C/Lon/Lon/Rum 1.351/PIR_activity_1.351,2024-01-01 01:33:16,248,0.0
233005,/TM023_4_20_1.-103C/Lon/Lon/Rum 1.351/PIR_activity_1.351,2024-01-01 01:32:16,248,0.0
233005,/TM023_4_20_1.-103C/Lon/Lon/Rum 1.351/PIR_activity_1.351,2024-01-01 01:31:16,248,0.0
233005,/TM023_4_20_1.-103C/Lon/Lon/Rum 1.351/PIR_activity_1.351,2024-01-01 01:30:16,248,0.0
233005,/TM023_4_20_1.-103C/Lon/Lon/Rum 1.351/PIR_activity_1.351,2024-01-01 01:29:16,248,0.0
233005,/TM023_4_20_1.-103C/Lon/Lon/Rum 1.351/PIR_activity_1.351,2024-01-01 01:28:16,248,0.0
233005,/TM023_4_20_1.-103C/Lon/Lon/Rum 1.351/PIR_activity_1.351,2024-01-01 01:27:16,248,0.0
233005,/TM023_4_20_1.-103C/Lon/Lon/Rum 1.351/PIR_activity_1.351,2024-01-01 01:26:16,248,0.0
233005,/TM023_4_20_1.-103C/Lon/Lon/Rum 1.351/PIR_activity_1.351,2024-01-01 01:25:16,248,0.0
233005,/TM023_4_20_1.-103C/Lon/Lon/Rum 1.351/PIR_activity_1.351,2024-01-01 01:24:16,248,0.0
233005,/TM023_4_20_1.-103C/Lon/Lon/Rum 1.351/PIR_activity_1.351,2024-01-01 01:23:16,248,0.0
233005,/TM023_4_20_1.-103C/Lon/Lon/Rum 1.351/PIR_activity_1.351,2024-01-01 01:22:16,248,0.0
233005,/TM023_4_20_1.-103C/Lon/Lon/Rum 1.351/PIR_activity_1.351,2024-01-01 01:21:16,248,0.0
233005,/TM023_4_20_1.-103C/Lon/Lon/Rum 1.351/PIR_activity_1.351,2024-01-01 01:20:16,248,0.0
233005,/TM023_4_20_1.-103C/Lon/Lon/Rum 1.351/PIR_activity_1.351,2024-01-01 01:19:16,248,0.0
233005,/TM023_4_20_1.-103C/Lon/Lon/Rum 1.351/PIR_activity_1.351,2024-01-01 01:18:16,248,0.0
233005,/TM023_4_20_1.-103C/Lon/Lon/Rum 1.351/PIR_activity_1.351,2024-01-01 01:17:16,248,0.0
233005,/TM023_4_20_1.-103C/Lon/Lon/Rum 1.351/PIR_activity_1.351,2024-01-01 01:16:16,248,0.0
233005,/TM023_4_20_1.-103C/Lon/Lon/Rum 1.351/PIR_activity_1.351,2024-01-01 01:15:16,248,0.0
233005,/TM023_4_20_1.-103C/Lon/Lon/Rum 1.351/PIR_activity_1.351,2024-01-01 01:14:16,248,0.0
233005,/TM023_4_20_1.-103C/Lon/Lon/Rum 1.351/PIR_activity_1.351,2024-01-01 01:13:16,248,0.0
233005,/TM023_4_20_1.-103C/Lon/Lon/Rum 1.351/PIR_activity_1.351,2024-01-01 01:12:16,248,0.0
233005,/TM023_4_20_1.-103C/Lon/Lon/Rum 1.351/PIR_activity_1.351,2024-01-01 01:11:16,248,0.0
233005,/TM023_4_20_1.-103C/Lon/Lon/Rum 1.351/PIR_activity_1.351,2024-01-01 01:10:16,248,0.0
233005,/TM023_4_20_1.-103C/Lon/Lon/Rum 1.351/PIR_activity_1.351,2024-01-01 01:09:16,248,0.0
233005,/TM023_4_20_1.-103C/Lon/Lon/Rum 1.351/PIR_activity_1.351,2024-01-01 01:08:16,248,0.0
233005,/TM023_4_20_1.-103C/Lon/Lon/Rum 1.351/PIR_activity_1.351,2024-01-01 01:07:16,248,0.0
233005,/TM023_4_20_1.-103C/Lon/Lon/Rum 1.351/PIR_activity_1.351,2024-01-01 01:06:16,248,0.0
233005,/TM023_4_20_1.-103C/Lon/Lon/Rum 1.351/PIR_activity_1.351,2024-01-01 01:05:16,248,0.0
233005,/TM023_4_20_1.-103C/Lon/Lon/Rum 1.351/PIR_activity_1.351,2024-01-01 01:04:16,248,0.0
233005,/TM023_4_20_1.-103C/Lon/Lon/Rum 1.351/PIR_activity_1.351,2024-01-01 01:03:16,248,0.0
233005,/TM023_4_20_1.-103C/Lon/Lon/Rum 1.351/PIR_activity_1.351,2024-01-01 01:02:16,248,0.0
233005,/TM023_4_20_1.-103C/Lon/Lon/Rum 1.351/PIR_activity_1.351,2024-01-01 01:01:16,248,0.0
233005,/TM023_4_20_1.-103C/Lon/Lon/Rum 1.351/PIR_activity_1.351,2024-01-01 01:00:16,248,0.0
233006,/TM023_4_20_1.-103C/Lon/Lon/Rum 1.353/PIR_activity_1.353,2024-01-01 01:59:38,248,0.0
233006,/TM023_4_20_1.-103C/Lon/Lon/Rum 1.353/PIR_activity_1.353,2024-01-01 01:58:38,248,0.0
233006,/TM023_4_20_1.-103C/Lon/Lon/Rum 1.353/PIR_activity_1.353,2024-01-01 01:57:38,248,0.0
233006,/TM023_4_20_1.-103C/Lon/Lon/Rum 1.353/PIR_activity_1.353,2024-01-01 01:56:38,248,0.0
233006,/TM023_4_20_1.-103C/Lon/Lon/Rum 1.353/PIR_activity_1.353,2024-01-01 01:55:38,248,0.0
233006,/TM023_4_20_1.-103C/Lon/Lon/Rum 1.353/PIR_activity_1.353,2024-01-01 01:54:38,248,0.0
233006,/TM023_4_20_1.-103C/Lon/Lon/Rum 1.353/PIR_activity_1.353,2024-01-01 01:53:38,248,0.0
233006,/TM023_4_20_1.-103C/Lon/Lon/Rum 1.353/PIR_activity_1.353,2024-01-01 01:52:38,248,0.0
233006,/TM023_4_20_1.-103C/Lon/Lon/Rum 1.353/PIR_activity_1.353,2024-01-01 01:51:38,248,0.0
233006,/TM023_4_20_1.-103C/Lon/Lon/Rum 1.353/PIR_activity_1.353,2024-01-01 01:50:38,248,0.0
233006,/TM023_4_20_1.-103C/Lon/Lon/Rum 1.353/PIR_activity_1.353,2024-01-01 01:49:38,248,0.0
233006,/TM023_4_20_1.-103C/Lon/Lon/Rum 1.353/PIR_activity_1.353,2024-01-01 01:48:38,248,0.0
233006,/TM023_4_20_1.-103C/Lon/Lon/Rum 1.353/PIR_activity_1.353,2024-01-01 01:47:38,248,0.0
233006,/TM023_4_20_1.-103C/Lon/Lon/Rum 1.353/PIR_activity_1.353,2024-01-01 01:46:38,248,0.0
233006,/TM023_4_20_1.-103C/Lon/Lon/Rum 1.353/PIR_activity_1.353,2024-01-01 01:45:38,248,0.0
233006,/TM023_4_20_1.-103C/Lon/Lon/Rum 1.353/PIR_activity_1.353,2024-01-01 01:44:38,248,0.0
233006,/TM023_4_20_1.-103C/Lon/Lon/Rum 1.353/PIR_activity_1.353,2024-01-01 01:43:38,248,0.0
233006,/TM023_4_20_1.-103C/Lon/Lon/Rum 1.353/PIR_activity_1.353,2024-01-01 01:42:38,248,0.0
233006,/TM023_4_20_1.-103C/Lon/Lon/Rum 1.353/PIR_activity_1.353,2024-01-01 01:41:38,248,0.0
233006,/TM023_4_20_1.-103C/Lon/Lon/Rum 1.353/PIR_activity_1.353,2024-01-01 01:40:38,248,0.0
233006,/TM023_4_20_1.-103C/Lon/Lon/Rum 1.353/PIR_activity_1.353,2024-01-01 01:39:38,248,0.0
233006,/TM023_4_20_1.-103C/Lon/Lon/Rum 1.353/PIR_activity_1.353,2024-01-01 01:38:38,248,0.0
233006,/TM023_4_20_1.-103C/Lon/Lon/Rum 1.353/PIR_activity_1.353,2024-01-01 01:37:38,248,0.0
233006,/TM023_4_20_1.-103C/Lon/Lon/Rum 1.353/PIR_activity_1.353,2024-01-01 01:36:38,248,0.0
233006,/TM023_4_20_1.-103C/Lon/Lon/Rum 1.353/PIR_activity_1.353,2024-01-01 01:35:38,248,0.0
233006,/TM023_4_20_1.-103C/Lon/Lon/Rum 1.353/PIR_activity_1.353,2024-01-01 01:34:38,248,0.0
233006,/TM023_4_20_1.-103C/Lon/Lon/Rum 1.353/PIR_activity_1.353,2024-01-01 01:33:38,248,0.0
233006,/TM023_4_20_1.-103C/Lon/Lon/Rum 1.353/PIR_activity_1.353,2024-01-01 01:32:38,248,0.0
233006,/TM023_4_20_1.-103C/Lon/Lon/Rum 1.353/PIR_activity_1.353,2024-01-01 01:31:38,248,0.0
233006,/TM023_4_20_1.-103C/Lon/Lon/Rum 1.353/PIR_activity_1.353,2024-01-01 01:30:38,248,
233006,/TM023_4_20_1.-103C/Lon/Lon/Rum 1.353/PIR_activity_1.353,2024-01-01 01:29:38,248,0.0
233006,/TM023_4_20_1.-103C/Lon/Lon/Rum 1.353/PIR_activity_1.353,2024-01-01 01:28:38,248,0.0
233006,/TM023_4_20_1.-103C/Lon/Lon/Rum 1.353/PIR_activity_1.353,2024-01-01 01:27:38,248,0.0
233006,/TM023_4_20_1.-103C/Lon/Lon/Rum 1.353/PIR_activity_1.353,2024-01-01 01:26:38,248,0.0
233006,/TM023_4_20_1.-103C/Lon/Lon/Rum 1.353/PIR_activity_1.353,2024-01-01 01:25:38,248,0.0
233006,/TM023_4_20_1.-103C/Lon/Lon/Rum 1.353/PIR_activity_1.353,2024-01-01 01:24:38,248,0.0
233006,/TM023_4_20_1.-103C/Lon/Lon/Rum 1.353/PIR_activity_1.353,2024-01-01 01:23:38,248,
233006,/TM023_4_20_1.-103C/Lon/Lon/Rum 1.353/PIR_activity_1.353,2024-01-01 01:22:38,248,0.0
233006,/TM023_4_20_1.-103C/Lon/Lon/Rum 1.353/PIR_activity_1.353,2024-01-01 01:21:38,248,
233006,/TM023_4_20_1.-103C/Lon/Lon/Rum 1.353/PIR_activity_1.353,2024-01-01 01:20:38,248,0.0
233006,/TM023_4_20_1.-103C/Lon/Lon/Rum 1.353/PIR_activity_1.353,2024-01-01 01:19:38,248,0.0
233006,/TM023_4_20_1.-103C/Lon/Lon/Rum 1.353/PIR_activity_1.353,2024-01-01 01:18:38,248,0.0
233006,/TM023_4_20_1.-103C/Lon/Lon/Rum 1.353/PIR_activity_1.353,2024-01-01 01:17:38,248,0.0
233006,/TM023_4_20_1.-103C/Lon/Lon/Rum 1.353/PIR_activity_1.353,2024-01-01 01:16:38,248,0.0
233006,/TM023_4_20_1.-103C/Lon/Lon/Rum 1.353/PIR_activity_1.353,2024-01-01 01:15:38,248,0.0
233006,/TM023_4_20_1.-103C/Lon/Lon/Rum 1.353/PIR_activity_1.353,2024-01-01 01:14:38,248,0.0
233006,/TM023_4_20_1.-103C/Lon/Lon/Rum 1.353/PIR_activity_1.353,2024-01-01 01:13:38,248,0.0
233006,/TM023_4_20_1.-103C/Lon/Lon/Rum 1.353/PIR_activity_1.353,2024-01-01 01:12:38,248,0.0
233006,/TM023_4_20_1.-103C/Lon/Lon/Rum 1.353/PIR_activity_1.353,2024-01-01 01:11:38,248,0.0
233006,/TM023_4_20_1.-103C/Lon/Lon/Rum 1.353/PIR_activity_1.353,2024-01-01 01:10:38,248,0.0
233006,/TM023_4_20_1.-103C/Lon/Lon/Rum 1.353/PIR_activity_1.353,2024-01-01 01:09:38,248,0.0
233006,/TM023_4_20_1.-103C/Lon/Lon/Rum 1.353/PIR_activity_1.353,2024-01-01 01:08:38,248,
233006,/TM023_4_20_1.-103C/Lon/Lon/Rum 1.353/PIR_activity_1.353,2024-01-01 01:07:38,248,0.0
233006,/TM023_4_20_1.-103C/Lon/Lon/Rum 1.353/PIR_activity_1.353,2024-01-01 01:06:38,248,0.0
233006,/TM023_4_20_1.-103C/Lon/Lon/Rum 1.353/PIR_activity_1.353,2024-01-01 01:05:38,248,
233006,/TM023_4_20_1.-103C/Lon/Lon/Rum 1.353/PIR_activity_1.353,2024-01-01 01:04:38,248,0.0
233006,/TM023_4_20_1.-103C/Lon/Lon/Rum 1.353/PIR_activity_1.353,2024-01-01 01:03:38,248,0.0
233006,/TM023_4_20_1.-103C/Lon/Lon/Rum 1.353/PIR_activity_1.353,2024-01-01 01:02:38,248,0.0
233006,/TM023_4_20_1.-103C/Lon/Lon/Rum 1.353/PIR_activity_1.353,2024-01-01 01:01:38,248,0.0
233006,/TM023_4_20_1.-103C/Lon/Lon/Rum 1.353/PIR_activity_1.353,2024-01-01 01:00:38,248,0.0
233007,/TM023_4_20_1.-103C/Lon/Lon/Rum 1.355/PIR_activity_1.355,2024-01-01 02:00:00,248,0.0
233007,/TM023_4_20_1.-103C/Lon/Lon/Rum 1.355/PIR_activity_1.355,2024-01-01 01:59:00,248,0.0
233007,/TM023_4_20_1.-103C/Lon/Lon/Rum 1.355/PIR_activity_1.355,2024-01-01 01:58:00,248,0.0
233007,/TM023_4_20_1.-103C/Lon/Lon/Rum 1.355/PIR_activity_1.355,2024-01-01 01:57:00,248,0.0
233007,/TM023_4_20_1.-103C/Lon/Lon/Rum 1.355/PIR_activity_1.355,2024-01-01 01:56:00,248,0.0
233007,/TM023_4_20_1.-103C/Lon/Lon/Rum 1.355/PIR_activity_1.355,2024-01-01 01:55:00,248,0.0
233007,/TM023_4_20_1.-103C/Lon/Lon/Rum 1.355/PIR_activity_1.355,2024-01-01 01:54:00,248,0.0
233007,/TM023_4_20_1.-103C/Lon/Lon/Rum 1.355/PIR_activity_1.355,2024-01-01 01:53:00,248,0.0
233007,/TM023_4_20_1.-103C/Lon/Lon/Rum 1.355/PIR_activity_1.355,2024-01-01 01:52:00,248,0.0
233007,/TM023_4_20_1.-103C/Lon/Lon/Rum 1.355/PIR_activity_1.355,2024-01-01 01:51:00,248,0.0
233007,/TM023_4_20_1.-103C/Lon/Lon/Rum 1.355/PIR_activity_1.355,2024-01-01 01:50:00,248,0.0
233007,/TM023_4_20_1.-103C/Lon/Lon/Rum 1.355/PIR_activity_1.355,2024-01-01 01:49:00,248,0.0
233007,/TM023_4_20_1.-103C/Lon/Lon/Rum 1.355/PIR_activity_1.355,2024-01-01 01:48:00,248,0.0
233007,/TM023_4_20_1.-103C/Lon/Lon/Rum 1.355/PIR_activity_1.355,2024-01-01 01:47:00,248,0.0
233007,/TM023_4_20_1.-103C/Lon/Lon/Rum 1.355/PIR_activity_1.355,2024-01-01 01:46:00,248,0.0
233007,/TM023_4_20_1.-103C/Lon/Lon/Rum 1.355/PIR_activity_1.355,2024-01-01 01:45:00,248,0.0
233007,/TM023_4_20_1.-103C/Lon/Lon/Rum 1.355/PIR_activity_1.355,2024-01-01 01:44:00,248,0.0
233007,/TM023_4_20_1.-103C/Lon/Lon/Rum 1.355/PIR_activity_1.355,2024-01-01 01:43:00,248,0.0
233007,/TM023_4_20_1.-103C/Lon/Lon/Rum 1.355/PIR_activity_1.355,2024-01-01 01:42:00,248,0.0
233007,/TM023_4_20_1.-103C/Lon/Lon/Rum 1.355/PIR_activity_1.355,2024-01-01 01:41:00,248,0.0
233007,/TM023_4_20_1.-103C/Lon/Lon/Rum 1.355/PIR_activity_1.355,2024-01-01 01:40:00,248,0.0
233007,/TM023_4_20_1.-103C/Lon/Lon/Rum 1.355/PIR_activity_1.355,2024-01-01 01:39:00,248,0.0
233007,/TM023_4_20_1.-103C/Lon/Lon/Rum 1.355/PIR_activity_1.355,2024-01-01 01:38:00,248,0.0
233007,/TM023_4_20_1.-103C/Lon/Lon/Rum 1.355/PIR_activity_1.355,2024-01-01 01:37:00,248,0.0
233007,/TM023_4_20_1.-103C/Lon/Lon/Rum 1.355/PIR_activity_1.355,2024-01-01 01:36:00,248,0.0
233007,/TM023_4_20_1.-103C/Lon/Lon/Rum 1.355/PIR_activity_1.355,2024-01-01 01:35:00,248,0.0
233007,/TM023_4_20_1.-103C/Lon/Lon/Rum 1.355/PIR_activity_1.355,2024-01-01 01:34:00,248,0.0
233007,/TM023_4_20_1.-103C/Lon/Lon/Rum 1.355/PIR_activity_1.355,2024-01-01 01:33:00,248,0.0
233007,/TM023_4_20_1.-103C/Lon/Lon/Rum 1.355/PIR_activity_1.355,2024-01-01 01:32:00,248,0.0
233007,/TM023_4_20_1.-103C/Lon/Lon/Rum 1.355/PIR_activity_1.355,2024-01-01 01:31:00,248,0.0
233007,/TM023_4_20_1.-103C/Lon/Lon/Rum 1.355/PIR_activity_1.355,2024-01-01 01:30:00,248,0.0
233007,/TM023_4_20_1.-103C/Lon/Lon/Rum 1.355/PIR_activity_1.355,2024-01-01 01:29:00,248,0.0
233007,/TM023_4_20_1.-103C/Lon/Lon/Rum 1.355/PIR_activity_1.355,2024-01-01 01:28:00,248,0.0
233007,/TM023_4_20_1.-103C/Lon/Lon/Rum 1.355/PIR_activity_1.355,2024-01-01 01:27:00,248,0.0
233007,/TM023_4_20_1.-103C/Lon/Lon/Rum 1.355/PIR_activity_1.355,2024-01-01 01:26:00,248,0.0
233007,/TM023_4_20_1.-103C/Lon/Lon/Rum 1.355/PIR_activity_1.355,2024-01-01 01:25:00,248,0.0
233007,/TM023_4_20_1.-103C/Lon/Lon/Rum 1.355/PIR_activity_1.355,2024-01-01 01:24:00,248,0.0
233007,/TM023_4_20_1.-103C/Lon/Lon/Rum 1.355/PIR_activity_1.355,2024-01-01 01:23:00,248,0.0
233007,/TM023_4_20_1.-103C/Lon/Lon/Rum 1.355/PIR_activity_1.355,2024-01-01 01:22:00,248,0.0
233007,/TM023_4_20_1.-103C/Lon/Lon/Rum 1.355/PIR_activity_1.355,2024-01-01 01:21:00,248,0.0
233007,/TM023_4_20_1.-103C/Lon/Lon/Rum 1.355/PIR_activity_1.355,2024-01-01 01:20:00,248,0.0
233007,/TM023_4_20_1.-103C/Lon/Lon/Rum 1.355/PIR_activity_1.355,2024-01-01 01:19:00,248,0.0
233007,/TM023_4_20_1.-103C/Lon/Lon/Rum 1.355/PIR_activity_1.355,2024-01-01 01:18:00,248,0.0
233007,/TM023_4_20_1.-103C/Lon/Lon/Rum 1.355/PIR_activity_1.355,2024-01-01 01:17:00,248,0.0
233007,/TM023_4_20_1.-103C/Lon/Lon/Rum 1.355/PIR_activity_1.355,2024-01-01 01:16:00,248,0.0
233007,/TM023_4_20_1.-103C/Lon/Lon/Rum 1.355/PIR_activity_1.355,2024-01-01 01:15:00,248,0.0
233007,/TM023_4_20_1.-103C/Lon/Lon/Rum 1.355/PIR_activity_1.355,2024-01-01 01:14:00,248,0.0
233007,/TM023_4_20_1.-103C/Lon/Lon/Rum 1.355/PIR_activity_1.355,2024-01-01 01:13:00,248,0.0
233007,/TM023_4_20_1.-103C/Lon/Lon/Rum 1.355/PIR_activity_1.355,2024-01-01 01:12:00,248,0.0
233007,/TM023_4_20_1.-103C/Lon/Lon/Rum 1.355/PIR_activity_1.355,2024-01-01 01:11:00,248,0.0
233007,/TM023_4_20_1.-103C/Lon/Lon/Rum 1.355/PIR_activity_1.355,2024-01-01 01:10:00,248,0.0
233007,/TM023_4_20_1.-103C/Lon/Lon/Rum 1.355/PIR_activity_1.355,2024-01-01 01:09:00,248,0.0
233007,/TM023_4_20_1.-103C/Lon/Lon/Rum 1.355/PIR_activity_1.355,2024-01-01 01:08:00,248,0.0
233007,/TM023_4_20_1.-103C/Lon/Lon/Rum 1.355/PIR_activity_1.355,2024-01-01 01:07:00,248,0.0
233007,/TM023_4_20_1.-103C/Lon/Lon/Rum 1.355/PIR_activity_1.355,2024-01-01 01:06:00,248,0.0
233007,/TM023_4_20_1.-103C/Lon/Lon/Rum 1.355/PIR_activity_1.355,2024-01-01 01:05:00,248,0.0
233007,/TM023_4_20_1.-103C/Lon/Lon/Rum 1.355/PIR_activity_1.355,2024-01-01 01:04:00,248,0.0
233007,/TM023_4_20_1.-103C/Lon/Lon/Rum 1.355/PIR_activity_1.355,2024-01-01 01:03:00,248,0.0
233007,/TM023_4_20_1.-103C/Lon/Lon/Rum 1.355/PIR_activity_1.355,2024-01-01 01:02:00,248,0.0
233007,/TM023_4_20_1.-103C/Lon/Lon/Rum 1.355/PIR_activity_1.355,2024-01-01 01:01:00,248,0.0
233010,/TM023_3_20_1.204/Lon/Net/Rum 1.201/PIR_activity_1.201,2024-01-01 01:59:42,248,0.0
233010,/TM023_3_20_1.204/Lon/Net/Rum 1.201/PIR_activity_1.201,2024-01-01 01:58:42,248,0.0
233010,/TM023_3_20_1.204/Lon/Net/Rum 1.201/PIR_activity_1.201,2024-01-01 01:57:42,248,0.0
233010,/TM023_3_20_1.204/Lon/Net/Rum 1.201/PIR_activity_1.201,2024-01-01 01:56:42,248,0.0
233010,/TM023_3_20_1.204/Lon/Net/Rum 1.201/PIR_activity_1.201,2024-01-01 01:55:42,248,0.0
233010,/TM023_3_20_1.204/Lon/Net/Rum 1.201/PIR_activity_1.201,2024-01-01 01:54:42,248,0.0
233010,/TM023_3_20_1.204/Lon/Net/Rum 1.201/PIR_activity_1.201,2024-01-01 01:53:42,248,0.0
233010,/TM023_3_20_1.204/Lon/Net/Rum 1.201/PIR_activity_1.201,2024-01-01 01:52:42,248,0.0
233010,/TM023_3_20_1.204/Lon/Net/Rum 1.201/PIR_activity_1.201,2024-01-01 01:51:42,248,0.0
233010,/TM023_3_20_1.204/Lon/Net/Rum 1.201/PIR_activity_1.201,2024-01-01 01:50:42,248,0.0
233010,/TM023_3_20_1.204/Lon/Net/Rum 1.201/PIR_activity_1.201,2024-01-01 01:49:42,248,0.0
233010,/TM023_3_20_1.204/Lon/Net/Rum 1.201/PIR_activity_1.201,2024-01-01 01:48:42,248,0.0
233010,/TM023_3_20_1.204/Lon/Net/Rum 1.201/PIR_activity_1.201,2024-01-01 01:47:42,248,
233010,/TM023_3_20_1.204/Lon/Net/Rum 1.201/PIR_activity_1.201,2024-01-01 01:46:42,248,0.0
233010,/TM023_3_20_1.204/Lon/Net/Rum 1.201/PIR_activity_1.201,2024-01-01 01:45:42,248,0.0
233010,/TM023_3_20_1.204/Lon/Net/Rum 1.201/PIR_activity_1.201,2024-01-01 01:44:42,248,0.0
233010,/TM023_3_20_1.204/Lon/Net/Rum 1.201/PIR_activity_1.201,2024-01-01 01:43:42,248,0.0
233010,/TM023_3_20_1.204/Lon/Net/Rum 1.201/PIR_activity_1.201,2024-01-01 01:42:42,248,
233010,/TM023_3_20_1.204/Lon/Net/Rum 1.201/PIR_activity_1.201,2024-01-01 01:41:42,248,0.0
233010,/TM023_3_20_1.204/Lon/Net/Rum 1.201/PIR_activity_1.201,2024-01-01 01:40:42,248,0.0
233010,/TM023_3_20_1.204/Lon/Net/Rum 1.201/PIR_activity_1.201,2024-01-01 01:39:42,248,0.0
233010,/TM023_3_20_1.204/Lon/Net/Rum 1.201/PIR_activity_1.201,2024-01-01 01:38:42,248,0.0
233010,/TM023_3_20_1.204/Lon/Net/Rum 1.201/PIR_activity_1.201,2024-01-01 01:37:42,248,0.0
233010,/TM023_3_20_1.204/Lon/Net/Rum 1.201/PIR_activity_1.201,2024-01-01 01:36:42,248,0.0
233010,/TM023_3_20_1.204/Lon/Net/Rum 1.201/PIR_activity_1.201,2024-01-01 01:35:42,248,0.0
233010,/TM023_3_20_1.204/Lon/Net/Rum 1.201/PIR_activity_1.201,2024-01-01 01:34:42,248,0.0
233010,/TM023_3_20_1.204/Lon/Net/Rum 1.201/PIR_activity_1.201,2024-01-01 01:33:42,248,0.0
233010,/TM023_3_20_1.204/Lon/Net/Rum 1.201/PIR_activity_1.201,2024-01-01 01:32:42,248,0.0
233010,/TM023_3_20_1.204/Lon/Net/Rum 1.201/PIR_activity_1.201,2024-01-01 01:31:42,248,0.0
233010,/TM023_3_20_1.204/Lon/Net/Rum 1.201/PIR_activity_1.201,2024-01-01 01:30:42,248,0.0
233010,/TM023_3_20_1.204/Lon/Net/Rum 1.201/PIR_activity_1.201,2024-01-01 01:29:42,248,0.0
233010,/TM023_3_20_1.204/Lon/Net/Rum 1.201/PIR_activity_1.201,2024-01-01 01:28:42,248,0.0
233010,/TM023_3_20_1.204/Lon/Net/Rum 1.201/PIR_activity_1.201,2024-01-01 01:27:42,248,0.0
233010,/TM023_3_20_1.204/Lon/Net/Rum 1.201/PIR_activity_1.201,2024-01-01 01:26:42,248,0.0
233010,/TM023_3_20_1.204/Lon/Net/Rum 1.201/PIR_activity_1.201,2024-01-01 01:25:42,248,0.0
233010,/TM023_3_20_1.204/Lon/Net/Rum 1.201/PIR_activity_1.201,2024-01-01 01:24:42,248,0.0
233010,/TM023_3_20_1.204/Lon/Net/Rum 1.201/PIR_activity_1.201,2024-01-01 01:23:42,248,0.0
233010,/TM023_3_20_1.204/Lon/Net/Rum 1.201/PIR_activity_1.201,2024-01-01 01:22:42,248,0.0
233010,/TM023_3_20_1.204/Lon/Net/Rum 1.201/PIR_activity_1.201,2024-01-01 01:21:42,248,0.0
233010,/TM023_3_20_1.204/Lon/Net/Rum 1.201/PIR_activity_1.201,2024-01-01 01:20:42,248,0.0
233010,/TM023_3_20_1.204/Lon/Net/Rum 1.201/PIR_activity_1.201,2024-01-01 01:19:42,248,0.0
233010,/TM023_3_20_1.204/Lon/Net/Rum 1.201/PIR_activity_1.201,2024-01-01 01:18:42,248,0.0
233010,/TM023_3_20_1.204/Lon/Net/Rum 1.201/PIR_activity_1.201,2024-01-01 01:17:42,248,0.0
233010,/TM023_3_20_1.204/Lon/Net/Rum 1.201/PIR_activity_1.201,2024-01-01 01:16:42,248,0.0
233010,/TM023_3_20_1.204/Lon/Net/Rum 1.201/PIR_activity_1.201,2024-01-01 01:15:42,248,0.0
233010,/TM023_3_20_1.204/Lon/Net/Rum 1.201/PIR_activity_1.201,2024-01-01 01:14:42,248,0.0
233010,/TM023_3_20_1.204/Lon/Net/Rum 1.201/PIR_activity_1.201,2024-01-01 01:13:42,248,0.0
233010,/TM023_3_20_1.204/Lon/Net/Rum 1.201/PIR_activity_1.201,2024-01-01 01:12:42,248,0.0
233010,/TM023_3_20_1.204/Lon/Net/Rum 1.201/PIR_activity_1.201,2024-01-01 01:11:42,248,0.0
233010,/TM023_3_20_1.204/Lon/Net/Rum 1.201/PIR_activity_1.201,2024-01-01 01:10:42,248,0.0
233010,/TM023_3_20_1.204/Lon/Net/Rum 1.201/PIR_activity_1.201,2024-01-01 01:09:42,248,0.0
233010,/TM023_3_20_1.204/Lon/Net/Rum 1.201/PIR_activity_1.201,2024-01-01 01:08:42,248,0.0
233010,/TM023_3_20_1.204/Lon/Net/Rum 1.201/PIR_activity_1.201,2024-01-01 01:07:42,248,0.0
233010,/TM023_3_20_1.204/Lon/Net/Rum 1.201/PIR_activity_1.201,2024-01-01 01:06:42,248,0.0
233010,/TM023_3_20_1.204/Lon/Net/Rum 1.201/PIR_activity_1.201,2024-01-01 01:05:42,248,0.0
233010,/TM023_3_20_1.204/Lon/Net/Rum 1.201/PIR_activity_1.201,2024-01-01 01:04:42,248,0.0
233010,/TM023_3_20_1.204/Lon/Net/Rum 1.201/PIR_activity_1.201,2024-01-01 01:03:42,248,0.0
233010,/TM023_3_20_1.204/Lon/Net/Rum 1.201/PIR_activity_1.201,2024-01-01 01:02:42,248,0.0
233010,/TM023_3_20_1.204/Lon/Net/Rum 1.201/PIR_activity_1.201,2024-01-01 01:01:42,248,0.0
233010,/TM023_3_20_1.204/Lon/Net/Rum 1.201/PIR_activity_1.201,2024-01-01 01:00:42,248,0.0
233011,/TM023_3_20_1.204/Lon/Net/Rum 1.203/PIR_activity_1.203,2024-01-01 01:59:44,248,0.0
233011,/TM023_3_20_1.204/Lon/Net/Rum 1.203/PIR_activity_1.203,2024-01-01 01:58:44,248,0.0
233011,/TM023_3_20_1.204/Lon/Net/Rum 1.203/PIR_activity_1.203,2024-01-01 01:57:44,248,0.0
233011,/TM023_3_20_1.204/Lon/Net/Rum 1.203/PIR_activity_1.203,2024-01-01 01:56:44,248,0.0
233011,/TM023_3_20_1.204/Lon/Net/Rum 1.203/PIR_activity_1.203,2024-01-01 01:55:44,248,0.0
233011,/TM023_3_20_1.204/Lon/Net/Rum 1.203/PIR_activity_1.203,2024-01-01 01:54:44,248,0.0
233011,/TM023_3_20_1.204/Lon/Net/Rum 1.203/PIR_activity_1.203,2024-01-01 01:53:44,248,0.0
233011,/TM023_3_20_1.204/Lon/Net/Rum 1.203/PIR_activity_1.203,2024-01-01 01:52:44,248,0.0
233011,/TM023_3_20_1.204/Lon/Net/Rum 1.203/PIR_activity_1.203,2024-01-01 01:51:44,248,0.0
233011,/TM023_3_20_1.204/Lon/Net/Rum 1.203/PIR_activity_1.203,2024-01-01 01:50:44,248,0.0
233011,/TM023_3_20_1.204/Lon/Net/Rum 1.203/PIR_activity_1.203,2024-01-01 01:49:44,248,0.0
233011,/TM023_3_20_1.204/Lon/Net/Rum 1.203/PIR_activity_1.203,2024-01-01 01:48:44,248,0.0
233011,/TM023_3_20_1.204/Lon/Net/Rum 1.203/PIR_activity_1.203,2024-01-01 01:47:44,248,0.0
233011,/TM023_3_20_1.204/Lon/Net/Rum 1.203/PIR_activity_1.203,2024-01-01 01:46:44,248,0.0
233011,/TM023_3_20_1.204/Lon/Net/Rum 1.203/PIR_activity_1.203,2024-01-01 01:45:44,248,0.0
233011,/TM023_3_20_1.204/Lon/Net/Rum 1.203/PIR_activity_1.203,2024-01-01 01:44:44,248,0.0
233011,/TM023_3_20_1.204/Lon/Net/Rum 1.203/PIR_activity_1.203,2024-01-01 01:43:44,248,0.0
233011,/TM023_3_20_1.204/Lon/Net/Rum 1.203/PIR_activity_1.203,2024-01-01 01:42:44,248,0.0
233011,/TM023_3_20_1.204/Lon/Net/Rum 1.203/PIR_activity_1.203,2024-01-01 01:41:44,248,0.0
233011,/TM023_3_20_1.204/Lon/Net/Rum 1.203/PIR_activity_1.203,2024-01-01 01:40:44,248,0.0
233011,/TM023_3_20_1.204/Lon/Net/Rum 1.203/PIR_activity_1.203,2024-01-01 01:39:44,248,0.0
233011,/TM023_3_20_1.204/Lon/Net/Rum 1.203/PIR_activity_1.203,2024-01-01 01:38:44,248,0.0
233011,/TM023_3_20_1.204/Lon/Net/Rum 1.203/PIR_activity_1.203,2024-01-01 01:37:44,248,0.0
233011,/TM023_3_20_1.204/Lon/Net/Rum 1.203/PIR_activity_1.203,2024-01-01 01:36:44,248,0.0
233011,/TM023_3_20_1.204/Lon/Net/Rum 1.203/PIR_activity_1.203,2024-01-01 01:35:44,248,0.0
233011,/TM023_3_20_1.204/Lon/Net/Rum 1.203/PIR_activity_1.203,2024-01-01 01:34:44,248,0.0
233011,/TM023_3_20_1.204/Lon/Net/Rum 1.203/PIR_activity_1.203,2024-01-01 01:33:44,248,0.0
233011,/TM023_3_20_1.204/Lon/Net/Rum 1.203/PIR_activity_1.203,2024-01-01 01:32:44,248,0.0
233011,/TM023_3_20_1.204/Lon/Net/Rum 1.203/PIR_activity_1.203,2024-01-01 01:31:44,248,0.0
233011,/TM023_3_20_1.204/Lon/Net/Rum 1.203/PIR_activity_1.203,2024-01-01 01:30:44,248,0.0
233011,/TM023_3_20_1.204/Lon/Net/Rum 1.203/PIR_activity_1.203,2024-01-01 01:29:44,248,0.0
233011,/TM023_3_20_1.204/Lon/Net/Rum 1.203/PIR_activity_1.203,2024-01-01 01:28:44,248,0.0
233011,/TM023_3_20_1.204/Lon/Net/Rum 1.203/PIR_activity_1.203,2024-01-01 01:27:44,248,0.0
233011,/TM023_3_20_1.204/Lon/Net/Rum 1.203/PIR_activity_1.203,2024-01-01 01:26:44,248,0.0
233011,/TM023_3_20_1.204/Lon/Net/Rum 1.203/PIR_activity_1.203,2024-01-01 01:25:44,248,0.0
233011,/TM023_3_20_1.204/Lon/Net/Rum 1.203/PIR_activity_1.203,2024-01-01 01:24:44,248,0.0
233011,/TM023_3_20_1.204/Lon/Net/Rum 1.203/PIR_activity_1.203,2024-01-01 01:23:44,248,0.0
233011,/TM023_3_20_1.204/Lon/Net/Rum 1.203/PIR_activity_1.203,2024-01-01 01:22:44,248,0.0
233011,/TM023_3_20_1.204/Lon/Net/Rum 1.203/PIR_activity_1.203,2024-01-01 01:21:44,248,0.0
233011,/TM023_3_20_1.204/Lon/Net/Rum 1.203/PIR_activity_1.203,2024-01-01 01:20:44,248,0.0
233011,/TM023_3_20_1.204/Lon/Net/Rum 1.203/PIR_activity_1.203,2024-01-01 01:19:44,248,0.0
233011,/TM023_3_20_1.204/Lon/Net/Rum 1.203/PIR_activity_1.203,2024-01-01 01:18:44,248,0.0
233011,/TM023_3_20_1.204/Lon/Net/Rum 1.203/PIR_activity_1.203,2024-01-01 01:17:44,248,
233011,/TM023_3_20_1.204/Lon/Net/Rum 1.203/PIR_activity_1.203,2024-01-01 01:16:44,248,0.0
233011,/TM023_3_20_1.204/Lon/Net/Rum 1.203/PIR_activity_1.203,2024-01-01 01:15:44,248,0.0
233011,/TM023_3_20_1.204/Lon/Net/Rum 1.203/PIR_activity_1.203,2024-01-01 01:14:44,248,0.0
233011,/TM023_3_20_1.204/Lon/Net/Rum 1.203/PIR_activity_1.203,2024-01-01 01:13:44,248,0.0
233011,/TM023_3_20_1.204/Lon/Net/Rum 1.203/PIR_activity_1.203,2024-01-01 01:12:44,248,0.0
233011,/TM023_3_20_1.204/Lon/Net/Rum 1.203/PIR_activity_1.203,2024-01-01 01:11:44,248,0.0
233011,/TM023_3_20_1.204/Lon/Net/Rum 1.203/PIR_activity_1.203,2024-01-01 01:10:44,248,0.0
233011,/TM023_3_20_1.204/Lon/Net/Rum 1.203/PIR_activity_1.203,2024-01-01 01:09:44,248,0.0
233011,/TM023_3_20_1.204/Lon/Net/Rum 1.203/PIR_activity_1.203,2024-01-01 01:08:44,248,0.0
233011,/TM023_3_20_1.204/Lon/Net/Rum 1.203/PIR_activity_1.203,2024-01-01 01:07:44,248,0.0
233011,/TM023_3_20_1.204/Lon/Net/Rum 1.203/PIR_activity_1.203,2024-01-01 01:06:44,248,0.0
233011,/TM023_3_20_1.204/Lon/Net/Rum 1.203/PIR_activity_1.203,2024-01-01 01:05:44,248,0.0
233011,/TM023_3_20_1.204/Lon/Net/Rum 1.203/PIR_activity_1.203,2024-01-01 01:04:44,248,0.0
233011,/TM023_3_20_1.204/Lon/Net/Rum 1.203/PIR_activity_1.203,2024-01-01 01:03:44,248,0.0
233011,/TM023_3_20_1.204/Lon/Net/Rum 1.203/PIR_activity_1.203,2024-01-01 01:02:44,248,0.0
233011,/TM023_3_20_1.204/Lon/Net/Rum 1.203/PIR_activity_1.203,2024-01-01 01:01:44,248,0.0
233011,/TM023_3_20_1.204/Lon/Net/Rum 1.203/PIR_activity_1.203,2024-01-01 01:00:44,248,0.0
233012,/TM023_3_20_1.204/Lon/Net/Rum 1.205/PIR_activity_1.205,2024-01-01 02:00:00,248,0.0
233012,/TM023_3_20_1.204/Lon/Net/Rum 1.205/PIR_activity_1.205,2024-01-01 01:59:00,248,0.0
233012,/TM023_3_20_1.204/Lon/Net/Rum 1.205/PIR_activity_1.205,2024-01-01 01:58:00,248,0.0
233012,/TM023_3_20_1.204/Lon/Net/Rum 1.205/PIR_activity_1.205,2024-01-01 01:57:00,248,0.0
233012,/TM023_3_20_1.204/Lon/Net/Rum 1.205/PIR_activity_1.205,2024-01-01 01:56:00,248,0.0
233012,/TM023_3_20_1.204/Lon/Net/Rum 1.205/PIR_activity_1.205,2024-01-01 01:55:00,248,0.0
233012,/TM023_3_20_1.204/Lon/Net/Rum 1.205/PIR_activity_1.205,2024-01-01 01:54:00,248,0.0
233012,/TM023_3_20_1.204/Lon/Net/Rum 1.205/PIR_activity_1.205,2024-01-01 01:53:00,248,0.0
233012,/TM023_3_20_1.204/Lon/Net/Rum 1.205/PIR_activity_1.205,2024-01-01 01:52:00,248,0.0
233012,/TM023_3_20_1.204/Lon/Net/Rum 1.205/PIR_activity_1.205,2024-01-01 01:51:00,248,0.0
233012,/TM023_3_20_1.204/Lon/Net/Rum 1.205/PIR_activity_1.205,2024-01-01 01:50:00,248,0.0
233012,/TM023_3_20_1.204/Lon/Net/Rum 1.205/PIR_activity_1.205,2024-01-01 01:49:00,248,0.0
233012,/TM023_3_20_1.204/Lon/Net/Rum 1.205/PIR_activity_1.205,2024-01-01 01:48:00,248,0.0
233012,/TM023_3_20_1.204/Lon/Net/Rum 1.205/PIR_activity_1.205,2024-01-01 01:47:00,248,0.0
233012,/TM023_3_20_1.204/Lon/Net/Rum 1.205/PIR_activity_1.205,2024-01-01 01:46:00,248,0.0
233012,/TM023_3_20_1.204/Lon/Net/Rum 1.205/PIR_activity_1.205,2024-01-01 01:45:00,248,0.0
233012,/TM023_3_20_1.204/Lon/Net/Rum 1.205/PIR_activity_1.205,2024-01-01 01:44:00,248,0.0
233012,/TM023_3_20_1.204/Lon/Net/Rum 1.205/PIR_activity_1.205,2024-01-01 01:43:00,248,0.0
233012,/TM023_3_20_1.204/Lon/Net/Rum 1.205/PIR_activity_1.205,2024-01-01 01:42:00,248,0.0
233012,/TM023_3_20_1.204/Lon/Net/Rum 1.205/PIR_activity_1.205,2024-01-01 01:41:00,248,0.0
233012,/TM023_3_20_1.204/Lon/Net/Rum 1.205/PIR_activity_1.205,2024-01-01 01:40:00,248,0.0
233012,/TM023_3_20_1.204/Lon/Net/Rum 1.205/PIR_activity_1.205,2024-01-01 01:39:00,248,0.0
233012,/TM023_3_20_1.204/Lon/Net/Rum 1.205/PIR_activity_1.205,2024-01-01 01:38:00,248,0.0
233012,/TM023_3_20_1.204/Lon/Net/Rum 1.205/PIR_activity_1.205,2024-01-01 01:37:00,248,0.0
233012,/TM023_3_20_1.204/Lon/Net/Rum 1.205/PIR_activity_1.205,2024-01-01 01:36:00,248,0.0
233012,/TM023_3_20_1.204/Lon/Net/Rum 1.205/PIR_activity_1.205,2024-01-01 01:35:00,248,0.0
233012,/TM023_3_20_1.204/Lon/Net/Rum 1.205/PIR_activity_1.205,2024-01-01 01:34:00,248,0.0
233012,/TM023_3_20_1.204/Lon/Net/Rum 1.205/PIR_activity_1.205,2024-01-01 01:33:00,248,0.0
233012,/TM023_3_20_1.204/Lon/Net/Rum 1.205/PIR_activity_1.205,2024-01-01 01:32:00,248,0.0
233012,/TM023_3_20_1.204/Lon/Net/Rum 1.205/PIR_activity_1.205,2024-01-01 01:31:00,248,0.0
233012,/TM023_3_20_1.204/Lon/Net/Rum 1.205/PIR_activity_1.205,2024-01-01 01:30:00,248,0.0
233012,/TM023_3_20_1.204/Lon/Net/Rum 1.205/PIR_activity_1.205,2024-01-01 01:29:00,248,0.0
233012,/TM023_3_20_1.204/Lon/Net/Rum 1.205/PIR_activity_1.205,2024-01-01 01:28:00,248,0.0
233012,/TM023_3_20_1.204/Lon/Net/Rum 1.205/PIR_activity_1.205,2024-01-01 01:27:00,248,0.0
233012,/TM023_3_20_1.204/Lon/Net/Rum 1.205/PIR_activity_1.205,2024-01-01 01:26:00,248,0.0
233012,/TM023_3_20_1.204/Lon/Net/Rum 1.205/PIR_activity_1.205,2024-01-01 01:25:00,248,0.0
233012,/TM023_3_20_1.204/Lon/Net/Rum 1.205/PIR_activity_1.205,2024-01-01 01:24:00,248,0.0
233012,/TM023_3_20_1.204/Lon/Net/Rum 1.205/PIR_activity_1.205,2024-01-01 01:23:00,248,0.0
233012,/TM023_3_20_1.204/Lon/Net/Rum 1.205/PIR_activity_1.205,2024-01-01 01:22:00,248,0.0
233012,/TM023_3_20_1.204/Lon/Net/Rum 1.205/PIR_activity_1.205,2024-01-01 01:21:00,248,0.0
233012,/TM023_3_20_1.204/Lon/Net/Rum 1.205/PIR_activity_1.205,2024-01-01 01:20:00,248,0.0
233012,/TM023_3_20_1.204/Lon/Net/Rum 1.205/PIR_activity_1.205,2024-01-01 01:19:00,248,0.0
233012,/TM023_3_20_1.204/Lon/Net/Rum 1.205/PIR_activity_1.205,2024-01-01 01:18:00,248,0.0
233012,/TM023_3_20_1.204/Lon/Net/Rum 1.205/PIR_activity_1.205,2024-01-01 01:17:00,248,0.0
233012,/TM023_3_20_1.204/Lon/Net/Rum 1.205/PIR_activity_1.205,2024-01-01 01:16:00,248,0.0
233012,/TM023_3_20_1.204/Lon/Net/Rum 1.205/PIR_activity_1.205,2024-01-01 01:15:00,248,0.0
233012,/TM023_3_20_1.204/Lon/Net/Rum 1.205/PIR_activity_1.205,2024-01-01 01:14:00,248,0.0
233012,/TM023_3_20_1.204/Lon/Net/Rum 1.205/PIR_activity_1.205,2024-01-01 01:13:00,248,0.0
233012,/TM023_3_20_1.204/Lon/Net/Rum 1.205/PIR_activity_1.205,2024-01-01 01:12:00,248,0.0
233012,/TM023_3_20_1.204/Lon/Net/Rum 1.205/PIR_activity_1.205,2024-01-01 01:11:00,248,0.0
233012,/TM023_3_20_1.204/Lon/Net/Rum 1.205/PIR_activity_1.205,2024-01-01 01:10:00,248,0.0
233012,/TM023_3_20_1.204/Lon/Net/Rum 1.205/PIR_activity_1.205,2024-01-01 01:09:00,248,0.0
233012,/TM023_3_20_1.204/Lon/Net/Rum 1.205/PIR_activity_1.205,2024-01-01 01:08:00,248,0.0
233012,/TM023_3_20_1.204/Lon/Net/Rum 1.205/PIR_activity_1.205,2024-01-01 01:07:00,248,0.0
233012,/TM023_3_20_1.204/Lon/Net/Rum 1.205/PIR_activity_1.205,2024-01-01 01:06:00,248,0.0
233012,/TM023_3_20_1.204/Lon/Net/Rum 1.205/PIR_activity_1.205,2024-01-01 01:05:00,248,0.0
233012,/TM023_3_20_1.204/Lon/Net/Rum 1.205/PIR_activity_1.205,2024-01-01 01:04:00,248,0.0
233012,/TM023_3_20_1.204/Lon/Net/Rum 1.205/PIR_activity_1.205,2024-01-01 01:03:00,248,0.0
233012,/TM023_3_20_1.204/Lon/Net/Rum 1.205/PIR_activity_1.205,2024-01-01 01:02:00,248,0.0
233012,/TM023_3_20_1.204/Lon/Net/Rum 1.205/PIR_activity_1.205,2024-01-01 01:01:00,248,0.0
233013,/TM023_3_20_1.204/Lon/Net/Rum 1.207/PIR_activity_1.207,2024-01-01 01:59:45,248,0.0
233013,/TM023_3_20_1.204/Lon/Net/Rum 1.207/PIR_activity_1.207,2024-01-01 01:58:45,248,0.0
233013,/TM023_3_20_1.204/Lon/Net/Rum 1.207/PIR_activity_1.207,2024-01-01 01:57:45,248,0.0
233013,/TM023_3_20_1.204/Lon/Net/Rum 1.207/PIR_activity_1.207,2024-01-01 01:56:45,248,0.0
233013,/TM023_3_20_1.204/Lon/Net/Rum 1.207/PIR_activity_1.207,2024-01-01 01:55:45,248,0.0
233013,/TM023_3_20_1.204/Lon/Net/Rum 1.207/PIR_activity_1.207,2024-01-01 01:54:45,248,0.0
233013,/TM023_3_20_1.204/Lon/Net/Rum 1.207/PIR_activity_1.207,2024-01-01 01:53:45,248,0.0
233013,/TM023_3_20_1.204/Lon/Net/Rum 1.207/PIR_activity_1.207,2024-01-01 01:52:45,248,0.0
233013,/TM023_3_20_1.204/Lon/Net/Rum 1.207/PIR_activity_1.207,2024-01-01 01:51:45,248,0.0
233013,/TM023_3_20_1.204/Lon/Net/Rum 1.207/PIR_activity_1.207,2024-01-01 01:50:45,248,0.0
233013,/TM023_3_20_1.204/Lon/Net/Rum 1.207/PIR_activity_1.207,2024-01-01 01:49:45,248,0.0
233013,/TM023_3_20_1.204/Lon/Net/Rum 1.207/PIR_activity_1.207,2024-01-01 01:48:45,248,0.0
233013,/TM023_3_20_1.204/Lon/Net/Rum 1.207/PIR_activity_1.207,2024-01-01 01:47:45,248,0.0
233013,/TM023_3_20_1.204/Lon/Net/Rum 1.207/PIR_activity_1.207,2024-01-01 01:46:45,248,0.0
233013,/TM023_3_20_1.204/Lon/Net/Rum 1.207/PIR_activity_1.207,2024-01-01 01:45:45,248,0.0
233013,/TM023_3_20_1.204/Lon/Net/Rum 1.207/PIR_activity_1.207,2024-01-01 01:44:45,248,0.0
233013,/TM023_3_20_1.204/Lon/Net/Rum 1.207/PIR_activity_1.207,2024-01-01 01:43:45,248,0.0
233013,/TM023_3_20_1.204/Lon/Net/Rum 1.207/PIR_activity_1.207,2024-01-01 01:42:45,248,0.0
233013,/TM023_3_20_1.204/Lon/Net/Rum 1.207/PIR_activity_1.207,2024-01-01 01:41:45,248,0.0
233013,/TM023_3_20_1.204/Lon/Net/Rum 1.207/PIR_activity_1.207,2024-01-01 01:40:45,248,0.0
233013,/TM023_3_20_1.204/Lon/Net/Rum 1.207/PIR_activity_1.207,2024-01-01 01:39:45,248,0.0
233013,/TM023_3_20_1.204/Lon/Net/Rum 1.207/PIR_activity_1.207,2024-01-01 01:38:45,248,0.0
233013,/TM023_3_20_1.204/Lon/Net/Rum 1.207/PIR_activity_1.207,2024-01-01 01:37:45,248,0.0
233013,/TM023_3_20_1.204/Lon/Net/Rum 1.207/PIR_activity_1.207,2024-01-01 01:36:45,248,0.0
233013,/TM023_3_20_1.204/Lon/Net/Rum 1.207/PIR_activity_1.207,2024-01-01 01:35:45,248,0.0
233013,/TM023_3_20_1.204/Lon/Net/Rum 1.207/PIR_activity_1.207,2024-01-01 01:34:45,248,0.0
233013,/TM023_3_20_1.204/Lon/Net/Rum 1.207/PIR_activity_1.207,2024-01-01 01:33:45,248,0.0
233013,/TM023_3_20_1.204/Lon/Net/Rum 1.207/PIR_activity_1.207,2024-01-01 01:32:45,248,0.0
233013,/TM023_3_20_1.204/Lon/Net/Rum 1.207/PIR_activity_1.207,2024-01-01 01:31:45,248,0.0
233013,/TM023_3_20_1.204/Lon/Net/Rum 1.207/PIR_activity_1.207,2024-01-01 01:30:45,248,0.0
233013,/TM023_3_20_1.204/Lon/Net/Rum 1.207/PIR_activity_1.207,2024-01-01 01:29:45,248,0.0
233013,/TM023_3_20_1.204/Lon/Net/Rum 1.207/PIR_activity_1.207,2024-01-01 01:28:45,248,0.0
233013,/TM023_3_20_1.204/Lon/Net/Rum 1.207/PIR_activity_1.207,2024-01-01 01:27:45,248,0.0
233013,/TM023_3_20_1.204/Lon/Net/Rum 1.207/PIR_activity_1.207,2024-01-01 01:26:45,248,0.0
233013,/TM023_3_20_1.204/Lon/Net/Rum 1.207/PIR_activity_1.207,2024-01-01 01:25:45,248,0.0
233013,/TM023_3_20_1.204/Lon/Net/Rum 1.207/PIR_activity_1.207,2024-01-01 01:24:45,248,0.0
233013,/TM023_3_20_1.204/Lon/Net/Rum 1.207/PIR_activity_1.207,2024-01-01 01:23:45,248,0.0
233013,/TM023_3_20_1.204/Lon/Net/Rum 1.207/PIR_activity_1.207,2024-01-01 01:22:45,248,0.0
233013,/TM023_3_20_1.204/Lon/Net/Rum 1.207/PIR_activity_1.207,2024-01-01 01:21:45,248,0.0
233013,/TM023_3_20_1.204/Lon/Net/Rum 1.207/PIR_activity_1.207,2024-01-01 01:20:45,248,0.0
233013,/TM023_3_20_1.204/Lon/Net/Rum 1.207/PIR_activity_1.207,2024-01-01 01:19:45,248,0.0
233013,/TM023_3_20_1.204/Lon/Net/Rum 1.207/PIR_activity_1.207,2024-01-01 01:18:45,248,0.0
233013,/TM023_3_20_1.204/Lon/Net/Rum 1.207/PIR_activity_1.207,2024-01-01 01:17:45,248,0.0
233013,/TM023_3_20_1.204/Lon/Net/Rum 1.207/PIR_activity_1.207,2024-01-01 01:16:45,248,0.0
233013,/TM023_3_20_1.204/Lon/Net/Rum 1.207/PIR_activity_1.207,2024-01-01 01:15:45,248,0.0
233013,/TM023_3_20_1.204/Lon/Net/Rum 1.207/PIR_activity_1.207,2024-01-01 01:14:45,248,0.0
233013,/TM023_3_20_1.204/Lon/Net/Rum 1.207/PIR_activity_1.207,2024-01-01 01:13:45,248,0.0
233013,/TM023_3_20_1.204/Lon/Net/Rum 1.207/PIR_activity_1.207,2024-01-01 01:12:45,248,0.0
233013,/TM023_3_20_1.204/Lon/Net/Rum 1.207/PIR_activity_1.207,2024-01-01 01:11:45,248,0.0
233013,/TM023_3_20_1.204/Lon/Net/Rum 1.207/PIR_activity_1.207,2024-01-01 01:10:45,248,0.0
233013,/TM023_3_20_1.204/Lon/Net/Rum 1.207/PIR_activity_1.207,2024-01-01 01:09:45,248,0.0
233013,/TM023_3_20_1.204/Lon/Net/Rum 1.207/PIR_activity_1.207,2024-01-01 01:08:45,248,0.0
233013,/TM023_3_20_1.204/Lon/Net/Rum 1.207/PIR_activity_1.207,2024-01-01 01:07:45,248,0.0
233013,/TM023_3_20_1.204/Lon/Net/Rum 1.207/PIR_activity_1.207,2024-01-01 01:06:45,248,0.0
233013,/TM023_3_20_1.204/Lon/Net/Rum 1.207/PIR_activity_1.207,2024-01-01 01:05:45,248,0.0
233013,/TM023_3_20_1.204/Lon/Net/Rum 1.207/PIR_activity_1.207,2024-01-01 01:04:45,248,0.0
233013,/TM023_3_20_1.204/Lon/Net/Rum 1.207/PIR_activity_1.207,2024-01-01 01:03:45,248,0.0
233013,/TM023_3_20_1.204/Lon/Net/Rum 1.207/PIR_activity_1.207,2024-01-01 01:02:45,248,
233013,/TM023_3_20_1.204/Lon/Net/Rum 1.207/PIR_activity_1.207,2024-01-01 01:01:45,248,0.0
233013,/TM023_3_20_1.204/Lon/Net/Rum 1.207/PIR_activity_1.207,2024-01-01 01:00:45,248,0.0
233014,/TM023_3_20_1.204/Lon/Net/Rum 1.209/PIR_activity_1.209,2024-01-01 01:59:46,248,0.0
233014,/TM023_3_20_1.204/Lon/Net/Rum 1.209/PIR_activity_1.209,2024-01-01 01:58:46,248,0.0
233014,/TM023_3_20_1.204/Lon/Net/Rum 1.209/PIR_activity_1.209,2024-01-01 01:57:46,248,0.0
233014,/TM023_3_20_1.204/Lon/Net/Rum 1.209/PIR_activity_1.209,2024-01-01 01:56:46,248,0.0
233014,/TM023_3_20_1.204/Lon/Net/Rum 1.209/PIR_activity_1.209,2024-01-01 01:55:46,248,0.0
233014,/TM023_3_20_1.204/Lon/Net/Rum 1.209/PIR_activity_1.209,2024-01-01 01:54:46,248,0.0
233014,/TM023_3_20_1.204/Lon/Net/Rum 1.209/PIR_activity_1.209,2024-01-01 01:53:46,248,0.0
233014,/TM023_3_20_1.204/Lon/Net/Rum 1.209/PIR_activity_1.209,2024-01-01 01:52:46,248,
233014,/TM023_3_20_1.204/Lon/Net/Rum 1.209/PIR_activity_1.209,2024-01-01 01:51:46,248,0.0
233014,/TM023_3_20_1.204/Lon/Net/Rum 1.209/PIR_activity_1.209,2024-01-01 01:50:46,248,0.0
233014,/TM023_3_20_1.204/Lon/Net/Rum 1.209/PIR_activity_1.209,2024-01-01 01:49:46,248,0.0
233014,/TM023_3_20_1.204/Lon/Net/Rum 1.209/PIR_activity_1.209,2024-01-01 01:48:46,248,0.0
233014,/TM023_3_20_1.204/Lon/Net/Rum 1.209/PIR_activity_1.209,2024-01-01 01:47:46,248,0.0
233014,/TM023_3_20_1.204/Lon/Net/Rum 1.209/PIR_activity_1.209,2024-01-01 01:46:46,248,0.0
233014,/TM023_3_20_1.204/Lon/Net/Rum 1.209/PIR_activity_1.209,2024-01-01 01:45:46,248,0.0
233014,/TM023_3_20_1.204/Lon/Net/Rum 1.209/PIR_activity_1.209,2024-01-01 01:44:46,248,0.0
233014,/TM023_3_20_1.204/Lon/Net/Rum 1.209/PIR_activity_1.209,2024-01-01 01:43:46,248,0.0
233014,/TM023_3_20_1.204/Lon/Net/Rum 1.209/PIR_activity_1.209,2024-01-01 01:42:46,248,0.0
233014,/TM023_3_20_1.204/Lon/Net/Rum 1.209/PIR_activity_1.209,2024-01-01 01:41:46,248,0.0
233014,/TM023_3_20_1.204/Lon/Net/Rum 1.209/PIR_activity_1.209,2024-01-01 01:40:46,248,0.0
233014,/TM023_3_20_1.204/Lon/Net/Rum 1.209/PIR_activity_1.209,2024-01-01 01:39:46,248,0.0
233014,/TM023_3_20_1.204/Lon/Net/Rum 1.209/PIR_activity_1.209,2024-01-01 01:38:46,248,0.0
233014,/TM023_3_20_1.204/Lon/Net/Rum 1.209/PIR_activity_1.209,2024-01-01 01:37:46,248,0.0
233014,/TM023_3_20_1.204/Lon/Net/Rum 1.209/PIR_activity_1.209,2024-01-01 01:36:46,248,0.0
233014,/TM023_3_20_1.204/Lon/Net/Rum 1.209/PIR_activity_1.209,2024-01-01 01:35:46,248,0.0
233014,/TM023_3_20_1.204/Lon/Net/Rum 1.209/PIR_activity_1.209,2024-01-01 01:34:46,248,0.0
233014,/TM023_3_20_1.204/Lon/Net/Rum 1.209/PIR_activity_1.209,2024-01-01 01:33:46,248,0.0
233014,/TM023_3_20_1.204/Lon/Net/Rum 1.209/PIR_activity_1.209,2024-01-01 01:32:46,248,0.0
233014,/TM023_3_20_1.204/Lon/Net/Rum 1.209/PIR_activity_1.209,2024-01-01 01:31:46,248,0.0
233014,/TM023_3_20_1.204/Lon/Net/Rum 1.209/PIR_activity_1.209,2024-01-01 01:30:46,248,0.0
233014,/TM023_3_20_1.204/Lon/Net/Rum 1.209/PIR_activity_1.209,2024-01-01 01:29:46,248,0.0
233014,/TM023_3_20_1.204/Lon/Net/Rum 1.209/PIR_activity_1.209,2024-01-01 01:28:46,248,0.0
233014,/TM023_3_20_1.204/Lon/Net/Rum 1.209/PIR_activity_1.209,2024-01-01 01:27:46,248,0.0
233014,/TM023_3_20_1.204/Lon/Net/Rum 1.209/PIR_activity_1.209,2024-01-01 01:26:46,248,0.0
233014,/TM023_3_20_1.204/Lon/Net/Rum 1.209/PIR_activity_1.209,2024-01-01 01:25:46,248,0.0
233014,/TM023_3_20_1.204/Lon/Net/Rum 1.209/PIR_activity_1.209,2024-01-01 01:24:46,248,0.0
233014,/TM023_3_20_1.204/Lon/Net/Rum 1.209/PIR_activity_1.209,2024-01-01 01:23:46,248,0.0
233014,/TM023_3_20_1.204/Lon/Net/Rum 1.209/PIR_activity_1.209,2024-01-01 01:22:46,248,0.0
233014,/TM023_3_20_1.204/Lon/Net/Rum 1.209/PIR_activity_1.209,2024-01-01 01:21:46,248,0.0
233014,/TM023_3_20_1.204/Lon/Net/Rum 1.209/PIR_activity_1.209,2024-01-01 01:20:46,248,0.0
233014,/TM023_3_20_1.204/Lon/Net/Rum 1.209/PIR_activity_1.209,2024-01-01 01:19:46,248,0.0
233014,/TM023_3_20_1.204/Lon/Net/Rum 1.209/PIR_activity_1.209,2024-01-01 01:18:46,248,0.0
233014,/TM023_3_20_1.204/Lon/Net/Rum 1.209/PIR_activity_1.209,2024-01-01 01:17:46,248,0.0
233014,/TM023_3_20_1.204/Lon/Net/Rum 1.209/PIR_activity_1.209,2024-01-01 01:16:46,248,0.0
233014,/TM023_3_20_1.204/Lon/Net/Rum 1.209/PIR_activity_1.209,2024-01-01 01:15:46,248,0.0
233014,/TM023_3_20_1.204/Lon/Net/Rum 1.209/PIR_activity_1.209,2024-01-01 01:14:46,248,0.0
233014,/TM023_3_20_1.204/Lon/Net/Rum 1.209/PIR_activity_1.209,2024-01-01 01:13:46,248,0.0
233014,/TM023_3_20_1.204/Lon/Net/Rum 1.209/PIR_activity_1.209,2024-01-01 01:12:46,248,0.0
233014,/TM023_3_20_1.204/Lon/Net/Rum 1.209/PIR_activity_1.209,2024-01-01 01:11:46,248,0.0
233014,/TM023_3_20_1.204/Lon/Net/Rum 1.209/PIR_activity_1.209,2024-01-01 01:10:46,248,0.0
233014,/TM023_3_20_1.204/Lon/Net/Rum 1.209/PIR_activity_1.209,2024-01-01 01:09:46,248,0.0
233014,/TM023_3_20_1.204/Lon/Net/Rum 1.209/PIR_activity_1.209,2024-01-01 01:08:46,248,0.0
233014,/TM023_3_20_1.204/Lon/Net/Rum 1.209/PIR_activity_1.209,2024-01-01 01:07:46,248,0.0
233014,/TM023_3_20_1.204/Lon/Net/Rum 1.209/PIR_activity_1.209,2024-01-01 01:06:46,248,0.0
233014,/TM023_3_20_1.204/Lon/Net/Rum 1.209/PIR_activity_1.209,2024-01-01 01:05:46,248,0.0
233014,/TM023_3_20_1.204/Lon/Net/Rum 1.209/PIR_activity_1.209,2024-01-01 01:04:46,248,0.0
233014,/TM023_3_20_1.204/Lon/Net/Rum 1.209/PIR_activity_1.209,2024-01-01 01:03:46,248,0.0
233014,/TM023_3_20_1.204/Lon/Net/Rum 1.209/PIR_activity_1.209,2024-01-01 01:02:46,248,0.0
233014,/TM023_3_20_1.204/Lon/Net/Rum 1.209/PIR_activity_1.209,2024-01-01 01:01:46,248,0.0
233014,/TM023_3_20_1.204/Lon/Net/Rum 1.209/PIR_activity_1.209,2024-01-01 01:00:46,248,
233015,/TM023_3_21_1.204/Lon/Net/Rum 1.210/PIR_activity_1.210,2024-01-01 01:59:47,248,0.0
233015,/TM023_3_21_1.204/Lon/Net/Rum 1.210/PIR_activity_1.210,2024-01-01 01:58:47,248,0.0
233015,/TM023_3_21_1.204/Lon/Net/Rum 1.210/PIR_activity_1.210,2024-01-01 01:57:47,248,0.0
233015,/TM023_3_21_1.204/Lon/Net/Rum 1.210/PIR_activity_1.210,2024-01-01 01:56:47,248,0.0
233015,/TM023_3_21_1.204/Lon/Net/Rum 1.210/PIR_activity_1.210,2024-01-01 01:55:47,248,0.0
233015,/TM023_3_21_1.204/Lon/Net/Rum 1.210/PIR_activity_1.210,2024-01-01 01:54:47,248,0.0
233015,/TM023_3_21_1.204/Lon/Net/Rum 1.210/PIR_activity_1.210,2024-01-01 01:53:47,248,0.0
233015,/TM023_3_21_1.204/Lon/Net/Rum 1.210/PIR_activity_1.210,2024-01-01 01:52:47,248,0.0
233015,/TM023_3_21_1.204/Lon/Net/Rum 1.210/PIR_activity_1.210,2024-01-01 01:51:47,248,0.0
233015,/TM023_3_21_1.204/Lon/Net/Rum 1.210/PIR_activity_1.210,2024-01-01 01:50:47,248,0.0
233015,/TM023_3_21_1.204/Lon/Net/Rum 1.210/PIR_activity_1.210,2024-01-01 01:49:47,248,0.0
233015,/TM023_3_21_1.204/Lon/Net/Rum 1.210/PIR_activity_1.210,2024-01-01 01:48:47,248,0.0
233015,/TM023_3_21_1.204/Lon/Net/Rum 1.210/PIR_activity_1.210,2024-01-01 01:47:47,248,0.0
233015,/TM023_3_21_1.204/Lon/Net/Rum 1.210/PIR_activity_1.210,2024-01-01 01:46:47,248,0.0
233015,/TM023_3_21_1.204/Lon/Net/Rum 1.210/PIR_activity_1.210,2024-01-01 01:45:47,248,0.0
233015,/TM023_3_21_1.204/Lon/Net/Rum 1.210/PIR_activity_1.210,2024-01-01 01:44:47,248,0.0
233015,/TM023_3_21_1.204/Lon/Net/Rum 1.210/PIR_activity_1.210,2024-01-01 01:43:47,248,0.0
233015,/TM023_3_21_1.204/Lon/Net/Rum 1.210/PIR_activity_1.210,2024-01-01 01:42:47,248,0.0
233015,/TM023_3_21_1.204/Lon/Net/Rum 1.210/PIR_activity_1.210,2024-01-01 01:41:47,248,0.0
233015,/TM023_3_21_1.204/Lon/Net/Rum 1.210/PIR_activity_1.210,2024-01-01 01:40:47,248,0.0
233015,/TM023_3_21_1.204/Lon/Net/Rum 1.210/PIR_activity_1.210,2024-01-01 01:39:47,248,0.0
233015,/TM023_3_21_1.204/Lon/Net/Rum 1.210/PIR_activity_1.210,2024-01-01 01:38:47,248,0.0
233015,/TM023_3_21_1.204/Lon/Net/Rum 1.210/PIR_activity_1.210,2024-01-01 01:37:47,248,0.0
233015,/TM023_3_21_1.204/Lon/Net/Rum 1.210/PIR_activity_1.210,2024-01-01 01:36:47,248,0.0
233015,/TM023_3_21_1.204/Lon/Net/Rum 1.210/PIR_activity_1.210,2024-01-01 01:35:47,248,0.0
233015,/TM023_3_21_1.204/Lon/Net/Rum 1.210/PIR_activity_1.210,2024-01-01 01:34:47,248,0.0
233015,/TM023_3_21_1.204/Lon/Net/Rum 1.210/PIR_activity_1.210,2024-01-01 01:33:47,248,0.0
233015,/TM023_3_21_1.204/Lon/Net/Rum 1.210/PIR_activity_1.210,2024-01-01 01:32:47,248,0.0
233015,/TM023_3_21_1.204/Lon/Net/Rum 1.210/PIR_activity_1.210,2024-01-01 01:31:47,248,0.0
233015,/TM023_3_21_1.204/Lon/Net/Rum 1.210/PIR_activity_1.210,2024-01-01 01:30:47,248,0.0
233015,/TM023_3_21_1.204/Lon/Net/Rum 1.210/PIR_activity_1.210,2024-01-01 01:29:47,248,0.0
233015,/TM023_3_21_1.204/Lon/Net/Rum 1.210/PIR_activity_1.210,2024-01-01 01:28:47,248,0.0
233015,/TM023_3_21_1.204/Lon/Net/Rum 1.210/PIR_activity_1.210,2024-01-01 01:27:47,248,0.0
233015,/TM023_3_21_1.204/Lon/Net/Rum 1.210/PIR_activity_1.210,2024-01-01 01:26:47,248,0.0
233015,/TM023_3_21_1.204/Lon/Net/Rum 1.210/PIR_activity_1.210,2024-01-01 01:25:47,248,0.0
233015,/TM023_3_21_1.204/Lon/Net/Rum 1.210/PIR_activity_1.210,2024-01-01 01:24:47,248,0.0
233015,/TM023_3_21_1.204/Lon/Net/Rum 1.210/PIR_activity_1.210,2024-01-01 01:23:47,248,0.0
233015,/TM023_3_21_1.204/Lon/Net/Rum 1.210/PIR_activity_1.210,2024-01-01 01:22:47,248,0.0
233015,/TM023_3_21_1.204/Lon/Net/Rum 1.210/PIR_activity_1.210,2024-01-01 01:21:47,248,0.0
233015,/TM023_3_21_1.204/Lon/Net/Rum 1.210/PIR_activity_1.210,2024-01-01 01:20:47,248,0.0
233015,/TM023_3_21_1.204/Lon/Net/Rum 1.210/PIR_activity_1.210,2024-01-01 01:19:47,248,0.0
233015,/TM023_3_21_1.204/Lon/Net/Rum 1.210/PIR_activity_1.210,2024-01-01 01:18:47,248,0.0
233015,/TM023_3_21_1.204/Lon/Net/Rum 1.210/PIR_activity_1.210,2024-01-01 01:17:47,248,0.0
233015,/TM023_3_21_1.204/Lon/Net/Rum 1.210/PIR_activity_1.210,2024-01-01 01:16:47,248,0.0
233015,/TM023_3_21_1.204/Lon/Net/Rum 1.210/PIR_activity_1.210,2024-01-01 01:15:47,248,0.0
233015,/TM023_3_21_1.204/Lon/Net/Rum 1.210/PIR_activity_1.210,2024-01-01 01:14:47,248,0.0
233015,/TM023_3_21_1.204/Lon/Net/Rum 1.210/PIR_activity_1.210,2024-01-01 01:13:47,248,0.0
233015,/TM023_3_21_1.204/Lon/Net/Rum 1.210/PIR_activity_1.210,2024-01-01 01:12:47,248,0.0
233015,/TM023_3_21_1.204/Lon/Net/Rum 1.210/PIR_activity_1.210,2024-01-01 01:11:47,248,0.0
233015,/TM023_3_21_1.204/Lon/Net/Rum 1.210/PIR_activity_1.210,2024-01-01 01:10:47,248,0.0
233015,/TM023_3_21_1.204/Lon/Net/Rum 1.210/PIR_activity_1.210,2024-01-01 01:09:47,248,0.0
233015,/TM023_3_21_1.204/Lon/Net/Rum 1.210/PIR_activity_1.210,2024-01-01 01:08:47,248,0.0
233015,/TM023_3_21_1.204/Lon/Net/Rum 1.210/PIR_activity_1.210,2024-01-01 01:07:47,248,0.0
233015,/TM023_3_21_1.204/Lon/Net/Rum 1.210/PIR_activity_1.210,2024-01-01 01:06:47,248,0.0
233015,/TM023_3_21_1.204/Lon/Net/Rum 1.210/PIR_activity_1.210,2024-01-01 01:05:47,248,0.0
233015,/TM023_3_21_1.204/Lon/Net/Rum 1.210/PIR_activity_1.210,2024-01-01 01:04:47,248,0.0
233015,/TM023_3_21_1.204/Lon/Net/Rum 1.210/PIR_activity_1.210,2024-01-01 01:03:47,248,0.0
233015,/TM023_3_21_1.204/Lon/Net/Rum 1.210/PIR_activity_1.210,2024-01-01 01:02:47,248,0.0
233015,/TM023_3_21_1.204/Lon/Net/Rum 1.210/PIR_activity_1.210,2024-01-01 01:01:47,248,0.0
233015,/TM023_3_21_1.204/Lon/Net/Rum 1.210/PIR_activity_1.210,2024-01-01 01:00:47,248,0.0
233016,/TM023_3_20_1.204/Lon/Net/Rum 1.211/PIR_activity_1.211,2024-01-01 01:59:48,248,0.0
233016,/TM023_3_20_1.204/Lon/Net/Rum 1.211/PIR_activity_1.211,2024-01-01 01:58:48,248,0.0
233016,/TM023_3_20_1.204/Lon/Net/Rum 1.211/PIR_activity_1.211,2024-01-01 01:57:48,248,0.0
233016,/TM023_3_20_1.204/Lon/Net/Rum 1.211/PIR_activity_1.211,2024-01-01 01:56:48,248,0.0
233016,/TM023_3_20_1.204/Lon/Net/Rum 1.211/PIR_activity_1.211,2024-01-01 01:55:48,248,0.0
233016,/TM023_3_20_1.204/Lon/Net/Rum 1.211/PIR_activity_1.211,2024-01-01 01:54:48,248,0.0
233016,/TM023_3_20_1.204/Lon/Net/Rum 1.211/PIR_activity_1.211,2024-01-01 01:53:48,248,0.0
233016,/TM023_3_20_1.204/Lon/Net/Rum 1.211/PIR_activity_1.211,2024-01-01 01:52:48,248,0.0
233016,/TM023_3_20_1.204/Lon/Net/Rum 1.211/PIR_activity_1.211,2024-01-01 01:51:48,248,0.0
233016,/TM023_3_20_1.204/Lon/Net/Rum 1.211/PIR_activity_1.211,2024-01-01 01:50:48,248,0.0
233016,/TM023_3_20_1.204/Lon/Net/Rum 1.211/PIR_activity_1.211,2024-01-01 01:49:48,248,0.0
233016,/TM023_3_20_1.204/Lon/Net/Rum 1.211/PIR_activity_1.211,2024-01-01 01:48:48,248,0.0
233016,/TM023_3_20_1.204/Lon/Net/Rum 1.211/PIR_activity_1.211,2024-01-01 01:47:48,248,0.0
233016,/TM023_3_20_1.204/Lon/Net/Rum 1.211/PIR_activity_1.211,2024-01-01 01:46:48,248,0.0
233016,/TM023_3_20_1.204/Lon/Net/Rum 1.211/PIR_activity_1.211,2024-01-01 01:45:48,248,0.0
233016,/TM023_3_20_1.204/Lon/Net/Rum 1.211/PIR_activity_1.211,2024-01-01 01:44:48,248,0.0
233016,/TM023_3_20_1.204/Lon/Net/Rum 1.211/PIR_activity_1.211,2024-01-01 01:43:48,248,0.0
233016,/TM023_3_20_1.204/Lon/Net/Rum 1.211/PIR_activity_1.211,2024-01-01 01:42:48,248,0.0
233016,/TM023_3_20_1.204/Lon/Net/Rum 1.211/PIR_activity_1.211,2024-01-01 01:41:48,248,0.0
233016,/TM023_3_20_1.204/Lon/Net/Rum 1.211/PIR_activity_1.211,2024-01-01 01:40:48,248,0.0
233016,/TM023_3_20_1.204/Lon/Net/Rum 1.211/PIR_activity_1.211,2024-01-01 01:39:48,248,0.0
233016,/TM023_3_20_1.204/Lon/Net/Rum 1.211/PIR_activity_1.211,2024-01-01 01:38:48,248,0.0
233016,/TM023_3_20_1.204/Lon/Net/Rum 1.211/PIR_activity_1.211,2024-01-01 01:37:48,248,0.0
233016,/TM023_3_20_1.204/Lon/Net/Rum 1.211/PIR_activity_1.211,2024-01-01 01:36:48,248,0.0
233016,/TM023_3_20_1.204/Lon/Net/Rum 1.211/PIR_activity_1.211,2024-01-01 01:35:48,248,0.0
233016,/TM023_3_20_1.204/Lon/Net/Rum 1.211/PIR_activity_1.211,2024-01-01 01:34:48,248,0.0
233016,/TM023_3_20_1.204/Lon/Net/Rum 1.211/PIR_activity_1.211,2024-01-01 01:33:48,248,0.0
233016,/TM023_3_20_1.204/Lon/Net/Rum 1.211/PIR_activity_1.211,2024-01-01 01:32:48,248,0.0
233016,/TM023_3_20_1.204/Lon/Net/Rum 1.211/PIR_activity_1.211,2024-01-01 01:31:48,248,0.0
233016,/TM023_3_20_1.204/Lon/Net/Rum 1.211/PIR_activity_1.211,2024-01-01 01:30:48,248,0.0
233016,/TM023_3_20_1.204/Lon/Net/Rum 1.211/PIR_activity_1.211,2024-01-01 01:29:48,248,0.0
233016,/TM023_3_20_1.204/Lon/Net/Rum 1.211/PIR_activity_1.211,2024-01-01 01:28:48,248,0.0
233016,/TM023_3_20_1.204/Lon/Net/Rum 1.211/PIR_activity_1.211,2024-01-01 01:27:48,248,0.0
233016,/TM023_3_20_1.204/Lon/Net/Rum 1.211/PIR_activity_1.211,2024-01-01 01:26:48,248,0.0
233016,/TM023_3_20_1.204/Lon/Net/Rum 1.211/PIR_activity_1.211,2024-01-01 01:25:48,248,0.0
233016,/TM023_3_20_1.204/Lon/Net/Rum 1.211/PIR_activity_1.211,2024-01-01 01:24:48,248,0.0
233016,/TM023_3_20_1.204/Lon/Net/Rum 1.211/PIR_activity_1.211,2024-01-01 01:23:48,248,0.0
233016,/TM023_3_20_1.204/Lon/Net/Rum 1.211/PIR_activity_1.211,2024-01-01 01:22:48,248,0.0
233016,/TM023_3_20_1.204/Lon/Net/Rum 1.211/PIR_activity_1.211,2024-01-01 01:21:48,248,0.0
233016,/TM023_3_20_1.204/Lon/Net/Rum 1.211/PIR_activity_1.211,2024-01-01 01:20:48,248,0.0
233016,/TM023_3_20_1.204/Lon/Net/Rum 1.211/PIR_activity_1.211,2024-01-01 01:19:48,248,0.0
233016,/TM023_3_20_1.204/Lon/Net/Rum 1.211/PIR_activity_1.211,2024-01-01 01:18:48,248,0.0
233016,/TM023_3_20_1.204/Lon/Net/Rum 1.211/PIR_activity_1.211,2024-01-01 01:17:48,248,0.0
233016,/TM023_3_20_1.204/Lon/Net/Rum 1.211/PIR_activity_1.211,2024-01-01 01:16:48,248,0.0
233016,/TM023_3_20_1.204/Lon/Net/Rum 1.211/PIR_activity_1.211,2024-01-01 01:15:48,248,0.0
233016,/TM023_3_20_1.204/Lon/Net/Rum 1.211/PIR_activity_1.211,2024-01-01 01:14:48,248,0.0
233016,/TM023_3_20_1.204/Lon/Net/Rum 1.211/PIR_activity_1.211,2024-01-01 01:13:48,248,0.0
233016,/TM023_3_20_1.204/Lon/Net/Rum 1.211/PIR_activity_1.211,2024-01-01 01:12:48,248,0.0
233016,/TM023_3_20_1.204/Lon/Net/Rum 1.211/PIR_activity_1.211,2024-01-01 01:11:48,248,0.0
233016,/TM023_3_20_1.204/Lon/Net/Rum 1.211/PIR_activity_1.211,2024-01-01 01:10:48,248,0.0
233016,/TM023_3_20_1.204/Lon/Net/Rum 1.211/PIR_activity_1.211,2024-01-01 01:09:48,248,0.0
233016,/TM023_3_20_1.204/Lon/Net/Rum 1.211/PIR_activity_1.211,2024-01-01 01:08:48,248,0.0
233016,/TM023_3_20_1.204/Lon/Net/Rum 1.211/PIR_activity_1.211,2024-01-01 01:07:48,248,0.0
233016,/TM023_3_20_1.204/Lon/Net/Rum 1.211/PIR_activity_1.211,2024-01-01 01:06:48,248,0.0
233016,/TM023_3_20_1.204/Lon/Net/Rum 1.211/PIR_activity_1.211,2024-01-01 01:05:48,248,0.0
233016,/TM023_3_20_1.204/Lon/Net/Rum 1.211/PIR_activity_1.211,2024-01-01 01:04:48,248,0.0
233016,/TM023_3_20_1.204/Lon/Net/Rum 1.211/PIR_activity_1.211,2024-01-01 01:03:48,248,0.0
233016,/TM023_3_20_1.204/Lon/Net/Rum 1.211/PIR_activity_1.211,2024-01-01 01:02:48,248,0.0
233016,/TM023_3_20_1.204/Lon/Net/Rum 1.211/PIR_activity_1.211,2024-01-01 01:01:48,248,0.0
233016,/TM023_3_20_1.204/Lon/Net/Rum 1.211/PIR_activity_1.211,2024-01-01 01:00:48,248,0.0
233017,/TM023_3_21_1.204/Lon/Net/Rum 1.212/PIR_activity_1.212,2024-01-01 01:59:49,248,0.0
233017,/TM023_3_21_1.204/Lon/Net/Rum 1.212/PIR_activity_1.212,2024-01-01 01:58:49,248,0.0
233017,/TM023_3_21_1.204/Lon/Net/Rum 1.212/PIR_activity_1.212,2024-01-01 01:57:49,248,0.0
233017,/TM023_3_21_1.204/Lon/Net/Rum 1.212/PIR_activity_1.212,2024-01-01 01:56:49,248,0.0
233017,/TM023_3_21_1.204/Lon/Net/Rum 1.212/PIR_activity_1.212,2024-01-01 01:55:49,248,0.0
233017,/TM023_3_21_1.204/Lon/Net/Rum 1.212/PIR_activity_1.212,2024-01-01 01:54:49,248,0.0
233017,/TM023_3_21_1.204/Lon/Net/Rum 1.212/PIR_activity_1.212,2024-01-01 01:53:49,248,0.0
233017,/TM023_3_21_1.204/Lon/Net/Rum 1.212/PIR_activity_1.212,2024-01-01 01:52:49,248,0.0
233017,/TM023_3_21_1.204/Lon/Net/Rum 1.212/PIR_activity_1.212,2024-01-01 01:51:49,248,0.0
233017,/TM023_3_21_1.204/Lon/Net/Rum 1.212/PIR_activity_1.212,2024-01-01 01:50:49,248,0.0
233017,/TM023_3_21_1.204/Lon/Net/Rum 1.212/PIR_activity_1.212,2024-01-01 01:49:49,248,0.0
233017,/TM023_3_21_1.204/Lon/Net/Rum 1.212/PIR_activity_1.212,2024-01-01 01:48:49,248,0.0
233017,/TM023_3_21_1.204/Lon/Net/Rum 1.212/PIR_activity_1.212,2024-01-01 01:47:49,248,0.0
233017,/TM023_3_21_1.204/Lon/Net/Rum 1.212/PIR_activity_1.212,2024-01-01 01:46:49,248,0.0
233017,/TM023_3_21_1.204/Lon/Net/Rum 1.212/PIR_activity_1.212,2024-01-01 01:45:49,248,0.0
233017,/TM023_3_21_1.204/Lon/Net/Rum 1.212/PIR_activity_1.212,2024-01-01 01:44:49,248,0.0
233017,/TM023_3_21_1.204/Lon/Net/Rum 1.212/PIR_activity_1.212,2024-01-01 01:43:49,248,0.0
233017,/TM023_3_21_1.204/Lon/Net/Rum 1.212/PIR_activity_1.212,2024-01-01 01:42:49,248,0.0
233017,/TM023_3_21_1.204/Lon/Net/Rum 1.212/PIR_activity_1.212,2024-01-01 01:41:49,248,
233017,/TM023_3_21_1.204/Lon/Net/Rum 1.212/PIR_activity_1.212,2024-01-01 01:40:49,248,0.0
233017,/TM023_3_21_1.204/Lon/Net/Rum 1.212/PIR_activity_1.212,2024-01-01 01:39:49,248,0.0
233017,/TM023_3_21_1.204/Lon/Net/Rum 1.212/PIR_activity_1.212,2024-01-01 01:38:49,248,0.0
233017,/TM023_3_21_1.204/Lon/Net/Rum 1.212/PIR_activity_1.212,2024-01-01 01:37:49,248,0.0
233017,/TM023_3_21_1.204/Lon/Net/Rum 1.212/PIR_activity_1.212,2024-01-01 01:36:49,248,0.0
233017,/TM023_3_21_1.204/Lon/Net/Rum 1.212/PIR_activity_1.212,2024-01-01 01:35:49,248,0.0
233017,/TM023_3_21_1.204/Lon/Net/Rum 1.212/PIR_activity_1.212,2024-01-01 01:34:49,248,0.0
233017,/TM023_3_21_1.204/Lon/Net/Rum 1.212/PIR_activity_1.212,2024-01-01 01:33:49,248,0.0
233017,/TM023_3_21_1.204/Lon/Net/Rum 1.212/PIR_activity_1.212,2024-01-01 01:32:49,248,0.0
233017,/TM023_3_21_1.204/Lon/Net/Rum 1.212/PIR_activity_1.212,2024-01-01 01:31:49,248,0.0
233017,/TM023_3_21_1.204/Lon/Net/Rum 1.212/PIR_activity_1.212,2024-01-01 01:30:49,248,0.0
233017,/TM023_3_21_1.204/Lon/Net/Rum 1.212/PIR_activity_1.212,2024-01-01 01:29:49,248,0.0
233017,/TM023_3_21_1.204/Lon/Net/Rum 1.212/PIR_activity_1.212,2024-01-01 01:28:49,248,0.0
233017,/TM023_3_21_1.204/Lon/Net/Rum 1.212/PIR_activity_1.212,2024-01-01 01:27:49,248,0.0
233017,/TM023_3_21_1.204/Lon/Net/Rum 1.212/PIR_activity_1.212,2024-01-01 01:26:49,248,0.0
233017,/TM023_3_21_1.204/Lon/Net/Rum 1.212/PIR_activity_1.212,2024-01-01 01:25:49,248,0.0
233017,/TM023_3_21_1.204/Lon/Net/Rum 1.212/PIR_activity_1.212,2024-01-01 01:24:49,248,0.0
233017,/TM023_3_21_1.204/Lon/Net/Rum 1.212/PIR_activity_1.212,2024-01-01 01:23:49,248,0.0
233017,/TM023_3_21_1.204/Lon/Net/Rum 1.212/PIR_activity_1.212,2024-01-01 01:22:49,248,0.0
233017,/TM023_3_21_1.204/Lon/Net/Rum 1.212/PIR_activity_1.212,2024-01-01 01:21:49,248,0.0
233017,/TM023_3_21_1.204/Lon/Net/Rum 1.212/PIR_activity_1.212,2024-01-01 01:20:49,248,0.0
233017,/TM023_3_21_1.204/Lon/Net/Rum 1.212/PIR_activity_1.212,2024-01-01 01:19:49,248,
233017,/TM023_3_21_1.204/Lon/Net/Rum 1.212/PIR_activity_1.212,2024-01-01 01:18:49,248,0.0
233017,/TM023_3_21_1.204/Lon/Net/Rum 1.212/PIR_activity_1.212,2024-01-01 01:17:49,248,0.0
233017,/TM023_3_21_1.204/Lon/Net/Rum 1.212/PIR_activity_1.212,2024-01-01 01:16:49,248,0.0
233017,/TM023_3_21_1.204/Lon/Net/Rum 1.212/PIR_activity_1.212,2024-01-01 01:15:49,248,0.0
233017,/TM023_3_21_1.204/Lon/Net/Rum 1.212/PIR_activity_1.212,2024-01-01 01:14:49,248,0.0
233017,/TM023_3_21_1.204/Lon/Net/Rum 1.212/PIR_activity_1.212,2024-01-01 01:13:49,248,0.0
233017,/TM023_3_21_1.204/Lon/Net/Rum 1.212/PIR_activity_1.212,2024-01-01 01:12:49,248,0.0
233017,/TM023_3_21_1.204/Lon/Net/Rum 1.212/PIR_activity_1.212,2024-01-01 01:11:49,248,0.0
233017,/TM023_3_21_1.204/Lon/Net/Rum 1.212/PIR_activity_1.212,2024-01-01 01:10:49,248,0.0
233017,/TM023_3_21_1.204/Lon/Net/Rum 1.212/PIR_activity_1.212,2024-01-01 01:09:49,248,
233017,/TM023_3_21_1.204/Lon/Net/Rum 1.212/PIR_activity_1.212,2024-01-01 01:08:49,248,0.0
233017,/TM023_3_21_1.204/Lon/Net/Rum 1.212/PIR_activity_1.212,2024-01-01 01:07:49,248,0.0
233017,/TM023_3_21_1.204/Lon/Net/Rum 1.212/PIR_activity_1.212,2024-01-01 01:06:49,248,0.0
233017,/TM023_3_21_1.204/Lon/Net/Rum 1.212/PIR_activity_1.212,2024-01-01 01:05:49,248,0.0
233017,/TM023_3_21_1.204/Lon/Net/Rum 1.212/PIR_activity_1.212,2024-01-01 01:04:49,248,0.0
233017,/TM023_3_21_1.204/Lon/Net/Rum 1.212/PIR_activity_1.212,2024-01-01 01:03:49,248,0.0
233017,/TM023_3_21_1.204/Lon/Net/Rum 1.212/PIR_activity_1.212,2024-01-01 01:02:49,248,0.0
233017,/TM023_3_21_1.204/Lon/Net/Rum 1.212/PIR_activity_1.212,2024-01-01 01:01:49,248,0.0
233017,/TM023_3_21_1.204/Lon/Net/Rum 1.212/PIR_activity_1.212,2024-01-01 01:00:49,248,0.0
233018,/TM023_3_20_1.204/Lon/Net/Rum 1.213/PIR_activity_1.213,2024-01-01 01:59:50,248,0.0
233018,/TM023_3_20_1.204/Lon/Net/Rum 1.213/PIR_activity_1.213,2024-01-01 01:58:50,248,0.0
233018,/TM023_3_20_1.204/Lon/Net/Rum 1.213/PIR_activity_1.213,2024-01-01 01:57:50,248,0.0
233018,/TM023_3_20_1.204/Lon/Net/Rum 1.213/PIR_activity_1.213,2024-01-01 01:56:50,248,0.0
233018,/TM023_3_20_1.204/Lon/Net/Rum 1.213/PIR_activity_1.213,2024-01-01 01:55:50,248,0.0
233018,/TM023_3_20_1.204/Lon/Net/Rum 1.213/PIR_activity_1.213,2024-01-01 01:54:50,248,0.0
233018,/TM023_3_20_1.204/Lon/Net/Rum 1.213/PIR_activity_1.213,2024-01-01 01:53:50,248,0.0
233018,/TM023_3_20_1.204/Lon/Net/Rum 1.213/PIR_activity_1.213,2024-01-01 01:52:50,248,0.0
233018,/TM023_3_20_1.204/Lon/Net/Rum 1.213/PIR_activity_1.213,2024-01-01 01:51:50,248,0.0
233018,/TM023_3_20_1.204/Lon/Net/Rum 1.213/PIR_activity_1.213,2024-01-01 01:50:50,248,0.0
233018,/TM023_3_20_1.204/Lon/Net/Rum 1.213/PIR_activity_1.213,2024-01-01 01:49:50,248,0.0
233018,/TM023_3_20_1.204/Lon/Net/Rum 1.213/PIR_activity_1.213,2024-01-01 01:48:50,248,0.0
233018,/TM023_3_20_1.204/Lon/Net/Rum 1.213/PIR_activity_1.213,2024-01-01 01:47:50,248,0.0
233018,/TM023_3_20_1.204/Lon/Net/Rum 1.213/PIR_activity_1.213,2024-01-01 01:46:50,248,0.0
233018,/TM023_3_20_1.204/Lon/Net/Rum 1.213/PIR_activity_1.213,2024-01-01 01:45:50,248,0.0
233018,/TM023_3_20_1.204/Lon/Net/Rum 1.213/PIR_activity_1.213,2024-01-01 01:44:50,248,0.0
233018,/TM023_3_20_1.204/Lon/Net/Rum 1.213/PIR_activity_1.213,2024-01-01 01:43:50,248,0.0
233018,/TM023_3_20_1.204/Lon/Net/Rum 1.213/PIR_activity_1.213,2024-01-01 01:42:50,248,0.0
233018,/TM023_3_20_1.204/Lon/Net/Rum 1.213/PIR_activity_1.213,2024-01-01 01:41:50,248,0.0
233018,/TM023_3_20_1.204/Lon/Net/Rum 1.213/PIR_activity_1.213,2024-01-01 01:40:50,248,0.0
233018,/TM023_3_20_1.204/Lon/Net/Rum 1.213/PIR_activity_1.213,2024-01-01 01:39:50,248,0.0
233018,/TM023_3_20_1.204/Lon/Net/Rum 1.213/PIR_activity_1.213,2024-01-01 01:38:50,248,0.0
233018,/TM023_3_20_1.204/Lon/Net/Rum 1.213/PIR_activity_1.213,2024-01-01 01:37:50,248,0.0
233018,/TM023_3_20_1.204/Lon/Net/Rum 1.213/PIR_activity_1.213,2024-01-01 01:36:50,248,0.0
233018,/TM023_3_20_1.204/Lon/Net/Rum 1.213/PIR_activity_1.213,2024-01-01 01:35:50,248,0.0
233018,/TM023_3_20_1.204/Lon/Net/Rum 1.213/PIR_activity_1.213,2024-01-01 01:34:50,248,0.0
233018,/TM023_3_20_1.204/Lon/Net/Rum 1.213/PIR_activity_1.213,2024-01-01 01:33:50,248,0.0
233018,/TM023_3_20_1.204/Lon/Net/Rum 1.213/PIR_activity_1.213,2024-01-01 01:32:50,248,0.0
233018,/TM023_3_20_1.204/Lon/Net/Rum 1.213/PIR_activity_1.213,2024-01-01 01:31:50,248,0.0
233018,/TM023_3_20_1.204/Lon/Net/Rum 1.213/PIR_activity_1.213,2024-01-01 01:30:50,248,0.0
233018,/TM023_3_20_1.204/Lon/Net/Rum 1.213/PIR_activity_1.213,2024-01-01 01:29:50,248,0.0
233018,/TM023_3_20_1.204/Lon/Net/Rum 1.213/PIR_activity_1.213,2024-01-01 01:28:50,248,0.0
233018,/TM023_3_20_1.204/Lon/Net/Rum 1.213/PIR_activity_1.213,2024-01-01 01:27:50,248,0.0
233018,/TM023_3_20_1.204/Lon/Net/Rum 1.213/PIR_activity_1.213,2024-01-01 01:26:50,248,0.0
233018,/TM023_3_20_1.204/Lon/Net/Rum 1.213/PIR_activity_1.213,2024-01-01 01:25:50,248,0.0
233018,/TM023_3_20_1.204/Lon/Net/Rum 1.213/PIR_activity_1.213,2024-01-01 01:24:50,248,0.0
233018,/TM023_3_20_1.204/Lon/Net/Rum 1.213/PIR_activity_1.213,2024-01-01 01:23:50,248,0.0
233018,/TM023_3_20_1.204/Lon/Net/Rum 1.213/PIR_activity_1.213,2024-01-01 01:22:50,248,0.0
233018,/TM023_3_20_1.204/Lon/Net/Rum 1.213/PIR_activity_1.213,2024-01-01 01:21:50,248,0.0
233018,/TM023_3_20_1.204/Lon/Net/Rum 1.213/PIR_activity_1.213,2024-01-01 01:20:50,248,0.0
233018,/TM023_3_20_1.204/Lon/Net/Rum 1.213/PIR_activity_1.213,2024-01-01 01:19:50,248,0.0
233018,/TM023_3_20_1.204/Lon/Net/Rum 1.213/PIR_activity_1.213,2024-01-01 01:18:50,248,0.0
233018,/TM023_3_20_1.204/Lon/Net/Rum 1.213/PIR_activity_1.213,2024-01-01 01:17:50,248,0.0
233018,/TM023_3_20_1.204/Lon/Net/Rum 1.213/PIR_activity_1.213,2024-01-01 01:16:50,248,0.0
233018,/TM023_3_20_1.204/Lon/Net/Rum 1.213/PIR_activity_1.213,2024-01-01 01:15:50,248,0.0
233018,/TM023_3_20_1.204/Lon/Net/Rum 1.213/PIR_activity_1.213,2024-01-01 01:14:50,248,0.0
233018,/TM023_3_20_1.204/Lon/Net/Rum 1.213/PIR_activity_1.213,2024-01-01 01:13:50,248,0.0
233018,/TM023_3_20_1.204/Lon/Net/Rum 1.213/PIR_activity_1.213,2024-01-01 01:12:50,248,0.0
233018,/TM023_3_20_1.204/Lon/Net/Rum 1.213/PIR_activity_1.213,2024-01-01 01:11:50,248,0.0
233018,/TM023_3_20_1.204/Lon/Net/Rum 1.213/PIR_activity_1.213,2024-01-01 01:10:50,248,0.0
233018,/TM023_3_20_1.204/Lon/Net/Rum 1.213/PIR_activity_1.213,2024-01-01 01:09:50,248,0.0
233018,/TM023_3_20_1.204/Lon/Net/Rum 1.213/PIR_activity_1.213,2024-01-01 01:08:50,248,0.0
233018,/TM023_3_20_1.204/Lon/Net/Rum 1.213/PIR_activity_1.213,2024-01-01 01:07:50,248,0.0
233018,/TM023_3_20_1.204/Lon/Net/Rum 1.213/PIR_activity_1.213,2024-01-01 01:06:50,248,0.0
233018,/TM023_3_20_1.204/Lon/Net/Rum 1.213/PIR_activity_1.213,2024-01-01 01:05:50,248,0.0
233018,/TM023_3_20_1.204/Lon/Net/Rum 1.213/PIR_activity_1.213,2024-01-01 01:04:50,248,0.0
233018,/TM023_3_20_1.204/Lon/Net/Rum 1.213/PIR_activity_1.213,2024-01-01 01:03:50,248,0.0
233018,/TM023_3_20_1.204/Lon/Net/Rum 1.213/PIR_activity_1.213,2024-01-01 01:02:50,248,0.0
233018,/TM023_3_20_1.204/Lon/Net/Rum 1.213/PIR_activity_1.213,2024-01-01 01:01:50,248,0.0
233018,/TM023_3_20_1.204/Lon/Net/Rum 1.213/PIR_activity_1.213,2024-01-01 01:00:50,248,0.0
233019,/TM023_3_21_1.204/Lon/Net/Rum 1.214/PIR_activity_1.214,2024-01-01 01:59:51,248,0.0
233019,/TM023_3_21_1.204/Lon/Net/Rum 1.214/PIR_activity_1.214,2024-01-01 01:58:51,248,0.0
233019,/TM023_3_21_1.204/Lon/Net/Rum 1.214/PIR_activity_1.214,2024-01-01 01:57:51,248,0.0
233019,/TM023_3_21_1.204/Lon/Net/Rum 1.214/PIR_activity_1.214,2024-01-01 01:56:51,248,0.0
233019,/TM023_3_21_1.204/Lon/Net/Rum 1.214/PIR_activity_1.214,2024-01-01 01:55:51,248,0.0
233019,/TM023_3_21_1.204/Lon/Net/Rum 1.214/PIR_activity_1.214,2024-01-01 01:54:51,248,0.0
233019,/TM023_3_21_1.204/Lon/Net/Rum 1.214/PIR_activity_1.214,2024-01-01 01:53:51,248,0.0
233019,/TM023_3_21_1.204/Lon/Net/Rum 1.214/PIR_activity_1.214,2024-01-01 01:52:51,248,0.0
233019,/TM023_3_21_1.204/Lon/Net/Rum 1.214/PIR_activity_1.214,2024-01-01 01:51:51,248,0.0
233019,/TM023_3_21_1.204/Lon/Net/Rum 1.214/PIR_activity_1.214,2024-01-01 01:50:51,248,0.0
233019,/TM023_3_21_1.204/Lon/Net/Rum 1.214/PIR_activity_1.214,2024-01-01 01:49:51,248,0.0
233019,/TM023_3_21_1.204/Lon/Net/Rum 1.214/PIR_activity_1.214,2024-01-01 01:48:51,248,0.0
233019,/TM023_3_21_1.204/Lon/Net/Rum 1.214/PIR_activity_1.214,2024-01-01 01:47:51,248,0.0
233019,/TM023_3_21_1.204/Lon/Net/Rum 1.214/PIR_activity_1.214,2024-01-01 01:46:51,248,0.0
233019,/TM023_3_21_1.204/Lon/Net/Rum 1.214/PIR_activity_1.214,2024-01-01 01:45:51,248,
233019,/TM023_3_21_1.204/Lon/Net/Rum 1.214/PIR_activity_1.214,2024-01-01 01:44:51,248,0.0
233019,/TM023_3_21_1.204/Lon/Net/Rum 1.214/PIR_activity_1.214,2024-01-01 01:43:51,248,0.0
233019,/TM023_3_21_1.204/Lon/Net/Rum 1.214/PIR_activity_1.214,2024-01-01 01:42:51,248,0.0
233019,/TM023_3_21_1.204/Lon/Net/Rum 1.214/PIR_activity_1.214,2024-01-01 01:41:51,248,0.0
233019,/TM023_3_21_1.204/Lon/Net/Rum 1.214/PIR_activity_1.214,2024-01-01 01:40:51,248,0.0
233019,/TM023_3_21_1.204/Lon/Net/Rum 1.214/PIR_activity_1.214,2024-01-01 01:39:51,248,0.0
233019,/TM023_3_21_1.204/Lon/Net/Rum 1.214/PIR_activity_1.214,2024-01-01 01:38:51,248,0.0
233019,/TM023_3_21_1.204/Lon/Net/Rum 1.214/PIR_activity_1.214,2024-01-01 01:37:51,248,0.0
233019,/TM023_3_21_1.204/Lon/Net/Rum 1.214/PIR_activity_1.214,2024-01-01 01:36:51,248,0.0
233019,/TM023_3_21_1.204/Lon/Net/Rum 1.214/PIR_activity_1.214,2024-01-01 01:35:51,248,0.0
233019,/TM023_3_21_1.204/Lon/Net/Rum 1.214/PIR_activity_1.214,2024-01-01 01:34:51,248,0.0
233019,/TM023_3_21_1.204/Lon/Net/Rum 1.214/PIR_activity_1.214,2024-01-01 01:33:51,248,0.0
233019,/TM023_3_21_1.204/Lon/Net/Rum 1.214/PIR_activity_1.214,2024-01-01 01:32:51,248,0.0
233019,/TM023_3_21_1.204/Lon/Net/Rum 1.214/PIR_activity_1.214,2024-01-01 01:31:51,248,0.0
233019,/TM023_3_21_1.204/Lon/Net/Rum 1.214/PIR_activity_1.214,2024-01-01 01:30:51,248,0.0
233019,/TM023_3_21_1.204/Lon/Net/Rum 1.214/PIR_activity_1.214,2024-01-01 01:29:51,248,0.0
233019,/TM023_3_21_1.204/Lon/Net/Rum 1.214/PIR_activity_1.214,2024-01-01 01:28:51,248,0.0
233019,/TM023_3_21_1.204/Lon/Net/Rum 1.214/PIR_activity_1.214,2024-01-01 01:27:51,248,0.0
233019,/TM023_3_21_1.204/Lon/Net/Rum 1.214/PIR_activity_1.214,2024-01-01 01:26:51,248,0.0
233019,/TM023_3_21_1.204/Lon/Net/Rum 1.214/PIR_activity_1.214,2024-01-01 01:25:51,248,0.0
233019,/TM023_3_21_1.204/Lon/Net/Rum 1.214/PIR_activity_1.214,2024-01-01 01:24:51,248,0.0
233019,/TM023_3_21_1.204/Lon/Net/Rum 1.214/PIR_activity_1.214,2024-01-01 01:23:51,248,0.0
233019,/TM023_3_21_1.204/Lon/Net/Rum 1.214/PIR_activity_1.214,2024-01-01 01:22:51,248,0.0
233019,/TM023_3_21_1.204/Lon/Net/Rum 1.214/PIR_activity_1.214,2024-01-01 01:21:51,248,0.0
233019,/TM023_3_21_1.204/Lon/Net/Rum 1.214/PIR_activity_1.214,2024-01-01 01:20:51,248,0.0
233019,/TM023_3_21_1.204/Lon/Net/Rum 1.214/PIR_activity_1.214,2024-01-01 01:19:51,248,0.0
233019,/TM023_3_21_1.204/Lon/Net/Rum 1.214/PIR_activity_1.214,2024-01-01 01:18:51,248,0.0
233019,/TM023_3_21_1.204/Lon/Net/Rum 1.214/PIR_activity_1.214,2024-01-01 01:17:51,248,0.0
233019,/TM023_3_21_1.204/Lon/Net/Rum 1.214/PIR_activity_1.214,2024-01-01 01:16:51,248,0.0
233019,/TM023_3_21_1.204/Lon/Net/Rum 1.214/PIR_activity_1.214,2024-01-01 01:15:51,248,0.0
233019,/TM023_3_21_1.204/Lon/Net/Rum 1.214/PIR_activity_1.214,2024-01-01 01:14:51,248,0.0
233019,/TM023_3_21_1.204/Lon/Net/Rum 1.214/PIR_activity_1.214,2024-01-01 01:13:51,248,0.0
233019,/TM023_3_21_1.204/Lon/Net/Rum 1.214/PIR_activity_1.214,2024-01-01 01:12:51,248,0.0
233019,/TM023_3_21_1.204/Lon/Net/Rum 1.214/PIR_activity_1.214,2024-01-01 01:11:51,248,0.0
233019,/TM023_3_21_1.204/Lon/Net/Rum 1.214/PIR_activity_1.214,2024-01-01 01:10:51,248,0.0
233019,/TM023_3_21_1.204/Lon/Net/Rum 1.214/PIR_activity_1.214,2024-01-01 01:09:51,248,0.0
233019,/TM023_3_21_1.204/Lon/Net/Rum 1.214/PIR_activity_1.214,2024-01-01 01:08:51,248,0.0
233019,/TM023_3_21_1.204/Lon/Net/Rum 1.214/PIR_activity_1.214,2024-01-01 01:07:51,248,0.0
233019,/TM023_3_21_1.204/Lon/Net/Rum 1.214/PIR_activity_1.214,2024-01-01 01:06:51,248,0.0
233019,/TM023_3_21_1.204/Lon/Net/Rum 1.214/PIR_activity_1.214,2024-01-01 01:05:51,248,0.0
233019,/TM023_3_21_1.204/Lon/Net/Rum 1.214/PIR_activity_1.214,2024-01-01 01:04:51,248,0.0
233019,/TM023_3_21_1.204/Lon/Net/Rum 1.214/PIR_activity_1.214,2024-01-01 01:03:51,248,0.0
233019,/TM023_3_21_1.204/Lon/Net/Rum 1.214/PIR_activity_1.214,2024-01-01 01:02:51,248,0.0
233019,/TM023_3_21_1.204/Lon/Net/Rum 1.214/PIR_activity_1.214,2024-01-01 01:01:51,248,0.0
233019,/TM023_3_21_1.204/Lon/Net/Rum 1.214/PIR_activity_1.214,2024-01-01 01:00:51,248,0.0
233020,/TM023_3_20_1.204/Lon/Net/Rum 1.215/PIR_activity_1.215,2024-01-01 01:59:52,248,0.0
233020,/TM023_3_20_1.204/Lon/Net/Rum 1.215/PIR_activity_1.215,2024-01-01 01:58:52,248,0.0
233020,/TM023_3_20_1.204/Lon/Net/Rum 1.215/PIR_activity_1.215,2024-01-01 01:57:52,248,0.0
233020,/TM023_3_20_1.204/Lon/Net/Rum 1.215/PIR_activity_1.215,2024-01-01 01:56:52,248,0.0
233020,/TM023_3_20_1.204/Lon/Net/Rum 1.215/PIR_activity_1.215,2024-01-01 01:55:52,248,0.0
233020,/TM023_3_20_1.204/Lon/Net/Rum 1.215/PIR_activity_1.215,2024-01-01 01:54:52,248,0.0
233020,/TM023_3_20_1.204/Lon/Net/Rum 1.215/PIR_activity_1.215,2024-01-01 01:53:52,248,0.0
233020,/TM023_3_20_1.204/Lon/Net/Rum 1.215/PIR_activity_1.215,2024-01-01 01:52:52,248,0.0
233020,/TM023_3_20_1.204/Lon/Net/Rum 1.215/PIR_activity_1.215,2024-01-01 01:51:52,248,0.0
233020,/TM023_3_20_1.204/Lon/Net/Rum 1.215/PIR_activity_1.215,2024-01-01 01:50:52,248,0.0
233020,/TM023_3_20_1.204/Lon/Net/Rum 1.215/PIR_activity_1.215,2024-01-01 01:49:52,248,0.0
233020,/TM023_3_20_1.204/Lon/Net/Rum 1.215/PIR_activity_1.215,2024-01-01 01:48:52,248,0.0
233020,/TM023_3_20_1.204/Lon/Net/Rum 1.215/PIR_activity_1.215,2024-01-01 01:47:52,248,0.0
233020,/TM023_3_20_1.204/Lon/Net/Rum 1.215/PIR_activity_1.215,2024-01-01 01:46:52,248,0.0
233020,/TM023_3_20_1.204/Lon/Net/Rum 1.215/PIR_activity_1.215,2024-01-01 01:45:52,248,0.0
233020,/TM023_3_20_1.204/Lon/Net/Rum 1.215/PIR_activity_1.215,2024-01-01 01:44:52,248,0.0
233020,/TM023_3_20_1.204/Lon/Net/Rum 1.215/PIR_activity_1.215,2024-01-01 01:43:52,248,0.0
233020,/TM023_3_20_1.204/Lon/Net/Rum 1.215/PIR_activity_1.215,2024-01-01 01:42:52,248,0.0
233020,/TM023_3_20_1.204/Lon/Net/Rum 1.215/PIR_activity_1.215,2024-01-01 01:41:52,248,0.0
233020,/TM023_3_20_1.204/Lon/Net/Rum 1.215/PIR_activity_1.215,2024-01-01 01:40:52,248,0.0
233020,/TM023_3_20_1.204/Lon/Net/Rum 1.215/PIR_activity_1.215,2024-01-01 01:39:52,248,0.0
233020,/TM023_3_20_1.204/Lon/Net/Rum 1.215/PIR_activity_1.215,2024-01-01 01:38:52,248,0.0
233020,/TM023_3_20_1.204/Lon/Net/Rum 1.215/PIR_activity_1.215,2024-01-01 01:37:52,248,0.0
233020,/TM023_3_20_1.204/Lon/Net/Rum 1.215/PIR_activity_1.215,2024-01-01 01:36:52,248,0.0
233020,/TM023_3_20_1.204/Lon/Net/Rum 1.215/PIR_activity_1.215,2024-01-01 01:35:52,248,0.0
233020,/TM023_3_20_1.204/Lon/Net/Rum 1.215/PIR_activity_1.215,2024-01-01 01:34:52,248,0.0
233020,/TM023_3_20_1.204/Lon/Net/Rum 1.215/PIR_activity_1.215,2024-01-01 01:33:52,248,0.0
233020,/TM023_3_20_1.204/Lon/Net/Rum 1.215/PIR_activity_1.215,2024-01-01 01:32:52,248,0.0
233020,/TM023_3_20_1.204/Lon/Net/Rum 1.215/PIR_activity_1.215,2024-01-01 01:31:52,248,0.0
233020,/TM023_3_20_1.204/Lon/Net/Rum 1.215/PIR_activity_1.215,2024-01-01 01:30:52,248,0.0
233020,/TM023_3_20_1.204/Lon/Net/Rum 1.215/PIR_activity_1.215,2024-01-01 01:29:52,248,0.0
233020,/TM023_3_20_1.204/Lon/Net/Rum 1.215/PIR_activity_1.215,2024-01-01 01:28:52,248,0.0
233020,/TM023_3_20_1.204/Lon/Net/Rum 1.215/PIR_activity_1.215,2024-01-01 01:27:52,248,0.0
233020,/TM023_3_20_1.204/Lon/Net/Rum 1.215/PIR_activity_1.215,2024-01-01 01:26:52,248,0.0
233020,/TM023_3_20_1.204/Lon/Net/Rum 1.215/PIR_activity_1.215,2024-01-01 01:25:52,248,0.0
233020,/TM023_3_20_1.204/Lon/Net/Rum 1.215/PIR_activity_1.215,2024-01-01 01:24:52,248,0.0
233020,/TM023_3_20_1.204/Lon/Net/Rum 1.215/PIR_activity_1.215,2024-01-01 01:23:52,248,0.0
233020,/TM023_3_20_1.204/Lon/Net/Rum 1.215/PIR_activity_1.215,2024-01-01 01:22:52,248,0.0
233020,/TM023_3_20_1.204/Lon/Net/Rum 1.215/PIR_activity_1.215,2024-01-01 01:21:52,248,0.0
233020,/TM023_3_20_1.204/Lon/Net/Rum 1.215/PIR_activity_1.215,2024-01-01 01:20:52,248,0.0
233020,/TM023_3_20_1.204/Lon/Net/Rum 1.215/PIR_activity_1.215,2024-01-01 01:19:52,248,0.0
233020,/TM023_3_20_1.204/Lon/Net/Rum 1.215/PIR_activity_1.215,2024-01-01 01:18:52,248,0.0
233020,/TM023_3_20_1.204/Lon/Net/Rum 1.215/PIR_activity_1.215,2024-01-01 01:17:52,248,0.0
233020,/TM023_3_20_1.204/Lon/Net/Rum 1.215/PIR_activity_1.215,2024-01-01 01:16:52,248,0.0
233020,/TM023_3_20_1.204/Lon/Net/Rum 1.215/PIR_activity_1.215,2024-01-01 01:15:52,248,0.0
233020,/TM023_3_20_1.204/Lon/Net/Rum 1.215/PIR_activity_1.215,2024-01-01 01:14:52,248,0.0
233020,/TM023_3_20_1.204/Lon/Net/Rum 1.215/PIR_activity_1.215,2024-01-01 01:13:52,248,0.0
233020,/TM023_3_20_1.204/Lon/Net/Rum 1.215/PIR_activity_1.215,2024-01-01 01:12:52,248,0.0
233020,/TM023_3_20_1.204/Lon/Net/Rum 1.215/PIR_activity_1.215,2024-01-01 01:11:52,248,0.0
233020,/TM023_3_20_1.204/Lon/Net/Rum 1.215/PIR_activity_1.215,2024-01-01 01:10:52,248,0.0
233020,/TM023_3_20_1.204/Lon/Net/Rum 1.215/PIR_activity_1.215,2024-01-01 01:09:52,248,0.0
233020,/TM023_3_20_1.204/Lon/Net/Rum 1.215/PIR_activity_1.215,2024-01-01 01:08:52,248,0.0
233020,/TM023_3_20_1.204/Lon/Net/Rum 1.215/PIR_activity_1.215,2024-01-01 01:07:52,248,0.0
233020,/TM023_3_20_1.204/Lon/Net/Rum 1.215/PIR_activity_1.215,2024-01-01 01:06:52,248,0.0
233020,/TM023_3_20_1.204/Lon/Net/Rum 1.215/PIR_activity_1.215,2024-01-01 01:05:52,248,0.0
233020,/TM023_3_20_1.204/Lon/Net/Rum 1.215/PIR_activity_1.215,2024-01-01 01:04:52,248,0.0
233020,/TM023_3_20_1.204/Lon/Net/Rum 1.215/PIR_activity_1.215,2024-01-01 01:03:52,248,0.0
233020,/TM023_3_20_1.204/Lon/Net/Rum 1.215/PIR_activity_1.215,2024-01-01 01:02:52,248,0.0
233020,/TM023_3_20_1.204/Lon/Net/Rum 1.215/PIR_activity_1.215,2024-01-01 01:01:52,248,0.0
233020,/TM023_3_20_1.204/Lon/Net/Rum 1.215/PIR_activity_1.215,2024-01-01 01:00:52,248,0.0
233021,/TM023_3_21_1.204/Lon/Net/Rum 1.216/PIR_activity_1.216,2024-01-01 01:59:53,248,0.0
233021,/TM023_3_21_1.204/Lon/Net/Rum 1.216/PIR_activity_1.216,2024-01-01 01:58:53,248,0.0
233021,/TM023_3_21_1.204/Lon/Net/Rum 1.216/PIR_activity_1.216,2024-01-01 01:57:53,248,0.0
233021,/TM023_3_21_1.204/Lon/Net/Rum 1.216/PIR_activity_1.216,2024-01-01 01:56:53,248,0.0
233021,/TM023_3_21_1.204/Lon/Net/Rum 1.216/PIR_activity_1.216,2024-01-01 01:55:53,248,0.0
233021,/TM023_3_21_1.204/Lon/Net/Rum 1.216/PIR_activity_1.216,2024-01-01 01:54:53,248,0.0
233021,/TM023_3_21_1.204/Lon/Net/Rum 1.216/PIR_activity_1.216,2024-01-01 01:53:53,248,0.0
233021,/TM023_3_21_1.204/Lon/Net/Rum 1.216/PIR_activity_1.216,2024-01-01 01:52:53,248,0.0
233021,/TM023_3_21_1.204/Lon/Net/Rum 1.216/PIR_activity_1.216,2024-01-01 01:51:53,248,0.0
233021,/TM023_3_21_1.204/Lon/Net/Rum 1.216/PIR_activity_1.216,2024-01-01 01:50:53,248,0.0
233021,/TM023_3_21_1.204/Lon/Net/Rum 1.216/PIR_activity_1.216,2024-01-01 01:49:53,248,0.0
233021,/TM023_3_21_1.204/Lon/Net/Rum 1.216/PIR_activity_1.216,2024-01-01 01:48:53,248,0.0
233021,/TM023_3_21_1.204/Lon/Net/Rum 1.216/PIR_activity_1.216,2024-01-01 01:47:53,248,0.0
233021,/TM023_3_21_1.204/Lon/Net/Rum 1.216/PIR_activity_1.216,2024-01-01 01:46:53,248,0.0
233021,/TM023_3_21_1.204/Lon/Net/Rum 1.216/PIR_activity_1.216,2024-01-01 01:45:53,248,0.0
233021,/TM023_3_21_1.204/Lon/Net/Rum 1.216/PIR_activity_1.216,2024-01-01 01:44:53,248,0.0
233021,/TM023_3_21_1.204/Lon/Net/Rum 1.216/PIR_activity_1.216,2024-01-01 01:43:53,248,0.0
233021,/TM023_3_21_1.204/Lon/Net/Rum 1.216/PIR_activity_1.216,2024-01-01 01:42:53,248,0.0
233021,/TM023_3_21_1.204/Lon/Net/Rum 1.216/PIR_activity_1.216,2024-01-01 01:41:53,248,0.0
233021,/TM023_3_21_1.204/Lon/Net/Rum 1.216/PIR_activity_1.216,2024-01-01 01:40:53,248,0.0
233021,/TM023_3_21_1.204/Lon/Net/Rum 1.216/PIR_activity_1.216,2024-01-01 01:39:53,248,0.0
233021,/TM023_3_21_1.204/Lon/Net/Rum 1.216/PIR_activity_1.216,2024-01-01 01:38:53,248,0.0
233021,/TM023_3_21_1.204/Lon/Net/Rum 1.216/PIR_activity_1.216,2024-01-01 01:37:53,248,0.0
233021,/TM023_3_21_1.204/Lon/Net/Rum 1.216/PIR_activity_1.216,2024-01-01 01:36:53,248,0.0
233021,/TM023_3_21_1.204/Lon/Net/Rum 1.216/PIR_activity_1.216,2024-01-01 01:35:53,248,0.0
233021,/TM023_3_21_1.204/Lon/Net/Rum 1.216/PIR_activity_1.216,2024-01-01 01:34:53,248,0.0
233021,/TM023_3_21_1.204/Lon/Net/Rum 1.216/PIR_activity_1.216,2024-01-01 01:33:53,248,0.0
233021,/TM023_3_21_1.204/Lon/Net/Rum 1.216/PIR_activity_1.216,2024-01-01 01:32:53,248,0.0
233021,/TM023_3_21_1.204/Lon/Net/Rum 1.216/PIR_activity_1.216,2024-01-01 01:31:53,248,0.0
233021,/TM023_3_21_1.204/Lon/Net/Rum 1.216/PIR_activity_1.216,2024-01-01 01:30:53,248,0.0
233021,/TM023_3_21_1.204/Lon/Net/Rum 1.216/PIR_activity_1.216,2024-01-01 01:29:53,248,0.0
233021,/TM023_3_21_1.204/Lon/Net/Rum 1.216/PIR_activity_1.216,2024-01-01 01:28:53,248,0.0
233021,/TM023_3_21_1.204/Lon/Net/Rum 1.216/PIR_activity_1.216,2024-01-01 01:27:53,248,0.0
233021,/TM023_3_21_1.204/Lon/Net/Rum 1.216/PIR_activity_1.216,2024-01-01 01:26:53,248,0.0
233021,/TM023_3_21_1.204/Lon/Net/Rum 1.216/PIR_activity_1.216,2024-01-01 01:25:53,248,0.0
233021,/TM023_3_21_1.204/Lon/Net/Rum 1.216/PIR_activity_1.216,2024-01-01 01:24:53,248,0.0
233021,/TM023_3_21_1.204/Lon/Net/Rum 1.216/PIR_activity_1.216,2024-01-01 01:23:53,248,0.0
233021,/TM023_3_21_1.204/Lon/Net/Rum 1.216/PIR_activity_1.216,2024-01-01 01:22:53,248,0.0
233021,/TM023_3_21_1.204/Lon/Net/Rum 1.216/PIR_activity_1.216,2024-01-01 01:21:53,248,0.0
233021,/TM023_3_21_1.204/Lon/Net/Rum 1.216/PIR_activity_1.216,2024-01-01 01:20:53,248,0.0
233021,/TM023_3_21_1.204/Lon/Net/Rum 1.216/PIR_activity_1.216,2024-01-01 01:19:53,248,0.0
233021,/TM023_3_21_1.204/Lon/Net/Rum 1.216/PIR_activity_1.216,2024-01-01 01:18:53,248,0.0
233021,/TM023_3_21_1.204/Lon/Net/Rum 1.216/PIR_activity_1.216,2024-01-01 01:17:53,248,0.0
233021,/TM023_3_21_1.204/Lon/Net/Rum 1.216/PIR_activity_1.216,2024-01-01 01:16:53,248,0.0
233021,/TM023_3_21_1.204/Lon/Net/Rum 1.216/PIR_activity_1.216,2024-01-01 01:15:53,248,0.0
233021,/TM023_3_21_1.204/Lon/Net/Rum 1.216/PIR_activity_1.216,2024-01-01 01:14:53,248,0.0
233021,/TM023_3_21_1.204/Lon/Net/Rum 1.216/PIR_activity_1.216,2024-01-01 01:13:53,248,0.0
233021,/TM023_3_21_1.204/Lon/Net/Rum 1.216/PIR_activity_1.216,2024-01-01 01:12:53,248,0.0
233021,/TM023_3_21_1.204/Lon/Net/Rum 1.216/PIR_activity_1.216,2024-01-01 01:11:53,248,0.0
233021,/TM023_3_21_1.204/Lon/Net/Rum 1.216/PIR_activity_1.216,2024-01-01 01:10:53,248,0.0
233021,/TM023_3_21_1.204/Lon/Net/Rum 1.216/PIR_activity_1.216,2024-01-01 01:09:53,248,0.0
233021,/TM023_3_21_1.204/Lon/Net/Rum 1.216/PIR_activity_1.216,2024-01-01 01:08:53,248,0.0
233021,/TM023_3_21_1.204/Lon/Net/Rum 1.216/PIR_activity_1.216,2024-01-01 01:07:53,248,0.0
233021,/TM023_3_21_1.204/Lon/Net/Rum 1.216/PIR_activity_1.216,2024-01-01 01:06:53,248,0.0
233021,/TM023_3_21_1.204/Lon/Net/Rum 1.216/PIR_activity_1.216,2024-01-01 01:05:53,248,0.0
233021,/TM023_3_21_1.204/Lon/Net/Rum 1.216/PIR_activity_1.216,2024-01-01 01:04:53,248,0.0
233021,/TM023_3_21_1.204/Lon/Net/Rum 1.216/PIR_activity_1.216,2024-01-01 01:03:53,248,0.0
233021,/TM023_3_21_1.204/Lon/Net/Rum 1.216/PIR_activity_1.216,2024-01-01 01:02:53,248,0.0
233021,/TM023_3_21_1.204/Lon/Net/Rum 1.216/PIR_activity_1.216,2024-01-01 01:01:53,248,0.0
233021,/TM023_3_21_1.204/Lon/Net/Rum 1.216/PIR_activity_1.216,2024-01-01 01:00:53,248,0.0
233022,/TM023_3_20_1.204/Lon/Net/Rum 1.217/PIR_activity_1.217,2024-01-01 01:59:54,248,0.0
233022,/TM023_3_20_1.204/Lon/Net/Rum 1.217/PIR_activity_1.217,2024-01-01 01:58:54,248,0.0
233022,/TM023_3_20_1.204/Lon/Net/Rum 1.217/PIR_activity_1.217,2024-01-01 01:57:54,248,0.0
233022,/TM023_3_20_1.204/Lon/Net/Rum 1.217/PIR_activity_1.217,2024-01-01 01:56:54,248,0.0
233022,/TM023_3_20_1.204/Lon/Net/Rum 1.217/PIR_activity_1.217,2024-01-01 01:55:54,248,0.0
233022,/TM023_3_20_1.204/Lon/Net/Rum 1.217/PIR_activity_1.217,2024-01-01 01:54:54,248,0.0
233022,/TM023_3_20_1.204/Lon/Net/Rum 1.217/PIR_activity_1.217,2024-01-01 01:53:54,248,0.0
233022,/TM023_3_20_1.204/Lon/Net/Rum 1.217/PIR_activity_1.217,2024-01-01 01:52:54,248,0.0
233022,/TM023_3_20_1.204/Lon/Net/Rum 1.217/PIR_activity_1.217,2024-01-01 01:51:54,248,0.0
233022,/TM023_3_20_1.204/Lon/Net/Rum 1.217/PIR_activity_1.217,2024-01-01 01:50:54,248,0.0
233022,/TM023_3_20_1.204/Lon/Net/Rum 1.217/PIR_activity_1.217,2024-01-01 01:49:54,248,0.0
233022,/TM023_3_20_1.204/Lon/Net/Rum 1.217/PIR_activity_1.217,2024-01-01 01:48:54,248,0.0
233022,/TM023_3_20_1.204/Lon/Net/Rum 1.217/PIR_activity_1.217,2024-01-01 01:47:54,248,0.0
233022,/TM023_3_20_1.204/Lon/Net/Rum 1.217/PIR_activity_1.217,2024-01-01 01:46:54,248,0.0
233022,/TM023_3_20_1.204/Lon/Net/Rum 1.217/PIR_activity_1.217,2024-01-01 01:45:54,248,0.0
233022,/TM023_3_20_1.204/Lon/Net/Rum 1.217/PIR_activity_1.217,2024-01-01 01:44:54,248,0.0
233022,/TM023_3_20_1.204/Lon/Net/Rum 1.217/PIR_activity_1.217,2024-01-01 01:43:54,248,0.0
233022,/TM023_3_20_1.204/Lon/Net/Rum 1.217/PIR_activity_1.217,2024-01-01 01:42:54,248,0.0
233022,/TM023_3_20_1.204/Lon/Net/Rum 1.217/PIR_activity_1.217,2024-01-01 01:41:54,248,0.0
233022,/TM023_3_20_1.204/Lon/Net/Rum 1.217/PIR_activity_1.217,2024-01-01 01:40:54,248,0.0
233022,/TM023_3_20_1.204/Lon/Net/Rum 1.217/PIR_activity_1.217,2024-01-01 01:39:54,248,0.0
233022,/TM023_3_20_1.204/Lon/Net/Rum 1.217/PIR_activity_1.217,2024-01-01 01:38:54,248,0.0
233022,/TM023_3_20_1.204/Lon/Net/Rum 1.217/PIR_activity_1.217,2024-01-01 01:37:54,248,0.0
233022,/TM023_3_20_1.204/Lon/Net/Rum 1.217/PIR_activity_1.217,2024-01-01 01:36:54,248,0.0
233022,/TM023_3_20_1.204/Lon/Net/Rum 1.217/PIR_activity_1.217,2024-01-01 01:35:54,248,0.0
233022,/TM023_3_20_1.204/Lon/Net/Rum 1.217/PIR_activity_1.217,2024-01-01 01:34:54,248,0.0
233022,/TM023_3_20_1.204/Lon/Net/Rum 1.217/PIR_activity_1.217,2024-01-01 01:33:54,248,0.0
233022,/TM023_3_20_1.204/Lon/Net/Rum 1.217/PIR_activity_1.217,2024-01-01 01:32:54,248,0.0
233022,/TM023_3_20_1.204/Lon/Net/Rum 1.217/PIR_activity_1.217,2024-01-01 01:31:54,248,0.0
233022,/TM023_3_20_1.204/Lon/Net/Rum 1.217/PIR_activity_1.217,2024-01-01 01:30:54,248,0.0
233022,/TM023_3_20_1.204/Lon/Net/Rum 1.217/PIR_activity_1.217,2024-01-01 01:29:54,248,0.0
233022,/TM023_3_20_1.204/Lon/Net/Rum 1.217/PIR_activity_1.217,2024-01-01 01:28:54,248,0.0
233022,/TM023_3_20_1.204/Lon/Net/Rum 1.217/PIR_activity_1.217,2024-01-01 01:27:54,248,0.0
233022,/TM023_3_20_1.204/Lon/Net/Rum 1.217/PIR_activity_1.217,2024-01-01 01:26:54,248,0.0
233022,/TM023_3_20_1.204/Lon/Net/Rum 1.217/PIR_activity_1.217,2024-01-01 01:25:54,248,0.0
233022,/TM023_3_20_1.204/Lon/Net/Rum 1.217/PIR_activity_1.217,2024-01-01 01:24:54,248,0.0
233022,/TM023_3_20_1.204/Lon/Net/Rum 1.217/PIR_activity_1.217,2024-01-01 01:23:54,248,0.0
233022,/TM023_3_20_1.204/Lon/Net/Rum 1.217/PIR_activity_1.217,2024-01-01 01:22:54,248,0.0
233022,/TM023_3_20_1.204/Lon/Net/Rum 1.217/PIR_activity_1.217,2024-01-01 01:21:54,248,0.0
233022,/TM023_3_20_1.204/Lon/Net/Rum 1.217/PIR_activity_1.217,2024-01-01 01:20:54,248,0.0
233022,/TM023_3_20_1.204/Lon/Net/Rum 1.217/PIR_activity_1.217,2024-01-01 01:19:54,248,0.0
233022,/TM023_3_20_1.204/Lon/Net/Rum 1.217/PIR_activity_1.217,2024-01-01 01:18:54,248,0.0
233022,/TM023_3_20_1.204/Lon/Net/Rum 1.217/PIR_activity_1.217,2024-01-01 01:17:54,248,0.0
233022,/TM023_3_20_1.204/Lon/Net/Rum 1.217/PIR_activity_1.217,2024-01-01 01:16:54,248,0.0
233022,/TM023_3_20_1.204/Lon/Net/Rum 1.217/PIR_activity_1.217,2024-01-01 01:15:54,248,0.0
233022,/TM023_3_20_1.204/Lon/Net/Rum 1.217/PIR_activity_1.217,2024-01-01 01:14:54,248,0.0
233022,/TM023_3_20_1.204/Lon/Net/Rum 1.217/PIR_activity_1.217,2024-01-01 01:13:54,248,0.0
233022,/TM023_3_20_1.204/Lon/Net/Rum 1.217/PIR_activity_1.217,2024-01-01 01:12:54,248,0.0
233022,/TM023_3_20_1.204/Lon/Net/Rum 1.217/PIR_activity_1.217,2024-01-01 01:11:54,248,0.0
233022,/TM023_3_20_1.204/Lon/Net/Rum 1.217/PIR_activity_1.217,2024-01-01 01:10:54,248,0.0
233022,/TM023_3_20_1.204/Lon/Net/Rum 1.217/PIR_activity_1.217,2024-01-01 01:09:54,248,0.0
233022,/TM023_3_20_1.204/Lon/Net/Rum 1.217/PIR_activity_1.217,2024-01-01 01:08:54,248,0.0
233022,/TM023_3_20_1.204/Lon/Net/Rum 1.217/PIR_activity_1.217,2024-01-01 01:07:54,248,0.0
233022,/TM023_3_20_1.204/Lon/Net/Rum 1.217/PIR_activity_1.217,2024-01-01 01:06:54,248,0.0
233022,/TM023_3_20_1.204/Lon/Net/Rum 1.217/PIR_activity_1.217,2024-01-01 01:05:54,248,0.0
233022,/TM023_3_20_1.204/Lon/Net/Rum 1.217/PIR_activity_1.217,2024-01-01 01:04:54,248,0.0
233022,/TM023_3_20_1.204/Lon/Net/Rum 1.217/PIR_activity_1.217,2024-01-01 01:03:54,248,0.0
233022,/TM023_3_20_1.204/Lon/Net/Rum 1.217/PIR_activity_1.217,2024-01-01 01:02:54,248,0.0
233022,/TM023_3_20_1.204/Lon/Net/Rum 1.217/PIR_activity_1.217,2024-01-01 01:01:54,248,0.0
233022,/TM023_3_20_1.204/Lon/Net/Rum 1.217/PIR_activity_1.217,2024-01-01 01:00:54,248,0.0
233023,/TM023_3_21_1.204/Lon/Net/Rum 1.218/PIR_activity_1.218,2024-01-01 01:59:55,248,0.0
233023,/TM023_3_21_1.204/Lon/Net/Rum 1.218/PIR_activity_1.218,2024-01-01 01:58:55,248,0.0
233023,/TM023_3_21_1.204/Lon/Net/Rum 1.218/PIR_activity_1.218,2024-01-01 01:57:55,248,0.0
233023,/TM023_3_21_1.204/Lon/Net/Rum 1.218/PIR_activity_1.218,2024-01-01 01:56:55,248,0.0
233023,/TM023_3_21_1.204/Lon/Net/Rum 1.218/PIR_activity_1.218,2024-01-01 01:55:55,248,0.0
233023,/TM023_3_21_1.204/Lon/Net/Rum 1.218/PIR_activity_1.218,2024-01-01 01:54:55,248,0.0
233023,/TM023_3_21_1.204/Lon/Net/Rum 1.218/PIR_activity_1.218,2024-01-01 01:53:55,248,0.0
233023,/TM023_3_21_1.204/Lon/Net/Rum 1.218/PIR_activity_1.218,2024-01-01 01:52:55,248,0.0
233023,/TM023_3_21_1.204/Lon/Net/Rum 1.218/PIR_activity_1.218,2024-01-01 01:51:55,248,0.0
233023,/TM023_3_21_1.204/Lon/Net/Rum 1.218/PIR_activity_1.218,2024-01-01 01:50:55,248,0.0
233023,/TM023_3_21_1.204/Lon/Net/Rum 1.218/PIR_activity_1.218,2024-01-01 01:49:55,248,0.0
233023,/TM023_3_21_1.204/Lon/Net/Rum 1.218/PIR_activity_1.218,2024-01-01 01:48:55,248,0.0
233023,/TM023_3_21_1.204/Lon/Net/Rum 1.218/PIR_activity_1.218,2024-01-01 01:47:55,248,0.0
233023,/TM023_3_21_1.204/Lon/Net/Rum 1.218/PIR_activity_1.218,2024-01-01 01:46:55,248,0.0
233023,/TM023_3_21_1.204/Lon/Net/Rum 1.218/PIR_activity_1.218,2024-01-01 01:45:55,248,0.0
233023,/TM023_3_21_1.204/Lon/Net/Rum 1.218/PIR_activity_1.218,2024-01-01 01:44:55,248,0.0
233023,/TM023_3_21_1.204/Lon/Net/Rum 1.218/PIR_activity_1.218,2024-01-01 01:43:55,248,0.0
233023,/TM023_3_21_1.204/Lon/Net/Rum 1.218/PIR_activity_1.218,2024-01-01 01:42:55,248,0.0
233023,/TM023_3_21_1.204/Lon/Net/Rum 1.218/PIR_activity_1.218,2024-01-01 01:41:55,248,0.0
233023,/TM023_3_21_1.204/Lon/Net/Rum 1.218/PIR_activity_1.218,2024-01-01 01:40:55,248,0.0
233023,/TM023_3_21_1.204/Lon/Net/Rum 1.218/PIR_activity_1.218,2024-01-01 01:39:55,248,0.0
233023,/TM023_3_21_1.204/Lon/Net/Rum 1.218/PIR_activity_1.218,2024-01-01 01:38:55,248,0.0
233023,/TM023_3_21_1.204/Lon/Net/Rum 1.218/PIR_activity_1.218,2024-01-01 01:37:55,248,0.0
233023,/TM023_3_21_1.204/Lon/Net/Rum 1.218/PIR_activity_1.218,2024-01-01 01:36:55,248,0.0
233023,/TM023_3_21_1.204/Lon/Net/Rum 1.218/PIR_activity_1.218,2024-01-01 01:35:55,248,0.0
233023,/TM023_3_21_1.204/Lon/Net/Rum 1.218/PIR_activity_1.218,2024-01-01 01:34:55,248,0.0
233023,/TM023_3_21_1.204/Lon/Net/Rum 1.218/PIR_activity_1.218,2024-01-01 01:33:55,248,0.0
233023,/TM023_3_21_1.204/Lon/Net/Rum 1.218/PIR_activity_1.218,2024-01-01 01:32:55,248,0.0
233023,/TM023_3_21_1.204/Lon/Net/Rum 1.218/PIR_activity_1.218,2024-01-01 01:31:55,248,0.0
233023,/TM023_3_21_1.204/Lon/Net/Rum 1.218/PIR_activity_1.218,2024-01-01 01:30:55,248,0.0
233023,/TM023_3_21_1.204/Lon/Net/Rum 1.218/PIR_activity_1.218,2024-01-01 01:29:55,248,0.0
233023,/TM023_3_21_1.204/Lon/Net/Rum 1.218/PIR_activity_1.218,2024-01-01 01:28:55,248,0.0
233023,/TM023_3_21_1.204/Lon/Net/Rum 1.218/PIR_activity_1.218,2024-01-01 01:27:55,248,0.0
233023,/TM023_3_21_1.204/Lon/Net/Rum 1.218/PIR_activity_1.218,2024-01-01 01:26:55,248,0.0
233023,/TM023_3_21_1.204/Lon/Net/Rum 1.218/PIR_activity_1.218,2024-01-01 01:25:55,248,0.0
233023,/TM023_3_21_1.204/Lon/Net/Rum 1.218/PIR_activity_1.218,2024-01-01 01:24:55,248,0.0
233023,/TM023_3_21_1.204/Lon/Net/Rum 1.218/PIR_activity_1.218,2024-01-01 01:23:55,248,0.0
233023,/TM023_3_21_1.204/Lon/Net/Rum 1.218/PIR_activity_1.218,2024-01-01 01:22:55,248,0.0
233023,/TM023_3_21_1.204/Lon/Net/Rum 1.218/PIR_activity_1.218,2024-01-01 01:21:55,248,0.0
233023,/TM023_3_21_1.204/Lon/Net/Rum 1.218/PIR_activity_1.218,2024-01-01 01:20:55,248,0.0
233023,/TM023_3_21_1.204/Lon/Net/Rum 1.218/PIR_activity_1.218,2024-01-01 01:19:55,248,0.0
233023,/TM023_3_21_1.204/Lon/Net/Rum 1.218/PIR_activity_1.218,2024-01-01 01:18:55,248,0.0
233023,/TM023_3_21_1.204/Lon/Net/Rum 1.218/PIR_activity_1.218,2024-01-01 01:17:55,248,0.0
233023,/TM023_3_21_1.204/Lon/Net/Rum 1.218/PIR_activity_1.218,2024-01-01 01:16:55,248,0.0
233023,/TM023_3_21_1.204/Lon/Net/Rum 1.218/PIR_activity_1.218,2024-01-01 01:15:55,248,0.0
233023,/TM023_3_21_1.204/Lon/Net/Rum 1.218/PIR_activity_1.218,2024-01-01 01:14:55,248,0.0
233023,/TM023_3_21_1.204/Lon/Net/Rum 1.218/PIR_activity_1.218,2024-01-01 01:13:55,248,0.0
233023,/TM023_3_21_1.204/Lon/Net/Rum 1.218/PIR_activity_1.218,2024-01-01 01:12:55,248,0.0
233023,/TM023_3_21_1.204/Lon/Net/Rum 1.218/PIR_activity_1.218,2024-01-01 01:11:55,248,0.0
233023,/TM023_3_21_1.204/Lon/Net/Rum 1.218/PIR_activity_1.218,2024-01-01 01:10:55,248,0.0
233023,/TM023_3_21_1.204/Lon/Net/Rum 1.218/PIR_activity_1.218,2024-01-01 01:09:55,248,0.0
233023,/TM023_3_21_1.204/Lon/Net/Rum 1.218/PIR_activity_1.218,2024-01-01 01:08:55,248,0.0
233023,/TM023_3_21_1.204/Lon/Net/Rum 1.218/PIR_activity_1.218,2024-01-01 01:07:55,248,0.0
233023,/TM023_3_21_1.204/Lon/Net/Rum 1.218/PIR_activity_1.218,2024-01-01 01:06:55,248,0.0
233023,/TM023_3_21_1.204/Lon/Net/Rum 1.218/PIR_activity_1.218,2024-01-01 01:05:55,248,0.0
233023,/TM023_3_21_1.204/Lon/Net/Rum 1.218/PIR_activity_1.218,2024-01-01 01:04:55,248,0.0
233023,/TM023_3_21_1.204/Lon/Net/Rum 1.218/PIR_activity_1.218,2024-01-01 01:03:55,248,0.0
233023,/TM023_3_21_1.204/Lon/Net/Rum 1.218/PIR_activity_1.218,2024-01-01 01:02:55,248,0.0
233023,/TM023_3_21_1.204/Lon/Net/Rum 1.218/PIR_activity_1.218,2024-01-01 01:01:55,248,0.0
233023,/TM023_3_21_1.204/Lon/Net/Rum 1.218/PIR_activity_1.218,2024-01-01 01:00:55,248,0.0
233024,/TM023_3_21_1.204/Lon/Net/Rum 1.220/PIR_activity_1.220,2024-01-01 01:59:56,248,0.0
233024,/TM023_3_21_1.204/Lon/Net/Rum 1.220/PIR_activity_1.220,2024-01-01 01:58:56,248,0.0
233024,/TM023_3_21_1.204/Lon/Net/Rum 1.220/PIR_activity_1.220,2024-01-01 01:57:56,248,0.0
233024,/TM023_3_21_1.204/Lon/Net/Rum 1.220/PIR_activity_1.220,2024-01-01 01:56:56,248,0.0
233024,/TM023_3_21_1.204/Lon/Net/Rum 1.220/PIR_activity_1.220,2024-01-01 01:55:56,248,0.0
233024,/TM023_3_21_1.204/Lon/Net/Rum 1.220/PIR_activity_1.220,2024-01-01 01:54:56,248,0.0
233024,/TM023_3_21_1.204/Lon/Net/Rum 1.220/PIR_activity_1.220,2024-01-01 01:53:56,248,0.0
233024,/TM023_3_21_1.204/Lon/Net/Rum 1.220/PIR_activity_1.220,2024-01-01 01:52:56,248,0.0
233024,/TM023_3_21_1.204/Lon/Net/Rum 1.220/PIR_activity_1.220,2024-01-01 01:51:56,248,0.0
233024,/TM023_3_21_1.204/Lon/Net/Rum 1.220/PIR_activity_1.220,2024-01-01 01:50:56,248,0.0
233024,/TM023_3_21_1.204/Lon/Net/Rum 1.220/PIR_activity_1.220,2024-01-01 01:49:56,248,0.0
233024,/TM023_3_21_1.204/Lon/Net/Rum 1.220/PIR_activity_1.220,2024-01-01 01:48:56,248,0.0
233024,/TM023_3_21_1.204/Lon/Net/Rum 1.220/PIR_activity_1.220,2024-01-01 01:47:56,248,0.0
233024,/TM023_3_21_1.204/Lon/Net/Rum 1.220/PIR_activity_1.220,2024-01-01 01:46:56,248,0.0
233024,/TM023_3_21_1.204/Lon/Net/Rum 1.220/PIR_activity_1.220,2024-01-01 01:45:56,248,0.0
233024,/TM023_3_21_1.204/Lon/Net/Rum 1.220/PIR_activity_1.220,2024-01-01 01:44:56,248,0.0
233024,/TM023_3_21_1.204/Lon/Net/Rum 1.220/PIR_activity_1.220,2024-01-01 01:43:56,248,0.0
233024,/TM023_3_21_1.204/Lon/Net/Rum 1.220/PIR_activity_1.220,2024-01-01 01:42:56,248,0.0
233024,/TM023_3_21_1.204/Lon/Net/Rum 1.220/PIR_activity_1.220,2024-01-01 01:41:56,248,0.0
233024,/TM023_3_21_1.204/Lon/Net/Rum 1.220/PIR_activity_1.220,2024-01-01 01:40:56,248,0.0
233024,/TM023_3_21_1.204/Lon/Net/Rum 1.220/PIR_activity_1.220,2024-01-01 01:39:56,248,0.0
233024,/TM023_3_21_1.204/Lon/Net/Rum 1.220/PIR_activity_1.220,2024-01-01 01:38:56,248,0.0
233024,/TM023_3_21_1.204/Lon/Net/Rum 1.220/PIR_activity_1.220,2024-01-01 01:37:56,248,0.0
233024,/TM023_3_21_1.204/Lon/Net/Rum 1.220/PIR_activity_1.220,2024-01-01 01:36:56,248,0.0
233024,/TM023_3_21_1.204/Lon/Net/Rum 1.220/PIR_activity_1.220,2024-01-01 01:35:56,248,0.0
233024,/TM023_3_21_1.204/Lon/Net/Rum 1.220/PIR_activity_1.220,2024-01-01 01:34:56,248,0.0
233024,/TM023_3_21_1.204/Lon/Net/Rum 1.220/PIR_activity_1.220,2024-01-01 01:33:56,248,0.0
233024,/TM023_3_21_1.204/Lon/Net/Rum 1.220/PIR_activity_1.220,2024-01-01 01:32:56,248,0.0
233024,/TM023_3_21_1.204/Lon/Net/Rum 1.220/PIR_activity_1.220,2024-01-01 01:31:56,248,0.0
233024,/TM023_3_21_1.204/Lon/Net/Rum 1.220/PIR_activity_1.220,2024-01-01 01:30:56,248,0.0
233024,/TM023_3_21_1.204/Lon/Net/Rum 1.220/PIR_activity_1.220,2024-01-01 01:29:56,248,0.0
233024,/TM023_3_21_1.204/Lon/Net/Rum 1.220/PIR_activity_1.220,2024-01-01 01:28:56,248,0.0
233024,/TM023_3_21_1.204/Lon/Net/Rum 1.220/PIR_activity_1.220,2024-01-01 01:27:56,248,0.0
233024,/TM023_3_21_1.204/Lon/Net/Rum 1.220/PIR_activity_1.220,2024-01-01 01:26:56,248,0.0
233024,/TM023_3_21_1.204/Lon/Net/Rum 1.220/PIR_activity_1.220,2024-01-01 01:25:56,248,0.0
233024,/TM023_3_21_1.204/Lon/Net/Rum 1.220/PIR_activity_1.220,2024-01-01 01:24:56,248,0.0
233024,/TM023_3_21_1.204/Lon/Net/Rum 1.220/PIR_activity_1.220,2024-01-01 01:23:56,248,0.0
233024,/TM023_3_21_1.204/Lon/Net/Rum 1.220/PIR_activity_1.220,2024-01-01 01:22:56,248,0.0
233024,/TM023_3_21_1.204/Lon/Net/Rum 1.220/PIR_activity_1.220,2024-01-01 01:21:56,248,0.0
233024,/TM023_3_21_1.204/Lon/Net/Rum 1.220/PIR_activity_1.220,2024-01-01 01:20:56,248,0.0
233024,/TM023_3_21_1.204/Lon/Net/Rum 1.220/PIR_activity_1.220,2024-01-01 01:19:56,248,0.0
233024,/TM023_3_21_1.204/Lon/Net/Rum 1.220/PIR_activity_1.220,2024-01-01 01:18:56,248,0.0
233024,/TM023_3_21_1.204/Lon/Net/Rum 1.220/PIR_activity_1.220,2024-01-01 01:17:56,248,0.0
233024,/TM023_3_21_1.204/Lon/Net/Rum 1.220/PIR_activity_1.220,2024-01-01 01:16:56,248,0.0
233024,/TM023_3_21_1.204/Lon/Net/Rum 1.220/PIR_activity_1.220,2024-01-01 01:15:56,248,0.0
233024,/TM023_3_21_1.204/Lon/Net/Rum 1.220/PIR_activity_1.220,2024-01-01 01:14:56,248,0.0
233024,/TM023_3_21_1.204/Lon/Net/Rum 1.220/PIR_activity_1.220,2024-01-01 01:13:56,248,0.0
233024,/TM023_3_21_1.204/Lon/Net/Rum 1.220/PIR_activity_1.220,2024-01-01 01:12:56,248,0.0
233024,/TM023_3_21_1.204/Lon/Net/Rum 1.220/PIR_activity_1.220,2024-01-01 01:11:56,248,0.0
233024,/TM023_3_21_1.204/Lon/Net/Rum 1.220/PIR_activity_1.220,2024-01-01 01:10:56,248,0.0
233024,/TM023_3_21_1.204/Lon/Net/Rum 1.220/PIR_activity_1.220,2024-01-01 01:09:56,248,0.0
233024,/TM023_3_21_1.204/Lon/Net/Rum 1.220/PIR_activity_1.220,2024-01-01 01:08:56,248,0.0
233024,/TM023_3_21_1.204/Lon/Net/Rum 1.220/PIR_activity_1.220,2024-01-01 01:07:56,248,0.0
233024,/TM023_3_21_1.204/Lon/Net/Rum 1.220/PIR_activity_1.220,2024-01-01 01:06:56,248,0.0
233024,/TM023_3_21_1.204/Lon/Net/Rum 1.220/PIR_activity_1.220,2024-01-01 01:05:56,248,0.0
233024,/TM023_3_21_1.204/Lon/Net/Rum 1.220/PIR_activity_1.220,2024-01-01 01:04:56,248,0.0
233024,/TM023_3_21_1.204/Lon/Net/Rum 1.220/PIR_activity_1.220,2024-01-01 01:03:56,248,0.0
233024,/TM023_3_21_1.204/Lon/Net/Rum 1.220/PIR_activity_1.220,2024-01-01 01:02:56,248,0.0
233024,/TM023_3_21_1.204/Lon/Net/Rum 1.220/PIR_activity_1.220,2024-01-01 01:01:56,248,0.0
233024,/TM023_3_21_1.204/Lon/Net/Rum 1.220/PIR_activity_1.220,2024-01-01 01:00:56,248,0.0
233025,/TM023_3_20_1.204/Lon/Net/Rum 1.221/PIR_activity_1.221,2024-01-01 01:59:57,248,0.0
233025,/TM023_3_20_1.204/Lon/Net/Rum 1.221/PIR_activity_1.221,2024-01-01 01:58:57,248,0.0
233025,/TM023_3_20_1.204/Lon/Net/Rum 1.221/PIR_activity_1.221,2024-01-01 01:57:57,248,0.0
233025,/TM023_3_20_1.204/Lon/Net/Rum 1.221/PIR_activity_1.221,2024-01-01 01:56:57,248,0.0
233025,/TM023_3_20_1.204/Lon/Net/Rum 1.221/PIR_activity_1.221,2024-01-01 01:55:57,248,0.0
233025,/TM023_3_20_1.204/Lon/Net/Rum 1.221/PIR_activity_1.221,2024-01-01 01:54:57,248,0.0
233025,/TM023_3_20_1.204/Lon/Net/Rum 1.221/PIR_activity_1.221,2024-01-01 01:53:57,248,0.0
233025,/TM023_3_20_1.204/Lon/Net/Rum 1.221/PIR_activity_1.221,2024-01-01 01:52:57,248,0.0
233025,/TM023_3_20_1.204/Lon/Net/Rum 1.221/PIR_activity_1.221,2024-01-01 01:51:57,248,0.0
233025,/TM023_3_20_1.204/Lon/Net/Rum 1.221/PIR_activity_1.221,2024-01-01 01:50:57,248,0.0
233025,/TM023_3_20_1.204/Lon/Net/Rum 1.221/PIR_activity_1.221,2024-01-01 01:49:57,248,0.0
233025,/TM023_3_20_1.204/Lon/Net/Rum 1.221/PIR_activity_1.221,2024-01-01 01:48:57,248,0.0
233025,/TM023_3_20_1.204/Lon/Net/Rum 1.221/PIR_activity_1.221,2024-01-01 01:47:57,248,0.0
233025,/TM023_3_20_1.204/Lon/Net/Rum 1.221/PIR_activity_1.221,2024-01-01 01:46:57,248,0.0
233025,/TM023_3_20_1.204/Lon/Net/Rum 1.221/PIR_activity_1.221,2024-01-01 01:45:57,248,0.0
233025,/TM023_3_20_1.204/Lon/Net/Rum 1.221/PIR_activity_1.221,2024-01-01 01:44:57,248,0.0
233025,/TM023_3_20_1.204/Lon/Net/Rum 1.221/PIR_activity_1.221,2024-01-01 01:43:57,248,0.0
233025,/TM023_3_20_1.204/Lon/Net/Rum 1.221/PIR_activity_1.221,2024-01-01 01:42:57,248,0.0
233025,/TM023_3_20_1.204/Lon/Net/Rum 1.221/PIR_activity_1.221,2024-01-01 01:41:57,248,0.0
233025,/TM023_3_20_1.204/Lon/Net/Rum 1.221/PIR_activity_1.221,2024-01-01 01:40:57,248,0.0
233025,/TM023_3_20_1.204/Lon/Net/Rum 1.221/PIR_activity_1.221,2024-01-01 01:39:57,248,0.0
233025,/TM023_3_20_1.204/Lon/Net/Rum 1.221/PIR_activity_1.221,2024-01-01 01:38:57,248,0.0
233025,/TM023_3_20_1.204/Lon/Net/Rum 1.221/PIR_activity_1.221,2024-01-01 01:37:57,248,0.0
233025,/TM023_3_20_1.204/Lon/Net/Rum 1.221/PIR_activity_1.221,2024-01-01 01:36:57,248,0.0
233025,/TM023_3_20_1.204/Lon/Net/Rum 1.221/PIR_activity_1.221,2024-01-01 01:35:57,248,0.0
233025,/TM023_3_20_1.204/Lon/Net/Rum 1.221/PIR_activity_1.221,2024-01-01 01:34:57,248,0.0
233025,/TM023_3_20_1.204/Lon/Net/Rum 1.221/PIR_activity_1.221,2024-01-01 01:33:57,248,0.0
233025,/TM023_3_20_1.204/Lon/Net/Rum 1.221/PIR_activity_1.221,2024-01-01 01:32:57,248,0.0
233025,/TM023_3_20_1.204/Lon/Net/Rum 1.221/PIR_activity_1.221,2024-01-01 01:31:57,248,0.0
233025,/TM023_3_20_1.204/Lon/Net/Rum 1.221/PIR_activity_1.221,2024-01-01 01:30:57,248,0.0
233025,/TM023_3_20_1.204/Lon/Net/Rum 1.221/PIR_activity_1.221,2024-01-01 01:29:57,248,0.0
233025,/TM023_3_20_1.204/Lon/Net/Rum 1.221/PIR_activity_1.221,2024-01-01 01:28:57,248,0.0
233025,/TM023_3_20_1.204/Lon/Net/Rum 1.221/PIR_activity_1.221,2024-01-01 01:27:57,248,0.0
233025,/TM023_3_20_1.204/Lon/Net/Rum 1.221/PIR_activity_1.221,2024-01-01 01:26:57,248,0.0
233025,/TM023_3_20_1.204/Lon/Net/Rum 1.221/PIR_activity_1.221,2024-01-01 01:25:57,248,0.0
233025,/TM023_3_20_1.204/Lon/Net/Rum 1.221/PIR_activity_1.221,2024-01-01 01:24:57,248,0.0
233025,/TM023_3_20_1.204/Lon/Net/Rum 1.221/PIR_activity_1.221,2024-01-01 01:23:57,248,0.0
233025,/TM023_3_20_1.204/Lon/Net/Rum 1.221/PIR_activity_1.221,2024-01-01 01:22:57,248,0.0
233025,/TM023_3_20_1.204/Lon/Net/Rum 1.221/PIR_activity_1.221,2024-01-01 01:21:57,248,0.0
233025,/TM023_3_20_1.204/Lon/Net/Rum 1.221/PIR_activity_1.221,2024-01-01 01:20:57,248,0.0
233025,/TM023_3_20_1.204/Lon/Net/Rum 1.221/PIR_activity_1.221,2024-01-01 01:19:57,248,0.0
233025,/TM023_3_20_1.204/Lon/Net/Rum 1.221/PIR_activity_1.221,2024-01-01 01:18:57,248,0.0
233025,/TM023_3_20_1.204/Lon/Net/Rum 1.221/PIR_activity_1.221,2024-01-01 01:17:57,248,0.0
233025,/TM023_3_20_1.204/Lon/Net/Rum 1.221/PIR_activity_1.221,2024-01-01 01:16:57,248,0.0
233025,/TM023_3_20_1.204/Lon/Net/Rum 1.221/PIR_activity_1.221,2024-01-01 01:15:57,248,0.0
233025,/TM023_3_20_1.204/Lon/Net/Rum 1.221/PIR_activity_1.221,2024-01-01 01:14:57,248,0.0
233025,/TM023_3_20_1.204/Lon/Net/Rum 1.221/PIR_activity_1.221,2024-01-01 01:13:57,248,0.0
233025,/TM023_3_20_1.204/Lon/Net/Rum 1.221/PIR_activity_1.221,2024-01-01 01:12:57,248,0.0
233025,/TM023_3_20_1.204/Lon/Net/Rum 1.221/PIR_activity_1.221,2024-01-01 01:11:57,248,0.0
233025,/TM023_3_20_1.204/Lon/Net/Rum 1.221/PIR_activity_1.221,2024-01-01 01:10:57,248,0.0
233025,/TM023_3_20_1.204/Lon/Net/Rum 1.221/PIR_activity_1.221,2024-01-01 01:09:57,248,0.0
233025,/TM023_3_20_1.204/Lon/Net/Rum 1.221/PIR_activity_1.221,2024-01-01 01:08:57,248,0.0
233025,/TM023_3_20_1.204/Lon/Net/Rum 1.221/PIR_activity_1.221,2024-01-01 01:07:57,248,0.0
233025,/TM023_3_20_1.204/Lon/Net/Rum 1.221/PIR_activity_1.221,2024-01-01 01:06:57,248,0.0
233025,/TM023_3_20_1.204/Lon/Net/Rum 1.221/PIR_activity_1.221,2024-01-01 01:05:57,248,0.0
233025,/TM023_3_20_1.204/Lon/Net/Rum 1.221/PIR_activity_1.221,2024-01-01 01:04:57,248,0.0
233025,/TM023_3_20_1.204/Lon/Net/Rum 1.221/PIR_activity_1.221,2024-01-01 01:03:57,248,0.0
233025,/TM023_3_20_1.204/Lon/Net/Rum 1.221/PIR_activity_1.221,2024-01-01 01:02:57,248,0.0
233025,/TM023_3_20_1.204/Lon/Net/Rum 1.221/PIR_activity_1.221,2024-01-01 01:01:57,248,0.0
233025,/TM023_3_20_1.204/Lon/Net/Rum 1.221/PIR_activity_1.221,2024-01-01 01:00:57,248,0.0
233026,/TM023_3_21_1.204/Lon/Net/Rum 1.222/PIR_activity_1.222,2024-01-01 01:59:58,248,0.0
233026,/TM023_3_21_1.204/Lon/Net/Rum 1.222/PIR_activity_1.222,2024-01-01 01:58:58,248,0.0
233026,/TM023_3_21_1.204/Lon/Net/Rum 1.222/PIR_activity_1.222,2024-01-01 01:57:58,248,0.0
233026,/TM023_3_21_1.204/Lon/Net/Rum 1.222/PIR_activity_1.222,2024-01-01 01:56:58,248,0.0
233026,/TM023_3_21_1.204/Lon/Net/Rum 1.222/PIR_activity_1.222,2024-01-01 01:55:58,248,0.0
233026,/TM023_3_21_1.204/Lon/Net/Rum 1.222/PIR_activity_1.222,2024-01-01 01:54:58,248,0.0
233026,/TM023_3_21_1.204/Lon/Net/Rum 1.222/PIR_activity_1.222,2024-01-01 01:53:58,248,0.0
233026,/TM023_3_21_1.204/Lon/Net/Rum 1.222/PIR_activity_1.222,2024-01-01 01:52:58,248,0.0
233026,/TM023_3_21_1.204/Lon/Net/Rum 1.222/PIR_activity_1.222,2024-01-01 01:51:58,248,0.0
233026,/TM023_3_21_1.204/Lon/Net/Rum 1.222/PIR_activity_1.222,2024-01-01 01:50:58,248,0.0
233026,/TM023_3_21_1.204/Lon/Net/Rum 1.222/PIR_activity_1.222,2024-01-01 01:49:58,248,0.0
233026,/TM023_3_21_1.204/Lon/Net/Rum 1.222/PIR_activity_1.222,2024-01-01 01:48:58,248,0.0
233026,/TM023_3_21_1.204/Lon/Net/Rum 1.222/PIR_activity_1.222,2024-01-01 01:47:58,248,0.0
233026,/TM023_3_21_1.204/Lon/Net/Rum 1.222/PIR_activity_1.222,2024-01-01 01:46:58,248,0.0
233026,/TM023_3_21_1.204/Lon/Net/Rum 1.222/PIR_activity_1.222,2024-01-01 01:45:58,248,0.0
233026,/TM023_3_21_1.204/Lon/Net/Rum 1.222/PIR_activity_1.222,2024-01-01 01:44:58,248,0.0
233026,/TM023_3_21_1.204/Lon/Net/Rum 1.222/PIR_activity_1.222,2024-01-01 01:43:58,248,0.0
233026,/TM023_3_21_1.204/Lon/Net/Rum 1.222/PIR_activity_1.222,2024-01-01 01:42:58,248,0.0
233026,/TM023_3_21_1.204/Lon/Net/Rum 1.222/PIR_activity_1.222,2024-01-01 01:41:58,248,0.0
233026,/TM023_3_21_1.204/Lon/Net/Rum 1.222/PIR_activity_1.222,2024-01-01 01:40:58,248,0.0
233026,/TM023_3_21_1.204/Lon/Net/Rum 1.222/PIR_activity_1.222,2024-01-01 01:39:58,248,0.0
233026,/TM023_3_21_1.204/Lon/Net/Rum 1.222/PIR_activity_1.222,2024-01-01 01:38:58,248,0.0
233026,/TM023_3_21_1.204/Lon/Net/Rum 1.222/PIR_activity_1.222,2024-01-01 01:37:58,248,0.0
233026,/TM023_3_21_1.204/Lon/Net/Rum 1.222/PIR_activity_1.222,2024-01-01 01:36:58,248,0.0
233026,/TM023_3_21_1.204/Lon/Net/Rum 1.222/PIR_activity_1.222,2024-01-01 01:35:58,248,0.0
233026,/TM023_3_21_1.204/Lon/Net/Rum 1.222/PIR_activity_1.222,2024-01-01 01:34:58,248,
233026,/TM023_3_21_1.204/Lon/Net/Rum 1.222/PIR_activity_1.222,2024-01-01 01:33:58,248,0.0
233026,/TM023_3_21_1.204/Lon/Net/Rum 1.222/PIR_activity_1.222,2024-01-01 01:32:58,248,0.0
233026,/TM023_3_21_1.204/Lon/Net/Rum 1.222/PIR_activity_1.222,2024-01-01 01:31:58,248,0.0
233026,/TM023_3_21_1.204/Lon/Net/Rum 1.222/PIR_activity_1.222,2024-01-01 01:30:58,248,0.0
233026,/TM023_3_21_1.204/Lon/Net/Rum 1.222/PIR_activity_1.222,2024-01-01 01:29:58,248,0.0
233026,/TM023_3_21_1.204/Lon/Net/Rum 1.222/PIR_activity_1.222,2024-01-01 01:28:58,248,0.0
233026,/TM023_3_21_1.204/Lon/Net/Rum 1.222/PIR_activity_1.222,2024-01-01 01:27:58,248,0.0
233026,/TM023_3_21_1.204/Lon/Net/Rum 1.222/PIR_activity_1.222,2024-01-01 01:26:58,248,0.0
233026,/TM023_3_21_1.204/Lon/Net/Rum 1.222/PIR_activity_1.222,2024-01-01 01:25:58,248,0.0
233026,/TM023_3_21_1.204/Lon/Net/Rum 1.222/PIR_activity_1.222,2024-01-01 01:24:58,248,0.0
233026,/TM023_3_21_1.204/Lon/Net/Rum 1.222/PIR_activity_1.222,2024-01-01 01:23:58,248,0.0
233026,/TM023_3_21_1.204/Lon/Net/Rum 1.222/PIR_activity_1.222,2024-01-01 01:22:58,248,0.0
233026,/TM023_3_21_1.204/Lon/Net/Rum 1.222/PIR_activity_1.222,2024-01-01 01:21:58,248,0.0
233026,/TM023_3_21_1.204/Lon/Net/Rum 1.222/PIR_activity_1.222,2024-01-01 01:20:58,248,0.0
233026,/TM023_3_21_1.204/Lon/Net/Rum 1.222/PIR_activity_1.222,2024-01-01 01:19:58,248,0.0
233026,/TM023_3_21_1.204/Lon/Net/Rum 1.222/PIR_activity_1.222,2024-01-01 01:18:58,248,0.0
233026,/TM023_3_21_1.204/Lon/Net/Rum 1.222/PIR_activity_1.222,2024-01-01 01:17:58,248,0.0
233026,/TM023_3_21_1.204/Lon/Net/Rum 1.222/PIR_activity_1.222,2024-01-01 01:16:58,248,0.0
233026,/TM023_3_21_1.204/Lon/Net/Rum 1.222/PIR_activity_1.222,2024-01-01 01:15:58,248,0.0
233026,/TM023_3_21_1.204/Lon/Net/Rum 1.222/PIR_activity_1.222,2024-01-01 01:14:58,248,0.0
233026,/TM023_3_21_1.204/Lon/Net/Rum 1.222/PIR_activity_1.222,2024-01-01 01:13:58,248,0.0
233026,/TM023_3_21_1.204/Lon/Net/Rum 1.222/PIR_activity_1.222,2024-01-01 01:12:58,248,0.0
233026,/TM023_3_21_1.204/Lon/Net/Rum 1.222/PIR_activity_1.222,2024-01-01 01:11:58,248,0.0
233026,/TM023_3_21_1.204/Lon/Net/Rum 1.222/PIR_activity_1.222,2024-01-01 01:10:58,248,0.0
233026,/TM023_3_21_1.204/Lon/Net/Rum 1.222/PIR_activity_1.222,2024-01-01 01:09:58,248,0.0
233026,/TM023_3_21_1.204/Lon/Net/Rum 1.222/PIR_activity_1.222,2024-01-01 01:08:58,248,0.0
233026,/TM023_3_21_1.204/Lon/Net/Rum 1.222/PIR_activity_1.222,2024-01-01 01:07:58,248,0.0
233026,/TM023_3_21_1.204/Lon/Net/Rum 1.222/PIR_activity_1.222,2024-01-01 01:06:58,248,0.0
233026,/TM023_3_21_1.204/Lon/Net/Rum 1.222/PIR_activity_1.222,2024-01-01 01:05:58,248,0.0
233026,/TM023_3_21_1.204/Lon/Net/Rum 1.222/PIR_activity_1.222,2024-01-01 01:04:58,248,0.0
233026,/TM023_3_21_1.204/Lon/Net/Rum 1.222/PIR_activity_1.222,2024-01-01 01:03:58,248,0.0
233026,/TM023_3_21_1.204/Lon/Net/Rum 1.222/PIR_activity_1.222,2024-01-01 01:02:58,248,0.0
233026,/TM023_3_21_1.204/Lon/Net/Rum 1.222/PIR_activity_1.222,2024-01-01 01:01:58,248,0.0
233026,/TM023_3_21_1.204/Lon/Net/Rum 1.222/PIR_activity_1.222,2024-01-01 01:00:58,248,0.0
233027,/TM023_3_20_1.204/Lon/Net/Rum 1.229/PIR_activity_1.229,2024-01-01 01:59:59,248,0.0
233027,/TM023_3_20_1.204/Lon/Net/Rum 1.229/PIR_activity_1.229,2024-01-01 01:58:59,248,0.0
233027,/TM023_3_20_1.204/Lon/Net/Rum 1.229/PIR_activity_1.229,2024-01-01 01:57:59,248,0.0
233027,/TM023_3_20_1.204/Lon/Net/Rum 1.229/PIR_activity_1.229,2024-01-01 01:56:59,248,0.0
233027,/TM023_3_20_1.204/Lon/Net/Rum 1.229/PIR_activity_1.229,2024-01-01 01:55:59,248,0.0
233027,/TM023_3_20_1.204/Lon/Net/Rum 1.229/PIR_activity_1.229,2024-01-01 01:54:59,248,0.0
233027,/TM023_3_20_1.204/Lon/Net/Rum 1.229/PIR_activity_1.229,2024-01-01 01:53:59,248,0.0
233027,/TM023_3_20_1.204/Lon/Net/Rum 1.229/PIR_activity_1.229,2024-01-01 01:52:59,248,0.0
233027,/TM023_3_20_1.204/Lon/Net/Rum 1.229/PIR_activity_1.229,2024-01-01 01:51:59,248,0.0
233027,/TM023_3_20_1.204/Lon/Net/Rum 1.229/PIR_activity_1.229,2024-01-01 01:50:59,248,0.0
233027,/TM023_3_20_1.204/Lon/Net/Rum 1.229/PIR_activity_1.229,2024-01-01 01:49:59,248,0.0
233027,/TM023_3_20_1.204/Lon/Net/Rum 1.229/PIR_activity_1.229,2024-01-01 01:48:59,248,0.0
233027,/TM023_3_20_1.204/Lon/Net/Rum 1.229/PIR_activity_1.229,2024-01-01 01:47:59,248,0.0
233027,/TM023_3_20_1.204/Lon/Net/Rum 1.229/PIR_activity_1.229,2024-01-01 01:46:59,248,0.0
233027,/TM023_3_20_1.204/Lon/Net/Rum 1.229/PIR_activity_1.229,2024-01-01 01:45:59,248,0.0
233027,/TM023_3_20_1.204/Lon/Net/Rum 1.229/PIR_activity_1.229,2024-01-01 01:44:59,248,0.0
233027,/TM023_3_20_1.204/Lon/Net/Rum 1.229/PIR_activity_1.229,2024-01-01 01:43:59,248,0.0
233027,/TM023_3_20_1.204/Lon/Net/Rum 1.229/PIR_activity_1.229,2024-01-01 01:42:59,248,0.0
233027,/TM023_3_20_1.204/Lon/Net/Rum 1.229/PIR_activity_1.229,2024-01-01 01:41:59,248,0.0
233027,/TM023_3_20_1.204/Lon/Net/Rum 1.229/PIR_activity_1.229,2024-01-01 01:40:59,248,0.0
233027,/TM023_3_20_1.204/Lon/Net/Rum 1.229/PIR_activity_1.229,2024-01-01 01:39:59,248,0.0
233027,/TM023_3_20_1.204/Lon/Net/Rum 1.229/PIR_activity_1.229,2024-01-01 01:38:59,248,0.0
233027,/TM023_3_20_1.204/Lon/Net/Rum 1.229/PIR_activity_1.229,2024-01-01 01:37:59,248,0.0
233027,/TM023_3_20_1.204/Lon/Net/Rum 1.229/PIR_activity_1.229,2024-01-01 01:36:59,248,0.0
233027,/TM023_3_20_1.204/Lon/Net/Rum 1.229/PIR_activity_1.229,2024-01-01 01:35:59,248,0.0
233027,/TM023_3_20_1.204/Lon/Net/Rum 1.229/PIR_activity_1.229,2024-01-01 01:34:59,248,0.0
233027,/TM023_3_20_1.204/Lon/Net/Rum 1.229/PIR_activity_1.229,2024-01-01 01:33:59,248,0.0
233027,/TM023_3_20_1.204/Lon/Net/Rum 1.229/PIR_activity_1.229,2024-01-01 01:32:59,248,0.0
233027,/TM023_3_20_1.204/Lon/Net/Rum 1.229/PIR_activity_1.229,2024-01-01 01:31:59,248,0.0
233027,/TM023_3_20_1.204/Lon/Net/Rum 1.229/PIR_activity_1.229,2024-01-01 01:30:59,248,0.0
233027,/TM023_3_20_1.204/Lon/Net/Rum 1.229/PIR_activity_1.229,2024-01-01 01:29:59,248,0.0
233027,/TM023_3_20_1.204/Lon/Net/Rum 1.229/PIR_activity_1.229,2024-01-01 01:28:59,248,0.0
233027,/TM023_3_20_1.204/Lon/Net/Rum 1.229/PIR_activity_1.229,2024-01-01 01:27:59,248,0.0
233027,/TM023_3_20_1.204/Lon/Net/Rum 1.229/PIR_activity_1.229,2024-01-01 01:26:59,248,0.0
233027,/TM023_3_20_1.204/Lon/Net/Rum 1.229/PIR_activity_1.229,2024-01-01 01:25:59,248,0.0
233027,/TM023_3_20_1.204/Lon/Net/Rum 1.229/PIR_activity_1.229,2024-01-01 01:24:59,248,0.0
233027,/TM023_3_20_1.204/Lon/Net/Rum 1.229/PIR_activity_1.229,2024-01-01 01:23:59,248,0.0
233027,/TM023_3_20_1.204/Lon/Net/Rum 1.229/PIR_activity_1.229,2024-01-01 01:22:59,248,0.0
233027,/TM023_3_20_1.204/Lon/Net/Rum 1.229/PIR_activity_1.229,2024-01-01 01:21:59,248,0.0
233027,/TM023_3_20_1.204/Lon/Net/Rum 1.229/PIR_activity_1.229,2024-01-01 01:20:59,248,0.0
233027,/TM023_3_20_1.204/Lon/Net/Rum 1.229/PIR_activity_1.229,2024-01-01 01:19:59,248,0.0
233027,/TM023_3_20_1.204/Lon/Net/Rum 1.229/PIR_activity_1.229,2024-01-01 01:18:59,248,0.0
233027,/TM023_3_20_1.204/Lon/Net/Rum 1.229/PIR_activity_1.229,2024-01-01 01:17:59,248,0.0
233027,/TM023_3_20_1.204/Lon/Net/Rum 1.229/PIR_activity_1.229,2024-01-01 01:16:59,248,0.0
233027,/TM023_3_20_1.204/Lon/Net/Rum 1.229/PIR_activity_1.229,2024-01-01 01:15:59,248,0.0
233027,/TM023_3_20_1.204/Lon/Net/Rum 1.229/PIR_activity_1.229,2024-01-01 01:14:59,248,0.0
233027,/TM023_3_20_1.204/Lon/Net/Rum 1.229/PIR_activity_1.229,2024-01-01 01:13:59,248,0.0
233027,/TM023_3_20_1.204/Lon/Net/Rum 1.229/PIR_activity_1.229,2024-01-01 01:12:59,248,0.0
233027,/TM023_3_20_1.204/Lon/Net/Rum 1.229/PIR_activity_1.229,2024-01-01 01:11:59,248,0.0
233027,/TM023_3_20_1.204/Lon/Net/Rum 1.229/PIR_activity_1.229,2024-01-01 01:10:59,248,0.0
233027,/TM023_3_20_1.204/Lon/Net/Rum 1.229/PIR_activity_1.229,2024-01-01 01:09:59,248,0.0
233027,/TM023_3_20_1.204/Lon/Net/Rum 1.229/PIR_activity_1.229,2024-01-01 01:08:59,248,0.0
233027,/TM023_3_20_1.204/Lon/Net/Rum 1.229/PIR_activity_1.229,2024-01-01 01:07:59,248,0.0
233027,/TM023_3_20_1.204/Lon/Net/Rum 1.229/PIR_activity_1.229,2024-01-01 01:06:59,248,0.0
233027,/TM023_3_20_1.204/Lon/Net/Rum 1.229/PIR_activity_1.229,2024-01-01 01:05:59,248,0.0
233027,/TM023_3_20_1.204/Lon/Net/Rum 1.229/PIR_activity_1.229,2024-01-01 01:04:59,248,0.0
233027,/TM023_3_20_1.204/Lon/Net/Rum 1.229/PIR_activity_1.229,2024-01-01 01:03:59,248,0.0
233027,/TM023_3_20_1.204/Lon/Net/Rum 1.229/PIR_activity_1.229,2024-01-01 01:02:59,248,0.0
233027,/TM023_3_20_1.204/Lon/Net/Rum 1.229/PIR_activity_1.229,2024-01-01 01:01:59,248,0.0
233027,/TM023_3_20_1.204/Lon/Net/Rum 1.229/PIR_activity_1.229,2024-01-01 01:00:59,248,0.0
233028,/TM023_3_20_1.204/Lon/Net/Rum 1.231/PIR_activity_1.231,2024-01-01 02:00:00,248,0.0
233028,/TM023_3_20_1.204/Lon/Net/Rum 1.231/PIR_activity_1.231,2024-01-01 01:59:00,248,0.0
233028,/TM023_3_20_1.204/Lon/Net/Rum 1.231/PIR_activity_1.231,2024-01-01 01:58:00,248,0.0
233028,/TM023_3_20_1.204/Lon/Net/Rum 1.231/PIR_activity_1.231,2024-01-01 01:57:00,248,0.0
233028,/TM023_3_20_1.204/Lon/Net/Rum 1.231/PIR_activity_1.231,2024-01-01 01:56:00,248,0.0
233028,/TM023_3_20_1.204/Lon/Net/Rum 1.231/PIR_activity_1.231,2024-01-01 01:55:00,248,0.0
233028,/TM023_3_20_1.204/Lon/Net/Rum 1.231/PIR_activity_1.231,2024-01-01 01:54:00,248,0.0
233028,/TM023_3_20_1.204/Lon/Net/Rum 1.231/PIR_activity_1.231,2024-01-01 01:53:00,248,0.0
233028,/TM023_3_20_1.204/Lon/Net/Rum 1.231/PIR_activity_1.231,2024-01-01 01:52:00,248,0.0
233028,/TM023_3_20_1.204/Lon/Net/Rum 1.231/PIR_activity_1.231,2024-01-01 01:51:00,248,0.0
233028,/TM023_3_20_1.204/Lon/Net/Rum 1.231/PIR_activity_1.231,2024-01-01 01:50:00,248,0.0
233028,/TM023_3_20_1.204/Lon/Net/Rum 1.231/PIR_activity_1.231,2024-01-01 01:49:00,248,0.0
233028,/TM023_3_20_1.204/Lon/Net/Rum 1.231/PIR_activity_1.231,2024-01-01 01:48:00,248,0.0
233028,/TM023_3_20_1.204/Lon/Net/Rum 1.231/PIR_activity_1.231,2024-01-01 01:47:00,248,0.0
233028,/TM023_3_20_1.204/Lon/Net/Rum 1.231/PIR_activity_1.231,2024-01-01 01:46:00,248,0.0
233028,/TM023_3_20_1.204/Lon/Net/Rum 1.231/PIR_activity_1.231,2024-01-01 01:45:00,248,0.0
233028,/TM023_3_20_1.204/Lon/Net/Rum 1.231/PIR_activity_1.231,2024-01-01 01:44:00,248,0.0
233028,/TM023_3_20_1.204/Lon/Net/Rum 1.231/PIR_activity_1.231,2024-01-01 01:43:00,248,0.0
233028,/TM023_3_20_1.204/Lon/Net/Rum 1.231/PIR_activity_1.231,2024-01-01 01:42:00,248,0.0
233028,/TM023_3_20_1.204/Lon/Net/Rum 1.231/PIR_activity_1.231,2024-01-01 01:41:00,248,0.0
233028,/TM023_3_20_1.204/Lon/Net/Rum 1.231/PIR_activity_1.231,2024-01-01 01:40:00,248,0.0
233028,/TM023_3_20_1.204/Lon/Net/Rum 1.231/PIR_activity_1.231,2024-01-01 01:39:00,248,0.0
233028,/TM023_3_20_1.204/Lon/Net/Rum 1.231/PIR_activity_1.231,2024-01-01 01:38:00,248,0.0
233028,/TM023_3_20_1.204/Lon/Net/Rum 1.231/PIR_activity_1.231,2024-01-01 01:37:00,248,0.0
233028,/TM023_3_20_1.204/Lon/Net/Rum 1.231/PIR_activity_1.231,2024-01-01 01:36:00,248,0.0
233028,/TM023_3_20_1.204/Lon/Net/Rum 1.231/PIR_activity_1.231,2024-01-01 01:35:00,248,0.0
233028,/TM023_3_20_1.204/Lon/Net/Rum 1.231/PIR_activity_1.231,2024-01-01 01:34:00,248,0.0
233028,/TM023_3_20_1.204/Lon/Net/Rum 1.231/PIR_activity_1.231,2024-01-01 01:33:00,248,0.0
233028,/TM023_3_20_1.204/Lon/Net/Rum 1.231/PIR_activity_1.231,2024-01-01 01:32:00,248,0.0
233028,/TM023_3_20_1.204/Lon/Net/Rum 1.231/PIR_activity_1.231,2024-01-01 01:31:00,248,0.0
233028,/TM023_3_20_1.204/Lon/Net/Rum 1.231/PIR_activity_1.231,2024-01-01 01:30:00,248,0.0
233028,/TM023_3_20_1.204/Lon/Net/Rum 1.231/PIR_activity_1.231,2024-01-01 01:29:00,248,0.0
233028,/TM023_3_20_1.204/Lon/Net/Rum 1.231/PIR_activity_1.231,2024-01-01 01:28:00,248,0.0
233028,/TM023_3_20_1.204/Lon/Net/Rum 1.231/PIR_activity_1.231,2024-01-01 01:27:00,248,0.0
233028,/TM023_3_20_1.204/Lon/Net/Rum 1.231/PIR_activity_1.231,2024-01-01 01:26:00,248,0.0
233028,/TM023_3_20_1.204/Lon/Net/Rum 1.231/PIR_activity_1.231,2024-01-01 01:25:00,248,0.0
233028,/TM023_3_20_1.204/Lon/Net/Rum 1.231/PIR_activity_1.231,2024-01-01 01:24:00,248,0.0
233028,/TM023_3_20_1.204/Lon/Net/Rum 1.231/PIR_activity_1.231,2024-01-01 01:23:00,248,0.0
233028,/TM023_3_20_1.204/Lon/Net/Rum 1.231/PIR_activity_1.231,2024-01-01 01:22:00,248,0.0
233028,/TM023_3_20_1.204/Lon/Net/Rum 1.231/PIR_activity_1.231,2024-01-01 01:21:00,248,0.0
233028,/TM023_3_20_1.204/Lon/Net/Rum 1.231/PIR_activity_1.231,2024-01-01 01:20:00,248,0.0
233028,/TM023_3_20_1.204/Lon/Net/Rum 1.231/PIR_activity_1.231,2024-01-01 01:19:00,248,0.0
233028,/TM023_3_20_1.204/Lon/Net/Rum 1.231/PIR_activity_1.231,2024-01-01 01:18:00,248,0.0
233028,/TM023_3_20_1.204/Lon/Net/Rum 1.231/PIR_activity_1.231,2024-01-01 01:17:00,248,0.0
233028,/TM023_3_20_1.204/Lon/Net/Rum 1.231/PIR_activity_1.231,2024-01-01 01:16:00,248,0.0
233028,/TM023_3_20_1.204/Lon/Net/Rum 1.231/PIR_activity_1.231,2024-01-01 01:15:00,248,0.0
233028,/TM023_3_20_1.204/Lon/Net/Rum 1.231/PIR_activity_1.231,2024-01-01 01:14:00,248,0.0
233028,/TM023_3_20_1.204/Lon/Net/Rum 1.231/PIR_activity_1.231,2024-01-01 01:13:00,248,0.0
233028,/TM023_3_20_1.204/Lon/Net/Rum 1.231/PIR_activity_1.231,2024-01-01 01:12:00,248,0.0
233028,/TM023_3_20_1.204/Lon/Net/Rum 1.231/PIR_activity_1.231,2024-01-01 01:11:00,248,0.0
233028,/TM023_3_20_1.204/Lon/Net/Rum 1.231/PIR_activity_1.231,2024-01-01 01:10:00,248,0.0
233028,/TM023_3_20_1.204/Lon/Net/Rum 1.231/PIR_activity_1.231,2024-01-01 01:09:00,248,0.0
233028,/TM023_3_20_1.204/Lon/Net/Rum 1.231/PIR_activity_1.231,2024-01-01 01:08:00,248,0.0
233028,/TM023_3_20_1.204/Lon/Net/Rum 1.231/PIR_activity_1.231,2024-01-01 01:07:00,248,0.0
233028,/TM023_3_20_1.204/Lon/Net/Rum 1.231/PIR_activity_1.231,2024-01-01 01:06:00,248,0.0
233028,/TM023_3_20_1.204/Lon/Net/Rum 1.231/PIR_activity_1.231,2024-01-01 01:05:00,248,0.0
233028,/TM023_3_20_1.204/Lon/Net/Rum 1.231/PIR_activity_1.231,2024-01-01 01:04:00,248,0.0
233028,/TM023_3_20_1.204/Lon/Net/Rum 1.231/PIR_activity_1.231,2024-01-01 01:03:00,248,0.0
233028,/TM023_3_20_1.204/Lon/Net/Rum 1.231/PIR_activity_1.231,2024-01-01 01:02:00,248,0.0
233028,/TM023_3_20_1.204/Lon/Net/Rum 1.231/PIR_activity_1.231,2024-01-01 01:01:00,248,0.0
233029,/TM023_3_21_1.204/Lon/Net/Rum 1.232/PIR_activity_1.232,2024-01-01 01:59:01,248,0.0
233029,/TM023_3_21_1.204/Lon/Net/Rum 1.232/PIR_activity_1.232,2024-01-01 01:58:01,248,0.0
233029,/TM023_3_21_1.204/Lon/Net/Rum 1.232/PIR_activity_1.232,2024-01-01 01:57:01,248,
233029,/TM023_3_21_1.204/Lon/Net/Rum 1.232/PIR_activity_1.232,2024-01-01 01:56:01,248,0.0
233029,/TM023_3_21_1.204/Lon/Net/Rum 1.232/PIR_activity_1.232,2024-01-01 01:55:01,248,0.0
233029,/TM023_3_21_1.204/Lon/Net/Rum 1.232/PIR_activity_1.232,2024-01-01 01:54:01,248,0.0
233029,/TM023_3_21_1.204/Lon/Net/Rum 1.232/PIR_activity_1.232,2024-01-01 01:53:01,248,0.0
233029,/TM023_3_21_1.204/Lon/Net/Rum 1.232/PIR_activity_1.232,2024-01-01 01:52:01,248,0.0
233029,/TM023_3_21_1.204/Lon/Net/Rum 1.232/PIR_activity_1.232,2024-01-01 01:51:01,248,0.0
233029,/TM023_3_21_1.204/Lon/Net/Rum 1.232/PIR_activity_1.232,2024-01-01 01:50:01,248,0.0
233029,/TM023_3_21_1.204/Lon/Net/Rum 1.232/PIR_activity_1.232,2024-01-01 01:49:01,248,0.0
233029,/TM023_3_21_1.204/Lon/Net/Rum 1.232/PIR_activity_1.232,2024-01-01 01:48:01,248,0.0
233029,/TM023_3_21_1.204/Lon/Net/Rum 1.232/PIR_activity_1.232,2024-01-01 01:47:01,248,0.0
233029,/TM023_3_21_1.204/Lon/Net/Rum 1.232/PIR_activity_1.232,2024-01-01 01:46:01,248,0.0
233029,/TM023_3_21_1.204/Lon/Net/Rum 1.232/PIR_activity_1.232,2024-01-01 01:45:01,248,0.0
233029,/TM023_3_21_1.204/Lon/Net/Rum 1.232/PIR_activity_1.232,2024-01-01 01:44:01,248,0.0
233029,/TM023_3_21_1.204/Lon/Net/Rum 1.232/PIR_activity_1.232,2024-01-01 01:43:01,248,0.0
233029,/TM023_3_21_1.204/Lon/Net/Rum 1.232/PIR_activity_1.232,2024-01-01 01:42:01,248,0.0
233029,/TM023_3_21_1.204/Lon/Net/Rum 1.232/PIR_activity_1.232,2024-01-01 01:41:01,248,0.0
233029,/TM023_3_21_1.204/Lon/Net/Rum 1.232/PIR_activity_1.232,2024-01-01 01:40:01,248,0.0
233029,/TM023_3_21_1.204/Lon/Net/Rum 1.232/PIR_activity_1.232,2024-01-01 01:39:01,248,0.0
233029,/TM023_3_21_1.204/Lon/Net/Rum 1.232/PIR_activity_1.232,2024-01-01 01:38:01,248,0.0
233029,/TM023_3_21_1.204/Lon/Net/Rum 1.232/PIR_activity_1.232,2024-01-01 01:37:01,248,0.0
233029,/TM023_3_21_1.204/Lon/Net/Rum 1.232/PIR_activity_1.232,2024-01-01 01:36:01,248,0.0
233029,/TM023_3_21_1.204/Lon/Net/Rum 1.232/PIR_activity_1.232,2024-01-01 01:35:01,248,0.0
233029,/TM023_3_21_1.204/Lon/Net/Rum 1.232/PIR_activity_1.232,2024-01-01 01:34:01,248,0.0
233029,/TM023_3_21_1.204/Lon/Net/Rum 1.232/PIR_activity_1.232,2024-01-01 01:33:01,248,0.0
233029,/TM023_3_21_1.204/Lon/Net/Rum 1.232/PIR_activity_1.232,2024-01-01 01:32:01,248,0.0
233029,/TM023_3_21_1.204/Lon/Net/Rum 1.232/PIR_activity_1.232,2024-01-01 01:31:01,248,0.0
233029,/TM023_3_21_1.204/Lon/Net/Rum 1.232/PIR_activity_1.232,2024-01-01 01:30:01,248,0.0
233029,/TM023_3_21_1.204/Lon/Net/Rum 1.232/PIR_activity_1.232,2024-01-01 01:29:01,248,0.0
233029,/TM023_3_21_1.204/Lon/Net/Rum 1.232/PIR_activity_1.232,2024-01-01 01:28:01,248,0.0
233029,/TM023_3_21_1.204/Lon/Net/Rum 1.232/PIR_activity_1.232,2024-01-01 01:27:01,248,0.0
233029,/TM023_3_21_1.204/Lon/Net/Rum 1.232/PIR_activity_1.232,2024-01-01 01:26:01,248,0.0
233029,/TM023_3_21_1.204/Lon/Net/Rum 1.232/PIR_activity_1.232,2024-01-01 01:25:01,248,0.0
233029,/TM023_3_21_1.204/Lon/Net/Rum 1.232/PIR_activity_1.232,2024-01-01 01:24:01,248,0.0
233029,/TM023_3_21_1.204/Lon/Net/Rum 1.232/PIR_activity_1.232,2024-01-01 01:23:01,248,0.0
233029,/TM023_3_21_1.204/Lon/Net/Rum 1.232/PIR_activity_1.232,2024-01-01 01:22:01,248,0.0
233029,/TM023_3_21_1.204/Lon/Net/Rum 1.232/PIR_activity_1.232,2024-01-01 01:21:01,248,0.0
233029,/TM023_3_21_1.204/Lon/Net/Rum 1.232/PIR_activity_1.232,2024-01-01 01:20:01,248,0.0
233029,/TM023_3_21_1.204/Lon/Net/Rum 1.232/PIR_activity_1.232,2024-01-01 01:19:01,248,0.0
233029,/TM023_3_21_1.204/Lon/Net/Rum 1.232/PIR_activity_1.232,2024-01-01 01:18:01,248,0.0
233029,/TM023_3_21_1.204/Lon/Net/Rum 1.232/PIR_activity_1.232,2024-01-01 01:17:01,248,0.0
233029,/TM023_3_21_1.204/Lon/Net/Rum 1.232/PIR_activity_1.232,2024-01-01 01:16:01,248,0.0
233029,/TM023_3_21_1.204/Lon/Net/Rum 1.232/PIR_activity_1.232,2024-01-01 01:15:01,248,0.0
233029,/TM023_3_21_1.204/Lon/Net/Rum 1.232/PIR_activity_1.232,2024-01-01 01:14:01,248,0.0
233029,/TM023_3_21_1.204/Lon/Net/Rum 1.232/PIR_activity_1.232,2024-01-01 01:13:01,248,0.0
233029,/TM023_3_21_1.204/Lon/Net/Rum 1.232/PIR_activity_1.232,2024-01-01 01:12:01,248,0.0
233029,/TM023_3_21_1.204/Lon/Net/Rum 1.232/PIR_activity_1.232,2024-01-01 01:11:01,248,0.0
233029,/TM023_3_21_1.204/Lon/Net/Rum 1.232/PIR_activity_1.232,2024-01-01 01:10:01,248,0.0
233029,/TM023_3_21_1.204/Lon/Net/Rum 1.232/PIR_activity_1.232,2024-01-01 01:09:01,248,0.0
233029,/TM023_3_21_1.204/Lon/Net/Rum 1.232/PIR_activity_1.232,2024-01-01 01:08:01,248,0.0
233029,/TM023_3_21_1.204/Lon/Net/Rum 1.232/PIR_activity_1.232,2024-01-01 01:07:01,248,0.0
233029,/TM023_3_21_1.204/Lon/Net/Rum 1.232/PIR_activity_1.232,2024-01-01 01:06:01,248,0.0
233029,/TM023_3_21_1.204/Lon/Net/Rum 1.232/PIR_activity_1.232,2024-01-01 01:05:01,248,0.0
233029,/TM023_3_21_1.204/Lon/Net/Rum 1.232/PIR_activity_1.232,2024-01-01 01:04:01,248,0.0
233029,/TM023_3_21_1.204/Lon/Net/Rum 1.232/PIR_activity_1.232,2024-01-01 01:03:01,248,0.0
233029,/TM023_3_21_1.204/Lon/Net/Rum 1.232/PIR_activity_1.232,2024-01-01 01:02:01,248,0.0
233029,/TM023_3_21_1.204/Lon/Net/Rum 1.232/PIR_activity_1.232,2024-01-01 01:01:01,248,0.0
233029,/TM023_3_21_1.204/Lon/Net/Rum 1.232/PIR_activity_1.232,2024-01-01 01:00:01,248,0.0
233030,/TM023_3_20_1.204/Lon/Net/Rum 1.233/PIR_activity_1.233,2024-01-01 01:59:02,248,0.0
233030,/TM023_3_20_1.204/Lon/Net/Rum 1.233/PIR_activity_1.233,2024-01-01 01:58:02,248,0.0
233030,/TM023_3_20_1.204/Lon/Net/Rum 1.233/PIR_activity_1.233,2024-01-01 01:57:02,248,0.0
233030,/TM023_3_20_1.204/Lon/Net/Rum 1.233/PIR_activity_1.233,2024-01-01 01:56:02,248,0.0
233030,/TM023_3_20_1.204/Lon/Net/Rum 1.233/PIR_activity_1.233,2024-01-01 01:55:02,248,0.0
233030,/TM023_3_20_1.204/Lon/Net/Rum 1.233/PIR_activity_1.233,2024-01-01 01:54:02,248,0.0
233030,/TM023_3_20_1.204/Lon/Net/Rum 1.233/PIR_activity_1.233,2024-01-01 01:53:02,248,0.0
233030,/TM023_3_20_1.204/Lon/Net/Rum 1.233/PIR_activity_1.233,2024-01-01 01:52:02,248,0.0
233030,/TM023_3_20_1.204/Lon/Net/Rum 1.233/PIR_activity_1.233,2024-01-01 01:51:02,248,0.0
233030,/TM023_3_20_1.204/Lon/Net/Rum 1.233/PIR_activity_1.233,2024-01-01 01:50:02,248,0.0
233030,/TM023_3_20_1.204/Lon/Net/Rum 1.233/PIR_activity_1.233,2024-01-01 01:49:02,248,0.0
233030,/TM023_3_20_1.204/Lon/Net/Rum 1.233/PIR_activity_1.233,2024-01-01 01:48:02,248,0.0
233030,/TM023_3_20_1.204/Lon/Net/Rum 1.233/PIR_activity_1.233,2024-01-01 01:47:02,248,0.0
233030,/TM023_3_20_1.204/Lon/Net/Rum 1.233/PIR_activity_1.233,2024-01-01 01:46:02,248,0.0
233030,/TM023_3_20_1.204/Lon/Net/Rum 1.233/PIR_activity_1.233,2024-01-01 01:45:02,248,0.0
233030,/TM023_3_20_1.204/Lon/Net/Rum 1.233/PIR_activity_1.233,2024-01-01 01:44:02,248,0.0
233030,/TM023_3_20_1.204/Lon/Net/Rum 1.233/PIR_activity_1.233,2024-01-01 01:43:02,248,0.0
233030,/TM023_3_20_1.204/Lon/Net/Rum 1.233/PIR_activity_1.233,2024-01-01 01:42:02,248,0.0
233030,/TM023_3_20_1.204/Lon/Net/Rum 1.233/PIR_activity_1.233,2024-01-01 01:41:02,248,0.0
233030,/TM023_3_20_1.204/Lon/Net/Rum 1.233/PIR_activity_1.233,2024-01-01 01:40:02,248,0.0
233030,/TM023_3_20_1.204/Lon/Net/Rum 1.233/PIR_activity_1.233,2024-01-01 01:39:02,248,0.0
233030,/TM023_3_20_1.204/Lon/Net/Rum 1.233/PIR_activity_1.233,2024-01-01 01:38:02,248,0.0
233030,/TM023_3_20_1.204/Lon/Net/Rum 1.233/PIR_activity_1.233,2024-01-01 01:37:02,248,0.0
233030,/TM023_3_20_1.204/Lon/Net/Rum 1.233/PIR_activity_1.233,2024-01-01 01:36:02,248,0.0
233030,/TM023_3_20_1.204/Lon/Net/Rum 1.233/PIR_activity_1.233,2024-01-01 01:35:02,248,0.0
233030,/TM023_3_20_1.204/Lon/Net/Rum 1.233/PIR_activity_1.233,2024-01-01 01:34:02,248,0.0
233030,/TM023_3_20_1.204/Lon/Net/Rum 1.233/PIR_activity_1.233,2024-01-01 01:33:02,248,0.0
233030,/TM023_3_20_1.204/Lon/Net/Rum 1.233/PIR_activity_1.233,2024-01-01 01:32:02,248,0.0
233030,/TM023_3_20_1.204/Lon/Net/Rum 1.233/PIR_activity_1.233,2024-01-01 01:31:02,248,0.0
233030,/TM023_3_20_1.204/Lon/Net/Rum 1.233/PIR_activity_1.233,2024-01-01 01:30:02,248,0.0
233030,/TM023_3_20_1.204/Lon/Net/Rum 1.233/PIR_activity_1.233,2024-01-01 01:29:02,248,0.0
233030,/TM023_3_20_1.204/Lon/Net/Rum 1.233/PIR_activity_1.233,2024-01-01 01:28:02,248,0.0
233030,/TM023_3_20_1.204/Lon/Net/Rum 1.233/PIR_activity_1.233,2024-01-01 01:27:02,248,0.0
233030,/TM023_3_20_1.204/Lon/Net/Rum 1.233/PIR_activity_1.233,2024-01-01 01:26:02,248,0.0
233030,/TM023_3_20_1.204/Lon/Net/Rum 1.233/PIR_activity_1.233,2024-01-01 01:25:02,248,0.0
233030,/TM023_3_20_1.204/Lon/Net/Rum 1.233/PIR_activity_1.233,2024-01-01 01:24:02,248,0.0
233030,/TM023_3_20_1.204/Lon/Net/Rum 1.233/PIR_activity_1.233,2024-01-01 01:23:02,248,0.0
233030,/TM023_3_20_1.204/Lon/Net/Rum 1.233/PIR_activity_1.233,2024-01-01 01:22:02,248,0.0
233030,/TM023_3_20_1.204/Lon/Net/Rum 1.233/PIR_activity_1.233,2024-01-01 01:21:02,248,0.0
233030,/TM023_3_20_1.204/Lon/Net/Rum 1.233/PIR_activity_1.233,2024-01-01 01:20:02,248,0.0
233030,/TM023_3_20_1.204/Lon/Net/Rum 1.233/PIR_activity_1.233,2024-01-01 01:19:02,248,0.0
233030,/TM023_3_20_1.204/Lon/Net/Rum 1.233/PIR_activity_1.233,2024-01-01 01:18:02,248,0.0
233030,/TM023_3_20_1.204/Lon/Net/Rum 1.233/PIR_activity_1.233,2024-01-01 01:17:02,248,0.0
233030,/TM023_3_20_1.204/Lon/Net/Rum 1.233/PIR_activity_1.233,2024-01-01 01:16:02,248,0.0
233030,/TM023_3_20_1.204/Lon/Net/Rum 1.233/PIR_activity_1.233,2024-01-01 01:15:02,248,0.0
233030,/TM023_3_20_1.204/Lon/Net/Rum 1.233/PIR_activity_1.233,2024-01-01 01:14:02,248,0.0
233030,/TM023_3_20_1.204/Lon/Net/Rum 1.233/PIR_activity_1.233,2024-01-01 01:13:02,248,0.0
233030,/TM023_3_20_1.204/Lon/Net/Rum 1.233/PIR_activity_1.233,2024-01-01 01:12:02,248,0.0
233030,/TM023_3_20_1.204/Lon/Net/Rum 1.233/PIR_activity_1.233,2024-01-01 01:11:02,248,0.0
233030,/TM023_3_20_1.204/Lon/Net/Rum 1.233/PIR_activity_1.233,2024-01-01 01:10:02,248,0.0
233030,/TM023_3_20_1.204/Lon/Net/Rum 1.233/PIR_activity_1.233,2024-01-01 01:09:02,248,0.0
233030,/TM023_3_20_1.204/Lon/Net/Rum 1.233/PIR_activity_1.233,2024-01-01 01:08:02,248,0.0
233030,/TM023_3_20_1.204/Lon/Net/Rum 1.233/PIR_activity_1.233,2024-01-01 01:07:02,248,0.0
233030,/TM023_3_20_1.204/Lon/Net/Rum 1.233/PIR_activity_1.233,2024-01-01 01:06:02,248,0.0
233030,/TM023_3_20_1.204/Lon/Net/Rum 1.233/PIR_activity_1.233,2024-01-01 01:05:02,248,0.0
233030,/TM023_3_20_1.204/Lon/Net/Rum 1.233/PIR_activity_1.233,2024-01-01 01:04:02,248,0.0
233030,/TM023_3_20_1.204/Lon/Net/Rum 1.233/PIR_activity_1.233,2024-01-01 01:03:02,248,0.0
233030,/TM023_3_20_1.204/Lon/Net/Rum 1.233/PIR_activity_1.233,2024-01-01 01:02:02,248,0.0
233030,/TM023_3_20_1.204/Lon/Net/Rum 1.233/PIR_activity_1.233,2024-01-01 01:01:02,248,0.0
233030,/TM023_3_20_1.204/Lon/Net/Rum 1.233/PIR_activity_1.233,2024-01-01 01:00:02,248,0.0
233031,/TM023_3_20_1.204/Lon/Net/Rum 1.235/PIR_activity_1.235,2024-01-01 01:59:03,248,0.0
233031,/TM023_3_20_1.204/Lon/Net/Rum 1.235/PIR_activity_1.235,2024-01-01 01:58:03,248,0.0
233031,/TM023_3_20_1.204/Lon/Net/Rum 1.235/PIR_activity_1.235,2024-01-01 01:57:03,248,0.0
233031,/TM023_3_20_1.204/Lon/Net/Rum 1.235/PIR_activity_1.235,2024-01-01 01:56:03,248,0.0
233031,/TM023_3_20_1.204/Lon/Net/Rum 1.235/PIR_activity_1.235,2024-01-01 01:55:03,248,0.0
233031,/TM023_3_20_1.204/Lon/Net/Rum 1.235/PIR_activity_1.235,2024-01-01 01:54:03,248,0.0
233031,/TM023_3_20_1.204/Lon/Net/Rum 1.235/PIR_activity_1.235,2024-01-01 01:53:03,248,0.0
233031,/TM023_3_20_1.204/Lon/Net/Rum 1.235/PIR_activity_1.235,2024-01-01 01:52:03,248,0.0
233031,/TM023_3_20_1.204/Lon/Net/Rum 1.235/PIR_activity_1.235,2024-01-01 01:51:03,248,0.0
233031,/TM023_3_20_1.204/Lon/Net/Rum 1.235/PIR_activity_1.235,2024-01-01 01:50:03,248,0.0
233031,/TM023_3_20_1.204/Lon/Net/Rum 1.235/PIR_activity_1.235,2024-01-01 01:49:03,248,0.0
233031,/TM023_3_20_1.204/Lon/Net/Rum 1.235/PIR_activity_1.235,2024-01-01 01:48:03,248,0.0
233031,/TM023_3_20_1.204/Lon/Net/Rum 1.235/PIR_activity_1.235,2024-01-01 01:47:03,248,0.0
233031,/TM023_3_20_1.204/Lon/Net/Rum 1.235/PIR_activity_1.235,2024-01-01 01:46:03,248,0.0
233031,/TM023_3_20_1.204/Lon/Net/Rum 1.235/PIR_activity_1.235,2024-01-01 01:45:03,248,0.0
233031,/TM023_3_20_1.204/Lon/Net/Rum 1.235/PIR_activity_1.235,2024-01-01 01:44:03,248,0.0
233031,/TM023_3_20_1.204/Lon/Net/Rum 1.235/PIR_activity_1.235,2024-01-01 01:43:03,248,0.0
233031,/TM023_3_20_1.204/Lon/Net/Rum 1.235/PIR_activity_1.235,2024-01-01 01:42:03,248,0.0
233031,/TM023_3_20_1.204/Lon/Net/Rum 1.235/PIR_activity_1.235,2024-01-01 01:41:03,248,0.0
233031,/TM023_3_20_1.204/Lon/Net/Rum 1.235/PIR_activity_1.235,2024-01-01 01:40:03,248,0.0
233031,/TM023_3_20_1.204/Lon/Net/Rum 1.235/PIR_activity_1.235,2024-01-01 01:39:03,248,0.0
233031,/TM023_3_20_1.204/Lon/Net/Rum 1.235/PIR_activity_1.235,2024-01-01 01:38:03,248,0.0
233031,/TM023_3_20_1.204/Lon/Net/Rum 1.235/PIR_activity_1.235,2024-01-01 01:37:03,248,0.0
233031,/TM023_3_20_1.204/Lon/Net/Rum 1.235/PIR_activity_1.235,2024-01-01 01:36:03,248,0.0
233031,/TM023_3_20_1.204/Lon/Net/Rum 1.235/PIR_activity_1.235,2024-01-01 01:35:03,248,0.0
233031,/TM023_3_20_1.204/Lon/Net/Rum 1.235/PIR_activity_1.235,2024-01-01 01:34:03,248,0.0
233031,/TM023_3_20_1.204/Lon/Net/Rum 1.235/PIR_activity_1.235,2024-01-01 01:33:03,248,0.0
233031,/TM023_3_20_1.204/Lon/Net/Rum 1.235/PIR_activity_1.235,2024-01-01 01:32:03,248,0.0
233031,/TM023_3_20_1.204/Lon/Net/Rum 1.235/PIR_activity_1.235,2024-01-01 01:31:03,248,0.0
233031,/TM023_3_20_1.204/Lon/Net/Rum 1.235/PIR_activity_1.235,2024-01-01 01:30:03,248,0.0
233031,/TM023_3_20_1.204/Lon/Net/Rum 1.235/PIR_activity_1.235,2024-01-01 01:29:03,248,0.0
233031,/TM023_3_20_1.204/Lon/Net/Rum 1.235/PIR_activity_1.235,2024-01-01 01:28:03,248,0.0
233031,/TM023_3_20_1.204/Lon/Net/Rum 1.235/PIR_activity_1.235,2024-01-01 01:27:03,248,0.0
233031,/TM023_3_20_1.204/Lon/Net/Rum 1.235/PIR_activity_1.235,2024-01-01 01:26:03,248,0.0
233031,/TM023_3_20_1.204/Lon/Net/Rum 1.235/PIR_activity_1.235,2024-01-01 01:25:03,248,0.0
233031,/TM023_3_20_1.204/Lon/Net/Rum 1.235/PIR_activity_1.235,2024-01-01 01:24:03,248,0.0
233031,/TM023_3_20_1.204/Lon/Net/Rum 1.235/PIR_activity_1.235,2024-01-01 01:23:03,248,0.0
233031,/TM023_3_20_1.204/Lon/Net/Rum 1.235/PIR_activity_1.235,2024-01-01 01:22:03,248,0.0
233031,/TM023_3_20_1.204/Lon/Net/Rum 1.235/PIR_activity_1.235,2024-01-01 01:21:03,248,0.0
233031,/TM023_3_20_1.204/Lon/Net/Rum 1.235/PIR_activity_1.235,2024-01-01 01:20:03,248,0.0
233031,/TM023_3_20_1.204/Lon/Net/Rum 1.235/PIR_activity_1.235,2024-01-01 01:19:03,248,0.0
233031,/TM023_3_20_1.204/Lon/Net/Rum 1.235/PIR_activity_1.235,2024-01-01 01:18:03,248,0.0
233031,/TM023_3_20_1.204/Lon/Net/Rum 1.235/PIR_activity_1.235,2024-01-01 01:17:03,248,0.0
233031,/TM023_3_20_1.204/Lon/Net/Rum 1.235/PIR_activity_1.235,2024-01-01 01:16:03,248,0.0
233031,/TM023_3_20_1.204/Lon/Net/Rum 1.235/PIR_activity_1.235,2024-01-01 01:15:03,248,0.0
233031,/TM023_3_20_1.204/Lon/Net/Rum 1.235/PIR_activity_1.235,2024-01-01 01:14:03,248,0.0
233031,/TM023_3_20_1.204/Lon/Net/Rum 1.235/PIR_activity_1.235,2024-01-01 01:13:03,248,0.0
233031,/TM023_3_20_1.204/Lon/Net/Rum 1.235/PIR_activity_1.235,2024-01-01 01:12:03,248,0.0
233031,/TM023_3_20_1.204/Lon/Net/Rum 1.235/PIR_activity_1.235,2024-01-01 01:11:03,248,0.0
233031,/TM023_3_20_1.204/Lon/Net/Rum 1.235/PIR_activity_1.235,2024-01-01 01:10:03,248,0.0
233031,/TM023_3_20_1.204/Lon/Net/Rum 1.235/PIR_activity_1.235,2024-01-01 01:09:03,248,0.0
233031,/TM023_3_20_1.204/Lon/Net/Rum 1.235/PIR_activity_1.235,2024-01-01 01:08:03,248,0.0
233031,/TM023_3_20_1.204/Lon/Net/Rum 1.235/PIR_activity_1.235,2024-01-01 01:07:03,248,0.0
233031,/TM023_3_20_1.204/Lon/Net/Rum 1.235/PIR_activity_1.235,2024-01-01 01:06:03,248,0.0
233031,/TM023_3_20_1.204/Lon/Net/Rum 1.235/PIR_activity_1.235,2024-01-01 01:05:03,248,0.0
233031,/TM023_3_20_1.204/Lon/Net/Rum 1.235/PIR_activity_1.235,2024-01-01 01:04:03,248,0.0
233031,/TM023_3_20_1.204/Lon/Net/Rum 1.235/PIR_activity_1.235,2024-01-01 01:03:03,248,0.0
233031,/TM023_3_20_1.204/Lon/Net/Rum 1.235/PIR_activity_1.235,2024-01-01 01:02:03,248,0.0
233031,/TM023_3_20_1.204/Lon/Net/Rum 1.235/PIR_activity_1.235,2024-01-01 01:01:03,248,0.0
233031,/TM023_3_20_1.204/Lon/Net/Rum 1.235/PIR_activity_1.235,2024-01-01 01:00:03,248,0.0
233032,/TM023_3_20_1.204/Lon/Net/Rum 1.237/PIR_activity_1.237,2024-01-01 01:59:04,248,0.0
233032,/TM023_3_20_1.204/Lon/Net/Rum 1.237/PIR_activity_1.237,2024-01-01 01:58:04,248,0.0
233032,/TM023_3_20_1.204/Lon/Net/Rum 1.237/PIR_activity_1.237,2024-01-01 01:57:04,248,0.0
233032,/TM023_3_20_1.204/Lon/Net/Rum 1.237/PIR_activity_1.237,2024-01-01 01:56:04,248,0.0
233032,/TM023_3_20_1.204/Lon/Net/Rum 1.237/PIR_activity_1.237,2024-01-01 01:55:04,248,0.0
233032,/TM023_3_20_1.204/Lon/Net/Rum 1.237/PIR_activity_1.237,2024-01-01 01:54:04,248,0.0
233032,/TM023_3_20_1.204/Lon/Net/Rum 1.237/PIR_activity_1.237,2024-01-01 01:53:04,248,0.0
233032,/TM023_3_20_1.204/Lon/Net/Rum 1.237/PIR_activity_1.237,2024-01-01 01:52:04,248,0.0
233032,/TM023_3_20_1.204/Lon/Net/Rum 1.237/PIR_activity_1.237,2024-01-01 01:51:04,248,0.0
233032,/TM023_3_20_1.204/Lon/Net/Rum 1.237/PIR_activity_1.237,2024-01-01 01:50:04,248,0.0
233032,/TM023_3_20_1.204/Lon/Net/Rum 1.237/PIR_activity_1.237,2024-01-01 01:49:04,248,0.0
233032,/TM023_3_20_1.204/Lon/Net/Rum 1.237/PIR_activity_1.237,2024-01-01 01:48:04,248,0.0
233032,/TM023_3_20_1.204/Lon/Net/Rum 1.237/PIR_activity_1.237,2024-01-01 01:47:04,248,0.0
233032,/TM023_3_20_1.204/Lon/Net/Rum 1.237/PIR_activity_1.237,2024-01-01 01:46:04,248,0.0
233032,/TM023_3_20_1.204/Lon/Net/Rum 1.237/PIR_activity_1.237,2024-01-01 01:45:04,248,0.0
233032,/TM023_3_20_1.204/Lon/Net/Rum 1.237/PIR_activity_1.237,2024-01-01 01:44:04,248,0.0
233032,/TM023_3_20_1.204/Lon/Net/Rum 1.237/PIR_activity_1.237,2024-01-01 01:43:04,248,0.0
233032,/TM023_3_20_1.204/Lon/Net/Rum 1.237/PIR_activity_1.237,2024-01-01 01:42:04,248,0.0
233032,/TM023_3_20_1.204/Lon/Net/Rum 1.237/PIR_activity_1.237,2024-01-01 01:41:04,248,0.0
233032,/TM023_3_20_1.204/Lon/Net/Rum 1.237/PIR_activity_1.237,2024-01-01 01:40:04,248,0.0
233032,/TM023_3_20_1.204/Lon/Net/Rum 1.237/PIR_activity_1.237,2024-01-01 01:39:04,248,0.0
233032,/TM023_3_20_1.204/Lon/Net/Rum 1.237/PIR_activity_1.237,2024-01-01 01:38:04,248,0.0
233032,/TM023_3_20_1.204/Lon/Net/Rum 1.237/PIR_activity_1.237,2024-01-01 01:37:04,248,0.0
233032,/TM023_3_20_1.204/Lon/Net/Rum 1.237/PIR_activity_1.237,2024-01-01 01:36:04,248,0.0
233032,/TM023_3_20_1.204/Lon/Net/Rum 1.237/PIR_activity_1.237,2024-01-01 01:35:04,248,0.0
233032,/TM023_3_20_1.204/Lon/Net/Rum 1.237/PIR_activity_1.237,2024-01-01 01:34:04,248,0.0
233032,/TM023_3_20_1.204/Lon/Net/Rum 1.237/PIR_activity_1.237,2024-01-01 01:33:04,248,0.0
233032,/TM023_3_20_1.204/Lon/Net/Rum 1.237/PIR_activity_1.237,2024-01-01 01:32:04,248,0.0
233032,/TM023_3_20_1.204/Lon/Net/Rum 1.237/PIR_activity_1.237,2024-01-01 01:31:04,248,0.0
233032,/TM023_3_20_1.204/Lon/Net/Rum 1.237/PIR_activity_1.237,2024-01-01 01:30:04,248,0.0
233032,/TM023_3_20_1.204/Lon/Net/Rum 1.237/PIR_activity_1.237,2024-01-01 01:29:04,248,0.0
233032,/TM023_3_20_1.204/Lon/Net/Rum 1.237/PIR_activity_1.237,2024-01-01 01:28:04,248,0.0
233032,/TM023_3_20_1.204/Lon/Net/Rum 1.237/PIR_activity_1.237,2024-01-01 01:27:04,248,0.0
233032,/TM023_3_20_1.204/Lon/Net/Rum 1.237/PIR_activity_1.237,2024-01-01 01:26:04,248,0.0
233032,/TM023_3_20_1.204/Lon/Net/Rum 1.237/PIR_activity_1.237,2024-01-01 01:25:04,248,0.0
233032,/TM023_3_20_1.204/Lon/Net/Rum 1.237/PIR_activity_1.237,2024-01-01 01:24:04,248,0.0
233032,/TM023_3_20_1.204/Lon/Net/Rum 1.237/PIR_activity_1.237,2024-01-01 01:23:04,248,0.0
233032,/TM023_3_20_1.204/Lon/Net/Rum 1.237/PIR_activity_1.237,2024-01-01 01:22:04,248,0.0
233032,/TM023_3_20_1.204/Lon/Net/Rum 1.237/PIR_activity_1.237,2024-01-01 01:21:04,248,0.0
233032,/TM023_3_20_1.204/Lon/Net/Rum 1.237/PIR_activity_1.237,2024-01-01 01:20:04,248,0.0
233032,/TM023_3_20_1.204/Lon/Net/Rum 1.237/PIR_activity_1.237,2024-01-01 01:19:04,248,0.0
233032,/TM023_3_20_1.204/Lon/Net/Rum 1.237/PIR_activity_1.237,2024-01-01 01:18:04,248,0.0
233032,/TM023_3_20_1.204/Lon/Net/Rum 1.237/PIR_activity_1.237,2024-01-01 01:17:04,248,0.0
233032,/TM023_3_20_1.204/Lon/Net/Rum 1.237/PIR_activity_1.237,2024-01-01 01:16:04,248,0.0
233032,/TM023_3_20_1.204/Lon/Net/Rum 1.237/PIR_activity_1.237,2024-01-01 01:15:04,248,0.0
233032,/TM023_3_20_1.204/Lon/Net/Rum 1.237/PIR_activity_1.237,2024-01-01 01:14:04,248,0.0
233032,/TM023_3_20_1.204/Lon/Net/Rum 1.237/PIR_activity_1.237,2024-01-01 01:13:04,248,0.0
233032,/TM023_3_20_1.204/Lon/Net/Rum 1.237/PIR_activity_1.237,2024-01-01 01:12:04,248,0.0
233032,/TM023_3_20_1.204/Lon/Net/Rum 1.237/PIR_activity_1.237,2024-01-01 01:11:04,248,0.0
233032,/TM023_3_20_1.204/Lon/Net/Rum 1.237/PIR_activity_1.237,2024-01-01 01:10:04,248,0.0
233032,/TM023_3_20_1.204/Lon/Net/Rum 1.237/PIR_activity_1.237,2024-01-01 01:09:04,248,0.0
233032,/TM023_3_20_1.204/Lon/Net/Rum 1.237/PIR_activity_1.237,2024-01-01 01:08:04,248,0.0
233032,/TM023_3_20_1.204/Lon/Net/Rum 1.237/PIR_activity_1.237,2024-01-01 01:07:04,248,0.0
233032,/TM023_3_20_1.204/Lon/Net/Rum 1.237/PIR_activity_1.237,2024-01-01 01:06:04,248,0.0
233032,/TM023_3_20_1.204/Lon/Net/Rum 1.237/PIR_activity_1.237,2024-01-01 01:05:04,248,0.0
233032,/TM023_3_20_1.204/Lon/Net/Rum 1.237/PIR_activity_1.237,2024-01-01 01:04:04,248,0.0
233032,/TM023_3_20_1.204/Lon/Net/Rum 1.237/PIR_activity_1.237,2024-01-01 01:03:04,248,0.0
233032,/TM023_3_20_1.204/Lon/Net/Rum 1.237/PIR_activity_1.237,2024-01-01 01:02:04,248,0.0
233032,/TM023_3_20_1.204/Lon/Net/Rum 1.237/PIR_activity_1.237,2024-01-01 01:01:04,248,0.0
233032,/TM023_3_20_1.204/Lon/Net/Rum 1.237/PIR_activity_1.237,2024-01-01 01:00:04,248,0.0
233033,/TM023_3_21_1.204/Lon/Net/Rum 1.238/PIR_activity_1.238,2024-01-01 01:59:05,248,0.0
233033,/TM023_3_21_1.204/Lon/Net/Rum 1.238/PIR_activity_1.238,2024-01-01 01:58:05,248,0.0
233033,/TM023_3_21_1.204/Lon/Net/Rum 1.238/PIR_activity_1.238,2024-01-01 01:57:05,248,0.0
233033,/TM023_3_21_1.204/Lon/Net/Rum 1.238/PIR_activity_1.238,2024-01-01 01:56:05,248,0.0
233033,/TM023_3_21_1.204/Lon/Net/Rum 1.238/PIR_activity_1.238,2024-01-01 01:55:05,248,0.0
233033,/TM023_3_21_1.204/Lon/Net/Rum 1.238/PIR_activity_1.238,2024-01-01 01:54:05,248,0.0
233033,/TM023_3_21_1.204/Lon/Net/Rum 1.238/PIR_activity_1.238,2024-01-01 01:53:05,248,0.0
233033,/TM023_3_21_1.204/Lon/Net/Rum 1.238/PIR_activity_1.238,2024-01-01 01:52:05,248,0.0
233033,/TM023_3_21_1.204/Lon/Net/Rum 1.238/PIR_activity_1.238,2024-01-01 01:51:05,248,0.0
233033,/TM023_3_21_1.204/Lon/Net/Rum 1.238/PIR_activity_1.238,2024-01-01 01:50:05,248,0.0
233033,/TM023_3_21_1.204/Lon/Net/Rum 1.238/PIR_activity_1.238,2024-01-01 01:49:05,248,0.0
233033,/TM023_3_21_1.204/Lon/Net/Rum 1.238/PIR_activity_1.238,2024-01-01 01:48:05,248,0.0
233033,/TM023_3_21_1.204/Lon/Net/Rum 1.238/PIR_activity_1.238,2024-01-01 01:47:05,248,0.0
233033,/TM023_3_21_1.204/Lon/Net/Rum 1.238/PIR_activity_1.238,2024-01-01 01:46:05,248,0.0
233033,/TM023_3_21_1.204/Lon/Net/Rum 1.238/PIR_activity_1.238,2024-01-01 01:45:05,248,0.0
233033,/TM023_3_21_1.204/Lon/Net/Rum 1.238/PIR_activity_1.238,2024-01-01 01:44:05,248,0.0
233033,/TM023_3_21_1.204/Lon/Net/Rum 1.238/PIR_activity_1.238,2024-01-01 01:43:05,248,0.0
233033,/TM023_3_21_1.204/Lon/Net/Rum 1.238/PIR_activity_1.238,2024-01-01 01:42:05,248,0.0
233033,/TM023_3_21_1.204/Lon/Net/Rum 1.238/PIR_activity_1.238,2024-01-01 01:41:05,248,0.0
233033,/TM023_3_21_1.204/Lon/Net/Rum 1.238/PIR_activity_1.238,2024-01-01 01:40:05,248,0.0
233033,/TM023_3_21_1.204/Lon/Net/Rum 1.238/PIR_activity_1.238,2024-01-01 01:39:05,248,0.0
233033,/TM023_3_21_1.204/Lon/Net/Rum 1.238/PIR_activity_1.238,2024-01-01 01:38:05,248,0.0
233033,/TM023_3_21_1.204/Lon/Net/Rum 1.238/PIR_activity_1.238,2024-01-01 01:37:05,248,0.0
233033,/TM023_3_21_1.204/Lon/Net/Rum 1.238/PIR_activity_1.238,2024-01-01 01:36:05,248,0.0
233033,/TM023_3_21_1.204/Lon/Net/Rum 1.238/PIR_activity_1.238,2024-01-01 01:35:05,248,0.0
233033,/TM023_3_21_1.204/Lon/Net/Rum 1.238/PIR_activity_1.238,2024-01-01 01:34:05,248,0.0
233033,/TM023_3_21_1.204/Lon/Net/Rum 1.238/PIR_activity_1.238,2024-01-01 01:33:05,248,0.0
233033,/TM023_3_21_1.204/Lon/Net/Rum 1.238/PIR_activity_1.238,2024-01-01 01:32:05,248,0.0
233033,/TM023_3_21_1.204/Lon/Net/Rum 1.238/PIR_activity_1.238,2024-01-01 01:31:05,248,0.0
233033,/TM023_3_21_1.204/Lon/Net/Rum 1.238/PIR_activity_1.238,2024-01-01 01:30:05,248,0.0
233033,/TM023_3_21_1.204/Lon/Net/Rum 1.238/PIR_activity_1.238,2024-01-01 01:29:05,248,0.0
233033,/TM023_3_21_1.204/Lon/Net/Rum 1.238/PIR_activity_1.238,2024-01-01 01:28:05,248,0.0
233033,/TM023_3_21_1.204/Lon/Net/Rum 1.238/PIR_activity_1.238,2024-01-01 01:27:05,248,0.0
233033,/TM023_3_21_1.204/Lon/Net/Rum 1.238/PIR_activity_1.238,2024-01-01 01:26:05,248,0.0
233033,/TM023_3_21_1.204/Lon/Net/Rum 1.238/PIR_activity_1.238,2024-01-01 01:25:05,248,0.0
233033,/TM023_3_21_1.204/Lon/Net/Rum 1.238/PIR_activity_1.238,2024-01-01 01:24:05,248,0.0
233033,/TM023_3_21_1.204/Lon/Net/Rum 1.238/PIR_activity_1.238,2024-01-01 01:23:05,248,0.0
233033,/TM023_3_21_1.204/Lon/Net/Rum 1.238/PIR_activity_1.238,2024-01-01 01:22:05,248,0.0
233033,/TM023_3_21_1.204/Lon/Net/Rum 1.238/PIR_activity_1.238,2024-01-01 01:21:05,248,0.0
233033,/TM023_3_21_1.204/Lon/Net/Rum 1.238/PIR_activity_1.238,2024-01-01 01:20:05,248,0.0
233033,/TM023_3_21_1.204/Lon/Net/Rum 1.238/PIR_activity_1.238,2024-01-01 01:19:05,248,0.0
233033,/TM023_3_21_1.204/Lon/Net/Rum 1.238/PIR_activity_1.238,2024-01-01 01:18:05,248,0.0
233033,/TM023_3_21_1.204/Lon/Net/Rum 1.238/PIR_activity_1.238,2024-01-01 01:17:05,248,0.0
233033,/TM023_3_21_1.204/Lon/Net/Rum 1.238/PIR_activity_1.238,2024-01-01 01:16:05,248,0.0
233033,/TM023_3_21_1.204/Lon/Net/Rum 1.238/PIR_activity_1.238,2024-01-01 01:15:05,248,0.0
233033,/TM023_3_21_1.204/Lon/Net/Rum 1.238/PIR_activity_1.238,2024-01-01 01:14:05,248,0.0
233033,/TM023_3_21_1.204/Lon/Net/Rum 1.238/PIR_activity_1.238,2024-01-01 01:13:05,248,0.0
233033,/TM023_3_21_1.204/Lon/Net/Rum 1.238/PIR_activity_1.238,2024-01-01 01:12:05,248,0.0
233033,/TM023_3_21_1.204/Lon/Net/Rum 1.238/PIR_activity_1.238,2024-01-01 01:11:05,248,0.0
233033,/TM023_3_21_1.204/Lon/Net/Rum 1.238/PIR_activity_1.238,2024-01-01 01:10:05,248,0.0
233033,/TM023_3_21_1.204/Lon/Net/Rum 1.238/PIR_activity_1.238,2024-01-01 01:09:05,248,0.0
233033,/TM023_3_21_1.204/Lon/Net/Rum 1.238/PIR_activity_1.238,2024-01-01 01:08:05,248,0.0
233033,/TM023_3_21_1.204/Lon/Net/Rum 1.238/PIR_activity_1.238,2024-01-01 01:07:05,248,0.0
233033,/TM023_3_21_1.204/Lon/Net/Rum 1.238/PIR_activity_1.238,2024-01-01 01:06:05,248,0.0
233033,/TM023_3_21_1.204/Lon/Net/Rum 1.238/PIR_activity_1.238,2024-01-01 01:05:05,248,0.0
233033,/TM023_3_21_1.204/Lon/Net/Rum 1.238/PIR_activity_1.238,2024-01-01 01:04:05,248,0.0
233033,/TM023_3_21_1.204/Lon/Net/Rum 1.238/PIR_activity_1.238,2024-01-01 01:03:05,248,0.0
233033,/TM023_3_21_1.204/Lon/Net/Rum 1.238/PIR_activity_1.238,2024-01-01 01:02:05,248,0.0
233033,/TM023_3_21_1.204/Lon/Net/Rum 1.238/PIR_activity_1.238,2024-01-01 01:01:05,248,0.0
233033,/TM023_3_21_1.204/Lon/Net/Rum 1.238/PIR_activity_1.238,2024-01-01 01:00:05,248,0.0
233034,/TM023_3_20_1.204/Lon/Net/Rum 1.239/PIR_activity_1.239,2024-01-01 01:59:06,248,0.0
233034,/TM023_3_20_1.204/Lon/Net/Rum 1.239/PIR_activity_1.239,2024-01-01 01:58:06,248,0.0
233034,/TM023_3_20_1.204/Lon/Net/Rum 1.239/PIR_activity_1.239,2024-01-01 01:57:06,248,0.0
233034,/TM023_3_20_1.204/Lon/Net/Rum 1.239/PIR_activity_1.239,2024-01-01 01:56:06,248,0.0
233034,/TM023_3_20_1.204/Lon/Net/Rum 1.239/PIR_activity_1.239,2024-01-01 01:55:06,248,0.0
233034,/TM023_3_20_1.204/Lon/Net/Rum 1.239/PIR_activity_1.239,2024-01-01 01:54:06,248,0.0
233034,/TM023_3_20_1.204/Lon/Net/Rum 1.239/PIR_activity_1.239,2024-01-01 01:53:06,248,0.0
233034,/TM023_3_20_1.204/Lon/Net/Rum 1.239/PIR_activity_1.239,2024-01-01 01:52:06,248,0.0
233034,/TM023_3_20_1.204/Lon/Net/Rum 1.239/PIR_activity_1.239,2024-01-01 01:51:06,248,0.0
233034,/TM023_3_20_1.204/Lon/Net/Rum 1.239/PIR_activity_1.239,2024-01-01 01:50:06,248,0.0
233034,/TM023_3_20_1.204/Lon/Net/Rum 1.239/PIR_activity_1.239,2024-01-01 01:49:06,248,0.0
233034,/TM023_3_20_1.204/Lon/Net/Rum 1.239/PIR_activity_1.239,2024-01-01 01:48:06,248,0.0
233034,/TM023_3_20_1.204/Lon/Net/Rum 1.239/PIR_activity_1.239,2024-01-01 01:47:06,248,0.0
233034,/TM023_3_20_1.204/Lon/Net/Rum 1.239/PIR_activity_1.239,2024-01-01 01:46:06,248,0.0
233034,/TM023_3_20_1.204/Lon/Net/Rum 1.239/PIR_activity_1.239,2024-01-01 01:45:06,248,0.0
233034,/TM023_3_20_1.204/Lon/Net/Rum 1.239/PIR_activity_1.239,2024-01-01 01:44:06,248,0.0
233034,/TM023_3_20_1.204/Lon/Net/Rum 1.239/PIR_activity_1.239,2024-01-01 01:43:06,248,0.0
233034,/TM023_3_20_1.204/Lon/Net/Rum 1.239/PIR_activity_1.239,2024-01-01 01:42:06,248,0.0
233034,/TM023_3_20_1.204/Lon/Net/Rum 1.239/PIR_activity_1.239,2024-01-01 01:41:06,248,0.0
233034,/TM023_3_20_1.204/Lon/Net/Rum 1.239/PIR_activity_1.239,2024-01-01 01:40:06,248,0.0
233034,/TM023_3_20_1.204/Lon/Net/Rum 1.239/PIR_activity_1.239,2024-01-01 01:39:06,248,0.0
233034,/TM023_3_20_1.204/Lon/Net/Rum 1.239/PIR_activity_1.239,2024-01-01 01:38:06,248,0.0
233034,/TM023_3_20_1.204/Lon/Net/Rum 1.239/PIR_activity_1.239,2024-01-01 01:37:06,248,0.0
233034,/TM023_3_20_1.204/Lon/Net/Rum 1.239/PIR_activity_1.239,2024-01-01 01:36:06,248,0.0
233034,/TM023_3_20_1.204/Lon/Net/Rum 1.239/PIR_activity_1.239,2024-01-01 01:35:06,248,0.0
233034,/TM023_3_20_1.204/Lon/Net/Rum 1.239/PIR_activity_1.239,2024-01-01 01:34:06,248,0.0
233034,/TM023_3_20_1.204/Lon/Net/Rum 1.239/PIR_activity_1.239,2024-01-01 01:33:06,248,0.0
233034,/TM023_3_20_1.204/Lon/Net/Rum 1.239/PIR_activity_1.239,2024-01-01 01:32:06,248,0.0
233034,/TM023_3_20_1.204/Lon/Net/Rum 1.239/PIR_activity_1.239,2024-01-01 01:31:06,248,0.0
233034,/TM023_3_20_1.204/Lon/Net/Rum 1.239/PIR_activity_1.239,2024-01-01 01:30:06,248,0.0
233034,/TM023_3_20_1.204/Lon/Net/Rum 1.239/PIR_activity_1.239,2024-01-01 01:29:06,248,0.0
233034,/TM023_3_20_1.204/Lon/Net/Rum 1.239/PIR_activity_1.239,2024-01-01 01:28:06,248,0.0
233034,/TM023_3_20_1.204/Lon/Net/Rum 1.239/PIR_activity_1.239,2024-01-01 01:27:06,248,0.0
233034,/TM023_3_20_1.204/Lon/Net/Rum 1.239/PIR_activity_1.239,2024-01-01 01:26:06,248,0.0
233034,/TM023_3_20_1.204/Lon/Net/Rum 1.239/PIR_activity_1.239,2024-01-01 01:25:06,248,0.0
233034,/TM023_3_20_1.204/Lon/Net/Rum 1.239/PIR_activity_1.239,2024-01-01 01:24:06,248,0.0
233034,/TM023_3_20_1.204/Lon/Net/Rum 1.239/PIR_activity_1.239,2024-01-01 01:23:06,248,0.0
233034,/TM023_3_20_1.204/Lon/Net/Rum 1.239/PIR_activity_1.239,2024-01-01 01:22:06,248,0.0
233034,/TM023_3_20_1.204/Lon/Net/Rum 1.239/PIR_activity_1.239,2024-01-01 01:21:06,248,0.0
233034,/TM023_3_20_1.204/Lon/Net/Rum 1.239/PIR_activity_1.239,2024-01-01 01:20:06,248,0.0
233034,/TM023_3_20_1.204/Lon/Net/Rum 1.239/PIR_activity_1.239,2024-01-01 01:19:06,248,0.0
233034,/TM023_3_20_1.204/Lon/Net/Rum 1.239/PIR_activity_1.239,2024-01-01 01:18:06,248,0.0
233034,/TM023_3_20_1.204/Lon/Net/Rum 1.239/PIR_activity_1.239,2024-01-01 01:17:06,248,0.0
233034,/TM023_3_20_1.204/Lon/Net/Rum 1.239/PIR_activity_1.239,2024-01-01 01:16:06,248,0.0
233034,/TM023_3_20_1.204/Lon/Net/Rum 1.239/PIR_activity_1.239,2024-01-01 01:15:06,248,0.0
233034,/TM023_3_20_1.204/Lon/Net/Rum 1.239/PIR_activity_1.239,2024-01-01 01:14:06,248,0.0
233034,/TM023_3_20_1.204/Lon/Net/Rum 1.239/PIR_activity_1.239,2024-01-01 01:13:06,248,0.0
233034,/TM023_3_20_1.204/Lon/Net/Rum 1.239/PIR_activity_1.239,2024-01-01 01:12:06,248,0.0
233034,/TM023_3_20_1.204/Lon/Net/Rum 1.239/PIR_activity_1.239,2024-01-01 01:11:06,248,0.0
233034,/TM023_3_20_1.204/Lon/Net/Rum 1.239/PIR_activity_1.239,2024-01-01 01:10:06,248,0.0
233034,/TM023_3_20_1.204/Lon/Net/Rum 1.239/PIR_activity_1.239,2024-01-01 01:09:06,248,0.0
233034,/TM023_3_20_1.204/Lon/Net/Rum 1.239/PIR_activity_1.239,2024-01-01 01:08:06,248,0.0
233034,/TM023_3_20_1.204/Lon/Net/Rum 1.239/PIR_activity_1.239,2024-01-01 01:07:06,248,0.0
233034,/TM023_3_20_1.204/Lon/Net/Rum 1.239/PIR_activity_1.239,2024-01-01 01:06:06,248,0.0
233034,/TM023_3_20_1.204/Lon/Net/Rum 1.239/PIR_activity_1.239,2024-01-01 01:05:06,248,0.0
233034,/TM023_3_20_1.204/Lon/Net/Rum 1.239/PIR_activity_1.239,2024-01-01 01:04:06,248,0.0
233034,/TM023_3_20_1.204/Lon/Net/Rum 1.239/PIR_activity_1.239,2024-01-01 01:03:06,248,0.0
233034,/TM023_3_20_1.204/Lon/Net/Rum 1.239/PIR_activity_1.239,2024-01-01 01:02:06,248,0.0
233034,/TM023_3_20_1.204/Lon/Net/Rum 1.239/PIR_activity_1.239,2024-01-01 01:01:06,248,0.0
233034,/TM023_3_20_1.204/Lon/Net/Rum 1.239/PIR_activity_1.239,2024-01-01 01:00:06,248,0.0
233036,/TM023_3_20_1.204/Lon/Net/Rum 1.241/PIR_activity_1.241,2024-01-01 01:59:08,248,0.0
233036,/TM023_3_20_1.204/Lon/Net/Rum 1.241/PIR_activity_1.241,2024-01-01 01:58:08,248,0.0
233036,/TM023_3_20_1.204/Lon/Net/Rum 1.241/PIR_activity_1.241,2024-01-01 01:57:08,248,0.0
233036,/TM023_3_20_1.204/Lon/Net/Rum 1.241/PIR_activity_1.241,2024-01-01 01:56:08,248,0.0
233036,/TM023_3_20_1.204/Lon/Net/Rum 1.241/PIR_activity_1.241,2024-01-01 01:55:08,248,0.0
233036,/TM023_3_20_1.204/Lon/Net/Rum 1.241/PIR_activity_1.241,2024-01-01 01:54:08,248,0.0
233036,/TM023_3_20_1.204/Lon/Net/Rum 1.241/PIR_activity_1.241,2024-01-01 01:53:08,248,0.0
233036,/TM023_3_20_1.204/Lon/Net/Rum 1.241/PIR_activity_1.241,2024-01-01 01:52:08,248,0.0
233036,/TM023_3_20_1.204/Lon/Net/Rum 1.241/PIR_activity_1.241,2024-01-01 01:51:08,248,0.0
233036,/TM023_3_20_1.204/Lon/Net/Rum 1.241/PIR_activity_1.241,2024-01-01 01:50:08,248,0.0
233036,/TM023_3_20_1.204/Lon/Net/Rum 1.241/PIR_activity_1.241,2024-01-01 01:49:08,248,0.0
233036,/TM023_3_20_1.204/Lon/Net/Rum 1.241/PIR_activity_1.241,2024-01-01 01:48:08,248,0.0
233036,/TM023_3_20_1.204/Lon/Net/Rum 1.241/PIR_activity_1.241,2024-01-01 01:47:08,248,0.0
233036,/TM023_3_20_1.204/Lon/Net/Rum 1.241/PIR_activity_1.241,2024-01-01 01:46:08,248,0.0
233036,/TM023_3_20_1.204/Lon/Net/Rum 1.241/PIR_activity_1.241,2024-01-01 01:45:08,248,0.0
233036,/TM023_3_20_1.204/Lon/Net/Rum 1.241/PIR_activity_1.241,2024-01-01 01:44:08,248,0.0
233036,/TM023_3_20_1.204/Lon/Net/Rum 1.241/PIR_activity_1.241,2024-01-01 01:43:08,248,0.0
233036,/TM023_3_20_1.204/Lon/Net/Rum 1.241/PIR_activity_1.241,2024-01-01 01:42:08,248,0.0
233036,/TM023_3_20_1.204/Lon/Net/Rum 1.241/PIR_activity_1.241,2024-01-01 01:41:08,248,0.0
233036,/TM023_3_20_1.204/Lon/Net/Rum 1.241/PIR_activity_1.241,2024-01-01 01:40:08,248,0.0
233036,/TM023_3_20_1.204/Lon/Net/Rum 1.241/PIR_activity_1.241,2024-01-01 01:39:08,248,0.0
233036,/TM023_3_20_1.204/Lon/Net/Rum 1.241/PIR_activity_1.241,2024-01-01 01:38:08,248,0.0
233036,/TM023_3_20_1.204/Lon/Net/Rum 1.241/PIR_activity_1.241,2024-01-01 01:37:08,248,0.0
233036,/TM023_3_20_1.204/Lon/Net/Rum 1.241/PIR_activity_1.241,2024-01-01 01:36:08,248,0.0
233036,/TM023_3_20_1.204/Lon/Net/Rum 1.241/PIR_activity_1.241,2024-01-01 01:35:08,248,0.0
233036,/TM023_3_20_1.204/Lon/Net/Rum 1.241/PIR_activity_1.241,2024-01-01 01:34:08,248,0.0
233036,/TM023_3_20_1.204/Lon/Net/Rum 1.241/PIR_activity_1.241,2024-01-01 01:33:08,248,0.0
233036,/TM023_3_20_1.204/Lon/Net/Rum 1.241/PIR_activity_1.241,2024-01-01 01:32:08,248,0.0
233036,/TM023_3_20_1.204/Lon/Net/Rum 1.241/PIR_activity_1.241,2024-01-01 01:31:08,248,0.0
233036,/TM023_3_20_1.204/Lon/Net/Rum 1.241/PIR_activity_1.241,2024-01-01 01:30:08,248,0.0
233036,/TM023_3_20_1.204/Lon/Net/Rum 1.241/PIR_activity_1.241,2024-01-01 01:29:08,248,0.0
233036,/TM023_3_20_1.204/Lon/Net/Rum 1.241/PIR_activity_1.241,2024-01-01 01:28:08,248,0.0
233036,/TM023_3_20_1.204/Lon/Net/Rum 1.241/PIR_activity_1.241,2024-01-01 01:27:08,248,0.0
233036,/TM023_3_20_1.204/Lon/Net/Rum 1.241/PIR_activity_1.241,2024-01-01 01:26:08,248,0.0
233036,/TM023_3_20_1.204/Lon/Net/Rum 1.241/PIR_activity_1.241,2024-01-01 01:25:08,248,0.0
233036,/TM023_3_20_1.204/Lon/Net/Rum 1.241/PIR_activity_1.241,2024-01-01 01:24:08,248,0.0
233036,/TM023_3_20_1.204/Lon/Net/Rum 1.241/PIR_activity_1.241,2024-01-01 01:23:08,248,0.0
233036,/TM023_3_20_1.204/Lon/Net/Rum 1.241/PIR_activity_1.241,2024-01-01 01:22:08,248,0.0
233036,/TM023_3_20_1.204/Lon/Net/Rum 1.241/PIR_activity_1.241,2024-01-01 01:21:08,248,0.0
233036,/TM023_3_20_1.204/Lon/Net/Rum 1.241/PIR_activity_1.241,2024-01-01 01:20:08,248,0.0
233036,/TM023_3_20_1.204/Lon/Net/Rum 1.241/PIR_activity_1.241,2024-01-01 01:19:08,248,0.0
233036,/TM023_3_20_1.204/Lon/Net/Rum 1.241/PIR_activity_1.241,2024-01-01 01:18:08,248,0.0
233036,/TM023_3_20_1.204/Lon/Net/Rum 1.241/PIR_activity_1.241,2024-01-01 01:17:08,248,0.0
233036,/TM023_3_20_1.204/Lon/Net/Rum 1.241/PIR_activity_1.241,2024-01-01 01:16:08,248,0.0
233036,/TM023_3_20_1.204/Lon/Net/Rum 1.241/PIR_activity_1.241,2024-01-01 01:15:08,248,0.0
233036,/TM023_3_20_1.204/Lon/Net/Rum 1.241/PIR_activity_1.241,2024-01-01 01:14:08,248,0.0
233036,/TM023_3_20_1.204/Lon/Net/Rum 1.241/PIR_activity_1.241,2024-01-01 01:13:08,248,0.0
233036,/TM023_3_20_1.204/Lon/Net/Rum 1.241/PIR_activity_1.241,2024-01-01 01:12:08,248,0.0
233036,/TM023_3_20_1.204/Lon/Net/Rum 1.241/PIR_activity_1.241,2024-01-01 01:11:08,248,0.0
233036,/TM023_3_20_1.204/Lon/Net/Rum 1.241/PIR_activity_1.241,2024-01-01 01:10:08,248,0.0
233036,/TM023_3_20_1.204/Lon/Net/Rum 1.241/PIR_activity_1.241,2024-01-01 01:09:08,248,0.0
233036,/TM023_3_20_1.204/Lon/Net/Rum 1.241/PIR_activity_1.241,2024-01-01 01:08:08,248,0.0
233036,/TM023_3_20_1.204/Lon/Net/Rum 1.241/PIR_activity_1.241,2024-01-01 01:07:08,248,0.0
233036,/TM023_3_20_1.204/Lon/Net/Rum 1.241/PIR_activity_1.241,2024-01-01 01:06:08,248,0.0
233036,/TM023_3_20_1.204/Lon/Net/Rum 1.241/PIR_activity_1.241,2024-01-01 01:05:08,248,0.0
233036,/TM023_3_20_1.204/Lon/Net/Rum 1.241/PIR_activity_1.241,2024-01-01 01:04:08,248,0.0
233036,/TM023_3_20_1.204/Lon/Net/Rum 1.241/PIR_activity_1.241,2024-01-01 01:03:08,248,0.0
233036,/TM023_3_20_1.204/Lon/Net/Rum 1.241/PIR_activity_1.241,2024-01-01 01:02:08,248,0.0
233036,/TM023_3_20_1.204/Lon/Net/Rum 1.241/PIR_activity_1.241,2024-01-01 01:01:08,248,0.0
233036,/TM023_3_20_1.204/Lon/Net/Rum 1.241/PIR_activity_1.241,2024-01-01 01:00:08,248,0.0
233037,/TM023_3_21_1.204/Lon/Net/Rum 1.242/PIR_activity_1.242,2024-01-01 01:59:09,248,0.0
233037,/TM023_3_21_1.204/Lon/Net/Rum 1.242/PIR_activity_1.242,2024-01-01 01:58:09,248,0.0
233037,/TM023_3_21_1.204/Lon/Net/Rum 1.242/PIR_activity_1.242,2024-01-01 01:57:09,248,0.0
233037,/TM023_3_21_1.204/Lon/Net/Rum 1.242/PIR_activity_1.242,2024-01-01 01:56:09,248,0.0
233037,/TM023_3_21_1.204/Lon/Net/Rum 1.242/PIR_activity_1.242,2024-01-01 01:55:09,248,0.0
233037,/TM023_3_21_1.204/Lon/Net/Rum 1.242/PIR_activity_1.242,2024-01-01 01:54:09,248,0.0
233037,/TM023_3_21_1.204/Lon/Net/Rum 1.242/PIR_activity_1.242,2024-01-01 01:53:09,248,0.0
233037,/TM023_3_21_1.204/Lon/Net/Rum 1.242/PIR_activity_1.242,2024-01-01 01:52:09,248,0.0
233037,/TM023_3_21_1.204/Lon/Net/Rum 1.242/PIR_activity_1.242,2024-01-01 01:51:09,248,0.0
233037,/TM023_3_21_1.204/Lon/Net/Rum 1.242/PIR_activity_1.242,2024-01-01 01:50:09,248,0.0
233037,/TM023_3_21_1.204/Lon/Net/Rum 1.242/PIR_activity_1.242,2024-01-01 01:49:09,248,0.0
233037,/TM023_3_21_1.204/Lon/Net/Rum 1.242/PIR_activity_1.242,2024-01-01 01:48:09,248,0.0
233037,/TM023_3_21_1.204/Lon/Net/Rum 1.242/PIR_activity_1.242,2024-01-01 01:47:09,248,0.0
233037,/TM023_3_21_1.204/Lon/Net/Rum 1.242/PIR_activity_1.242,2024-01-01 01:46:09,248,0.0
233037,/TM023_3_21_1.204/Lon/Net/Rum 1.242/PIR_activity_1.242,2024-01-01 01:45:09,248,0.0
233037,/TM023_3_21_1.204/Lon/Net/Rum 1.242/PIR_activity_1.242,2024-01-01 01:44:09,248,0.0
233037,/TM023_3_21_1.204/Lon/Net/Rum 1.242/PIR_activity_1.242,2024-01-01 01:43:09,248,0.0
233037,/TM023_3_21_1.204/Lon/Net/Rum 1.242/PIR_activity_1.242,2024-01-01 01:42:09,248,0.0
233037,/TM023_3_21_1.204/Lon/Net/Rum 1.242/PIR_activity_1.242,2024-01-01 01:41:09,248,0.0
233037,/TM023_3_21_1.204/Lon/Net/Rum 1.242/PIR_activity_1.242,2024-01-01 01:40:09,248,0.0
233037,/TM023_3_21_1.204/Lon/Net/Rum 1.242/PIR_activity_1.242,2024-01-01 01:39:09,248,0.0
233037,/TM023_3_21_1.204/Lon/Net/Rum 1.242/PIR_activity_1.242,2024-01-01 01:38:09,248,0.0
233037,/TM023_3_21_1.204/Lon/Net/Rum 1.242/PIR_activity_1.242,2024-01-01 01:37:09,248,0.0
233037,/TM023_3_21_1.204/Lon/Net/Rum 1.242/PIR_activity_1.242,2024-01-01 01:36:09,248,0.0
233037,/TM023_3_21_1.204/Lon/Net/Rum 1.242/PIR_activity_1.242,2024-01-01 01:35:09,248,0.0
233037,/TM023_3_21_1.204/Lon/Net/Rum 1.242/PIR_activity_1.242,2024-01-01 01:34:09,248,0.0
233037,/TM023_3_21_1.204/Lon/Net/Rum 1.242/PIR_activity_1.242,2024-01-01 01:33:09,248,0.0
233037,/TM023_3_21_1.204/Lon/Net/Rum 1.242/PIR_activity_1.242,2024-01-01 01:32:09,248,0.0
233037,/TM023_3_21_1.204/Lon/Net/Rum 1.242/PIR_activity_1.242,2024-01-01 01:31:09,248,0.0
233037,/TM023_3_21_1.204/Lon/Net/Rum 1.242/PIR_activity_1.242,2024-01-01 01:30:09,248,0.0
233037,/TM023_3_21_1.204/Lon/Net/Rum 1.242/PIR_activity_1.242,2024-01-01 01:29:09,248,0.0
233037,/TM023_3_21_1.204/Lon/Net/Rum 1.242/PIR_activity_1.242,2024-01-01 01:28:09,248,0.0
233037,/TM023_3_21_1.204/Lon/Net/Rum 1.242/PIR_activity_1.242,2024-01-01 01:27:09,248,0.0
233037,/TM023_3_21_1.204/Lon/Net/Rum 1.242/PIR_activity_1.242,2024-01-01 01:26:09,248,0.0
233037,/TM023_3_21_1.204/Lon/Net/Rum 1.242/PIR_activity_1.242,2024-01-01 01:25:09,248,0.0
233037,/TM023_3_21_1.204/Lon/Net/Rum 1.242/PIR_activity_1.242,2024-01-01 01:24:09,248,0.0
233037,/TM023_3_21_1.204/Lon/Net/Rum 1.242/PIR_activity_1.242,2024-01-01 01:23:09,248,0.0
233037,/TM023_3_21_1.204/Lon/Net/Rum 1.242/PIR_activity_1.242,2024-01-01 01:22:09,248,0.0
233037,/TM023_3_21_1.204/Lon/Net/Rum 1.242/PIR_activity_1.242,2024-01-01 01:21:09,248,0.0
233037,/TM023_3_21_1.204/Lon/Net/Rum 1.242/PIR_activity_1.242,2024-01-01 01:20:09,248,0.0
233037,/TM023_3_21_1.204/Lon/Net/Rum 1.242/PIR_activity_1.242,2024-01-01 01:19:09,248,0.0
233037,/TM023_3_21_1.204/Lon/Net/Rum 1.242/PIR_activity_1.242,2024-01-01 01:18:09,248,0.0
233037,/TM023_3_21_1.204/Lon/Net/Rum 1.242/PIR_activity_1.242,2024-01-01 01:17:09,248,0.0
233037,/TM023_3_21_1.204/Lon/Net/Rum 1.242/PIR_activity_1.242,2024-01-01 01:16:09,248,0.0
233037,/TM023_3_21_1.204/Lon/Net/Rum 1.242/PIR_activity_1.242,2024-01-01 01:15:09,248,0.0
233037,/TM023_3_21_1.204/Lon/Net/Rum 1.242/PIR_activity_1.242,2024-01-01 01:14:09,248,0.0
233037,/TM023_3_21_1.204/Lon/Net/Rum 1.242/PIR_activity_1.242,2024-01-01 01:13:09,248,0.0
233037,/TM023_3_21_1.204/Lon/Net/Rum 1.242/PIR_activity_1.242,2024-01-01 01:12:09,248,0.0
233037,/TM023_3_21_1.204/Lon/Net/Rum 1.242/PIR_activity_1.242,2024-01-01 01:11:09,248,0.0
233037,/TM023_3_21_1.204/Lon/Net/Rum 1.242/PIR_activity_1.242,2024-01-01 01:10:09,248,0.0
233037,/TM023_3_21_1.204/Lon/Net/Rum 1.242/PIR_activity_1.242,2024-01-01 01:09:09,248,0.0
233037,/TM023_3_21_1.204/Lon/Net/Rum 1.242/PIR_activity_1.242,2024-01-01 01:08:09,248,0.0
233037,/TM023_3_21_1.204/Lon/Net/Rum 1.242/PIR_activity_1.242,2024-01-01 01:07:09,248,0.0
233037,/TM023_3_21_1.204/Lon/Net/Rum 1.242/PIR_activity_1.242,2024-01-01 01:06:09,248,0.0
233037,/TM023_3_21_1.204/Lon/Net/Rum 1.242/PIR_activity_1.242,2024-01-01 01:05:09,248,0.0
233037,/TM023_3_21_1.204/Lon/Net/Rum 1.242/PIR_activity_1.242,2024-01-01 01:04:09,248,0.0
233037,/TM023_3_21_1.204/Lon/Net/Rum 1.242/PIR_activity_1.242,2024-01-01 01:03:09,248,0.0
233037,/TM023_3_21_1.204/Lon/Net/Rum 1.242/PIR_activity_1.242,2024-01-01 01:02:09,248,0.0
233037,/TM023_3_21_1.204/Lon/Net/Rum 1.242/PIR_activity_1.242,2024-01-01 01:01:09,248,0.0
233037,/TM023_3_21_1.204/Lon/Net/Rum 1.242/PIR_activity_1.242,2024-01-01 01:00:09,248,0.0
233038,/TM023_3_20_1.204/Lon/Net/Rum 1.243/PIR_activity_1.243,2024-01-01 01:59:10,248,0.0
233038,/TM023_3_20_1.204/Lon/Net/Rum 1.243/PIR_activity_1.243,2024-01-01 01:58:10,248,0.0
233038,/TM023_3_20_1.204/Lon/Net/Rum 1.243/PIR_activity_1.243,2024-01-01 01:57:10,248,0.0
233038,/TM023_3_20_1.204/Lon/Net/Rum 1.243/PIR_activity_1.243,2024-01-01 01:56:10,248,0.0
233038,/TM023_3_20_1.204/Lon/Net/Rum 1.243/PIR_activity_1.243,2024-01-01 01:55:10,248,0.0
233038,/TM023_3_20_1.204/Lon/Net/Rum 1.243/PIR_activity_1.243,2024-01-01 01:54:10,248,0.0
233038,/TM023_3_20_1.204/Lon/Net/Rum 1.243/PIR_activity_1.243,2024-01-01 01:53:10,248,0.0
233038,/TM023_3_20_1.204/Lon/Net/Rum 1.243/PIR_activity_1.243,2024-01-01 01:52:10,248,0.0
233038,/TM023_3_20_1.204/Lon/Net/Rum 1.243/PIR_activity_1.243,2024-01-01 01:51:10,248,0.0
233038,/TM023_3_20_1.204/Lon/Net/Rum 1.243/PIR_activity_1.243,2024-01-01 01:50:10,248,0.0
233038,/TM023_3_20_1.204/Lon/Net/Rum 1.243/PIR_activity_1.243,2024-01-01 01:49:10,248,0.0
233038,/TM023_3_20_1.204/Lon/Net/Rum 1.243/PIR_activity_1.243,2024-01-01 01:48:10,248,0.0
233038,/TM023_3_20_1.204/Lon/Net/Rum 1.243/PIR_activity_1.243,2024-01-01 01:47:10,248,0.0
233038,/TM023_3_20_1.204/Lon/Net/Rum 1.243/PIR_activity_1.243,2024-01-01 01:46:10,248,0.0
233038,/TM023_3_20_1.204/Lon/Net/Rum 1.243/PIR_activity_1.243,2024-01-01 01:45:10,248,0.0
233038,/TM023_3_20_1.204/Lon/Net/Rum 1.243/PIR_activity_1.243,2024-01-01 01:44:10,248,0.0
233038,/TM023_3_20_1.204/Lon/Net/Rum 1.243/PIR_activity_1.243,2024-01-01 01:43:10,248,0.0
233038,/TM023_3_20_1.204/Lon/Net/Rum 1.243/PIR_activity_1.243,2024-01-01 01:42:10,248,0.0
233038,/TM023_3_20_1.204/Lon/Net/Rum 1.243/PIR_activity_1.243,2024-01-01 01:41:10,248,0.0
233038,/TM023_3_20_1.204/Lon/Net/Rum 1.243/PIR_activity_1.243,2024-01-01 01:40:10,248,0.0
233038,/TM023_3_20_1.204/Lon/Net/Rum 1.243/PIR_activity_1.243,2024-01-01 01:39:10,248,0.0
233038,/TM023_3_20_1.204/Lon/Net/Rum 1.243/PIR_activity_1.243,2024-01-01 01:38:10,248,0.0
233038,/TM023_3_20_1.204/Lon/Net/Rum 1.243/PIR_activity_1.243,2024-01-01 01:37:10,248,0.0
233038,/TM023_3_20_1.204/Lon/Net/Rum 1.243/PIR_activity_1.243,2024-01-01 01:36:10,248,0.0
233038,/TM023_3_20_1.204/Lon/Net/Rum 1.243/PIR_activity_1.243,2024-01-01 01:35:10,248,0.0
233038,/TM023_3_20_1.204/Lon/Net/Rum 1.243/PIR_activity_1.243,2024-01-01 01:34:10,248,0.0
233038,/TM023_3_20_1.204/Lon/Net/Rum 1.243/PIR_activity_1.243,2024-01-01 01:33:10,248,0.0
233038,/TM023_3_20_1.204/Lon/Net/Rum 1.243/PIR_activity_1.243,2024-01-01 01:32:10,248,0.0
233038,/TM023_3_20_1.204/Lon/Net/Rum 1.243/PIR_activity_1.243,2024-01-01 01:31:10,248,0.0
233038,/TM023_3_20_1.204/Lon/Net/Rum 1.243/PIR_activity_1.243,2024-01-01 01:30:10,248,0.0
233038,/TM023_3_20_1.204/Lon/Net/Rum 1.243/PIR_activity_1.243,2024-01-01 01:29:10,248,0.0
233038,/TM023_3_20_1.204/Lon/Net/Rum 1.243/PIR_activity_1.243,2024-01-01 01:28:10,248,0.0
233038,/TM023_3_20_1.204/Lon/Net/Rum 1.243/PIR_activity_1.243,2024-01-01 01:27:10,248,0.0
233038,/TM023_3_20_1.204/Lon/Net/Rum 1.243/PIR_activity_1.243,2024-01-01 01:26:10,248,0.0
233038,/TM023_3_20_1.204/Lon/Net/Rum 1.243/PIR_activity_1.243,2024-01-01 01:25:10,248,0.0
233038,/TM023_3_20_1.204/Lon/Net/Rum 1.243/PIR_activity_1.243,2024-01-01 01:24:10,248,0.0
233038,/TM023_3_20_1.204/Lon/Net/Rum 1.243/PIR_activity_1.243,2024-01-01 01:23:10,248,0.0
233038,/TM023_3_20_1.204/Lon/Net/Rum 1.243/PIR_activity_1.243,2024-01-01 01:22:10,248,0.0
233038,/TM023_3_20_1.204/Lon/Net/Rum 1.243/PIR_activity_1.243,2024-01-01 01:21:10,248,0.0
233038,/TM023_3_20_1.204/Lon/Net/Rum 1.243/PIR_activity_1.243,2024-01-01 01:20:10,248,0.0
233038,/TM023_3_20_1.204/Lon/Net/Rum 1.243/PIR_activity_1.243,2024-01-01 01:19:10,248,0.0
233038,/TM023_3_20_1.204/Lon/Net/Rum 1.243/PIR_activity_1.243,2024-01-01 01:18:10,248,0.0
233038,/TM023_3_20_1.204/Lon/Net/Rum 1.243/PIR_activity_1.243,2024-01-01 01:17:10,248,0.0
233038,/TM023_3_20_1.204/Lon/Net/Rum 1.243/PIR_activity_1.243,2024-01-01 01:16:10,248,0.0
233038,/TM023_3_20_1.204/Lon/Net/Rum 1.243/PIR_activity_1.243,2024-01-01 01:15:10,248,0.0
233038,/TM023_3_20_1.204/Lon/Net/Rum 1.243/PIR_activity_1.243,2024-01-01 01:14:10,248,0.0
233038,/TM023_3_20_1.204/Lon/Net/Rum 1.243/PIR_activity_1.243,2024-01-01 01:13:10,248,0.0
233038,/TM023_3_20_1.204/Lon/Net/Rum 1.243/PIR_activity_1.243,2024-01-01 01:12:10,248,0.0
233038,/TM023_3_20_1.204/Lon/Net/Rum 1.243/PIR_activity_1.243,2024-01-01 01:11:10,248,0.0
233038,/TM023_3_20_1.204/Lon/Net/Rum 1.243/PIR_activity_1.243,2024-01-01 01:10:10,248,0.0
233038,/TM023_3_20_1.204/Lon/Net/Rum 1.243/PIR_activity_1.243,2024-01-01 01:09:10,248,0.0
233038,/TM023_3_20_1.204/Lon/Net/Rum 1.243/PIR_activity_1.243,2024-01-01 01:08:10,248,0.0
233038,/TM023_3_20_1.204/Lon/Net/Rum 1.243/PIR_activity_1.243,2024-01-01 01:07:10,248,0.0
233038,/TM023_3_20_1.204/Lon/Net/Rum 1.243/PIR_activity_1.243,2024-01-01 01:06:10,248,0.0
233038,/TM023_3_20_1.204/Lon/Net/Rum 1.243/PIR_activity_1.243,2024-01-01 01:05:10,248,0.0
233038,/TM023_3_20_1.204/Lon/Net/Rum 1.243/PIR_activity_1.243,2024-01-01 01:04:10,248,0.0
233038,/TM023_3_20_1.204/Lon/Net/Rum 1.243/PIR_activity_1.243,2024-01-01 01:03:10,248,0.0
233038,/TM023_3_20_1.204/Lon/Net/Rum 1.243/PIR_activity_1.243,2024-01-01 01:02:10,248,0.0
233038,/TM023_3_20_1.204/Lon/Net/Rum 1.243/PIR_activity_1.243,2024-01-01 01:01:10,248,0.0
233038,/TM023_3_20_1.204/Lon/Net/Rum 1.243/PIR_activity_1.243,2024-01-01 01:00:10,248,0.0
236400,/TM023_1_20_1101/R 1.015/PIR_Activity_1.015,2024-01-01 01:59:12,248,0.0
236400,/TM023_1_20_1101/R 1.015/PIR_Activity_1.015,2024-01-01 01:58:12,248,0.0
236400,/TM023_1_20_1101/R 1.015/PIR_Activity_1.015,2024-01-01 01:57:12,248,0.0
236400,/TM023_1_20_1101/R 1.015/PIR_Activity_1.015,2024-01-01 01:56:12,248,0.0
236400,/TM023_1_20_1101/R 1.015/PIR_Activity_1.015,2024-01-01 01:55:12,248,0.0
236400,/TM023_1_20_1101/R 1.015/PIR_Activity_1.015,2024-01-01 01:54:12,248,0.0
236400,/TM023_1_20_1101/R 1.015/PIR_Activity_1.015,2024-01-01 01:53:12,248,0.0
236400,/TM023_1_20_1101/R 1.015/PIR_Activity_1.015,2024-01-01 01:52:12,248,0.0
236400,/TM023_1_20_1101/R 1.015/PIR_Activity_1.015,2024-01-01 01:51:12,248,0.0
236400,/TM023_1_20_1101/R 1.015/PIR_Activity_1.015,2024-01-01 01:50:12,248,0.0
236400,/TM023_1_20_1101/R 1.015/PIR_Activity_1.015,2024-01-01 01:49:12,248,0.0
236400,/TM023_1_20_1101/R 1.015/PIR_Activity_1.015,2024-01-01 01:48:12,248,0.0
236400,/TM023_1_20_1101/R 1.015/PIR_Activity_1.015,2024-01-01 01:47:12,248,0.0
236400,/TM023_1_20_1101/R 1.015/PIR_Activity_1.015,2024-01-01 01:46:12,248,0.0
236400,/TM023_1_20_1101/R 1.015/PIR_Activity_1.015,2024-01-01 01:45:12,248,0.0
236400,/TM023_1_20_1101/R 1.015/PIR_Activity_1.015,2024-01-01 01:44:12,248,0.0
236400,/TM023_1_20_1101/R 1.015/PIR_Activity_1.015,2024-01-01 01:43:12,248,0.0
236400,/TM023_1_20_1101/R 1.015/PIR_Activity_1.015,2024-01-01 01:42:12,248,0.0
236400,/TM023_1_20_1101/R 1.015/PIR_Activity_1.015,2024-01-01 01:41:12,248,0.0
236400,/TM023_1_20_1101/R 1.015/PIR_Activity_1.015,2024-01-01 01:40:12,248,0.0
236400,/TM023_1_20_1101/R 1.015/PIR_Activity_1.015,2024-01-01 01:39:12,248,0.0
236400,/TM023_1_20_1101/R 1.015/PIR_Activity_1.015,2024-01-01 01:38:12,248,0.0
236400,/TM023_1_20_1101/R 1.015/PIR_Activity_1.015,2024-01-01 01:37:12,248,0.0
236400,/TM023_1_20_1101/R 1.015/PIR_Activity_1.015,2024-01-01 01:36:12,248,0.0
236400,/TM023_1_20_1101/R 1.015/PIR_Activity_1.015,2024-01-01 01:35:12,248,0.0
236400,/TM023_1_20_1101/R 1.015/PIR_Activity_1.015,2024-01-01 01:34:12,248,0.0
236400,/TM023_1_20_1101/R 1.015/PIR_Activity_1.015,2024-01-01 01:33:12,248,0.0
236400,/TM023_1_20_1101/R 1.015/PIR_Activity_1.015,2024-01-01 01:32:12,248,0.0
236400,/TM023_1_20_1101/R 1.015/PIR_Activity_1.015,2024-01-01 01:31:12,248,0.0
236400,/TM023_1_20_1101/R 1.015/PIR_Activity_1.015,2024-01-01 01:30:12,248,0.0
236400,/TM023_1_20_1101/R 1.015/PIR_Activity_1.015,2024-01-01 01:29:12,248,0.0
236400,/TM023_1_20_1101/R 1.015/PIR_Activity_1.015,2024-01-01 01:28:12,248,0.0
236400,/TM023_1_20_1101/R 1.015/PIR_Activity_1.015,2024-01-01 01:27:12,248,0.0
236400,/TM023_1_20_1101/R 1.015/PIR_Activity_1.015,2024-01-01 01:26:12,248,0.0
236400,/TM023_1_20_1101/R 1.015/PIR_Activity_1.015,2024-01-01 01:25:12,248,0.0
236400,/TM023_1_20_1101/R 1.015/PIR_Activity_1.015,2024-01-01 01:24:12,248,0.0
236400,/TM023_1_20_1101/R 1.015/PIR_Activity_1.015,2024-01-01 01:23:12,248,0.0
236400,/TM023_1_20_1101/R 1.015/PIR_Activity_1.015,2024-01-01 01:22:12,248,0.0
236400,/TM023_1_20_1101/R 1.015/PIR_Activity_1.015,2024-01-01 01:21:12,248,0.0
236400,/TM023_1_20_1101/R 1.015/PIR_Activity_1.015,2024-01-01 01:20:12,248,0.0
236400,/TM023_1_20_1101/R 1.015/PIR_Activity_1.015,2024-01-01 01:19:12,248,0.0
236400,/TM023_1_20_1101/R 1.015/PIR_Activity_1.015,2024-01-01 01:18:12,248,0.0
236400,/TM023_1_20_1101/R 1.015/PIR_Activity_1.015,2024-01-01 01:17:12,248,0.0
236400,/TM023_1_20_1101/R 1.015/PIR_Activity_1.015,2024-01-01 01:16:12,248,0.0
236400,/TM023_1_20_1101/R 1.015/PIR_Activity_1.015,2024-01-01 01:15:12,248,0.0
236400,/TM023_1_20_1101/R 1.015/PIR_Activity_1.015,2024-01-01 01:14:12,248,0.0
236400,/TM023_1_20_1101/R 1.015/PIR_Activity_1.015,2024-01-01 01:13:12,248,0.0
236400,/TM023_1_20_1101/R 1.015/PIR_Activity_1.015,2024-01-01 01:12:12,248,0.0
236400,/TM023_1_20_1101/R 1.015/PIR_Activity_1.015,2024-01-01 01:11:12,248,0.0
236400,/TM023_1_20_1101/R 1.015/PIR_Activity_1.015,2024-01-01 01:10:12,248,0.0
236400,/TM023_1_20_1101/R 1.015/PIR_Activity_1.015,2024-01-01 01:09:12,248,0.0
236400,/TM023_1_20_1101/R 1.015/PIR_Activity_1.015,2024-01-01 01:08:12,248,0.0
236400,/TM023_1_20_1101/R 1.015/PIR_Activity_1.015,2024-01-01 01:07:12,248,0.0
236400,/TM023_1_20_1101/R 1.015/PIR_Activity_1.015,2024-01-01 01:06:12,248,0.0
236400,/TM023_1_20_1101/R 1.015/PIR_Activity_1.015,2024-01-01 01:05:12,248,0.0
236400,/TM023_1_20_1101/R 1.015/PIR_Activity_1.015,2024-01-01 01:04:12,248,0.0
236400,/TM023_1_20_1101/R 1.015/PIR_Activity_1.015,2024-01-01 01:03:12,248,0.0
236400,/TM023_1_20_1101/R 1.015/PIR_Activity_1.015,2024-01-01 01:02:12,248,0.0
236400,/TM023_1_20_1101/R 1.015/PIR_Activity_1.015,2024-01-01 01:01:12,248,0.0
236400,/TM023_1_20_1101/R 1.015/PIR_Activity_1.015,2024-01-01 01:00:12,248,0.0
236404,/TM023_1_20_1103/R 1.001/PIR_Activity_1.001,2024-01-01 02:00:00,248,0.0
236404,/TM023_1_20_1103/R 1.001/PIR_Activity_1.001,2024-01-01 01:59:00,248,0.0
236404,/TM023_1_20_1103/R 1.001/PIR_Activity_1.001,2024-01-01 01:58:00,248,0.0
236404,/TM023_1_20_1103/R 1.001/PIR_Activity_1.001,2024-01-01 01:57:00,248,0.0
236404,/TM023_1_20_1103/R 1.001/PIR_Activity_1.001,2024-01-01 01:56:00,248,0.0
236404,/TM023_1_20_1103/R 1.001/PIR_Activity_1.001,2024-01-01 01:55:00,248,0.0
236404,/TM023_1_20_1103/R 1.001/PIR_Activity_1.001,2024-01-01 01:54:00,248,0.0
236404,/TM023_1_20_1103/R 1.001/PIR_Activity_1.001,2024-01-01 01:53:00,248,0.0
236404,/TM023_1_20_1103/R 1.001/PIR_Activity_1.001,2024-01-01 01:52:00,248,0.0
236404,/TM023_1_20_1103/R 1.001/PIR_Activity_1.001,2024-01-01 01:51:00,248,0.0
236404,/TM023_1_20_1103/R 1.001/PIR_Activity_1.001,2024-01-01 01:50:00,248,0.0
236404,/TM023_1_20_1103/R 1.001/PIR_Activity_1.001,2024-01-01 01:49:00,248,0.0
236404,/TM023_1_20_1103/R 1.001/PIR_Activity_1.001,2024-01-01 01:48:00,248,0.0
236404,/TM023_1_20_1103/R 1.001/PIR_Activity_1.001,2024-01-01 01:47:00,248,0.0
236404,/TM023_1_20_1103/R 1.001/PIR_Activity_1.001,2024-01-01 01:46:00,248,0.0
236404,/TM023_1_20_1103/R 1.001/PIR_Activity_1.001,2024-01-01 01:45:00,248,0.0
236404,/TM023_1_20_1103/R 1.001/PIR_Activity_1.001,2024-01-01 01:44:00,248,0.0
236404,/TM023_1_20_1103/R 1.001/PIR_Activity_1.001,2024-01-01 01:43:00,248,0.0
236404,/TM023_1_20_1103/R 1.001/PIR_Activity_1.001,2024-01-01 01:42:00,248,0.0
236404,/TM023_1_20_1103/R 1.001/PIR_Activity_1.001,2024-01-01 01:41:00,248,0.0
236404,/TM023_1_20_1103/R 1.001/PIR_Activity_1.001,2024-01-01 01:40:00,248,0.0
236404,/TM023_1_20_1103/R 1.001/PIR_Activity_1.001,2024-01-01 01:39:00,248,0.0
236404,/TM023_1_20_1103/R 1.001/PIR_Activity_1.001,2024-01-01 01:38:00,248,0.0
236404,/TM023_1_20_1103/R 1.001/PIR_Activity_1.001,2024-01-01 01:37:00,248,0.0
236404,/TM023_1_20_1103/R 1.001/PIR_Activity_1.001,2024-01-01 01:36:00,248,0.0
236404,/TM023_1_20_1103/R 1.001/PIR_Activity_1.001,2024-01-01 01:35:00,248,0.0
236404,/TM023_1_20_1103/R 1.001/PIR_Activity_1.001,2024-01-01 01:34:00,248,0.0
236404,/TM023_1_20_1103/R 1.001/PIR_Activity_1.001,2024-01-01 01:33:00,248,0.0
236404,/TM023_1_20_1103/R 1.001/PIR_Activity_1.001,2024-01-01 01:32:00,248,0.0
236404,/TM023_1_20_1103/R 1.001/PIR_Activity_1.001,2024-01-01 01:31:00,248,0.0
236404,/TM023_1_20_1103/R 1.001/PIR_Activity_1.001,2024-01-01 01:30:00,248,0.0
236404,/TM023_1_20_1103/R 1.001/PIR_Activity_1.001,2024-01-01 01:29:00,248,0.0
236404,/TM023_1_20_1103/R 1.001/PIR_Activity_1.001,2024-01-01 01:28:00,248,0.0
236404,/TM023_1_20_1103/R 1.001/PIR_Activity_1.001,2024-01-01 01:27:00,248,0.0
236404,/TM023_1_20_1103/R 1.001/PIR_Activity_1.001,2024-01-01 01:26:00,248,0.0
236404,/TM023_1_20_1103/R 1.001/PIR_Activity_1.001,2024-01-01 01:25:00,248,0.0
236404,/TM023_1_20_1103/R 1.001/PIR_Activity_1.001,2024-01-01 01:24:00,248,0.0
236404,/TM023_1_20_1103/R 1.001/PIR_Activity_1.001,2024-01-01 01:23:00,248,0.0
236404,/TM023_1_20_1103/R 1.001/PIR_Activity_1.001,2024-01-01 01:22:00,248,0.0
236404,/TM023_1_20_1103/R 1.001/PIR_Activity_1.001,2024-01-01 01:21:00,248,0.0
236404,/TM023_1_20_1103/R 1.001/PIR_Activity_1.001,2024-01-01 01:20:00,248,0.0
236404,/TM023_1_20_1103/R 1.001/PIR_Activity_1.001,2024-01-01 01:19:00,248,0.0
236404,/TM023_1_20_1103/R 1.001/PIR_Activity_1.001,2024-01-01 01:18:00,248,0.0
236404,/TM023_1_20_1103/R 1.001/PIR_Activity_1.001,2024-01-01 01:17:00,248,0.0
236404,/TM023_1_20_1103/R 1.001/PIR_Activity_1.001,2024-01-01 01:16:00,248,0.0
236404,/TM023_1_20_1103/R 1.001/PIR_Activity_1.001,2024-01-01 01:15:00,248,0.0
236404,/TM023_1_20_1103/R 1.001/PIR_Activity_1.001,2024-01-01 01:14:00,248,0.0
236404,/TM023_1_20_1103/R 1.001/PIR_Activity_1.001,2024-01-01 01:13:00,248,0.0
236404,/TM023_1_20_1103/R 1.001/PIR_Activity_1.001,2024-01-01 01:12:00,248,0.0
236404,/TM023_1_20_1103/R 1.001/PIR_Activity_1.001,2024-01-01 01:11:00,248,0.0
236404,/TM023_1_20_1103/R 1.001/PIR_Activity_1.001,2024-01-01 01:10:00,248,0.0
236404,/TM023_1_20_1103/R 1.001/PIR_Activity_1.001,2024-01-01 01:09:00,248,0.0
236404,/TM023_1_20_1103/R 1.001/PIR_Activity_1.001,2024-01-01 01:08:00,248,0.0
236404,/TM023_1_20_1103/R 1.001/PIR_Activity_1.001,2024-01-01 01:07:00,248,0.0
236404,/TM023_1_20_1103/R 1.001/PIR_Activity_1.001,2024-01-01 01:06:00,248,0.0
236404,/TM023_1_20_1103/R 1.001/PIR_Activity_1.001,2024-01-01 01:05:00,248,0.0
236404,/TM023_1_20_1103/R 1.001/PIR_Activity_1.001,2024-01-01 01:04:00,248,0.0
236404,/TM023_1_20_1103/R 1.001/PIR_Activity_1.001,2024-01-01 01:03:00,248,0.0
236404,/TM023_1_20_1103/R 1.001/PIR_Activity_1.001,2024-01-01 01:02:00,248,0.0
236404,/TM023_1_20_1103/R 1.001/PIR_Activity_1.001,2024-01-01 01:01:00,248,0.0
