Current index: 800
y0: [[-0.7807774 , -0.60344285, -0.6054191 , -0.25210258, -0.90544176, -0.6593446 ]]
controls_seq: [[[-0.21197945, -0.52188677, -0.94156855, -0.04885633, -0.5977948 , -0.9416207 , -0.13780382, -0.2760941 , -0.94158506, -0.12150245, -0.37228563, -7.8925147 , -0.16395567, -0.36317262, -0.94156295, -0.3263173 , -0.23212627, -0.9415473 ,  0.97722167, -0.01097303, -0.86921525, -0.5609732 , -0.5639467 , -0.5827069 , -0.329892  , -0.3484124 , -0.20241508,  1.6792222 , -0.33475283,  2.122193  , -0.20059635,  2.075268  , -0.2822355 , -0.50633967, -0.56420237, -0.46728283]]]
t_span: [0.]

Current index: 801
y0: [[-0.7522212 , -0.6363418 , -0.6479861 , -0.2555043 , -0.84418505, -0.685888  ]]
controls_seq: [[[-2.1197945e-01, -5.2188677e-01, -9.4156855e-01, -4.8856325e-02, -5.9779477e-01, -9.4162071e-01, -1.3780382e-01, -2.7609411e-01, -9.4158506e-01, -1.2150245e-01, -3.7228563e-01, -7.8925147e+00, -1.6395567e-01, -3.6317262e-01, -9.4156295e-01, -3.2631731e-01, -2.3212627e-01, -9.4154727e-01,  9.8759925e-01, -3.9696158e-03, -8.9200306e-01, -5.6097323e-01, -5.6394672e-01, -5.8270693e-01, -3.2989201e-01, -3.4841239e-01, -2.0241508e-01,  1.6792222e+00, -3.3475283e-01,  2.1221931e+00, -2.0059635e-01,  2.0752680e+00, -2.8223550e-01, -5.0633967e-01, -5.6420237e-01, -4.6728283e-01]]]
t_span: [0.]

Current index: 802
y0: [[-0.73053414, -0.6638023 , -0.6702242 , -0.2575546 , -0.80381477, -0.69092464]]
controls_seq: [[[-2.1197945e-01, -5.2188677e-01, -9.4156855e-01, -4.8856325e-02, -5.9779477e-01, -9.4162071e-01, -1.3780382e-01, -2.7609411e-01, -9.4158506e-01, -1.2150245e-01, -3.7228563e-01, -7.8925147e+00, -1.6395567e-01, -3.6317262e-01, -9.4156295e-01, -3.2631731e-01, -2.3212627e-01, -9.4154727e-01,  9.9264067e-01,  7.7024940e-03, -8.9579529e-01, -5.6097323e-01, -5.6394672e-01, -5.8270693e-01, -3.2989201e-01, -3.4841239e-01, -2.0241508e-01,  1.6792222e+00, -3.3475283e-01,  2.1221931e+00, -2.0059635e-01,  2.0752680e+00, -2.8223550e-01, -5.0633967e-01, -5.6420237e-01, -4.6728283e-01]]]
t_span: [0.]

Current index: 803
y0: [[-0.7123981 , -0.6827205 , -0.68464434, -0.25642997, -0.7746881 , -0.689355  ]]
controls_seq: [[[-0.21197945, -0.52188677, -0.94156855, -0.04885633, -0.5977948 , -0.9416207 , -0.13780382, -0.2760941 , -0.94158506, -0.12150245, -0.37228563, -7.8925147 , -0.16395567, -0.36317262, -0.94156295, -0.3263173 , -0.23212627, -0.9415473 ,  0.99492806,  0.01470591, -0.89958745, -0.5609732 , -0.5639467 , -0.5827069 , -0.329892  , -0.3484124 , -0.20241508,  1.6792222 , -0.33475283,  2.122193  , -0.20059635,  2.075268  , -0.2822355 , -0.50633967, -0.56420237, -0.46728283]]]
t_span: [0.]

Current index: 804
y0: [[-0.69628644, -0.6942159 , -0.694445  , -0.25249285, -0.7536641 , -0.68735546]]
controls_seq: [[[-0.21197945, -0.52188677, -0.94156855, -0.04885633, -0.5977948 , -0.9416207 , -0.13780382, -0.2760941 , -0.94158506, -0.12150245, -0.37228563, -7.8925147 , -0.16395567, -0.36317262, -0.94156295, -0.3263173 , -0.23212627, -0.9415473 ,  0.9960066 ,  0.01937535, -0.9033796 , -0.5609732 , -0.5639467 , -0.5827069 , -0.329892  , -0.3484124 , -0.20241508,  1.6792222 , -0.33475283,  2.122193  , -0.20059635,  2.075268  , -0.2822355 , -0.50633967, -0.56420237, -0.46728283]]]
t_span: [0.]

Current index: 805
y0: [[-0.683258  , -0.7005136 , -0.6988865 , -0.24575953, -0.739572  , -0.68381715]]
controls_seq: [[[-0.21197945, -0.52188677, -0.94156855, -0.04885633, -0.5977948 , -0.9416207 , -0.13780382, -0.2760941 , -0.94158506, -0.12150245, -0.37228563, -7.8925147 , -0.16395567, -0.36317262, -0.94156295, -0.3263173 , -0.23212627, -0.9415473 ,  0.9964947 ,  0.02637876, -0.9037546 , -0.5609732 , -0.5639467 , -0.5827069 , -0.329892  , -0.3484124 , -0.20241508,  1.6792222 , -0.33475283,  2.122193  , -0.20059635,  2.075268  , -0.2822355 , -0.50633967, -0.56420237, -0.46728283]]]
t_span: [0.]

Current index: 806
y0: [[-0.672356  , -0.702761  , -0.6997196 , -0.23829569, -0.7294568 , -0.67852503]]
controls_seq: [[[-0.21197945, -0.52188677, -0.94156855, -0.04885633, -0.5977948 , -0.9416207 , -0.13780382, -0.2760941 , -0.94158506, -0.12150245, -0.37228563, -7.8925147 , -0.16395567, -0.36317262, -0.94156295, -0.3263173 , -0.23212627, -0.9415473 ,  0.99672437,  0.0310482 , -0.90412945, -0.5609732 , -0.5639467 , -0.5827069 , -0.329892  , -0.3484124 , -0.20241508,  1.6792222 , -0.33475283,  2.122193  , -0.20059635,  2.075268  , -0.2822355 , -0.50633967, -0.56420237, -0.46728283]]]
t_span: [0.]

Current index: 807
y0: [[-0.66336226, -0.70299065, -0.69820946, -0.2313961 , -0.7224628 , -0.67255616]]
controls_seq: [[[-0.21197945, -0.52188677, -0.94156855, -0.04885633, -0.5977948 , -0.9416207 , -0.13780382, -0.2760941 , -0.94158506, -0.12150245, -0.37228563, -7.8925147 , -0.16395567, -0.36317262, -0.94156295, -0.3263173 , -0.23212627, -0.9415473 ,  0.99682933,  0.04272031, -0.90450436, -0.5609732 , -0.5639467 , -0.5827069 , -0.329892  , -0.3484124 , -0.20241508,  1.6792222 , -0.33475283,  2.122193  , -0.20059635,  2.075268  , -0.2822355 , -0.50633967, -0.56420237, -0.46728283]]]
t_span: [0.]

Current index: 808
y0: [[-0.65581167, -0.7017294 , -0.6954397 , -0.22514723, -0.71664816, -0.6668512 ]]
controls_seq: [[[-0.21197945, -0.52188677, -0.94156855, -0.04885633, -0.5977948 , -0.9416207 , -0.13780382, -0.2760941 , -0.94158506, -0.12150245, -0.37228563, -7.8925147 , -0.16395567, -0.36317262, -0.94156295, -0.3263173 , -0.23212627, -0.9415473 ,  0.9968782 ,  0.04272031, -0.9045409 , -0.5609732 , -0.5639467 , -0.5827069 , -0.329892  , -0.3484124 , -0.20241508,  1.6792222 , -0.33475283,  2.122193  , -0.20059635,  2.075268  , -0.2822355 , -0.50633967, -0.56420237, -0.46728283]]]
t_span: [0.]

Current index: 809
y0: [[-0.6498273 , -0.6992422 , -0.69195557, -0.21909255, -0.7118776 , -0.6611058 ]]
controls_seq: [[[-0.21197945, -0.52188677, -0.94156855, -0.04885633, -0.5977948 , -0.9416207 , -0.13780382, -0.2760941 , -0.94158506, -0.12150245, -0.37228563, -7.8925147 , -0.16395567, -0.36317262, -0.94156295, -0.3263173 , -0.23212627, -0.9415473 ,  0.9969005 ,  0.04272031, -0.9045774 , -0.5609732 , -0.5639467 , -0.5827069 , -0.329892  , -0.3484124 , -0.20241508,  1.6792222 , -0.33475283,  2.122193  , -0.20059635,  2.075268  , -0.2822355 , -0.50633967, -0.56420237, -0.46728283]]]
t_span: [0.]

Current index: 810
y0: [[-0.64509344, -0.6959771 , -0.6878856 , -0.21320704, -0.7075498 , -0.65545297]]
controls_seq: [[[-0.21197945, -0.52188677, -0.94156855, -0.04885633, -0.5977948 , -0.9416207 , -0.13780382, -0.2760941 , -0.94158506, -0.12150245, -0.37228563, -7.8925147 , -0.16395567, -0.36317262, -0.94156295, -0.3263173 , -0.23212627, -0.9415473 ,  0.99691075,  0.04427654, -0.90461385, -0.5609732 , -0.5639467 , -0.5827069 , -0.329892  , -0.3484124 , -0.20241508,  1.6792222 , -0.33475283,  2.122193  , -0.20059635,  2.075268  , -0.2822355 , -0.50633967, -0.56420237, -0.46728283]]]
t_span: [0.]

Current index: 811
y0: [[-0.64134103, -0.6923194 , -0.6834112 , -0.2074782 , -0.7033199 , -0.64994806]]
controls_seq: [[[-0.21197945, -0.52188677, -0.94156855, -0.04885633, -0.5977948 , -0.9416207 , -0.13780382, -0.2760941 , -0.94158506, -0.12150245, -0.37228563, -7.8925147 , -0.16395567, -0.36317262, -0.94156295, -0.3263173 , -0.23212627, -0.9415473 ,  0.9969142 ,  0.05050221, -0.904616  , -0.5609732 , -0.5639467 , -0.5827069 , -0.329892  , -0.3484124 , -0.20241508,  1.6792222 , -0.33475283,  2.122193  , -0.20059635,  2.075268  , -0.2822355 , -0.50633967, -0.56420237, -0.46728283]]]
t_span: [0.]

Current index: 812
y0: [[-0.638125  , -0.68875617, -0.678862  , -0.20207712, -0.69883215, -0.64462405]]
controls_seq: [[[-0.21197945, -0.52188677, -0.94156855, -0.04885633, -0.5977948 , -0.9416207 , -0.13780382, -0.2760941 , -0.94158506, -0.12150245, -0.37228563, -7.8925147 , -0.16395567, -0.36317262, -0.94156295, -0.3263173 , -0.23212627, -0.9415473 ,  0.9969142 ,  0.05050221, -0.9046181 , -0.5609732 , -0.5639467 , -0.5827069 , -0.329892  , -0.3484124 , -0.20241508,  1.6792222 , -0.33475283,  2.122193  , -0.20059635,  2.075268  , -0.2822355 , -0.50633967, -0.56420237, -0.46728283]]]
t_span: [0.]

Current index: 813
y0: [[-0.63525903, -0.68517995, -0.674481  , -0.19668952, -0.69453156, -0.6392277 ]]
controls_seq: [[[-0.21197945, -0.52188677, -0.94156855, -0.04885633, -0.5977948 , -0.9416207 , -0.13780382, -0.2760941 , -0.94158506, -0.12150245, -0.37228563, -7.8925147 , -0.16395567, -0.36317262, -0.94156295, -0.3263173 , -0.23212627, -0.9415473 ,  0.9969142 ,  0.05984034, -0.90462023, -0.5609732 , -0.5639467 , -0.5827069 , -0.329892  , -0.3484124 , -0.20241508,  1.6792222 , -0.33475283,  2.122193  , -0.20059635,  2.075268  , -0.2822355 , -0.50633967, -0.56420237, -0.46728283]]]
t_span: [0.]

Current index: 814
y0: [[-0.6328776 , -0.68183804, -0.6702802 , -0.1915672 , -0.68995327, -0.63413143]]
controls_seq: [[[-0.21197945, -0.52188677, -0.94156855, -0.04885633, -0.5977948 , -0.9416207 , -0.13780382, -0.2760941 , -0.94158506, -0.12150245, -0.37228563, -7.8925147 , -0.16395567, -0.36317262, -0.94156295, -0.3263173 , -0.23212627, -0.9415473 ,  0.9969142 ,  0.06450978, -0.90462023, -0.5609732 , -0.5639467 , -0.5827069 , -0.329892  , -0.3484124 , -0.20241508,  1.6792222 , -0.33475283,  2.122193  , -0.20059635,  2.075268  , -0.2822355 , -0.50633967, -0.56420237, -0.46728283]]]
t_span: [0.]

Current index: 815
y0: [[-0.63109595, -0.67871463, -0.666385  , -0.18646315, -0.68551755, -0.6291437 ]]
controls_seq: [[[-0.21197945, -0.52188677, -0.94156855, -0.04885633, -0.5977948 , -0.9416207 , -0.13780382, -0.2760941 , -0.94158506, -0.12150245, -0.37228563, -7.8925147 , -0.16395567, -0.36317262, -0.94156295, -0.3263173 , -0.23212627, -0.9415473 ,  0.9969142 ,  0.07384717, -0.90462023, -0.5609732 , -0.5639467 , -0.5827069 , -0.329892  , -0.3484124 , -0.20241508,  1.6792222 , -0.33475283,  2.122193  , -0.20059635,  2.075268  , -0.2822355 , -0.50633967, -0.56420237, -0.46728283]]]
t_span: [0.]

Current index: 816
y0: [[-0.62986916, -0.67604405, -0.6628646 , -0.18149464, -0.68095165, -0.6243731 ]]
controls_seq: [[[-0.21197945, -0.52188677, -0.94156855, -0.04885633, -0.5977948 , -0.9416207 , -0.13780382, -0.2760941 , -0.94158506, -0.12150245, -0.37228563, -7.8925147 , -0.16395567, -0.36317262, -0.94156295, -0.3263173 , -0.23212627, -0.9415473 ,  0.9969142 ,  0.08085059, -0.90462023, -0.5609732 , -0.5639467 , -0.5827069 , -0.329892  , -0.3484124 , -0.20241508,  1.6792222 , -0.33475283,  2.122193  , -0.20059635,  2.075268  , -0.2822355 , -0.50633967, -0.56420237, -0.46728283]]]
t_span: [0.]

Current index: 817
y0: [[-0.6291964 , -0.67384386, -0.65987176, -0.17651747, -0.6764812 , -0.61970997]]
controls_seq: [[[-0.21197945, -0.52188677, -0.94156855, -0.04885633, -0.5977948 , -0.9416207 , -0.13780382, -0.2760941 , -0.94158506, -0.12150245, -0.37228563, -7.8925147 , -0.16395567, -0.36317262, -0.94156295, -0.3263173 , -0.23212627, -0.9415473 ,  0.9969142 ,  0.10653101, -0.90462023, -0.5609732 , -0.5639467 , -0.5827069 , -0.329892  , -0.3484124 , -0.20241508,  1.6792222 , -0.33475283,  2.122193  , -0.20059635,  2.075268  , -0.2822355 , -0.50633967, -0.56420237, -0.46728283]]]
t_span: [0.]

Current index: 818
y0: [[-0.6288411 , -0.67266417, -0.6574438 , -0.17210549, -0.6710708 , -0.6156555 ]]
controls_seq: [[[-0.21197945, -0.52188677, -0.94156855, -0.04885633, -0.5977948 , -0.9416207 , -0.13780382, -0.2760941 , -0.94158506, -0.12150245, -0.37228563, -7.8925147 , -0.16395567, -0.36317262, -0.94156295, -0.3263173 , -0.23212627, -0.9415473 ,  0.9969142 ,  0.1314322 , -0.90462023, -0.5609732 , -0.5639467 , -0.5827069 , -0.329892  , -0.3484124 , -0.20241508,  1.6792222 , -0.33475283,  2.122193  , -0.20059635,  2.075268  , -0.2822355 , -0.50633967, -0.56420237, -0.46728283]]]
t_span: [0.]

Current index: 819
y0: [[-0.6287646 , -0.6725271 , -0.65570617, -0.16812894, -0.6654025 , -0.6118362 ]]
controls_seq: [[[-0.21197945, -0.52188677, -0.94156855, -0.04885633, -0.5977948 , -0.9416207 , -0.13780382, -0.2760941 , -0.94158506, -0.12150245, -0.37228563, -7.8925147 , -0.16395567, -0.36317262, -0.94156295, -0.3263173 , -0.23212627, -0.9415473 ,  0.9969142 ,  0.15633413, -0.90462023, -0.5609732 , -0.5639467 , -0.5827069 , -0.329892  , -0.3484124 , -0.20241508,  1.6792222 , -0.33475283,  2.122193  , -0.20059635,  2.075268  , -0.2822355 , -0.50633967, -0.56420237, -0.46728283]]]
t_span: [0.]

Current index: 820
y0: [[-0.62850344, -0.6733781 , -0.65473896, -0.16487043, -0.66009253, -0.6079818 ]]
controls_seq: [[[-0.21197945, -0.52188677, -0.94156855, -0.04885633, -0.5977948 , -0.9416207 , -0.13780382, -0.2760941 , -0.94158506, -0.12150245, -0.37228563, -7.8925147 , -0.16395567, -0.36317262, -0.94156295, -0.3263173 , -0.23212627, -0.9415473 ,  0.9969142 ,  0.17734438, -0.90462023, -0.5609732 , -0.5639467 , -0.5827069 , -0.329892  , -0.3484124 , -0.20241508,  1.6792222 , -0.33475283,  2.122193  , -0.20059635,  2.075268  , -0.2822355 , -0.50633967, -0.56420237, -0.46728283]]]
t_span: [0.]

Current index: 821
y0: [[-0.62821233, -0.67481154, -0.65455544, -0.16190124, -0.6552017 , -0.60429025]]
controls_seq: [[[-0.21197945, -0.52188677, -0.94156855, -0.04885633, -0.5977948 , -0.9416207 , -0.13780382, -0.2760941 , -0.94158506, -0.12150245, -0.37228563, -7.8925147 , -0.16395567, -0.36317262, -0.94156295, -0.3263173 , -0.23212627, -0.9415473 ,  0.9969142 ,  0.19602065, -0.90462023, -0.5609732 , -0.5639467 , -0.5827069 , -0.329892  , -0.3484124 , -0.20241508,  1.6792222 , -0.33475283,  2.122193  , -0.20059635,  2.075268  , -0.2822355 , -0.50633967, -0.56420237, -0.46728283]]]
t_span: [0.]

Current index: 822
y0: [[-0.62809277, -0.67655796, -0.65500385, -0.15915217, -0.6508193 , -0.60084236]]
controls_seq: [[[-0.21197945, -0.52188677, -0.94156855, -0.04885633, -0.5977948 , -0.9416207 , -0.13780382, -0.2760941 , -0.94158506, -0.12150245, -0.37228563, -7.8925147 , -0.16395567, -0.36317262, -0.94156295, -0.3263173 , -0.23212627, -0.9415473 ,  0.9969142 ,  0.21080595, -0.90462023, -0.5609732 , -0.5639467 , -0.5827069 , -0.329892  , -0.3484124 , -0.20241508,  1.6792222 , -0.33475283,  2.122193  , -0.20059635,  2.075268  , -0.2822355 , -0.50633967, -0.56420237, -0.46728283]]]
t_span: [0.]

Current index: 823
y0: [[-0.6283187 , -0.67852014, -0.65573037, -0.15658188, -0.6470235 , -0.5976477 ]]
controls_seq: [[[-0.21197945, -0.52188677, -0.94156855, -0.04885633, -0.5977948 , -0.9416207 , -0.13780382, -0.2760941 , -0.94158506, -0.12150245, -0.37228563, -7.8925147 , -0.16395567, -0.36317262, -0.94156295, -0.3263173 , -0.23212627, -0.9415473 ,  0.9969142 ,  0.2201441 , -0.90462023, -0.5609732 , -0.5639467 , -0.5827069 , -0.329892  , -0.3484124 , -0.20241508,  1.6792222 , -0.33475283,  2.122193  , -0.20059635,  2.075268  , -0.2822355 , -0.50633967, -0.56420237, -0.46728283]]]
t_span: [0.]

Current index: 824
y0: [[-0.628864  , -0.6805194 , -0.6565558 , -0.15398851, -0.64370257, -0.59450316]]
controls_seq: [[[-0.21197945, -0.52188677, -0.94156855, -0.04885633, -0.5977948 , -0.9416207 , -0.13780382, -0.2760941 , -0.94158506, -0.12150245, -0.37228563, -7.8925147 , -0.16395567, -0.36317262, -0.94156295, -0.3263173 , -0.23212627, -0.9415473 ,  0.9969142 ,  0.24115433, -0.90462023, -0.5609732 , -0.5639467 , -0.5827069 , -0.329892  , -0.3484124 , -0.20241508,  1.6792222 , -0.33475283,  2.122193  , -0.20059635,  2.075268  , -0.2822355 , -0.50633967, -0.56420237, -0.46728283]]]
t_span: [0.]

Current index: 825
y0: [[-0.629542  , -0.6829205 , -0.65746146, -0.1518325 , -0.6400717 , -0.591631  ]]
controls_seq: [[[-0.21197945, -0.52188677, -0.94156855, -0.04885633, -0.5977948 , -0.9416207 , -0.13780382, -0.2760941 , -0.94158506, -0.12150245, -0.37228563, -7.8925147 , -0.16395567, -0.36317262, -0.94156295, -0.3263173 , -0.23212627, -0.9415473 ,  0.9969142 ,  0.25749588, -0.90462023, -0.5609732 , -0.5639467 , -0.5827069 , -0.329892  , -0.3484124 , -0.20241508,  1.6792222 , -0.33475283,  2.122193  , -0.20059635,  2.075268  , -0.2822355 , -0.50633967, -0.56420237, -0.46728283]]]
t_span: [0.]

Current index: 826
y0: [[-0.6303563 , -0.68551886, -0.6586144 , -0.14988221, -0.63654   , -0.5888854 ]]
controls_seq: [[[-0.21197945, -0.52188677, -0.94156855, -0.04885633, -0.5977948 , -0.9416207 , -0.13780382, -0.2760941 , -0.94158506, -0.12150245, -0.37228563, -7.8925147 , -0.16395567, -0.36317262, -0.94156295, -0.3263173 , -0.23212627, -0.9415473 ,  0.9969142 ,  0.27383742, -0.90462023, -0.5609732 , -0.5639467 , -0.5827069 , -0.329892  , -0.3484124 , -0.20241508,  1.6792222 , -0.33475283,  2.122193  , -0.20059635,  2.075268  , -0.2822355 , -0.50633967, -0.56420237, -0.46728283]]]
t_span: [0.]

Current index: 827
y0: [[-0.6312832 , -0.6883626 , -0.66001797, -0.14810877, -0.6330616 , -0.58631766]]
controls_seq: [[[-0.21197945, -0.52188677, -0.94156855, -0.04885633, -0.5977948 , -0.9416207 , -0.13780382, -0.2760941 , -0.94158506, -0.12150245, -0.37228563, -7.8925147 , -0.16395567, -0.36317262, -0.94156295, -0.3263173 , -0.23212627, -0.9415473 ,  0.9969142 ,  0.29095745, -0.90462023, -0.5609732 , -0.5639467 , -0.5827069 , -0.329892  , -0.3484124 , -0.20241508,  1.6792222 , -0.33475283,  2.122193  , -0.20059635,  2.075268  , -0.2822355 , -0.50633967, -0.56420237, -0.46728283]]]
t_span: [0.]

Current index: 828
y0: [[-0.6323544 , -0.6914416 , -0.6616831 , -0.14663906, -0.6294989 , -0.58392435]]
controls_seq: [[[-0.21197945, -0.52188677, -0.94156855, -0.04885633, -0.5977948 , -0.9416207 , -0.13780382, -0.2760941 , -0.94158506, -0.12150245, -0.37228563, -7.8925147 , -0.16395567, -0.36317262, -0.94156295, -0.3263173 , -0.23212627, -0.9415473 ,  0.9969142 ,  0.30963373, -0.90462023, -0.5609732 , -0.5639467 , -0.5827069 , -0.329892  , -0.3484124 , -0.20241508,  1.6792222 , -0.33475283,  2.122193  , -0.20059635,  2.075268  , -0.2822355 , -0.50633967, -0.56420237, -0.46728283]]]
t_span: [0.]

Current index: 829
y0: [[-0.6335697 , -0.6947604 , -0.663568  , -0.14550868, -0.62591386, -0.58150977]]
controls_seq: [[[-0.21197945, -0.52188677, -0.94156855, -0.04885633, -0.5977948 , -0.9416207 , -0.13780382, -0.2760941 , -0.94158506, -0.12150245, -0.37228563, -7.8925147 , -0.16395567, -0.36317262, -0.94156295, -0.3263173 , -0.23212627, -0.9415473 ,  0.9969142 ,  0.33064398, -0.90462023, -0.5609732 , -0.5639467 , -0.5827069 , -0.329892  , -0.3484124 , -0.20241508,  1.6792222 , -0.33475283,  2.122193  , -0.20059635,  2.075268  , -0.2822355 , -0.50633967, -0.56420237, -0.46728283]]]
t_span: [0.]

Current index: 830
y0: [[-0.6349319 , -0.698381  , -0.6656827 , -0.14470318, -0.6222284 , -0.57918775]]
controls_seq: [[[-0.21197945, -0.52188677, -0.94156855, -0.04885633, -0.5977948 , -0.9416207 , -0.13780382, -0.2760941 , -0.94158506, -0.12150245, -0.37228563, -7.8925147 , -0.16395567, -0.36317262, -0.94156295, -0.3263173 , -0.23212627, -0.9415473 ,  0.9969142 ,  0.34932023, -0.90462023, -0.5609732 , -0.5639467 , -0.5827069 , -0.329892  , -0.3484124 , -0.20241508,  1.6792222 , -0.33475283,  2.122193  , -0.20059635,  2.075268  , -0.2822355 , -0.50633967, -0.56420237, -0.46728283]]]
t_span: [0.]

Current index: 831
y0: [[-0.6365236 , -0.7023517 , -0.66801935, -0.14410242, -0.61872894, -0.5769126 ]]
controls_seq: [[[-0.21197945, -0.52188677, -0.94156855, -0.04885633, -0.5977948 , -0.9416207 , -0.13780382, -0.2760941 , -0.94158506, -0.12150245, -0.37228563, -7.8925147 , -0.16395567, -0.36317262, -0.94156295, -0.3263173 , -0.23212627, -0.9415473 ,  0.9969142 ,  0.3609931 , -0.90462023, -0.5609732 , -0.5639467 , -0.5827069 , -0.329892  , -0.3484124 , -0.20241508,  1.6792222 , -0.33475283,  2.122193  , -0.20059635,  2.075268  , -0.2822355 , -0.50633967, -0.56420237, -0.46728283]]]
t_span: [0.]

Current index: 832
y0: [[-0.6384372 , -0.7063919 , -0.6706034 , -0.14341131, -0.61573416, -0.5745831 ]]
controls_seq: [[[-0.21197945, -0.52188677, -0.94156855, -0.04885633, -0.5977948 , -0.9416207 , -0.13780382, -0.2760941 , -0.94158506, -0.12150245, -0.37228563, -7.8925147 , -0.16395567, -0.36317262, -0.94156295, -0.3263173 , -0.23212627, -0.9415473 ,  0.9969142 ,  0.37422216, -0.9054576 , -0.5609732 , -0.5639467 , -0.5827069 , -0.329892  , -0.3484124 , -0.20241508,  1.6792222 , -0.33475283,  2.122193  , -0.20059635,  2.075268  , -0.2822355 , -0.50633967, -0.56420237, -0.46728283]]]
t_span: [0.]

Current index: 833
y0: [[-0.6406806 , -0.7105894 , -0.67334235, -0.14275384, -0.61290556, -0.5723154 ]]
controls_seq: [[[-0.21197945, -0.52188677, -0.94156855, -0.04885633, -0.5977948 , -0.9416207 , -0.13780382, -0.2760941 , -0.94158506, -0.12150245, -0.37228563, -7.8925147 , -0.16395567, -0.36317262, -0.94156295, -0.3263173 , -0.23212627, -0.9415473 ,  0.9969142 ,  0.38978523, -0.90629506, -0.5609732 , -0.5639467 , -0.5827069 , -0.329892  , -0.3484124 , -0.20241508,  1.6792222 , -0.33475283,  2.122193  , -0.20059635,  2.075268  , -0.2822355 , -0.50633967, -0.56420237, -0.46728283]]]
t_span: [0.]

Current index: 834
y0: [[-0.643223  , -0.7150666 , -0.67623955, -0.14219922, -0.6100361 , -0.57014024]]
controls_seq: [[[-0.21197945, -0.52188677, -0.94156855, -0.04885633, -0.5977948 , -0.9416207 , -0.13780382, -0.2760941 , -0.94158506, -0.12150245, -0.37228563, -7.8925147 , -0.16395567, -0.36317262, -0.94156295, -0.3263173 , -0.23212627, -0.9415473 ,  1.0050645 ,  0.4084615 , -0.90713245, -0.5609732 , -0.5639467 , -0.5827069 , -0.329892  , -0.3484124 , -0.20241508,  1.6792222 , -0.33475283,  2.122193  , -0.20059635,  2.075268  , -0.2822355 , -0.50633967, -0.56420237, -0.46728283]]]
t_span: [0.]

Current index: 835
y0: [[-0.646256  , -0.72032905, -0.67881805, -0.14153694, -0.60647583, -0.56848013]]
controls_seq: [[[-0.21197945, -0.52188677, -0.94156855, -0.04885633, -0.5977948 , -0.9416207 , -0.13780382, -0.2760941 , -0.94158506, -0.12150245, -0.37228563, -7.8925147 , -0.16395567, -0.36317262, -0.94156295, -0.3263173 , -0.23212627, -0.9415473 ,  1.0311654 ,  0.42713776, -0.9299276 , -0.5609732 , -0.5639467 , -0.5827069 , -0.329892  , -0.3484124 , -0.20241508,  1.6792222 , -0.33475283,  2.122193  , -0.20059635,  2.075268  , -0.2822355 , -0.50633967, -0.56420237, -0.46728283]]]
t_span: [0.]

Current index: 836
y0: [[-0.64984316, -0.7270166 , -0.6795786 , -0.14065647, -0.6006897 , -0.56867385]]
controls_seq: [[[-0.21197945, -0.52188677, -0.94156855, -0.04885633, -0.5977948 , -0.9416207 , -0.13780382, -0.2760941 , -0.94158506, -0.12150245, -0.37228563, -7.8925147 , -0.16395567, -0.36317262, -0.94156295, -0.3263173 , -0.23212627, -0.9415473 ,  1.0485075 ,  0.44503555, -0.95272267, -0.5609732 , -0.5639467 , -0.5827069 , -0.329892  , -0.3484124 , -0.20241508,  1.6792222 , -0.33475283,  2.122193  , -0.20059635,  2.075268  , -0.2822355 , -0.50633967, -0.56420237, -0.46728283]]]
t_span: [0.]

Current index: 837
y0: [[-0.65315676, -0.73443854, -0.68053925, -0.14024988, -0.59407645, -0.5696784 ]]
controls_seq: [[[-0.21197945, -0.52188677, -0.94156855, -0.04885633, -0.5977948 , -0.9416207 , -0.13780382, -0.2760941 , -0.94158506, -0.12150245, -0.37228563, -7.8925147 , -0.16395567, -0.36317262, -0.94156295, -0.3263173 , -0.23212627, -0.9415473 ,  1.0571561 ,  0.45126122, -0.9755178 , -0.5609732 , -0.5639467 , -0.5827069 , -0.329892  , -0.3484124 , -0.20241508,  1.6792222 , -0.33475283,  2.122193  , -0.20059635,  2.075268  , -0.2822355 , -0.50633967, -0.56420237, -0.46728283]]]
t_span: [0.]

Current index: 838
y0: [[-0.6559761 , -0.74174744, -0.6824462 , -0.14026237, -0.5883833 , -0.5706894 ]]
controls_seq: [[[-0.21197945, -0.52188677, -0.94156855, -0.04885633, -0.5977948 , -0.9416207 , -0.13780382, -0.2760941 , -0.94158506, -0.12150245, -0.37228563, -7.8925147 , -0.16395567, -0.36317262, -0.94156295, -0.3263173 , -0.23212627, -0.9415473 ,  1.0611386 ,  0.46526805, -0.9785436 , -0.5609732 , -0.5639467 , -0.5827069 , -0.329892  , -0.3484124 , -0.20241508,  1.6792222 , -0.33475283,  2.122193  , -0.20059635,  2.075268  , -0.2822355 , -0.50633967, -0.56420237, -0.46728283]]]
t_span: [0.]

Current index: 839
y0: [[-0.6585396 , -0.7488184 , -0.6859358 , -0.14049786, -0.5839439 , -0.5711725 ]]
controls_seq: [[[-0.21197945, -0.52188677, -0.94156855, -0.04885633, -0.5977948 , -0.9416207 , -0.13780382, -0.2760941 , -0.94158506, -0.12150245, -0.37228563, -7.8925147 , -0.16395567, -0.36317262, -0.94156295, -0.3263173 , -0.23212627, -0.9415473 ,  1.063028  ,  0.48160958, -0.9815693 , -0.5609732 , -0.5639467 , -0.5827069 , -0.329892  , -0.3484124 , -0.20241508,  1.6792222 , -0.33475283,  2.122193  , -0.20059635,  2.075268  , -0.2822355 , -0.50633967, -0.56420237, -0.46728283]]]
t_span: [0.]

Current index: 840
y0: [[-0.66092724, -0.755931  , -0.69013107, -0.14107652, -0.58014554, -0.571529  ]]
controls_seq: [[[-0.21197945, -0.52188677, -0.94156855, -0.04885633, -0.5977948 , -0.9416207 , -0.13780382, -0.2760941 , -0.94158506, -0.12150245, -0.37228563, -7.8925147 , -0.16395567, -0.36317262, -0.94156295, -0.3263173 , -0.23212627, -0.9415473 ,  0.78962404,  0.5026206 , -0.9845951 , -0.5609732 , -0.5639467 , -0.5827069 , -0.329892  , -0.3484124 , -0.20241508, -0.5955063 , -0.33475283, -0.47120476, -0.20059635, -0.48185942, -0.2822355 , -0.50633967, -0.56420237, -0.46728283]]]
t_span: [0.]

Current index: 841
y0: [[-0.77771527, -0.74285775, -0.6750855 , -0.20608635, -0.5572304 , -0.61568   ]]
controls_seq: [[[-0.21197945, -0.52188677, -0.94156855, -0.04885633, -0.5977948 , -0.9416207 , -0.13780382, -0.2760941 , -0.94158506, -0.12150245, -0.37228563, -7.8925147 , -0.16395567, -0.36317262, -0.94156295, -0.3263173 , -0.23212627, -0.9415473 ,  0.7901181 ,  0.51429343, -0.98489946, -0.5609732 , -0.5639467 , -0.5827069 , -0.329892  , -0.3484124 , -0.20241508, -0.5955063 , -0.33475283, -0.47120476, -0.20059635, -0.48185942, -0.2822355 , -0.50633967, -0.56420237, -0.46728283]]]
t_span: [0.]

Current index: 842
y0: [[-0.8600666 , -0.75524205, -0.6765055 , -0.24790688, -0.54511005, -0.6353829 ]]
controls_seq: [[[-0.21197945, -0.52188677, -0.94156855, -0.04885633, -0.5977948 , -0.9416207 , -0.13780382, -0.2760941 , -0.94158506, -0.12150245, -0.37228563, -7.8925147 , -0.16395567, -0.36317262, -0.94156295, -0.3263173 , -0.23212627, -0.9415473 ,  0.7903413 ,  0.5244093 , -0.9852038 , -0.5609732 , -0.5639467 , -0.5827069 , -0.329892  , -0.3484124 , -0.20241508, -0.5955063 , -0.33475283, -0.47120476, -0.20059635, -0.48185942, -0.2822355 , -0.50633967, -0.56420237, -0.46728283]]]
t_span: [0.]

Current index: 843
y0: [[-0.92575747, -0.78142655, -0.6899266 , -0.27528226, -0.53724676, -0.6409591 ]]
controls_seq: [[[-0.21197945, -0.52188677, -0.94156855, -0.04885633, -0.5977948 , -0.9416207 , -0.13780382, -0.2760941 , -0.94158506, -0.12150245, -0.37228563, -7.8925147 , -0.16395567, -0.36317262, -0.94156295, -0.3263173 , -0.23212627, -0.9415473 ,  0.79044676,  0.53374743, -0.98550814, -0.5609732 , -0.5639467 , -0.5827069 , -0.329892  , -0.3484124 , -0.20241508, -0.5955063 , -0.33475283, -0.47120476, -0.20059635, -0.48185942, -0.2822355 , -0.50633967, -0.56420237, -0.46728283]]]
t_span: [0.]

Current index: 844
y0: [[-0.9824424 , -0.8084648 , -0.711824  , -0.28742433, -0.5293674 , -0.6370164 ]]
controls_seq: [[[-0.21197945, -0.52188677, -0.94156855, -0.04885633, -0.5977948 , -0.9416207 , -0.13780382, -0.2760941 , -0.94158506, -0.12150245, -0.37228563, -7.8925147 , -0.16395567, -0.36317262, -0.94156295, -0.3263173 , -0.23212627, -0.9415473 ,  0.7904939 ,  0.5477543 , -0.9855369 , -0.5609732 , -0.5639467 , -0.5827069 , -0.329892  , -0.3484124 , -0.20241508, -0.5955063 , -0.33475283, -0.47120476, -0.20059635, -0.48185942, -0.2822355 , -0.50633967, -0.56420237, -0.46728283]]]
t_span: [0.]

Current index: 845
y0: [[-1.0357785 , -0.83232325, -0.7350029 , -0.29082513, -0.5202579 , -0.62417305]]
controls_seq: [[[-0.21197945, -0.52188677, -0.94156855, -0.04885633, -0.5977948 , -0.9416207 , -0.13780382, -0.2760941 , -0.94158506, -0.12150245, -0.37228563, -7.8925147 , -0.16395567, -0.36317262, -0.94156295, -0.3263173 , -0.23212627, -0.9415473 ,  0.79051745,  0.55942714, -0.9855655 , -0.5609732 , -0.5639467 , -0.5827069 , -0.329892  , -0.3484124 , -0.20241508, -0.5955063 , -0.33475283, -0.47120476, -0.20059635, -0.48185942, -0.2822355 , -0.50633967, -0.56420237, -0.46728283]]]
t_span: [0.]

Current index: 846
y0: [[-1.0880541 , -0.85490376, -0.7525995 , -0.28708598, -0.50899065, -0.6040317 ]]
controls_seq: [[[-0.21197945, -0.52188677, -0.94156855, -0.04885633, -0.5977948 , -0.9416207 , -0.13780382, -0.2760941 , -0.94158506, -0.12150245, -0.37228563, -7.8925147 , -0.16395567, -0.36317262, -0.94156295, -0.3263173 , -0.23212627, -0.9415473 ,  0.79052216,  0.57576865, -0.98559415, -0.5609732 , -0.5639467 , -0.5827069 , -0.329892  , -0.3484124 , -0.20241508, -0.5955063 , -0.33475283, -0.47120476, -0.20059635, -0.48185942, -0.2822355 , -0.50633967, -0.56420237, -0.46728283]]]
t_span: [0.]

Current index: 847
y0: [[-1.1438771 , -0.87193197, -0.76300025, -0.27701437, -0.49356425, -0.5790845 ]]
controls_seq: [[[-0.21197945, -0.52188677, -0.94156855, -0.04885633, -0.5977948 , -0.9416207 , -0.13780382, -0.2760941 , -0.94158506, -0.12150245, -0.37228563, -7.8925147 , -0.16395567, -0.36317262, -0.94156295, -0.3263173 , -0.23212627, -0.9415473 ,  0.79052216,  0.5827721 , -0.98559415, -0.5609732 , -0.5639467 , -0.5827069 , -0.329892  , -0.3484124 , -0.20241508, -0.5955063 , -0.33475283, -0.47120476, -0.20059635, -0.48185942, -0.2822355 , -0.50633967, -0.56420237, -0.46728283]]]
t_span: [0.]

Current index: 848
y0: [[-1.2038616 , -0.88465244, -0.7691684 , -0.26491174, -0.47526586, -0.5519101 ]]
controls_seq: [[[-0.21197945, -0.52188677, -0.94156855, -0.04885633, -0.5977948 , -0.9416207 , -0.13780382, -0.2760941 , -0.94158506, -0.12150245, -0.37228563, -7.8925147 , -0.16395567, -0.36317262, -0.94156295, -0.3263173 , -0.23212627, -0.9415473 ,  0.79052216,  0.60066986, -0.98559415, -0.5609732 , -0.5639467 , -0.5827069 , -0.329892  , -0.3484124 , -0.20241508, -0.5955063 , -0.33475283, -0.47120476, -0.20059635, -0.48185942, -0.2822355 , -0.50633967, -0.56420237, -0.46728283]]]
t_span: [0.]

Current index: 849
y0: [[-1.2668403 , -0.895582  , -0.7712094 , -0.25070977, -0.455126  , -0.5238258 ]]
controls_seq: [[[-0.21197945, -0.52188677, -0.94156855, -0.04885633, -0.5977948 , -0.9416207 , -0.13780382, -0.2760941 , -0.94158506, -0.12150245, -0.37228563, -7.8925147 , -0.16395567, -0.36317262, -0.94156295, -0.3263173 , -0.23212627, -0.9415473 ,  0.79052216,  0.6092302 , -0.98559415, -0.5609732 , -0.5639467 , -0.5827069 , -0.329892  , -0.3484124 , -0.20241508, -0.5955063 , -0.33475283, -0.47120476, -0.20059635, -0.48185942, -0.2822355 , -0.50633967, -0.56420237, -0.46728283]]]
t_span: [0.]

Current index: 850
y0: [[-1.3345927 , -0.9042207 , -0.7696608 , -0.23759978, -0.4327242 , -0.49532974]]
controls_seq: [[[-0.21197945, -0.52188677, -0.94156855, -0.04885633, -0.5977948 , -0.9416207 , -0.13780382, -0.2760941 , -0.94158506, -0.12150245, -0.37228563, -7.8925147 , -0.16395567, -0.36317262, -0.94156295, -0.3263173 , -0.23212627, -0.9415473 ,  0.79052216,  0.62440443, -0.98559415, -0.5609732 , -0.5639467 , -0.5827069 , -0.329892  , -0.3484124 , -0.20241508, -0.5955063 , -0.33475283, -0.47120476, -0.20059635, -0.48185942, -0.2822355 , -0.50633967, -0.56420237, -0.46728283]]]
t_span: [0.]

Current index: 851
y0: [[-1.4045091 , -0.91323715, -0.76768243, -0.229416  , -0.40769848, -0.46703583]]
controls_seq: [[[-0.21197945, -0.52188677, -0.94156855, -0.04885633, -0.5977948 , -0.9416207 , -0.13780382, -0.2760941 , -0.94158506, -0.12150245, -0.37228563, -7.8925147 , -0.16395567, -0.36317262, -0.94156295, -0.3263173 , -0.23212627, -0.9415473 ,  0.79052216,  0.63957864, -0.98559415, -0.5609732 , -0.5639467 , -0.5827069 , -0.329892  , -0.3484124 , -0.20241508, -0.5955063 , -0.33475283, -0.47120476, -0.20059635, -0.48185942, -0.2822355 , -0.50633967, -0.56420237, -0.46728283]]]
t_span: [0.]

Current index: 852
y0: [[-1.47028   , -0.9222712 , -0.761811  , -0.22576723, -0.38271615, -0.44187373]]
controls_seq: [[[-0.21197945, -0.52188677, -0.94156855, -0.04885633, -0.5977948 , -0.9416207 , -0.13780382, -0.2760941 , -0.94158506, -0.12150245, -0.37228563, -7.8925147 , -0.16395567, -0.36317262, -0.94156295, -0.3263173 , -0.23212627, -0.9415473 ,  0.79052216,  0.64424807, -0.98559415, -0.5609732 , -0.5639467 , -0.5827069 , -0.329892  , -0.3484124 , -0.20241508, -0.5955063 , -0.33475283, -0.47120476, -0.20059635, -0.48185942, -0.2822355 , -0.50633967, -0.56420237, -0.46728283]]]
t_span: [0.]

Current index: 853
y0: [[-1.5285796 , -0.9274698 , -0.75420743, -0.22108899, -0.3616338 , -0.42071608]]
controls_seq: [[[-0.21197945, -0.52188677, -0.94156855, -0.04885633, -0.5977948 , -0.9416207 , -0.13780382, -0.2760941 , -0.94158506, -0.12150245, -0.37228563, -7.8925147 , -0.16395567, -0.36317262, -0.94156295, -0.3263173 , -0.23212627, -0.9415473 ,  0.79052216,  0.65825486, -0.98559415, -0.5609732 , -0.5639467 , -0.5827069 , -0.329892  , -0.3484124 , -0.20241508, -0.5955063 , -0.33475283, -0.47120476, -0.20059635, -0.48185942, -0.2822355 , -0.50633967, -0.56420237, -0.46728283]]]
t_span: [0.]

Current index: 854
y0: [[-1.5794094 , -0.92974585, -0.7469534 , -0.21545723, -0.34391823, -0.40334898]]
controls_seq: [[[-0.21197945, -0.52188677, -0.94156855, -0.04885633, -0.5977948 , -0.9416207 , -0.13780382, -0.2760941 , -0.94158506, -0.12150245, -0.37228563, -7.8925147 , -0.16395567, -0.36317262, -0.94156295, -0.3263173 , -0.23212627, -0.9415473 ,  0.79052216,  0.6722617 , -0.98559415, -0.5609732 , -0.5639467 , -0.5827069 , -0.329892  , -0.3484124 , -0.20241508, -0.5955063 , -0.33475283, -0.47120476, -0.20059635, -0.48185942, -0.2822355 , -0.50633967, -0.56420237, -0.46728283]]]
t_span: [0.]

Current index: 855
y0: [[-1.6233798 , -0.931521  , -0.7395059 , -0.20927854, -0.3289668 , -0.38782072]]
controls_seq: [[[-0.21197945, -0.52188677, -0.94156855, -0.04885633, -0.5977948 , -0.9416207 , -0.13780382, -0.2760941 , -0.94158506, -0.12150245, -0.37228563, -7.8925147 , -0.16395567, -0.36317262, -0.94156295, -0.3263173 , -0.23212627, -0.9415473 ,  0.79052216,  0.6816006 , -0.98559415, -0.5609732 , -0.5639467 , -0.5827069 , -0.329892  , -0.3484124 , -0.20241508, -0.5955063 , -0.33475283, -0.47120476, -0.20059635, -0.48185942, -0.2822355 , -0.50633967, -0.56420237, -0.46728283]]]
t_span: [0.]

Current index: 856
y0: [[-1.6605225 , -0.93229884, -0.7318122 , -0.20314215, -0.3157018 , -0.3737972 ]]
controls_seq: [[[-0.21197945, -0.52188677, -0.94156855, -0.04885633, -0.5977948 , -0.9416207 , -0.13780382, -0.2760941 , -0.94158506, -0.12150245, -0.37228563, -7.8925147 , -0.16395567, -0.36317262, -0.94156295, -0.3263173 , -0.23212627, -0.9415473 ,  0.79052216,  0.6893818 , -0.98559415, -0.5609732 , -0.5639467 , -0.5827069 , -0.329892  , -0.3484124 , -0.20241508, -0.5955063 , -0.33475283, -0.47120476, -0.20059635, -0.48185942, -0.2822355 , -0.50633967, -0.56420237, -0.46728283]]]
t_span: [0.]

Current index: 857
y0: [[-1.6907653 , -0.9313627 , -0.7235514 , -0.19837934, -0.30325404, -0.36089   ]]
controls_seq: [[[-0.21197945, -0.52188677, -0.94156855, -0.04885633, -0.5977948 , -0.9416207 , -0.13780382, -0.2760941 , -0.94158506, -0.12150245, -0.37228563, -7.8925147 , -0.16395567, -0.36317262, -0.94156295, -0.3263173 , -0.23212627, -0.9415473 ,  0.79052216,  0.7033886 , -0.98559415, -0.5609732 , -0.5639467 , -0.5827069 , -0.329892  , -0.3484124 , -0.20241508, -0.5955063 , -0.33475283, -0.47120476, -0.20059635, -0.48185942, -0.2822355 , -0.50633967, -0.56420237, -0.46728283]]]
t_span: [0.]

Current index: 858
y0: [[-1.7149596 , -0.92944217, -0.71481353, -0.19449025, -0.29110762, -0.34905016]]
controls_seq: [[[-0.21197945, -0.52188677, -0.94156855, -0.04885633, -0.5977948 , -0.9416207 , -0.13780382, -0.2760941 , -0.94158506, -0.12150245, -0.37228563, -7.8925147 , -0.16395567, -0.36317262, -0.94156295, -0.3263173 , -0.23212627, -0.9415473 ,  0.79052216,  0.7150614 , -0.98559415, -0.5609732 , -0.5639467 , -0.5827069 , -0.329892  , -0.3484124 , -0.20241508, -0.5955063 , -0.33475283, -0.47120476, -0.20059635, -0.48185942, -0.2822355 , -0.50633967, -0.56420237, -0.46728283]]]
t_span: [0.]

Current index: 859
y0: [[-1.7337376 , -0.9278161 , -0.7058075 , -0.1910789 , -0.2788595 , -0.33788815]]
controls_seq: [[[-0.21197945, -0.52188677, -0.94156855, -0.04885633, -0.5977948 , -0.9416207 , -0.13780382, -0.2760941 , -0.94158506, -0.12150245, -0.37228563, -7.8925147 , -0.16395567, -0.36317262, -0.94156295, -0.3263173 , -0.23212627, -0.9415473 ,  0.79052216,  0.7290683 , -0.98559415, -0.5609732 , -0.5639467 , -0.5827069 , -0.329892  , -0.3484124 , -0.20241508, -0.5955063 , -0.33475283, -0.47120476, -0.20059635, -0.48185942, -0.2822355 , -0.50633967, -0.56420237, -0.46728283]]]
t_span: [0.]

Current index: 860
y0: [[-1.7481169 , -0.92604375, -0.6972763 , -0.18796073, -0.26663122, -0.327221  ]]
controls_seq: [[[-0.21197945, -0.52188677, -0.94156855, -0.04885633, -0.5977948 , -0.9416207 , -0.13780382, -0.2760941 , -0.94158506, -0.12150245, -0.37228563, -7.8925147 , -0.16395567, -0.36317262, -0.94156295, -0.3263173 , -0.23212627, -0.9415473 ,  0.79052216,  0.7337377 , -0.98559415, -0.5609732 , -0.5639467 , -0.5827069 , -0.329892  , -0.3484124 , -0.20241508, -0.5955063 , -0.33475283, -0.47120476, -0.20059635, -0.48185942, -0.2822355 , -0.50633967, -0.56420237, -0.46728283]]]
t_span: [0.]

Current index: 861
y0: [[-1.7585826 , -0.92362595, -0.68936497, -0.18479064, -0.2553305 , -0.3167784 ]]
controls_seq: [[[-0.21197945, -0.52188677, -0.94156855, -0.04885633, -0.5977948 , -0.9416207 , -0.13780382, -0.2760941 , -0.94158506, -0.12150245, -0.37228563, -7.8925147 , -0.16395567, -0.36317262, -0.94156295, -0.3263173 , -0.23212627, -0.9415473 ,  0.79052216,  0.74541056, -0.98559415, -0.5609732 , -0.5639467 , -0.5827069 , -0.329892  , -0.3484124 , -0.20241508, -0.5955063 , -0.33475283, -0.47120476, -0.20059635, -0.48185942, -0.2822355 , -0.50633967, -0.56420237, -0.46728283]]]
t_span: [0.]

Current index: 862
y0: [[-1.7663364 , -0.92056274, -0.68170315, -0.18175992, -0.24435718, -0.30734143]]
controls_seq: [[[-0.21197945, -0.52188677, -0.94156855, -0.04885633, -0.5977948 , -0.9416207 , -0.13780382, -0.2760941 , -0.94158506, -0.12150245, -0.37228563, -7.8925147 , -0.16395567, -0.36317262, -0.94156295, -0.3263173 , -0.23212627, -0.9415473 ,  0.79052216,  0.7547479 , -0.98559415, -0.5609732 , -0.5639467 , -0.5827069 , -0.329892  , -0.3484124 , -0.20241508, -0.5955063 , -0.33475283, -0.47120476, -0.20059635, -0.48185942, -0.2822355 , -0.50633967, -0.56420237, -0.46728283]]]
t_span: [0.]

Current index: 863
y0: [[-1.7714739 , -0.9166319 , -0.67413807, -0.17892435, -0.23398776, -0.2982971 ]]
controls_seq: [[[-0.21197945, -0.52188677, -0.94156855, -0.04885633, -0.5977948 , -0.9416207 , -0.13780382, -0.2760941 , -0.94158506, -0.12150245, -0.37228563, -7.8925147 , -0.16395567, -0.36317262, -0.94156295, -0.3263173 , -0.23212627, -0.9415473 ,  0.79052216,  0.7547479 , -0.98559415, -0.5609732 , -0.5639467 , -0.5827069 , -0.329892  , -0.3484124 , -0.20241508, -0.5955063 , -0.33475283, -0.47120476, -0.20059635, -0.48185942, -0.2822355 , -0.50633967, -0.56420237, -0.46728283]]]
t_span: [0.]

Current index: 864
y0: [[-1.7738808 , -0.91201943, -0.66660047, -0.17574753, -0.22494645, -0.28921664]]
controls_seq: [[[-0.21197945, -0.52188677, -0.94156855, -0.04885633, -0.5977948 , -0.9416207 , -0.13780382, -0.2760941 , -0.94158506, -0.12150245, -0.37228563, -7.8925147 , -0.16395567, -0.36317262, -0.94156295, -0.3263173 , -0.23212627, -0.9415473 ,  0.79052216,  0.76252985, -0.98559415, -0.5609732 , -0.5639467 , -0.5827069 , -0.329892  , -0.3484124 , -0.20241508, -0.5955063 , -0.33475283, -0.47120476, -0.20059635, -0.48185942, -0.2822355 , -0.50633967, -0.56420237, -0.46728283]]]
t_span: [0.]

Current index: 865
y0: [[-1.774317  , -0.906945  , -0.6590606 , -0.17247364, -0.2162288 , -0.2808619 ]]
controls_seq: [[[-0.21197945, -0.52188677, -0.94156855, -0.04885633, -0.5977948 , -0.9416207 , -0.13780382, -0.2760941 , -0.94158506, -0.12150245, -0.37228563, -7.8925147 , -0.16395567, -0.36317262, -0.94156295, -0.3263173 , -0.23212627, -0.9415473 ,  0.79052216,  0.7671993 , -0.98559415, -0.5609732 , -0.5639467 , -0.5827069 , -0.329892  , -0.3484124 , -0.20241508, -0.5955063 , -0.33475283, -0.47120476, -0.20059635, -0.48185942, -0.2822355 , -0.50633967, -0.56420237, -0.46728283]]]
t_span: [0.]

Current index: 866
y0: [[-1.7729847 , -0.9013427 , -0.6515032 , -0.16899596, -0.20785093, -0.2729137 ]]
controls_seq: [[[-0.21197945, -0.52188677, -0.94156855, -0.04885633, -0.5977948 , -0.9416207 , -0.13780382, -0.2760941 , -0.94158506, -0.12150245, -0.37228563, -7.8925147 , -0.16395567, -0.36317262, -0.94156295, -0.3263173 , -0.23212627, -0.9415473 ,  0.79052216,  0.7742027 , -0.98559415, -0.5609732 , -0.5639467 , -0.5827069 , -0.329892  , -0.3484124 , -0.20241508, -0.5955063 , -0.33475283, -0.47120476, -0.20059635, -0.48185942, -0.2822355 , -0.50633967, -0.56420237, -0.46728283]]]
t_span: [0.]

Current index: 867
y0: [[-1.770307  , -0.8952292 , -0.6438293 , -0.16539332, -0.19947305, -0.26537943]]
controls_seq: [[[-0.21197945, -0.52188677, -0.94156855, -0.04885633, -0.5977948 , -0.9416207 , -0.13780382, -0.2760941 , -0.94158506, -0.12150245, -0.37228563, -7.8925147 , -0.16395567, -0.36317262, -0.94156295, -0.3263173 , -0.23212627, -0.9415473 ,  0.79052216,  0.7742027 , -0.98559415, -0.5609732 , -0.5639467 , -0.5827069 , -0.329892  , -0.3484124 , -0.20241508, -0.5955063 , -0.33475283, -0.47120476, -0.20059635, -0.48185942, -0.2822355 , -0.50633967, -0.56420237, -0.46728283]]]
t_span: [0.]

Current index: 868
y0: [[-1.7662256 , -0.8886296 , -0.63607734, -0.16145235, -0.1916098 , -0.2578388 ]]
controls_seq: [[[-0.21197945, -0.52188677, -0.94156855, -0.04885633, -0.5977948 , -0.9416207 , -0.13780382, -0.2760941 , -0.94158506, -0.12150245, -0.37228563, -7.8925147 , -0.16395567, -0.36317262, -0.94156295, -0.3263173 , -0.23212627, -0.9415473 ,  0.79052216,  0.78120613, -0.98559415, -0.5609732 , -0.5639467 , -0.5827069 , -0.329892  , -0.3484124 , -0.20241508, -0.5955063 , -0.33475283, -0.47120476, -0.20059635, -0.48185942, -0.2822355 , -0.50633967, -0.56420237, -0.46728283]]]
t_span: [0.]

Current index: 869
y0: [[-1.7612561 , -0.88167906, -0.62818915, -0.15747772, -0.18350722, -0.25075465]]
controls_seq: [[[-0.21197945, -0.52188677, -0.94156855, -0.04885633, -0.5977948 , -0.9416207 , -0.13780382, -0.2760941 , -0.94158506, -0.12150245, -0.37228563, -7.8925147 , -0.16395567, -0.36317262, -0.94156295, -0.3263173 , -0.23212627, -0.9415473 ,  0.79052216,  0.7905442 , -0.98559415, -0.5609732 , -0.5639467 , -0.5827069 , -0.329892  , -0.3484124 , -0.20241508, -0.5955063 , -0.33475283, -0.47120476, -0.20059635, -0.48185942, -0.2822355 , -0.50633967, -0.56420237, -0.46728283]]]
t_span: [0.]

Current index: 870
y0: [[-1.7555768 , -0.8744442 , -0.62017447, -0.15355693, -0.17516035, -0.24400574]]
controls_seq: [[[-0.21197945, -0.52188677, -0.94156855, -0.04885633, -0.5977948 , -0.9416207 , -0.13780382, -0.2760941 , -0.94158506, -0.12150245, -0.37228563, -7.8925147 , -0.16395567, -0.36317262, -0.94156295, -0.3263173 , -0.23212627, -0.9415473 ,  0.79052216,  0.7858748 , -0.98559415, -0.5609732 , -0.5639467 , -0.5827069 , -0.329892  , -0.3484124 , -0.20241508, -0.5955063 , -0.33475283, -0.47120476, -0.20059635, -0.48185942, -0.2822355 , -0.50633967, -0.56420237, -0.46728283]]]
t_span: [0.]

Current index: 871
y0: [[-1.748655  , -0.86678433, -0.6119115 , -0.14911611, -0.16760339, -0.23660131]]
controls_seq: [[[-0.21197945, -0.52188677, -0.94156855, -0.04885633, -0.5977948 , -0.9416207 , -0.13780382, -0.2760941 , -0.94158506, -0.12150245, -0.37228563, -7.8925147 , -0.16395567, -0.36317262, -0.94156295, -0.3263173 , -0.23212627, -0.9415473 ,  0.79052216,  0.7858748 , -0.98559415, -0.5609732 , -0.5639467 , -0.5827069 , -0.329892  , -0.3484124 , -0.20241508, -0.5955063 , -0.33475283, -0.47120476, -0.20059635, -0.48185942, -0.2822355 , -0.50633967, -0.56420237, -0.46728283]]]
t_span: [0.]

Current index: 872
y0: [[-1.7408968 , -0.85869944, -0.60336375, -0.14436676, -0.15993483, -0.22915964]]
controls_seq: [[[-0.21197945, -0.52188677, -0.94156855, -0.04885633, -0.5977948 , -0.9416207 , -0.13780382, -0.2760941 , -0.94158506, -0.12150245, -0.37228563, -7.8925147 , -0.16395567, -0.36317262, -0.94156295, -0.3263173 , -0.23212627, -0.9415473 ,  0.79052216,  0.7858748 , -0.98559415, -0.5609732 , -0.5639467 , -0.5827069 , -0.329892  , -0.3484124 , -0.20241508, -0.5955063 , -0.33475283, -0.47120476, -0.20059635, -0.48185942, -0.2822355 , -0.50633967, -0.56420237, -0.46728283]]]
t_span: [0.]

Current index: 873
y0: [[-1.7324167 , -0.85025156, -0.5945688 , -0.13941169, -0.15209019, -0.22169986]]
controls_seq: [[[-0.21197945, -0.52188677, -0.94156855, -0.04885633, -0.5977948 , -0.9416207 , -0.13780382, -0.2760941 , -0.94158506, -0.12150245, -0.37228563, -7.8925147 , -0.16395567, -0.36317262, -0.94156295, -0.3263173 , -0.23212627, -0.9415473 ,  0.79052216,  0.7882095 , -0.98559415, -0.5609732 , -0.5639467 , -0.5827069 , -0.329892  , -0.3484124 , -0.20241508, -0.5955063 , -0.33475283, -0.47120476, -0.20059635, -0.48185942, -0.2822355 , -0.50633967, -0.56420237, -0.46728283]]]
t_span: [0.]

Current index: 874
y0: [[-1.7231961 , -0.8417842 , -0.5854869 , -0.13448739, -0.14377804, -0.21434332]]
controls_seq: [[[-0.21197945, -0.52188677, -0.94156855, -0.04885633, -0.5977948 , -0.9416207 , -0.13780382, -0.2760941 , -0.94158506,  0.2044888 , -0.37228563, -7.8925147 , -0.16395567, -0.36317262, -0.94156295, -0.3263173 , -0.23212627, -0.9415473 ,  0.8048536 ,  0.79754764, -1.0068641 , -0.5609732 , -0.5639467 , -0.5827069 , -0.329892  , -0.3484124 , -0.20241508, -0.5955063 , -0.33475283, -0.47120476, -0.20059635, -0.48185942, -0.2822355 , -0.50633967, -0.56420237, -0.46728283]]]
t_span: [0.]

Current index: 875
y0: [[-1.7206722 , -0.8328085 , -0.57711947, -0.13857256, -0.14127435, -0.2192225 ]]
controls_seq: [[[-0.21197945, -0.52188677, -0.94156855, -0.04885633, -0.5977948 , -0.9416207 , -0.13780382, -0.2760941 , -0.94158506, -0.12150245, -0.37228563, -7.8925147 , -0.16395567, -0.36317262, -0.94156295, -0.3263173 , -0.23212627, -0.9415473 ,  0.8385066 ,  0.79754764, -1.028134  , -0.5609732 , -0.5639467 , -0.5827069 , -0.329892  , -0.3484124 , -0.20241508, -0.5955063 , -0.33475283, -0.47120476, -0.20059635, -0.48185942, -0.2822355 , -0.50633967, -0.56420237, -0.46728283]]]
t_span: [0.]

Current index: 876
y0: [[-1.7091098 , -0.82936007, -0.56815964, -0.1318181 , -0.12974547, -0.21010052]]
controls_seq: [[[-0.21197945, -0.52188677, -0.94156855, -0.04885633, -0.5977948 , -0.9416207 , -0.13780382, -0.2760941 , -0.94158506,  0.9776731 , -0.37228563, -7.8925147 , -0.16395567, -0.36317262, -0.94156295, -0.3263173 , -0.23212627, -0.9415473 ,  0.857885  ,  0.8092205 , -1.0494039 , -0.5609732 , -0.5639467 , -0.5827069 , -0.329892  , -0.3484124 , -0.20241508, -0.5955063 , -0.33475283, -0.47120476, -0.20059635, -0.48185942, -0.2822355 , -0.50633967, -0.56420237, -0.46728283]]]
t_span: [0.]

Current index: 877
y0: [[-1.7146271 , -0.8216816 , -0.57114697, -0.16181953, -0.14924796, -0.23930429]]
controls_seq: [[[-0.21197945, -0.52188677, -0.94156855, -0.04885633, -0.5977948 , -0.9416207 , -0.13780382, -0.2760941 , -0.94158506, -0.06299115, -0.37228563, -7.8925147 , -0.16395567, -0.36317262, -0.94156295, -0.3263173 , -0.23212627, -0.9415473 ,  0.8666964 ,  0.8092205 , -1.0546608 , -0.5609732 , -0.5639467 , -0.5827069 , -0.329892  , -0.3484124 , -0.20241508, -0.5955063 , -0.33475283, -0.47120476, -0.20059635, -0.48185942, -0.2822355 , -0.50633967, -0.56420237, -0.46728283]]]
t_span: [0.]

Current index: 878
y0: [[-1.7057979 , -0.82943785, -0.5696544 , -0.14969957, -0.13883513, -0.2269813 ]]
controls_seq: [[[-0.21197945, -0.52188677, -0.94156855, -0.04885633, -0.5977948 , -0.9416207 , -0.13780382, -0.2760941 , -0.94158506,  2.7204716 , -0.37228563, -7.8925147 , -0.16395567, -0.36317262, -0.94156295, -0.3263173 , -0.23212627, -0.9415473 ,  0.87055856,  0.8092205 , -1.0599177 , -0.5609732 , -0.5639467 , -0.5827069 , -0.329892  , -0.3484124 , -0.20241508, -0.5955063 , -0.33475283, -0.47120476, -0.20059635, -0.48185942, -0.2822355 , -0.50633967, -0.56420237, -0.46728283]]]
t_span: [0.]

Current index: 879
y0: [[-1.6879565 , -0.8368393 , -0.6142745 , -0.21756326, -0.21181789, -0.32469577]]
controls_seq: [[[-0.21197945, -0.52188677, -0.94156855, -0.04885633, -0.5977948 , -0.9416207 , -0.13780382, -0.2760941 , -0.94158506,  0.40509927, -0.37228563, -7.8925147 , -0.16395567, -0.36317262, -0.94156295, -0.3263173 , -0.23212627, -0.9415473 ,  0.8722336 ,  0.8162239 , -1.0651746 , -0.5609732 , -0.5639467 , -0.5827069 , -0.329892  , -0.3484124 , -0.20241508, -0.5955063 , -0.33475283, -0.47120476, -0.20059635, -0.48185942, -0.2822355 , -0.50633967, -0.56420237, -0.46728283]]]
t_span: [0.]

Current index: 880
y0: [[-1.705739  , -0.8628424 , -0.62577987, -0.2111904 , -0.21272562, -0.31719235]]
controls_seq: [[[-0.21197945, -0.52188677, -0.94156855, -0.04885633, -0.5977948 , -0.9416207 , -0.13780382, -0.2760941 , -0.94158506,  4.9370685 , -0.37228563, -7.8925147 , -0.16395567, -0.36317262, -0.94156295, -0.3263173 , -0.23212627, -0.9415473 ,  0.8729599 ,  0.82089263, -1.0656072 , -0.5609732 , -0.5639467 , -0.5827069 , -0.329892  , -0.3484124 , -0.20241508, -0.5955063 , -0.33475283, -0.47120476, -0.20059635, -0.48185942, -0.2822355 , -0.50633967, -0.56420237, -0.46728283]]]
t_span: [0.]

Current index: 881
y0: [[-1.6275376 , -0.90818673, -0.72380966, -0.31520826, -0.37094295, -0.48891178]]
controls_seq: [[[-0.21197945, -0.52188677, -0.94156855, -0.04885633, -0.5977948 , -0.9416207 , -0.13780382, -0.2760941 , -0.94158506,  4.0529394 , -0.37228563, -7.8925147 , -0.16395567, -0.36317262, -0.94156295, -0.3263173 , -0.23212627, -0.9415473 ,  0.87327576,  0.82089263, -1.0660399 , -0.5609732 , -0.5639467 , -0.5827069 , -0.329892  , -0.3484124 , -0.20241508, -0.5955063 , -0.33475283, -0.47120476, -0.20059635, -0.48185942, -0.2822355 , -0.50633967, -0.56420237, -0.46728283]]]
t_span: [0.]

Current index: 882
y0: [[-1.5743941 , -0.9523875 , -0.79823077, -0.36685815, -0.46713352, -0.5924951 ]]
controls_seq: [[[-0.21197945, -0.52188677, -0.94156855, -0.04885633, -0.5977948 , -0.9416207 , -0.13780382, -0.2760941 , -0.94158506,  3.188372  , -0.37228563, -7.8925147 , -0.16395567, -0.36317262, -0.94156295, -0.3263173 , -0.23212627, -0.9415473 ,  0.8734133 ,  0.8325655 , -1.0664725 , -0.5609732 , -0.5639467 , -0.5827069 , -0.329892  , -0.3484124 , -0.20241508, -0.5955063 , -0.33475283, -0.47120476, -0.20059635, -0.48185942, -0.2822355 , -0.50633967, -0.56420237, -0.46728283]]]
t_span: [0.]

Current index: 883
y0: [[-1.5555985 , -0.98078054, -0.8434422 , -0.39342806, -0.5265202 , -0.64926594]]
controls_seq: [[[-0.21197945, -0.52188677, -0.94156855, -0.04885633, -0.5977948 , -0.9416207 , -0.13780382, -0.2760941 , -0.94158506,  3.2520123 , -0.37228563, -7.8925147 , -0.16395567, -0.36317262, -0.94156295, -0.3263173 , -0.23212627, -0.9415473 ,  0.87347203,  0.84034735, -1.0665067 , -0.5609732 , -0.5639467 , -0.5827069 , -0.329892  , -0.3484124 , -0.20241508, -0.5955063 , -0.33475283, -0.47120476, -0.20059635, -0.48185942, -0.2822355 , -0.50633967, -0.56420237, -0.46728283]]]
t_span: [0.]

Current index: 884
y0: [[-1.5350828 , -1.0007293 , -0.88114685, -0.42797506, -0.5867241 , -0.6995188 ]]
controls_seq: [[[-0.21197945, -0.52188677, -0.94156855, -0.04885633, -0.5977948 , -0.9416207 , -0.13780382, -0.2760941 , -0.94158506,  2.4923189 , -0.37228563, -7.8925147 , -0.16395567, -0.36317262, -0.94156295, -0.3263173 , -0.23212627, -0.9415473 ,  0.87349814,  0.8473508 , -1.0665408 , -0.5609732 , -0.5639467 , -0.5827069 , -0.329892  , -0.3484124 , -0.20241508, -0.5955063 , -0.33475283, -0.47120476, -0.20059635, -0.48185942, -0.2822355 , -0.50633967, -0.56420237, -0.46728283]]]
t_span: [0.]

Current index: 885
y0: [[-1.5458969 , -1.017615  , -0.89855766, -0.45603004, -0.61418533, -0.7165369 ]]
controls_seq: [[[-0.21197945, -0.52188677, -0.94156855, -0.04885633, -0.5977948 , -0.9416207 , -0.13780382, -0.2760941 , -0.94158506,  1.4244877 , -0.37228563, -7.8925147 , -0.16395567, -0.36317262, -0.94156295, -0.3263173 , -0.23212627, -0.9415473 ,  0.87350416,  0.8520195 , -1.0665749 , -0.5609732 , -0.5639467 , -0.5827069 , -0.329892  , -0.3484124 , -0.20241508, -0.5955063 , -0.33475283, -0.47120476, -0.20059635, -0.48185942, -0.2822355 , -0.50633967, -0.56420237, -0.46728283]]]
t_span: [0.]

Current index: 886
y0: [[-1.581622  , -1.0453292 , -0.9041202 , -0.4559445 , -0.60529655, -0.689089  ]]
controls_seq: [[[-0.21197945, -0.52188677, -0.94156855, -0.04885633, -0.5977948 , -0.9416207 , -0.13780382, -0.2760941 , -0.94158506,  4.0250087 , -0.37228563, -7.8925147 , -0.16395567, -0.36317262, -0.94156295, -0.3263173 , -0.23212627, -0.9415473 ,  0.87350416,  0.8473508 , -1.0666145 , -0.5609732 , -0.5639467 , -0.5827069 , -0.329892  , -0.3484124 , -0.20241508, -0.5955063 , -0.33475283, -0.47120476, -0.20059635, -0.48185942, -0.2822355 , -0.50633967, -0.56420237, -0.46728283]]]
t_span: [0.]

Current index: 887
y0: [[-1.5442339 , -1.040064  , -0.9412225 , -0.48987922, -0.6733327 , -0.75304615]]
controls_seq: [[[-0.21197945, -0.52188677, -0.94156855, -0.04885633, -0.5977948 , -0.9416207 , -0.13780382, -0.2760941 , -0.94158506, -0.12150245, -0.37228563, -7.8925147 , -0.16395567, -0.36317262, -0.94156295, -0.3263173 , -0.23212627, -0.9415473 ,  0.87350416,  0.84034735, -1.0666541 , -0.5609732 , -0.5639467 , -0.5827069 , -0.329892  , -0.3484124 , -0.20241508, -0.5955063 , -0.33475283, -0.47120476, -0.20059635, -0.48185942, -0.2822355 , -0.50633967, -0.56420237, -0.46728283]]]
t_span: [0.]

Current index: 888
y0: [[-1.5892446 , -1.1014105 , -0.96056336, -0.45919245, -0.63742167, -0.66548485]]
controls_seq: [[[-0.21197945, -0.52188677, -0.94156855, -0.04885633, -0.5977948 , -0.9416207 , -0.13780382, -0.2760941 , -0.94158506,  7.9766088 , -0.37228563, -7.8925147 , -0.16395567, -0.36317262, -0.94156295, -0.3263173 , -0.23212627, -0.9415473 ,  0.8796387 ,  0.84501606, -1.0666935 , -0.5609732 , -0.5639467 , -0.5827069 , -0.329892  , -0.3484124 , -0.20241508, -0.5955063 , -0.33475283, -0.47120476, -0.20059635, -0.48185942, -0.2822355 , -0.50633967, -0.56420237, -0.46728283]]]
t_span: [0.]

Current index: 889
y0: [[-1.5959941 , -1.0872437 , -0.9631891 , -0.55677205, -0.8034427 , -0.8341639 ]]
controls_seq: [[[-0.21197945, -0.52188677, -0.94156855, -0.04885633, -0.5977948 , -0.9416207 , -0.13780382, -0.2760941 , -0.94158506,  3.6560857 , -0.37228563, -7.8925147 , -0.16395567, -0.36317262, -0.94156295, -0.3263173 , -0.23212627, -0.9415473 ,  0.91251945,  0.8520195 , -1.0904436 , -0.5609732 , -0.5639467 , -0.5827069 , -0.329892  , -0.3484124 , -0.20241508, -0.5955063 , -0.33475283, -0.47120476, -0.20059635, -0.48185942, -0.2822355 , -0.50633967, -0.56420237, -0.46728283]]]
t_span: [0.]

Current index: 890
y0: [[-1.5483794 , -1.0937645 , -1.0075575 , -0.57495344, -0.82451016, -0.8796068 ]]
controls_seq: [[[-0.21197945, -0.52188677, -0.94156855, -0.04885633, -0.5977948 , -0.9416207 , -0.13780382, -0.2760941 , -0.94158506, -0.12150245, -0.37228563, -7.8925147 , -0.16395567, -0.36317262, -0.94156295, -0.3263173 , -0.23212627, -0.9415473 ,  0.93649876,  0.8590229 , -1.1141937 , -0.5609732 , -0.5639467 , -0.5827069 , -0.329892  , -0.3484124 , -0.20241508, -0.5955063 , -0.33475283, -0.47120476, -0.20059635, -0.48185942, -0.2822355 , -0.50633967, -0.56420237, -0.46728283]]]
t_span: [0.]

Current index: 891
y0: [[-1.5835927 , -1.1540898 , -1.0327083 , -0.5380236 , -0.7697613 , -0.78819215]]
controls_seq: [[[-0.21197945, -0.52188677, -0.94156855, -0.04885633, -0.5977948 , -0.9416207 , -0.13780382, -0.2760941 , -0.94158506,  0.1972699 , -0.37228563, -7.8925147 , -0.16395567, -0.36317262, -0.94156295, -0.3263173 , -0.23212627, -0.9415473 ,  0.94773984,  0.86369234, -1.1379437 , -0.5609732 , -0.5639467 , -0.5827069 , -0.329892  , -0.3484124 , -0.20241508, -0.5955063 , -0.33475283, -0.47120476, -0.20059635, -0.48185942, -0.2822355 , -0.50633967, -0.56420237, -0.46728283]]]
t_span: [0.]

Current index: 892
y0: [[-1.638663  , -1.1751378 , -1.0395018 , -0.49637702, -0.71807796, -0.7239722 ]]
controls_seq: [[[-0.21197945, -0.52188677, -0.94156855, -0.04885633, -0.5977948 , -0.9416207 , -0.13780382, -0.2760941 , -0.94158506,  0.98793215, -0.37228563, -7.8925147 , -0.16395567, -0.36317262, -0.94156295, -0.3263173 , -0.23212627, -0.9415473 ,  0.95269597,  0.86369234, -1.1408894 , -0.5609732 , -0.5639467 , -0.5827069 , -0.329892  , -0.3484124 , -0.20241508, -0.5955063 , -0.33475283, -0.47120476, -0.20059635, -0.48185942, -0.2822355 , -0.50633967, -0.56420237, -0.46728283]]]
t_span: [0.]

Current index: 893
y0: [[-1.6933191, -1.159043 , -1.0163888, -0.4731166, -0.6783798, -0.6968148]]
controls_seq: [[[-0.21197945, -0.52188677, -0.94156855, -0.04885633, -0.5977948 , -0.9416207 , -0.13780382, -0.2760941 , -0.94158506, -0.12150245, -0.37228563, -7.8925147 , -0.16395567, -0.36317262, -0.94156295, -0.3263173 , -0.23212627, -0.9415473 ,  0.9548501 ,  0.8683618 , -1.1438352 , -0.5609732 , -0.5639467 , -0.5827069 , -0.329892  , -0.3484124 , -0.20241508, -0.5955063 , -0.33475283, -0.47120476, -0.20059635, -0.48185942, -0.2822355 , -0.50633967, -0.56420237, -0.46728283]]]
t_span: [0.]

Current index: 894
y0: [[-1.7408397 , -1.1730821 , -1.0041174 , -0.42839897, -0.61888766, -0.637956  ]]
controls_seq: [[[-0.21197945, -0.52188677, -0.94156855, -0.04885633, -0.5977948 , -0.9416207 , -0.13780382, -0.2760941 , -0.94158506,  4.034886  , -0.37228563, -7.8925147 , -0.16395567, -0.36317262, -0.94156295, -0.3263173 , -0.23212627, -0.9415473 ,  0.9557838 ,  0.8753652 , -1.1467808 , -0.5609732 , -0.5639467 , -0.5827069 , -0.329892  , -0.3484124 , -0.20241508, -0.5955063 , -0.33475283, -0.47120476, -0.20059635, -0.48185942, -0.2822355 , -0.50633967, -0.56420237, -0.46728283]]]
t_span: [0.]

Current index: 895
y0: [[-1.6963778 , -1.114557  , -1.0090754 , -0.4691612 , -0.67564166, -0.7042394 ]]
controls_seq: [[[-0.21197945, -0.52188677, -0.94156855, -0.04885633, -0.5977948 , -0.9416207 , -0.13780382, -0.2760941 , -0.94158506, -0.12150245, -0.37228563, -7.8925147 , -0.16395567, -0.36317262, -0.94156295, -0.3263173 , -0.23212627, -0.9415473 ,  0.9561896 ,  0.8753652 , -1.1470221 , -0.5609732 , -0.5639467 , -0.5827069 , -0.329892  , -0.3484124 , -0.20241508, -0.5955063 , -0.33475283, -0.47120476, -0.20059635, -0.48185942, -0.2822355 , -0.50633967, -0.56420237, -0.46728283]]]
t_span: [0.]

Current index: 896
y0: [[-1.7378101 , -1.1572354 , -0.9902588 , -0.42855948, -0.6128461 , -0.63776875]]
controls_seq: [[[-0.21197945, -0.52188677, -0.94156855, -0.04885633, -0.5977948 , -0.9416207 , -0.13780382, -0.2760941 , -0.94158506, -0.12150245, -0.37228563, -7.8925147 , -0.16395567, -0.36317262, -0.94156295, -0.3263173 , -0.23212627, -0.9415473 ,  0.9563653 ,  0.8753652 , -1.1472632 , -0.5609732 , -0.5639467 , -0.5827069 , -0.329892  , -0.3484124 , -0.20241508, -0.5955063 , -0.33475283, -0.47120476, -0.20059635, -0.48185942, -0.2822355 , -0.50633967, -0.56420237, -0.46728283]]]
t_span: [0.]

Current index: 897
y0: [[-1.7784643 , -1.1627997 , -0.97483075, -0.39617905, -0.56470674, -0.5919811 ]]
controls_seq: [[[-0.21197945, -0.52188677, -0.94156855, -0.04885633, -0.5977948 , -0.9416207 , -0.13780382, -0.2760941 , -0.94158506, -0.12150245, -0.37228563, -7.8925147 , -0.16395567, -0.36317262, -0.94156295, -0.3263173 , -0.23212627, -0.9415473 ,  0.9564416 ,  0.8870373 , -1.1475044 , -0.5609732 , -0.5639467 , -0.5827069 , -0.329892  , -0.3484124 , -0.20241508, -0.5955063 , -0.33475283, -0.47120476, -0.20059635, -0.48185942, -0.2822355 , -0.50633967, -0.56420237, -0.46728283]]]
t_span: [0.]

Current index: 898
y0: [[-1.8140856 , -1.1580716 , -0.953894  , -0.37278405, -0.526643  , -0.5586058 ]]
controls_seq: [[[-0.21197945, -0.52188677, -0.94156855, -0.04885633, -0.5977948 , -0.9416207 , -0.13780382, -0.2760941 , -0.94158506,  1.3682559 , -0.37228563, -7.8925147 , -0.16395567, -0.36317262, -0.94156295, -0.3263173 , -0.23212627, -0.9415473 ,  0.9564737 ,  0.889372  , -1.1475215 , -0.5609732 , -0.5639467 , -0.5827069 , -0.329892  , -0.3484124 , -0.20241508, -0.5955063 , -0.33475283, -0.47120476, -0.20059635, -0.48185942, -0.2822355 , -0.50633967, -0.56420237, -0.46728283]]]
t_span: [0.]

Current index: 899
y0: [[-1.8390828 , -1.1263171 , -0.9311987 , -0.38979948, -0.52065843, -0.5727783 ]]
controls_seq: [[[-0.21197945, -0.52188677, -0.94156855, -0.04885633, -0.5977948 , -0.9416207 , -0.13780382, -0.2760941 , -0.94158506,  3.2417538 , -0.37228563, -7.8925147 , -0.16395567, -0.36317262, -0.94156295, -0.3263173 , -0.23212627, -0.9415473 ,  0.9564857 ,  0.89871013, -1.1475385 , -0.5609732 , -0.5639467 , -0.5827069 , -0.329892  , -0.3484124 , -0.20241508, -0.5955063 , -0.33475283, -0.47120476, -0.20059635, -0.48185942, -0.2822355 , -0.50633967, -0.56420237, -0.46728283]]]
t_span: [0.]

Current index: 900
y0: [[-1.7938452 , -1.1071657 , -0.9526476 , -0.42828748, -0.56322986, -0.62935233]]
controls_seq: [[[-0.21197945, -0.52188677, -0.94156855, -0.04885633, -0.5977948 , -0.9416207 , -0.13780382, -0.2760941 , -0.94158506,  4.3473864 , -0.37228563, -7.8925147 , -0.16395567, -0.36317262, -0.94156295, -0.3263173 , -0.23212627, -0.9415473 ,  0.9564857 ,  0.89871013, -1.1475556 , -0.5609732 , -0.5639467 , -0.5827069 , -0.329892  , -0.3484124 , -0.20241508, -0.5955063 , -0.33475283, -0.47120476, -0.20059635, -0.48185942, -0.2822355 , -0.50633967, -0.56420237, -0.46728283]]]
t_span: [0.]

Current index: 901
y0: [[-1.7198861 , -1.0915116 , -0.97554845, -0.46715516, -0.63889486, -0.6904937 ]]
controls_seq: [[[-0.21197945, -0.52188677, -0.94156855, -0.04885633, -0.5977948 , -0.9416207 , -0.13780382, -0.2760941 , -0.94158506,  1.1765741 , -0.37228563, -7.8925147 , -0.16395567, -0.36317262, -0.94156295, -0.3263173 , -0.23212627, -0.9415473 ,  0.9564857 ,  0.89871013, -1.1475556 , -0.5609732 , -0.5639467 , -0.5827069 , -0.329892  , -0.3484124 , -0.20241508, -0.5955063 , -0.33475283, -0.47120476, -0.20059635, -0.48185942, -0.2822355 , -0.50633967, -0.56420237, -0.46728283]]]
t_span: [0.]

Current index: 902
y0: [[-1.7521973 , -1.1211371 , -0.9559592 , -0.45228803, -0.60382336, -0.6570503 ]]
controls_seq: [[[-0.21197945, -0.52188677, -0.94156855, -0.04885633, -0.5977948 , -0.9416207 , -0.13780382, -0.2760941 , -0.94158506, -0.12150245, -0.37228563, -7.8925147 , -0.16395567, -0.36317262, -0.94156295, -0.3263173 , -0.23212627, -0.9415473 ,  0.9564857 ,  0.89871013, -1.1475556 , -0.5609732 , -0.5639467 , -0.5827069 , -0.329892  , -0.3484124 , -0.20241508, -0.5955063 , -0.33475283, -0.47120476, -0.20059635, -0.48185942, -0.2822355 , -0.50633967, -0.56420237, -0.46728283]]]
t_span: [0.]

Current index: 903
y0: [[-1.782507  , -1.1515248 , -0.9564835 , -0.41340017, -0.55451095, -0.5996271 ]]
controls_seq: [[[-0.21197945, -0.52188677, -0.94156855, -0.04885633, -0.5977948 , -0.9416207 , -0.13780382, -0.2760941 , -0.94158506,  2.7782233 , -0.37228563, -7.8925147 , -0.16395567, -0.36317262, -0.94156295, -0.3263173 , -0.23212627, -0.9415473 ,  0.9564857 ,  0.89871013, -1.1475556 , -0.5609732 , -0.5639467 , -0.5827069 , -0.329892  , -0.3484124 , -0.20241508, -0.5955063 , -0.33475283, -0.47120476, -0.20059635, -0.48185942, -0.2822355 , -0.50633967, -0.56420237, -0.46728283]]]
t_span: [0.]

Current index: 904
y0: [[-1.7744436 , -1.1175952 , -0.96435744, -0.43743822, -0.58150464, -0.64613307]]
controls_seq: [[[-0.21197945, -0.52188677, -0.94156855, -0.04885633, -0.5977948 , -0.9416207 , -0.13780382, -0.2760941 , -0.94158506, 11.276796  , -0.37228563, -7.8925147 , -0.16395567, -0.36317262, -0.94156295, -0.3263173 , -0.23212627, -0.9415473 ,  0.9564857 ,  0.90337956, -1.1510227 , -0.5609732 , -0.5639467 , -0.5827069 , -0.329892  , -0.3484124 , -0.20241508, -0.5955063 , -0.33475283, -0.47120476, -0.20059635, -0.48185942, -0.2822355 , -0.50633967, -0.56420237, -0.46728283]]]
t_span: [0.]

Current index: 905
y0: [[-1.718858  , -1.1603736 , -0.97655416, -0.54993397, -0.8979344 , -0.95761514]]
controls_seq: [[[-0.21197945, -0.52188677, -0.94156855, -0.04885633, -0.5977948 , -0.9416207 , -0.13780382, -0.2760941 , -0.94158506,  1.2506618 , -0.37228563, -7.8925147 , -0.16395567, -0.36317262, -0.94156295, -0.3263173 , -0.23212627, -0.9415473 ,  0.9565217 ,  0.910383  , -1.1544899 , -0.5609732 , -0.5639467 , -0.5827069 , -0.329892  , -0.3484124 , -0.20241508, -0.5955063 , -0.33475283, -0.47120476, -0.20059635, -0.48185942, -0.2822355 , -0.50633967, -0.56420237, -0.46728283]]]
t_span: [0.]

Current index: 906
y0: [[-1.7144021 , -1.1828597 , -1.0352405 , -0.5639918 , -0.83015   , -0.87126803]]
controls_seq: [[[-0.21197945, -0.52188677, -0.94156855, -0.04885633, -0.5977948 , -0.9416207 , -0.13780382, -0.2760941 , -0.94158506, 10.109224  , -0.37228563, -7.8925147 , -0.16395567, -0.36317262, -0.94156295, -0.3263173 , -0.23212627, -0.9415473 ,  0.97451174,  0.910383  , -1.157957  , -0.5609732 , -0.5639467 , -0.5827069 , -0.329892  , -0.3484124 , -0.20241508, -0.5955063 , -0.33475283, -0.47120476, -0.20059635, -0.48185942, -0.2822355 , -0.50633967, -0.56420237, -0.46728283]]]
t_span: [0.]

Current index: 907
y0: [[-1.6796504 , -1.2055013 , -1.0525337 , -0.63501877, -1.0226266 , -1.0510069 ]]
controls_seq: [[[-0.21197945, -0.52188677, -0.94156855, -0.04885633, -0.5977948 , -0.9416207 , -0.13780382, -0.2760941 , -0.94158506, -0.12150245, -0.37228563, -7.8925147 , -0.16395567, -0.36317262, -0.94156295, -0.3263173 , -0.23212627, -0.9415473 ,  1.0080297 ,  0.910383  , -1.1796721 , -0.5609732 , -0.5639467 , -0.5827069 , -0.329892  , -0.3484124 , -0.20241508, -0.5955063 , -0.33475283, -0.47120476, -0.20059635, -0.48185942, -0.2822355 , -0.50633967, -0.56420237, -0.46728283]]]
t_span: [0.]

Current index: 908
y0: [[-1.6789038 , -1.2529393 , -1.1178203 , -0.6011168 , -0.9234041 , -0.93346506]]
controls_seq: [[[-0.21197945, -0.52188677, -0.94156855, -0.04885633, -0.5977948 , -0.9416207 , -0.13780382, -0.2760941 , -0.94158506, -0.12150245, -0.37228563, -7.8925147 , -0.16395567, -0.36317262, -0.94156295, -0.3263173 , -0.23212627, -0.9415473 ,  1.026414  ,  0.910383  , -1.2013874 , -0.5609732 , -0.5639467 , -0.5827069 , -0.329892  , -0.3484124 , -0.20241508, -0.5955063 , -0.33475283, -0.47120476, -0.20059635, -0.48185942, -0.2822355 , -0.50633967, -0.56420237, -0.46728283]]]
t_span: [0.]

Current index: 909
y0: [[-1.717837  , -1.2757505 , -1.1337825 , -0.5499945 , -0.83955467, -0.8324315 ]]
controls_seq: [[[-0.21197945, -0.52188677, -0.94156855, -0.04885633, -0.5977948 , -0.9416207 , -0.13780382, -0.2760941 , -0.94158506, -0.12150245, -0.37228563, -7.8925147 , -0.16395567, -0.36317262, -0.94156295, -0.3263173 , -0.23212627, -0.9415473 ,  1.0347053 ,  0.9150517 , -1.2231026 , -0.5609732 , -0.5639467 , -0.5827069 , -0.329892  , -0.3484124 , -0.20241508, -0.5955063 , -0.33475283, -0.47120476, -0.20059635, -0.48185942, -0.2822355 , -0.50633967, -0.56420237, -0.46728283]]]
t_span: [0.]

Current index: 910
y0: [[-1.7662722 , -1.275055  , -1.1185797 , -0.49722385, -0.76457536, -0.7556352 ]]
controls_seq: [[[-0.21197945, -0.52188677, -0.94156855, -0.04885633, -0.5977948 , -0.9416207 , -0.13780382, -0.2760941 , -0.94158506, -0.12150245, -0.37228563, -7.8925147 , -0.16395567, -0.36317262, -0.94156295, -0.3263173 , -0.23212627, -0.9415473 ,  1.0383308 ,  0.9220551 , -1.2252563 , -0.5609732 , -0.5639467 , -0.5827069 , -0.329892  , -0.3484124 , -0.20241508, -0.5955063 , -0.33475283, -0.47120476, -0.20059635, -0.48185942, -0.2822355 , -0.50633967, -0.56420237, -0.46728283]]]
t_span: [0.]

Current index: 911
y0: [[-1.8181282 , -1.2589352 , -1.0837922 , -0.45122302, -0.6915852 , -0.6957549 ]]
controls_seq: [[[-0.21197945, -0.52188677, -0.94156855, -0.04885633, -0.5977948 , -0.9416207 , -0.13780382, -0.2760941 , -0.94158506, -0.12150245, -0.37228563, -7.8925147 , -0.16395567, -0.36317262, -0.94156295, -0.3263173 , -0.23212627, -0.9415473 ,  1.0399052 ,  0.92361134, -1.2274102 , -0.5609732 , -0.5639467 , -0.5827069 , -0.329892  , -0.3484124 , -0.20241508, -0.5955063 , -0.33475283, -0.47120476, -0.20059635, -0.48185942, -0.2822355 , -0.50633967, -0.56420237, -0.46728283]]]
t_span: [0.]

Current index: 912
y0: [[-1.8591527, -1.2410606, -1.0491991, -0.4176997, -0.6286358, -0.6450412]]
controls_seq: [[[-0.21197945, -0.52188677, -0.94156855, -0.04885633, -0.5977948 , -0.9416207 , -0.13780382, -0.2760941 , -0.94158506, -0.12150245, -0.37228563, -7.8925147 , -0.16395567, -0.36317262, -0.94156295, -0.3263173 , -0.23212627, -0.9415473 ,  1.223024  ,  0.929837  , -1.229564  , -0.5609732 , -0.5639467 , -0.5827069 , -0.329892  , -0.3484124 , -0.20241508, -0.5955063 , -0.33475283, -0.47120476, -0.20059635, -0.48185942, -0.2822355 , -0.50633967, -0.56420237, -0.46728283]]]
t_span: [0.]

Current index: 913
y0: [[-1.9015313 , -1.2256196 , -1.0117023 , -0.38801545, -0.57590455, -0.6110083 ]]
controls_seq: [[[-0.21197945, -0.52188677, -0.94156855, -0.04885633, -0.5977948 , -0.9416207 , -0.13780382, -0.2760941 , -0.94158506, -0.12150245, -0.37228563, -7.8925147 , -0.16395567, -0.36317262, -0.94156295, -0.3263173 , -0.23212627, -0.9415473 ,  1.268884  ,  0.929837  , -1.2297401 , -0.5609732 , -0.5639467 , -0.5827069 , -0.329892  , -0.3484124 , -0.20241508, -0.5955063 , -0.33475283, -0.47120476, -0.20059635, -0.48185942, -0.2822355 , -0.50633967, -0.56420237, -0.46728283]]]
t_span: [0.]

Current index: 914
y0: [[-1.9365424 , -1.2104183 , -0.97424936, -0.3648838 , -0.534598  , -0.58367956]]
controls_seq: [[[-0.21197945, -0.52188677, -0.94156855, -0.04885633, -0.5977948 , -0.9416207 , -0.13780382, -0.2760941 , -0.94158506, -0.12150245, -0.37228563, -7.8925147 , -0.16395567, -0.36317262, -0.94156295, -0.3263173 , -0.23212627, -0.9415473 ,  1.2689885 ,  0.92672455, -1.2299163 , -0.5609732 , -0.5639467 , -0.5827069 , -0.329892  , -0.3484124 , -0.20241508, -0.5955063 , -0.33475283, -0.47120476, -0.20059635, -0.48185942, -0.2822355 , -0.50633967, -0.56420237, -0.46728283]]]
t_span: [0.]

Current index: 915
y0: [[-1.9647889 , -1.1968006 , -0.9417017 , -0.34669378, -0.5009439 , -0.56070006]]
controls_seq: [[[-0.21197945, -0.52188677, -0.94156855, -0.04885633, -0.5977948 , -0.9416207 , -0.13780382, -0.2760941 , -0.94158506, -0.12150245, -0.37228563, -7.8925147 , -0.16395567, -0.36317262, -0.94156295, -0.3263173 , -0.23212627, -0.9415473 ,  1.2690334 ,  0.9197204 , -1.2300924 , -0.5609732 , -0.5639467 , -0.5827069 , -0.329892  , -0.3484124 , -0.20241508, -0.5955063 , -0.33475283, -0.47120476, -0.20059635, -0.48185942, -0.2822355 , -0.50633967, -0.56420237, -0.46728283]]]
t_span: [0.]

Current index: 916
y0: [[-1.9850223 , -1.1830088 , -0.9144561 , -0.3335857 , -0.47122946, -0.5402969 ]]
controls_seq: [[[-0.21197945, -0.52188677, -0.94156855, -0.04885633, -0.5977948 , -0.9416207 , -0.13780382, -0.2760941 , -0.94158506, -0.12150245, -0.37228563, -7.8925147 , -0.16395567, -0.36317262, -0.94156295, -0.3263173 , -0.23212627, -0.9415473 ,  1.2690536 ,  0.910383  , -1.2301037 , -0.5609732 , -0.5639467 , -0.5827069 , -0.329892  , -0.3484124 , -0.20241508, -0.5955063 , -0.33475283, -0.47120476, -0.20059635, -0.48185942, -0.2822355 , -0.50633967, -0.56420237, -0.46728283]]]
t_span: [0.]

Current index: 917
y0: [[-1.9991492 , -1.1692401 , -0.89255   , -0.32268074, -0.44399393, -0.5227032 ]]
controls_seq: [[[-0.21197945, -0.52188677, -0.94156855, -0.04885633, -0.5977948 , -0.9416207 , -0.13780382, -0.2760941 , -0.94158506, -0.12150245, -0.37228563, -7.8925147 , -0.16395567, -0.36317262, -0.94156295, -0.3263173 , -0.23212627, -0.9415473 ,  1.2690579 ,  0.90337956, -1.2301152 , -0.5609732 , -0.5639467 , -0.5827069 , -0.329892  , -0.3484124 , -0.20241508, -0.5955063 , -0.33475283, -0.47120476, -0.20059635, -0.48185942, -0.2822355 , -0.50633967, -0.56420237, -0.46728283]]]
t_span: [0.]

Current index: 918
y0: [[-2.0084393 , -1.1565067 , -0.8728816 , -0.31275812, -0.41964525, -0.50435597]]
controls_seq: [[[-0.21197945, -0.52188677, -0.94156855, -0.04885633, -0.5977948 , -0.9416207 , -0.13780382, -0.2760941 , -0.94158506, -0.12150245, -0.37228563, -7.8925147 , -0.16395567, -0.36317262, -0.94156295, -0.3263173 , -0.23212627, -0.9415473 ,  1.2690579 ,  0.89871013, -1.2301265 , -0.5609732 , -0.5639467 , -0.5827069 , -0.329892  , -0.3484124 , -0.20241508, -0.5955063 , -0.33475283, -0.47120476, -0.20059635, -0.48185942, -0.2822355 , -0.50633967, -0.56420237, -0.46728283]]]
t_span: [0.]

Current index: 919
y0: [[-2.0144017 , -1.144364  , -0.854353  , -0.30321133, -0.39736006, -0.4861609 ]]
controls_seq: [[[-0.21197945, -0.52188677, -0.94156855, -0.04885633, -0.5977948 , -0.9416207 , -0.13780382, -0.2760941 , -0.94158506,  1.6136994 , -0.37228563, -7.8925147 , -0.16395567, -0.36317262, -0.94156295, -0.3263173 , -0.23212627, -0.9415473 ,  1.2690579 ,  0.89871013, -1.2301265 , -0.5609732 , -0.5639467 , -0.5827069 , -0.329892  , -0.3484124 , -0.20241508, -0.5955063 , -0.33475283, -0.47120476, -0.20059635, -0.48185942, -0.2822355 , -0.50633967, -0.56420237, -0.46728283]]]
t_span: [0.]

Current index: 920
y0: [[-1.9908494 , -1.1117318 , -0.8404571 , -0.34658518, -0.40893605, -0.5183507 ]]
controls_seq: [[[-0.21197945, -0.52188677, -0.94156855, -0.04885633, -0.5977948 , -0.9416207 , -0.13780382, -0.2760941 , -0.94158506, -0.12150245, -0.37228563, -7.8925147 , -0.16395567, -0.36317262, -0.94156295, -0.3263173 , -0.23212627, -0.9415473 ,  1.2690579 ,  0.89871013, -1.2301265 , -0.5609732 , -0.5639467 , -0.5827069 , -0.329892  , -0.3484124 , -0.20241508, -0.5955063 , -0.33475283, -0.47120476, -0.20059635, -0.48185942, -0.2822355 , -0.50633967, -0.56420237, -0.46728283]]]
t_span: [0.]

Current index: 921
y0: [[-1.9931762 , -1.1251986 , -0.8357496 , -0.3221136 , -0.39018875, -0.48735598]]
controls_seq: [[[-0.21197945, -0.52188677, -0.94156855, -0.04885633, -0.5977948 , -0.9416207 , -0.13780382, -0.2760941 , -0.94158506,  0.5128129 , -0.37228563, -7.8925147 ,  0.7099889 , -0.36317262, -0.94156295, -0.3263173 , -0.23212627, -0.9415473 ,  1.2690579 ,  0.89871013, -1.2301265 , -0.5609732 , -0.5639467 , -0.5827069 , -0.329892  , -0.3484124 , -0.20241508, -0.5955063 , -0.33475283, -0.47120476, -0.20059635, -0.48185942, -0.2822355 , -0.50633967, -0.56420237, -0.46728283]]]
t_span: [0.]

Current index: 922
y0: [[-1.9753217 , -1.1199065 , -0.8418749 , -0.31633192, -0.41919014, -0.5039473 ]]
controls_seq: [[[-0.21197945, -0.52188677, -0.94156855, -0.04885633, -0.5977948 , -0.9416207 , -0.13780382, -0.2760941 , -0.94158506, -0.12150245, -0.37228563, -7.8925147 , -0.16395567, -0.36317262, -0.94156295, -0.3263173 , -0.23212627, -0.9415473 ,  1.2690579 ,  0.8870373 , -1.2301265 , -0.5609732 , -0.5639467 , -0.5827069 , -0.329892  , -0.3484124 , -0.20241508, -0.5955063 , -0.33475283, -0.47120476, -0.20059635, -0.48185942, -0.2822355 , -0.50633967, -0.56420237, -0.46728283]]]
t_span: [0.]

Current index: 923
y0: [[-1.9820632 , -1.1224178 , -0.8345604 , -0.30177334, -0.39091295, -0.48248637]]
controls_seq: [[[-0.21197945, -0.52188677, -0.94156855, -0.04885633, -0.5977948 , -0.9416207 , -0.13780382, -0.2760941 , -0.94158506, -0.12150245, -0.37228563, -7.8925147 , -0.16395567, -0.36317262, -0.94156295, -0.3263173 , -0.23212627, -0.9415473 ,  1.2690579 ,  0.8870373 , -1.2301265 , -0.5609732 , -0.5639467 , -0.5827069 , -0.329892  , -0.3484124 , -0.20241508, -0.5955063 , -0.33475283, -0.47120476, -0.20059635, -0.48185942, -0.2822355 , -0.50633967, -0.56420237, -0.46728283]]]
t_span: [0.]

Current index: 924
y0: [[-1.9888601 , -1.1151663 , -0.82311   , -0.29020032, -0.36781678, -0.46496284]]
controls_seq: [[[-0.21197945, -0.52188677, -0.94156855, -0.04885633, -0.5977948 , -0.9416207 , -0.13780382, -0.2760941 , -0.94158506,  0.54301834, -0.37228563, -7.8925147 , -0.16395567, -0.36317262, -0.94156295, -0.3263173 , -0.23212627, -0.9415473 ,  1.2690579 ,  0.8870373 , -1.2301265 , -0.5609732 , -0.5639467 , -0.5827069 , -0.329892  , -0.3484124 , -0.20241508, -0.5955063 , -0.33475283, -0.47120476, -0.20059635, -0.48185942, -0.2822355 , -0.50633967, -0.56420237, -0.46728283]]]
t_span: [0.]

Current index: 925
y0: [[-1.9869368 , -1.0933905 , -0.80878764, -0.2978564 , -0.3605475 , -0.46438178]]
controls_seq: [[[-0.21197945, -0.52188677, -0.94156855, -0.04885633, -0.5977948 , -0.9416207 , -0.13780382, -0.2760941 , -0.94158506,  2.35573   , -0.37228563, -7.8925147 , -0.16395567, -0.36317262, -0.94156295, -0.3263173 , -0.23212627, -0.9415473 ,  1.2690579 ,  0.8870373 , -1.2301265 , -0.5609732 , -0.5639467 , -0.5827069 , -0.329892  , -0.3484124 , -0.20241508, -0.5955063 , -0.33475283, -0.47120476, -0.20059635, -0.48185942, -0.2822355 , -0.50633967, -0.56420237, -0.46728283]]]
t_span: [0.]

Current index: 926
y0: [[-1.934692  , -1.0732379 , -0.8185619 , -0.34676492, -0.3967946 , -0.5248666 ]]
controls_seq: [[[-0.21197945, -0.52188677, -0.94156855, -0.04885633, -0.5977948 , -0.9416207 , -0.13780382, -0.2760941 , -0.94158506, -0.12150245, -0.37228563, -7.8925147 , -0.16395567, -0.36317262, -0.94156295, -0.3263173 , -0.23212627, -0.9415473 ,  1.2690579 ,  0.8870373 , -1.2301265 , -0.5609732 , -0.5639467 , -0.5827069 , -0.329892  , -0.3484124 , -0.20241508, -0.5955063 , -0.33475283, -0.47120476, -0.20059635, -0.48185942, -0.2822355 , -0.50633967, -0.56420237, -0.46728283]]]
t_span: [0.]

Current index: 927
y0: [[-1.9417783 , -1.0993807 , -0.81744194, -0.31878686, -0.3796606 , -0.48849037]]
controls_seq: [[[-0.21197945, -0.52188677, -0.94156855, -0.04885633, -0.5977948 , -0.9416207 , -0.13780382, -0.2760941 , -0.94158506,  1.1114132 , -0.37228563, -7.8925147 , -0.16395567, -0.36317262, -0.94156295, -0.3263173 , -0.23212627, -0.9415473 ,  1.2690579 ,  0.8870373 , -1.2301265 , -0.5609732 , -0.5639467 , -0.5827069 , -0.329892  , -0.3484124 , -0.20241508, -0.5955063 , -0.33475283, -0.47120476, -0.20059635, -0.48185942, -0.2822355 , -0.50633967, -0.56420237, -0.46728283]]]
t_span: [0.]

Current index: 928
y0: [[-1.9414142 , -1.0831721 , -0.8115178 , -0.33357707, -0.38432077, -0.5011241 ]]
controls_seq: [[[-0.21197945, -0.52188677, -0.94156855, -0.04885633, -0.5977948 , -0.9416207 , -0.13780382, -0.2760941 , -0.94158506,  1.0342847 , -0.37228563, -7.8925147 , -0.16395567, -0.36317262, -0.94156295, -0.3263173 , -0.23212627, -0.9415473 ,  1.2690579 ,  0.8823686 , -1.2301265 , -0.5609732 , -0.5639467 , -0.5827069 , -0.329892  , -0.3484124 , -0.20241508, -0.5955063 , -0.33475283, -0.47120476, -0.20059635, -0.48185942, -0.2822355 , -0.50633967, -0.56420237, -0.46728283]]]
t_span: [0.]

Current index: 929
y0: [[-1.939134  , -1.0806432 , -0.8082557 , -0.34107262, -0.38695344, -0.5037675 ]]
controls_seq: [[[-0.21197945, -0.52188677, -0.94156855, -0.04885633, -0.5977948 , -0.9416207 , -0.13780382, -0.2760941 , -0.94158506,  0.21892692, -0.37228563, -7.8925147 , -0.16395567, -0.36317262, -0.94156295, -0.3263173 , -0.23212627, -0.9415473 ,  1.2690579 ,  0.8753652 , -1.2301265 , -0.5609732 , -0.5639467 , -0.5827069 , -0.329892  , -0.3484124 , -0.20241508, -0.5955063 , -0.33475283, -0.47120476, -0.20059635, -0.48185942, -0.2822355 , -0.50633967, -0.56420237, -0.46728283]]]
t_span: [0.]

Current index: 930
y0: [[-1.9443514 , -1.0911866 , -0.8092174 , -0.3201787 , -0.37574324, -0.48278114]]
controls_seq: [[[-0.21197945, -0.52188677, -0.94156855, -0.04885633, -0.5977948 , -0.9416207 , -0.13780382, -0.2760941 , -0.94158506,  1.5979325 , -0.37228563, -7.8925147 , -0.16395567, -0.36317262, -0.94156295, -0.3263173 , -0.23212627, -0.9415473 ,  1.2690579 ,  0.8753652 , -1.2301265 , -0.5609732 , -0.5639467 , -0.5827069 , -0.329892  , -0.3484124 , -0.20241508, -0.5955063 , -0.33475283, -0.47120476, -0.20059635, -0.48185942, -0.2822355 , -0.50633967, -0.56420237, -0.46728283]]]
t_span: [0.]

Current index: 931
y0: [[-1.9323071 , -1.0750076 , -0.80628496, -0.34548843, -0.38859528, -0.51051104]]
controls_seq: [[[-0.21197945, -0.52188677, -0.94156855, -0.04885633, -0.5977948 , -0.9416207 , -0.13780382, -0.2760941 , -0.94158506,  3.9725769 , -0.37228563, -7.8925147 , -0.16395567, -0.36317262, -0.94156295, -0.3263173 , -0.23212627, -0.9415473 ,  1.2747828 ,  0.8683618 , -1.2507341 , -0.5609732 , -0.5639467 , -0.5827069 , -0.329892  , -0.3484124 , -0.20241508, -0.5955063 , -0.33475283, -0.47120476, -0.20059635, -0.48185942, -0.2822355 , -0.50633967, -0.56420237, -0.46728283]]]
t_span: [0.]

Current index: 932
y0: [[-1.8149413 , -1.0610694 , -0.86759716, -0.3800191 , -0.4726766 , -0.5963782 ]]
controls_seq: [[[-0.21197945, -0.52188677, -0.94156855, -0.04885633, -0.5977948 , -0.9416207 , -0.13780382, -0.2760941 , -0.94158506,  4.994063  , -0.37228563, -7.8925147 ,  0.26491356, -0.36317262, -0.94156295, -0.3263173 , -0.23212627, -0.9415473 ,  1.302884  ,  0.86369234, -1.2713419 , -0.5609732 , -0.5639467 , -0.5827069 , -0.329892  , -0.3484124 , -0.20241508, -0.5955063 , -0.33475283, -0.47120476, -0.20059635, -0.48185942, -0.2822355 , -0.50633967, -0.56420237, -0.46728283]]]
t_span: [0.]

Current index: 933
y0: [[-1.706417  , -1.0562949 , -0.90810114, -0.40466562, -0.5836128 , -0.68043095]]
controls_seq: [[[-0.21197945, -0.52188677, -0.94156855, -0.04885633, -0.5977948 , -0.9416207 , -0.13780382, -0.2760941 , -0.94158506,  0.995531  , -0.37228563, -7.8925147 , -0.16395567, -0.36317262, -0.94156295, -0.3263173 , -0.23212627, -0.9415473 ,  1.322831  ,  0.86369234, -1.2919495 , -0.5609732 , -0.5639467 , -0.5827069 , -0.329892  , -0.3484124 , -0.20241508, -0.5955063 , -0.33475283, -0.47120476, -0.20059635, -0.48185942, -0.2822355 , -0.50633967, -0.56420237, -0.46728283]]]
t_span: [0.]

Current index: 934
y0: [[-1.7376325 , -1.0975935 , -0.88793045, -0.38901895, -0.5403445 , -0.6608419 ]]
controls_seq: [[[-0.21197945, -0.52188677, -0.94156855, -0.04885633, -0.5977948 , -0.9416207 , -0.13780382, -0.2760941 , -0.94158506,  0.02952501, -0.37228563, -7.8925147 , -0.16395567, -0.36317262, -0.94156295, -0.3263173 , -0.23212627, -0.9415473 ,  1.3321682 ,  0.8613576 , -1.298783  , -0.5609732 , -0.5639467 , -0.5827069 , -0.329892  , -0.3484124 , -0.20241508, -0.5955063 , -0.33475283, -0.47120476, -0.20059635, -0.48185942, -0.2822355 , -0.50633967, -0.56420237, -0.46728283]]]
t_span: [0.]

Current index: 935
y0: [[-1.7686018 , -1.1284368 , -0.88975936, -0.35522553, -0.49152187, -0.6145105 ]]
controls_seq: [[[-0.21197945, -0.52188677, -0.94156855, -0.04885633, -0.5977948 , -0.9416207 , -0.13780382, -0.2760941 , -0.94158506,  1.8144987 , -0.37228563, -7.8925147 ,  0.1856222 , -0.36317262, -0.94156295, -0.3263173 , -0.23212627, -0.9415473 ,  1.3362746 ,  0.8520195 , -1.3056164 , -0.5609732 , -0.5639467 , -0.5827069 , -0.329892  , -0.3484124 , -0.20241508, -0.5955063 , -0.33475283, -0.47120476, -0.20059635, -0.48185942, -0.2822355 , -0.50633967, -0.56420237, -0.46728283]]]
t_span: [0.]

Current index: 936
y0: [[-1.7700229 , -1.0992826 , -0.88233274, -0.3631171 , -0.50365716, -0.63646305]]
controls_seq: [[[-0.21197945, -0.52188677, -0.94156855, -0.04885633, -0.5977948 , -0.9416207 , -0.13780382, -0.2760941 , -0.94158506,  5.281103  , -0.37228563, -7.8925147 , -0.03025948, -0.36317262, -0.94156295, -0.3263173 , -0.23212627, -0.9415473 ,  1.3380593 ,  0.8520195 , -1.3124498 , -0.5609732 , -0.5639467 , -0.5827069 , -0.329892  , -0.3484124 , -0.20241508, -0.5955063 , -0.33475283, -0.47120476, -0.20059635, -0.48185942, -0.2822355 , -0.50633967, -0.56420237, -0.46728283]]]
t_span: [0.]

Current index: 937
y0: [[-1.6852602 , -1.0685366 , -0.9180359 , -0.41510153, -0.6100286 , -0.7161687 ]]
controls_seq: [[[-0.21197945, -0.52188677, -0.94156855, -0.04885633, -0.5977948 , -0.9416207 , -0.13780382, -0.2760941 , -0.94158506,  6.6443477 , -0.37228563, -7.8925147 , -0.16395567, -0.36317262, -0.94156295, -0.3263173 , -0.23212627, -0.9415473 ,  1.3388345 ,  0.8520195 , -1.3130151 , -0.5609732 , -0.5639467 , -0.5827069 , -0.329892  , -0.3484124 , -0.20241508, -0.5955063 , -0.33475283, -0.47120476, -0.20059635, -0.48185942, -0.2822355 , -0.50633967, -0.56420237, -0.46728283]]]
t_span: [0.]

Current index: 938
y0: [[-1.6428947 , -1.0721481 , -0.93298036, -0.48725608, -0.7261396 , -0.8150026 ]]
controls_seq: [[[-0.21197945, -0.52188677, -0.94156855, -0.04885633, -0.5977948 , -0.9416207 , -0.13780382, -0.2760941 , -0.94158506, 11.276796  , -0.37228563, -7.8925147 , -0.16395567, -0.36317262, -0.94156295, -0.3263173 , -0.23212627, -0.9415473 ,  1.3391709 ,  0.84501606, -1.3135804 , -0.5609732 , -0.5639467 , -0.5827069 , -0.329892  , -0.3484124 , -0.20241508, -0.5955063 , -0.33475283, -0.47120476, -0.20059635, -0.48185942, -0.2822355 , -0.50633967, -0.56420237, -0.46728283]]]
t_span: [0.]

Current index: 939
y0: [[-1.6182194 , -1.1532665 , -0.95266855, -0.554495  , -1.0006924 , -1.0797585 ]]
controls_seq: [[[-0.21197945, -0.52188677, -0.94156855, -0.04885633, -0.5977948 , -0.9416207 , -0.13780382, -0.2760941 , -0.94158506,  2.0354352 , -0.37228563, -7.8925147 , -0.16395567, -0.36317262, -0.94156295, -0.3263173 , -0.23212627, -0.9415473 ,  1.3393171 ,  0.84034735, -1.3141456 , -0.5609732 , -0.5639467 , -0.5827069 , -0.329892  , -0.3484124 , -0.20241508, -0.5955063 , -0.33475283, -0.47120476, -0.20059635, -0.48185942, -0.2822355 , -0.50633967, -0.56420237, -0.46728283]]]
t_span: [0.]

Current index: 940
y0: [[-1.5845873, -1.1628646, -1.0174901, -0.5576891, -0.9442607, -1.0333525]]
controls_seq: [[[-0.21197945, -0.52188677, -0.94156855, -0.04885633, -0.5977948 , -0.9416207 , -0.13780382, -0.2760941 , -0.94158506, -0.12150245, -0.37228563, -7.8925147 , -0.16395567, -0.36317262, -0.94156295, -0.3263173 , -0.23212627, -0.9415473 ,  1.3393805 ,  0.84034735, -1.3141915 , -0.5609732 , -0.5639467 , -0.5827069 , -0.329892  , -0.3484124 , -0.20241508, -0.5955063 , -0.33475283, -0.47120476, -0.20059635, -0.48185942, -0.2822355 , -0.50633967, -0.56420237, -0.46728283]]]
t_span: [0.]

Current index: 941
y0: [[-1.5952634, -1.2061958, -1.0509642, -0.5228229, -0.8689095, -0.9441769]]
controls_seq: [[[-0.21197945, -0.52188677, -0.94156855, -0.04885633, -0.5977948 , -0.9416207 , -0.13780382, -0.2760941 , -0.94158506, -0.12150245, -0.37228563, -7.8925147 , -0.16395567, -0.36317262, -0.94156295, -0.3263173 , -0.23212627, -0.9415473 ,  1.3394074 ,  0.84034735, -1.3142371 , -0.5609732 , -0.5639467 , -0.5827069 , -0.329892  , -0.3484124 , -0.20241508, -0.5955063 , -0.33475283, -0.47120476, -0.20059635, -0.48185942, -0.2822355 , -0.50633967, -0.56420237, -0.46728283]]]
t_span: [0.]

Current index: 942
y0: [[-1.635571  , -1.2244622 , -1.0592701 , -0.483738  , -0.7975983 , -0.86094034]]
controls_seq: [[[-0.21197945, -0.52188677, -0.94156855, -0.04885633, -0.5977948 , -0.9416207 , -0.13780382, -0.2760941 , -0.94158506,  2.1446712 , -0.37228563, -7.8925147 , -0.16395567, -0.36317262, -0.94156295, -0.3263173 , -0.23212627, -0.9415473 ,  1.3394177 ,  0.8372349 , -1.3142829 , -0.5609732 , -0.5639467 , -0.5827069 , -0.329892  , -0.3484124 , -0.20241508, -0.5955063 , -0.33475283, -0.47120476, -0.20059635, -0.48185942, -0.2822355 , -0.50633967, -0.56420237, -0.46728283]]]
t_span: [0.]

Current index: 943
y0: [[-1.6626234 , -1.1661241 , -1.0303749 , -0.49548888, -0.77317894, -0.85097235]]
controls_seq: [[[-0.21197945, -0.52188677, -0.94156855, -0.04885633, -0.5977948 , -0.9416207 , -0.13780382, -0.2760941 , -0.94158506, -0.12150245, -0.37228563, -7.8925147 ,  0.08115404, -0.36317262, -0.94156295, -0.3263173 , -0.23212627, -0.9415473 ,  1.3394177 ,  0.8325655 , -1.3253299 , -0.5609732 , -0.5639467 , -0.5827069 , -0.329892  , -0.3484124 , -0.20241508, -0.5955063 , -0.33475283, -0.47120476, -0.20059635, -0.48185942, -0.2822355 , -0.50633967, -0.56420237, -0.46728283]]]
t_span: [0.]

Current index: 944
y0: [[-1.7029899, -1.2072357, -1.0227668, -0.4515604, -0.7119284, -0.7727533]]
controls_seq: [[[-0.21197945, -0.52188677, -0.94156855, -0.04885633, -0.5977948 , -0.9416207 , -0.13780382, -0.2760941 , -0.94158506,  0.17485322, -0.37228563, -7.8925147 ,  0.53274   , -0.36317262, -0.94156295, -0.22113   , -0.23212627, -0.9415473 ,  1.3443186 ,  0.8325655 , -1.3363768 , -0.5609732 , -0.5639467 , -0.5827069 , -0.329892  , -0.3484124 , -0.20241508, -0.5955063 , -0.33475283, -0.47120476, -0.20059635, -0.48185942, -0.2822355 , -0.50633967, -0.56420237, -0.46728283]]]
t_span: [0.]

Current index: 945
y0: [[-1.738183  , -1.2060078 , -1.0201873 , -0.41099137, -0.67583764, -0.736011  ]]
controls_seq: [[[-0.21197945, -0.52188677, -0.94156855, -0.04885633, -0.5977948 , -0.9416207 , -0.13780382, -0.2760941 , -0.94158506,  0.68473744, -0.37228563, -7.8925147 ,  0.22165069, -0.36317262, -0.94156295, -0.3263173 , -0.23212627, -0.9415473 ,  1.3715233 ,  0.8302308 , -1.3474238 , -0.5609732 , -0.5639467 , -0.5827069 , -0.329892  , -0.3484124 , -0.20241508, -0.5955063 , -0.33475283, -0.47120476, -0.20059635, -0.48185942, -0.2822355 , -0.50633967, -0.56420237, -0.46728283]]]
t_span: [0.]

Current index: 946
y0: [[-1.7790166, -1.1905825, -0.9981251, -0.3934646, -0.6387014, -0.7053451]]
controls_seq: [[[-0.21197945, -0.52188677, -0.94156855, -0.04885633, -0.5977948 , -0.9416207 , -0.13780382, -0.2760941 , -0.94158506, -0.09129696, -0.37228563, -7.8925147 , -0.16395567, -0.36317262, -0.94156295, -0.27006012, -0.23212627, -0.9415473 ,  1.3916345 ,  0.82089263, -1.3624699 , -0.5609732 , -0.5639467 , -0.5827069 , -0.329892  , -0.3484124 , -0.20241508, -0.5955063 , -0.33475283, -0.47120476, -0.20059635, -0.48185942, -0.2822355 , -0.50633967, -0.56420237, -0.46728283]]]
t_span: [0.]

Current index: 947
y0: [[-1.8164556 , -1.1983823 , -0.9755386 , -0.36564702, -0.5774397 , -0.6494426 ]]
controls_seq: [[[-0.21197945, -0.52188677, -0.94156855, -0.04885633, -0.5977948 , -0.9416207 , -0.13780382, -0.2760941 , -0.94158506,  0.58063304, -0.37228563, -7.8925147 , -0.16395567, -0.36317262, -0.94156295, -0.3263173 , -0.23212627, -0.9415473 ,  1.4011033 ,  0.82089263, -1.3775158 , -0.5609732 , -0.5639467 , -0.5827069 , -0.329892  , -0.3484124 , -0.20241508, -0.5955063 , -0.33475283, -0.47120476, -0.20059635, -0.48185942, -0.2822355 , -0.49439567, -0.56420237, -0.46728283]]]
t_span: [0.]

Current index: 948
y0: [[-1.8473818 , -1.1777288 , -0.9475577 , -0.35814762, -0.53959423, -0.6271303 ]]
controls_seq: [[[-0.21197945, -0.52188677, -0.94156855, -0.04885633, -0.5977948 , -0.9416207 , -0.13780382, -0.2760941 , -0.94158506, -0.06223132, -0.37228563, -7.8925147 , -0.16395567, -0.36317262, -0.94156295, -0.3263173 , -0.23212627, -0.9415473 ,  1.4052662 ,  0.82089263, -1.3925617 , -0.5609732 , -0.5639467 , -0.5827069 , -0.329892  , -0.3484124 , -0.20241508,  1.6792222 , -0.33475283,  2.122193  , -0.20059635,  2.075268  , -0.2822355 , -0.4920458 , -0.56420237, -0.46728283]]]
t_span: [0.]

Current index: 949
y0: [[-1.7608621 , -1.2386725 , -0.9473786 , -0.31337425, -0.51899797, -0.6190927 ]]
controls_seq: [[[-0.21197945, -0.52188677, -0.94156855, -0.04885633, -0.5977948 , -0.9416207 , -0.13780382, -0.2760941 , -0.94158506,  1.9562179 , -0.37228563, -7.8925147 ,  0.04570423, -0.36317262, -0.94156295, -0.24193153, -0.23212627, -0.9415473 ,  1.4070754 ,  0.8092205 , -1.3938788 , -0.5609732 , -0.5639467 , -0.5827069 , -0.329892  , -0.3484124 , -0.20241508,  1.6792222 , -0.33475283,  2.122193  , -0.20059635,  2.075268  , -0.2822355 , -0.4826463 , -0.5621227 , -0.46728283]]]
t_span: [0.]

Current index: 950
y0: [[-1.6808298 , -1.2131408 , -0.950777  , -0.34041804, -0.5765233 , -0.73245674]]
controls_seq: [[[-0.21197945, -0.52188677, -0.94156855, -0.04885633, -0.5977948 , -0.9416207 , -0.13780382, -0.2760941 , -0.94158506,  1.728063  , -0.37228563, -7.8925147 ,  0.48050603, -0.36317262, -0.94156295, -0.3263173 , -0.23212627, -0.9415473 ,  1.40786   ,  0.8092205 , -1.3951958 , -0.5609732 , -0.5639467 , -0.5827069 , -0.329892  , -0.3484124 , -0.20241508,  1.6792222 , -0.33475283,  2.122193  , -0.20059635,  2.075268  , -0.2822355 , -0.47327417, -0.5538044 , -0.46728283]]]
t_span: [0.]

Current index: 951
y0: [[-1.5918213 , -1.2077376 , -0.9713598 , -0.343393  , -0.6312139 , -0.80498785]]
controls_seq: [[[-0.21197945, -0.52188677, -0.94156855, -0.04885633, -0.5977948 , -0.9416207 , -0.13780382, -0.2760941 , -0.94158506,  0.82797575, -0.37228563, -7.8925147 ,  0.09229533, -0.36317262, -0.94156295, -0.3263173 , -0.23212627, -0.9415473 ,  1.4082006 ,  0.79754764, -1.3965129 , -0.5609732 , -0.5639467 , -0.5827069 , -0.329892  , -0.3484124 , -0.20241508,  1.6792222 , -0.33475283,  2.122193  , -0.20059635,  2.075268  , -0.2822355 , -0.46634182, -0.54735047, -0.46728283]]]
t_span: [0.]

Current index: 952
y0: [[-1.4965093 , -1.2214868 , -0.99656767, -0.3248867 , -0.64843094, -0.823384  ]]
controls_seq: [[[-0.21197945, -0.52188677, -0.94156855, -0.04885633, -0.5977948 , -0.9416207 , -0.13780382, -0.2760941 , -0.94158506,  5.1707215 , -0.37228563, -7.8925147 ,  3.9270928 , -0.36317262, -0.94156295, -0.07316007, -0.23212627, -0.9415473 ,  1.4083484 ,  0.7952129 , -1.39662   , -0.5609732 , -0.5639467 , -0.5827069 , -0.329892  , -0.3484124 , -0.20241508,  1.6792222 , -0.33475283,  2.122193  , -0.20059635,  2.075268  , -0.2822355 , -0.4465283 , -0.53868896, -0.46728283]]]
t_span: [0.]

Current index: 953
y0: [[-1.3831465 , -1.0956175 , -1.0545254 , -0.26540387, -0.7942799 , -0.94073325]]
controls_seq: [[[-0.21197945, -0.52188677, -0.94156855, -0.04885633, -0.5977948 , -0.9416207 , -0.13780382, -0.2760941 , -0.94158506, -0.05919178, -0.37228563, -7.8925147 ,  0.2070367 , -0.36317262, -0.94156295, -0.3263173 , -0.23212627, -0.9415473 ,  1.4084123 ,  0.7858748 , -1.3967272 , -0.5609732 , -0.5639467 , -0.5827069 , -0.329892  , -0.3484124 , -0.20241508,  1.6792222 , -0.33475283,  2.122193  , -0.20059635,  2.075268  , -0.2822355 , -0.33692226, -0.51009464, -0.46728283]]]
t_span: [0.]

Current index: 954
y0: [[-1.2755527 , -1.1688688 , -1.0201356 , -0.25908965, -0.7585784 , -0.87502986]]
controls_seq: [[[-0.21197945, -0.52188677, -0.94156855, -0.04885633, -0.5977948 , -0.9416207 , -0.13780382, -0.2760941 , -0.94158506,  3.8963995 , -0.37228563, -7.8925147 ,  1.4040805 , -0.36317262, -0.94156295, -0.3263173 , -0.23212627, -0.9415473 ,  1.4084398 ,  0.7858748 , -1.3968343 , -0.5609732 , -0.5639467 , -0.5827069 , -0.329892  , -0.3484124 , -0.20241508,  1.6792222 , -0.33475283,  2.122193  , -0.20059635,  2.075268  , -0.2822355 , -0.2903924 , -0.4935231 , -0.46728283]]]
t_span: [0.]

Current index: 955
y0: [[-1.2687936 , -1.0984232 , -0.99194044, -0.29159793, -0.8257998 , -0.9861176 ]]
controls_seq: [[[-0.21197945, -0.52188677, -0.94156855, -0.04885633, -0.5977948 , -0.9416207 , -0.13780382, -0.2760941 , -0.94158506, 11.231963  , -0.37228563, -7.8925147 , -0.16395567, -0.36317262, -0.94156295, -0.3263173 , -0.23212627, -0.9415473 ,  1.4084505 ,  0.7788714 , -1.3968401 , -0.5609732 , -0.5639467 , -0.5827069 , -0.329892  , -0.3484124 , -0.20241508,  1.6792222 , -0.33475283,  2.122193  , -0.20059635,  2.075268  , -0.2822355 , -0.28173617, -0.4720978 , -0.46728283]]]
t_span: [0.]

Current index: 956
y0: [[-1.3429329, -1.0951434, -0.9298479, -0.4331243, -1.0834666, -1.2423335]]
controls_seq: [[[-0.21197945, -0.52188677, -0.94156855, -0.04885633, -0.5977948 , -0.9416207 , -0.13780382, -0.2760941 , -0.94158506,  1.4752096 , -0.37228563, -7.8925147 , -0.16395567, -0.36317262, -0.94156295, -0.3263173 , -0.23212627, -0.9415473 ,  1.4084505 ,  0.7742027 , -1.3968458 , -0.5609732 , -0.5639467 , -0.5827069 , -0.329892  , -0.3484124 , -0.20241508,  1.6792222 , -0.33475283,  2.122193  , -0.20059635,  2.075268  , -0.2822355 , -0.16116782, -0.43747452, -0.4505059 ]]]
t_span: [0.]

Current index: 957
y0: [[-1.2206521, -1.1679076, -1.0271919, -0.4793693, -1.0609062, -1.1789489]]
controls_seq: [[[-0.21197945, -0.52188677, -0.94156855, -0.04885633, -0.5977948 , -0.9416207 , -0.13780382, -0.2760941 , -0.94158506,  2.7174335 , -0.37228563, -7.8925147 , -0.16395567, -0.36317262, -0.94156295, -0.28552154, -0.23212627, -0.9415473 ,  1.4084505 ,  0.7742027 , -1.3968515 , -0.5609732 , -0.5639467 , -0.5827069 , -0.329892  , -0.3484124 , -0.20241508,  1.6792222 , -0.33475283,  2.122193  , -0.20059635,  2.075268  , -0.2822355 , -0.22575502, -0.44595337, -0.44725475]]]
t_span: [0.]

Current index: 958
y0: [[-1.2157186 , -1.1813661 , -1.0465679 , -0.53388846, -1.062202  , -1.2043419 ]]
controls_seq: [[[-0.21197945, -0.52188677, -0.94156855, -0.04885633, -0.5977948 , -0.9416207 , -0.13780382, -0.2760941 , -0.94158506, -0.12150245, -0.37228563, -7.8925147 ,  0.65818864, -0.36317262, -0.94156295, -0.3263173 , -0.23212627, -0.9415473 ,  1.4084505 ,  0.76486456, -1.3968515 , -0.5609732 , -0.5639467 , -0.5827069 , -0.329892  , -0.3484124 , -0.20241508,  1.6792222 , -0.33475283,  2.122193  , -0.20059635,  2.075268  , -0.2822355 , -0.25866824, -0.44807312, -0.4342502 ]]]
t_span: [0.]

Current index: 959
y0: [[-1.1301988, -1.2192488, -1.1159056, -0.48872  , -1.0307751, -1.1387907]]
controls_seq: [[[-0.21197945, -0.52188677, -0.94156855, -0.04885633, -0.5977948 , -0.9416207 , -0.13780382, -0.2760941 , -0.94158506, -0.12150245, -0.37228563, -7.8925147 ,  1.7203796 , -0.36317262, -0.94156295, -0.3263173 , -0.23212627, -0.9415473 ,  1.4084505 ,  0.76252985, -1.3968515 , -0.5609732 , -0.5639467 , -0.5827069 , -0.329892  , -0.3484124 , -0.20241508,  1.6792222 , -0.33475283,  2.122193  , -0.20059635,  2.075268  , -0.2822355 , -0.25866824, -0.44587538, -0.41768846]]]
t_span: [0.]

Current index: 960
y0: [[-1.1011097 , -1.2119583 , -1.1336132 , -0.41859555, -0.9865506 , -1.070495  ]]
controls_seq: [[[-0.21197945, -0.52188677, -0.94156855, -0.04885633, -0.5977948 , -0.9416207 , -0.13780382, -0.2760941 , -0.94158506, -0.12150245, -0.37228563, -7.8925147 ,  0.13584782, -0.36317262, -0.94156295, -0.3263173 , -0.23212627, -0.9415473 ,  1.4084505 ,  0.7578604 , -1.3968515 , -0.5609732 , -0.5639467 , -0.5827069 , -0.329892  , -0.3484124 , -0.20241508,  1.6792222 , -0.33475283,  2.122193  , -0.20059635,  2.075268  , -0.2822355 , -0.21994501, -0.42162266, -0.3974765 ]]]
t_span: [0.]

Current index: 961
y0: [[-1.0707543, -1.2186986, -1.1201284, -0.4116767, -0.9445782, -1.0463215]]
controls_seq: [[[-0.21197945, -0.52188677, -0.94156855, -0.04885633, -0.5977948 , -0.9416207 , -0.13780382, -0.2760941 , -0.94158506, -0.12150245, -0.37228563, -7.8925147 , -0.16395567, -0.36317262, -0.94156295, -0.3263173 , -0.23212627, -0.9415473 ,  1.4084505 ,  0.7547479 , -1.3968515 , -0.5609732 , -0.5639467 , -0.5827069 , -0.329892  , -0.3484124 , -0.20241508,  1.6792222 , -0.33475283,  2.122193  , -0.20059635,  2.075268  , -0.2822355 ,  0.29277474, -0.23172586, -0.3663771 ]]]
t_span: [0.]

Current index: 962
y0: [[-1.0391079 , -1.215016  , -1.1086955 , -0.39595318, -0.9196343 , -1.0210338 ]]
controls_seq: [[[-2.1197945e-01, -5.2188677e-01, -9.4156855e-01, -4.8856325e-02, -5.9779477e-01, -9.4162071e-01, -1.3780382e-01, -2.7609411e-01, -9.4158506e-01, -1.2150245e-01, -3.7228563e-01, -7.8925147e+00, -5.9512337e-03, -3.6317262e-01, -9.4156295e-01, -2.9669845e-01, -2.3212627e-01, -9.4154727e-01,  1.4084505e+00,  7.5007927e-01, -1.3968515e+00, -5.6097323e-01, -5.6394672e-01, -5.8270693e-01, -3.2989201e-01, -3.4841239e-01, -2.0241508e-01,  1.6792222e+00, -3.3475283e-01,  2.1221931e+00, -2.0059635e-01,  2.0752680e+00, -2.8223550e-01,  1.4598773e+00,  2.0048226e-01, -3.2086149e-01]]]
t_span: [0.]

Current index: 963
y0: [[-1.0028192 , -1.2183968 , -1.1054499 , -0.37003595, -0.93865067, -1.0101656 ]]
controls_seq: [[[-0.21197945, -0.52188677, -0.94156855, -0.04885633, -0.5977948 , -0.9416207 , -0.13780382, -0.2760941 , -0.94158506, -0.12150245, -0.37228563, -7.8925147 , -0.16395567, -0.36317262, -0.94156295, -0.3263173 , -0.23212627, -0.9415473 ,  1.4084505 ,  0.74307585, -1.3968515 , -0.5609732 , -0.5639467 , -0.5827069 , -0.329892  , -0.3484124 , -0.20241508,  1.6792222 , -0.33475283,  2.122193  , -0.20059635,  2.075268  , -0.2822355 ,  0.92339015,  0.03379218, -0.31421193]]]
t_span: [0.]

Current index: 964
y0: [[-0.98309666, -1.2065042 , -1.097199  , -0.35821876, -0.9273314 , -0.993986  ]]
controls_seq: [[[-0.21197945, -0.52188677, -0.94156855, -0.04885633, -0.5977948 , -0.9416207 , -0.13780382, -0.2760941 , -0.94158506, -0.12150245, -0.37228563, -7.8925147 ,  0.8513539 , -0.36317262, -0.94156295, -0.3263173 , -0.23212627, -0.9415473 ,  1.4084505 ,  0.7337377 , -1.3968515 , -0.5609732 , -0.5639467 , -0.5827069 , -0.329892  , -0.3484124 , -0.20241508,  1.6792222 , -0.33475283,  2.122193  , -0.20059635,  2.075268  , -0.2822355 ,  0.84589165,  0.03905151, -0.31421193]]]
t_span: [0.]

Current index: 965
y0: [[-0.9681951 , -1.1910836 , -1.0951612 , -0.34083903, -0.91740716, -0.97048724]]
controls_seq: [[[-0.21197945, -0.52188677, -0.94156855, -0.04885633, -0.5977948 , -0.9416207 , -0.13780382, -0.2760941 , -0.94158506, -0.12150245, -0.37228563, -7.8925147 , -0.16395567, -0.36317262, -0.94156295, -0.3263173 , -0.23212627, -0.9415473 ,  1.4084505 ,  0.731403  , -1.3968515 , -0.5609732 , -0.5639467 , -0.5827069 , -0.329892  , -0.3484124 , -0.20241508,  1.6792222 , -0.33475283,  2.122193  , -0.20059635,  2.075268  , -0.2822355 ,  1.2004855 ,  0.22005393, -0.29699275]]]
t_span: [0.]

Current index: 966
y0: [[-0.95025253, -1.1883045 , -1.079631  , -0.33345306, -0.91637045, -0.96652853]]
controls_seq: [[[-0.21197945, -0.52188677, -0.94156855, -0.04885633, -0.5977948 , -0.9416207 , -0.13780382, -0.2760941 , -0.94158506, -0.12150245, -0.37228563, -7.8925147 ,  2.768101  , -0.36317262, -0.94156295, -0.3263173 , -0.23212627, -0.9415473 ,  1.4084505 ,  0.7290683 , -1.3968515 , -0.5609732 , -0.5639467 , -0.5827069 , -0.329892  , -0.3484124 , -0.20241508,  1.6792222 , -0.33475283,  2.122193  , -0.20059635,  2.075268  , -0.2822355 ,  0.89584357,  0.13761592, -0.29699275]]]
t_span: [0.]

Current index: 967
y0: [[-0.9590009, -1.1684409, -1.0972023, -0.2601518, -0.8846794, -0.9040804]]
controls_seq: [[[-0.21197945, -0.52188677, -0.94156855, -0.04885633, -0.5977948 , -0.9416207 , -0.13780382, -0.2760941 , -0.94158506, -0.12150245, -0.37228563, -7.8925147 , -0.16395567, -0.36317262, -0.94156295, -0.3263173 , -0.23212627, -0.9415473 ,  1.4084505 ,  0.71973014, -1.3968515 , -0.5609732 , -0.5639467 , -0.5827069 , -0.329892  , -0.3484124 , -0.20241508,  1.6792222 , -0.33475283,  2.122193  , -0.20059635,  2.075268  , -0.2822355 ,  0.6544759 ,  0.0690051 , -0.29373428]]]
t_span: [0.]

Current index: 968
y0: [[-0.95232266, -1.1703736 , -1.0656812 , -0.27299842, -0.8565547 , -0.893625  ]]
controls_seq: [[[-0.21197945, -0.52188677, -0.94156855, -0.04885633, -0.5977948 , -0.9416207 , -0.13780382, -0.2760941 , -0.94158506, -0.12150245, -0.37228563, -7.8925147 ,  1.0922681 , -0.36317262, -0.94156295, -0.26894242, -0.23212627, -0.9415473 ,  1.4084505 ,  0.71973014, -1.3968515 , -0.5609732 , -0.5639467 , -0.5827069 , -0.329892  , -0.3484124 , -0.20241508,  1.6792222 , -0.33475283,  2.122193  , -0.20059635,  2.075268  , -0.2822355 ,  0.8197543 ,  0.19018005, -0.27092934]]]
t_span: [0.]

Current index: 969
y0: [[-0.94176275, -1.1642286 , -1.0624235 , -0.26262018, -0.84007424, -0.8802017 ]]
controls_seq: [[[-0.21197945, -0.52188677, -0.94156855, -0.04885633, -0.5977948 , -0.9416207 , -0.13780382, -0.2760941 , -0.94158506, -0.12150245, -0.37228563, -7.8925147 , -0.16395567, -0.36317262, -0.94156295, -0.3263173 , -0.23212627, -0.9415473 ,  1.4084505 ,  0.708058  , -1.3968515 , -0.5609732 , -0.5639467 , -0.5827069 , -0.329892  , -0.3484124 , -0.20241508,  1.6792222 , -0.33475283,  2.122193  , -0.20059635,  2.075268  , -0.2822355 ,  0.8853097 ,  0.24621718, -0.2608454 ]]]
t_span: [0.]

Current index: 970
y0: [[-0.92802376, -1.1653583 , -1.0474186 , -0.2698245 , -0.8320126 , -0.884171  ]]
controls_seq: [[[-0.21197945, -0.52188677, -0.94156855, -0.04885633, -0.5977948 , -0.9416207 , -0.13780382, -0.2760941 , -0.94158506, -0.12150245, -0.37228563, -7.8925147 ,  0.4145261 , -0.36317262, -0.94156295, -0.3263173 , -0.23212627, -0.9415473 ,  1.4084505 ,  0.708058  , -1.3968515 , -0.5609732 , -0.5639467 , -0.5827069 , -0.329892  , -0.3484124 , -0.20241508,  1.6792222 , -0.33475283,  2.122193  , -0.20059635,  2.075268  , -0.2822355 ,  1.2162752 ,  0.44664705, -0.24656618]]]
t_span: [0.]

Current index: 971
y0: [[-0.9086688 , -1.1652666 , -1.0464162 , -0.26770213, -0.84059757, -0.89037824]]
controls_seq: [[[-0.21197945, -0.52188677, -0.94156855, -0.04885633, -0.5977948 , -0.9416207 , -0.13780382, -0.2760941 , -0.94158506, -0.12150245, -0.37228563, -7.8925147 ,  0.16189232, -0.36317262, -0.94156295, -0.3263173 , -0.23212627, -0.9415473 ,  1.4084505 ,  0.69638515, -1.3968515 , -0.5609732 , -0.5639467 , -0.5827069 , -0.329892  , -0.3484124 , -0.20241508,  1.6792222 , -0.33475283,  2.122193  , -0.20059635,  2.075268  , -0.2822355 ,  0.94831187,  0.36461326, -0.24656618]]]
t_span: [0.]

Current index: 972
y0: [[-0.89327127, -1.1599449 , -1.0423199 , -0.2726226 , -0.84163547, -0.89615875]]
controls_seq: [[[-0.21197945, -0.52188677, -0.94156855, -0.04885633, -0.5977948 , -0.9416207 , -0.13780382, -0.2760941 , -0.94158506, -0.12150245, -0.37228563, -7.8925147 , -0.16395567, -0.36317262, -0.94156295, -0.3263173 , -0.23212627, -0.9415473 ,  1.4084505 ,  0.69638515, -1.3968515 , -0.5609732 , -0.5639467 , -0.5827069 , -0.329892  , -0.3484124 , -0.20241508,  1.6792222 , -0.33475283,  2.122193  , -0.20059635,  2.075268  , -0.2822355 ,  0.4617289 ,  0.114223  , -0.24656618]]]
t_span: [0.]

Current index: 973
y0: [[-0.886936  , -1.1467003 , -1.0321686 , -0.28599405, -0.82270586, -0.8941773 ]]
controls_seq: [[[-0.21197945, -0.52188677, -0.94156855, -0.04885633, -0.5977948 , -0.9416207 , -0.13780382, -0.2760941 , -0.94158506, -0.12150245, -0.37228563, -7.8925147 , -0.03025948, -0.36317262, -0.94156295, -0.3263173 , -0.23212627, -0.9415473 ,  1.4084505 ,  0.6870478 , -1.3968515 , -0.5609732 , -0.5639467 , -0.5827069 , -0.329892  , -0.3484124 , -0.20241508,  1.6792222 , -0.33475283,  2.122193  , -0.20059635,  2.075268  , -0.2822355 ,  0.23494811, -0.01219315, -0.24656618]]]
t_span: [0.]

Current index: 974
y0: [[-0.88196206, -1.1330807 , -1.0209336 , -0.29524958, -0.8018319 , -0.891038  ]]
controls_seq: [[[-0.21197945, -0.52188677, -0.94156855, -0.04885633, -0.5977948 , -0.9416207 , -0.13780382, -0.2760941 , -0.94158506, -0.12150245, -0.37228563, -7.8925147 ,  3.690954  , -0.36317262, -0.94156295, -0.3263173 , -0.23212627, -0.9415473 ,  1.4084505 ,  0.68471307, -1.3968515 , -0.5609732 , -0.5639467 , -0.5827069 , -0.329892  , -0.3484124 , -0.20241508,  1.6792222 , -0.33475283,  2.122193  , -0.20059635,  2.075268  , -0.2822355 ,  0.11589711, -0.07394832, -0.24008186]]]
t_span: [0.]

Current index: 975
y0: [[-0.91921556, -1.0992002 , -1.0434673 , -0.18688513, -0.7698196 , -0.8156348 ]]
controls_seq: [[[-0.21197945, -0.52188677, -0.94156855, -0.04885633, -0.5977948 , -0.9416207 , -0.13780382, -0.2760941 , -0.94158506, -0.12150245, -0.37228563, -7.8925147 , -0.16395567, -0.36317262, -0.94156295, -0.3263173 , -0.23212627, -0.9415473 ,  1.4084505 ,  0.6816006 , -1.3968515 , -0.5609732 , -0.5639467 , -0.5827069 , -0.329892  , -0.3484124 , -0.20241508,  1.6792222 , -0.33475283,  2.122193  , -0.20059635,  2.075268  , -0.2822355 ,  0.0977575 , -0.07698742, -0.23035538]]]
t_span: [0.]

Current index: 976
y0: [[-0.90876997, -1.1174517 , -1.0015631 , -0.21639538, -0.73636395, -0.80601686]]
controls_seq: [[[-0.21197945, -0.52188677, -0.94156855, -0.04885633, -0.5977948 , -0.9416207 , -0.13780382, -0.2760941 , -0.94158506, -0.12150245, -0.37228563, -7.8925147 ,  0.30398095, -0.36317262, -0.94156295, -0.3027216 , -0.23212627, -0.9415473 ,  1.4084505 ,  0.67693114, -1.3968515 , -0.5609732 , -0.5639467 , -0.5827069 , -0.329892  , -0.3484124 , -0.20241508,  1.6792222 , -0.33475283,  2.122193  , -0.20059635,  2.075268  , -0.2822355 ,  0.12141045, -0.04258424, -0.22378537]]]
t_span: [0.]

Current index: 977
y0: [[-0.893565  , -1.1176943 , -0.9896367 , -0.22564419, -0.7151229 , -0.8061201 ]]
controls_seq: [[[-2.1197945e-01, -5.2188677e-01, -9.4156855e-01, -4.8856325e-02, -5.9779477e-01, -9.4162071e-01, -1.3780382e-01, -2.7609411e-01, -9.4158506e-01, -1.2150245e-01, -3.7228563e-01, -7.8925147e+00, -1.6395567e-01, -3.6317262e-01, -9.4156295e-01, -3.2631731e-01, -2.3212627e-01, -9.4154727e-01,  1.4084505e+00,  6.6992772e-01, -1.3968515e+00, -5.6097323e-01, -5.6394672e-01, -5.8270693e-01, -3.2989201e-01, -3.4841239e-01, -2.0241508e-01,  1.6792222e+00, -3.3475283e-01,  2.1221931e+00, -2.0059635e-01,  2.0752680e+00, -2.8223550e-01,  1.5054640e-01,  2.9843929e-03, -2.1393037e-01]]]
t_span: [0.]

Current index: 978
y0: [[-0.8791348 , -1.1171776 , -0.9839709 , -0.23950106, -0.7041892 , -0.81105995]]
controls_seq: [[[-0.21197945, -0.52188677, -0.94156855, -0.04885633, -0.5977948 , -0.9416207 , -0.13780382, -0.2760941 , -0.94158506, -0.12150245, -0.37228563, -7.8925147 , -0.16395567, -0.36317262, -0.94156295, -0.3263173 , -0.23212627, -0.9415473 ,  1.4084505 ,  0.6652583 , -1.3968515 , -0.5609732 , -0.5639467 , -0.5827069 , -0.329892  , -0.3484124 , -0.20241508,  1.6792222 , -0.33475283,  2.122193  , -0.20059635,  2.075268  , -0.2822355 ,  0.10222266, -0.02480504, -0.19756706]]]
t_span: [0.]

Current index: 979
y0: [[-0.8668934 , -1.1130161 , -0.97996026, -0.25053388, -0.6970489 , -0.81530803]]
controls_seq: [[[-2.1197945e-01, -5.2188677e-01, -9.4156855e-01, -4.8856325e-02, -5.9779477e-01, -9.4162071e-01, -1.3780382e-01, -2.7609411e-01, -9.4158506e-01,  8.9935988e-02, -3.7228563e-01, -7.8925147e+00, -7.9767853e-03, -3.6317262e-01, -9.4156295e-01, -3.2631731e-01, -2.3212627e-01, -9.4154727e-01,  1.4084505e+00,  6.6292357e-01, -1.3968515e+00, -5.6097323e-01, -5.6394672e-01, -5.8270693e-01, -3.2989201e-01, -3.4841239e-01, -2.0241508e-01,  1.6792222e+00, -3.3475283e-01,  2.1221931e+00, -2.0059635e-01,  2.0752680e+00, -2.8223550e-01,  1.4187177e-01, -7.3715574e-03, -1.9756706e-01]]]
t_span: [0.]

Current index: 980
y0: [[-0.85772645, -1.1023653 , -0.9728733 , -0.25987303, -0.6986238 , -0.832059  ]]
controls_seq: [[[-0.21197945, -0.52188677, -0.94156855, -0.04885633, -0.5977948 , -0.9416207 , -0.13780382, -0.2760941 , -0.94158506, -0.12150245, -0.37228563, -7.8925147 , -0.16395567, -0.36317262, -0.94156295, -0.3263173 , -0.23212627, -0.9415473 ,  1.4084505 ,  0.65358543, -1.3968515 , -0.5609732 , -0.5639467 , -0.5827069 , -0.329892  , -0.3484124 , -0.20241508,  1.6792222 , -0.33475283,  2.122193  , -0.20059635,  2.075268  , -0.2822355 ,  0.12287349, -0.02870444, -0.18127334]]]
t_span: [0.]

Current index: 981
y0: [[-0.84354866, -1.0973676 , -0.968445  , -0.26723883, -0.69976217, -0.8311428 ]]
controls_seq: [[[-0.21197945, -0.52188677, -0.94156855, -0.04885633, -0.5977948 , -0.9416207 , -0.13780382, -0.2760941 , -0.94158506, -0.12150245, -0.37228563, -7.8925147 , -0.16395567, -0.36317262, -0.94156295, -0.3263173 , -0.23212627, -0.9415473 ,  1.4084505 ,  0.65358543, -1.3968515 , -0.5609732 , -0.5639467 , -0.5827069 , -0.329892  , -0.3484124 , -0.20241508,  1.6792222 , -0.33475283,  2.122193  , -0.20059635,  2.075268  , -0.2822355 ,  0.08266316, -0.06886367, -0.18127334]]]
t_span: [0.]

Current index: 982
y0: [[-0.8319985 , -1.0892383 , -0.96287036, -0.2734454 , -0.69820464, -0.8319452 ]]
controls_seq: [[[-0.21197945, -0.52188677, -0.94156855, -0.04885633, -0.5977948 , -0.9416207 , -0.13780382, -0.2760941 , -0.94158506, -0.12150245, -0.37228563, -7.8925147 ,  0.68032676, -0.36317262, -0.94156295, -0.3263173 , -0.23212627, -0.9415473 ,  1.4084505 ,  0.64424807, -1.3968515 , -0.5609732 , -0.5639467 , -0.5827069 , -0.329892  , -0.3484124 , -0.20241508,  1.6792222 , -0.33475283,  2.122193  , -0.20059635,  2.075268  , -0.2822355 ,  0.0923803 , -0.04351225, -0.161681  ]]]
t_span: [0.]

Current index: 983
y0: [[-0.82724357, -1.0830165 , -0.9617372 , -0.26722923, -0.69642514, -0.82780343]]
controls_seq: [[[-0.21197945, -0.52188677, -0.94156855, -0.04885633, -0.5977948 , -0.9416207 , -0.13780382, -0.2760941 , -0.94158506, -0.12150245, -0.37228563, -7.8925147 , -0.16395567, -0.36317262, -0.94156295, -0.277884  , -0.23212627, -0.9415473 ,  1.4084505 ,  0.64191335, -1.3968515 , -0.5609732 , -0.5639467 , -0.5827069 , -0.329892  , -0.3484124 , -0.20241508,  1.6792222 , -0.33475283,  2.122193  , -0.20059635,  2.075268  , -0.2822355 ,  0.211163  ,  0.07128192, -0.1452774 ]]]
t_span: [0.]

Current index: 984
y0: [[-0.8109226 , -1.081597  , -0.9557394 , -0.27289268, -0.7034278 , -0.8311268 ]]
controls_seq: [[[-0.21197945, -0.52188677, -0.94156855, -0.04885633, -0.5977948 , -0.9416207 , -0.13780382, -0.2760941 , -0.94158506,  0.9609565 , -0.37228563, -7.8925147 , -0.16395567, -0.36317262, -0.94156295, -0.3263173 , -0.23212627, -0.9415473 ,  1.4084505 ,  0.64191335, -1.3968515 , -0.5609732 , -0.5639467 , -0.5827069 , -0.329892  , -0.3484124 , -0.20241508,  1.6792222 , -0.33475283,  2.122193  , -0.20059635,  2.075268  , -0.2822355 ,  0.64182085,  0.5088846 , -0.11551999]]]
t_span: [0.]

Current index: 985
y0: [[-0.81891114, -1.0706414 , -0.9492613 , -0.29665488, -0.74333435, -0.9072122 ]]
controls_seq: [[[-0.21197945, -0.52188677, -0.94156855, -0.04885633, -0.5977948 , -0.9416207 , -0.13780382, -0.2760941 , -0.94158506, -0.12150245, -0.37228563, -7.8925147 , -0.16395567, -0.36317262, -0.94156295, -0.3263173 , -0.23212627, -0.9415473 ,  1.4084505 ,  0.6302405 , -1.3968515 , -0.5609732 , -0.5639467 , -0.5827069 , -0.329892  , -0.3484124 , -0.20241508,  1.6792222 , -0.33475283,  2.122193  , -0.20059635,  2.075268  , -0.2822355 ,  0.8814914 ,  0.77944434, -0.10502441]]]
t_span: [0.]

Current index: 986
y0: [[-0.79156333, -1.0979474 , -0.9662138 , -0.30418214, -0.7950636 , -0.91861576]]
controls_seq: [[[-0.21197945, -0.52188677, -0.94156855, -0.04885633, -0.5977948 , -0.9416207 , -0.13780382, -0.2760941 , -0.94158506, -0.12150245, -0.37228563, -7.8925147 , -0.16395567, -0.36317262, -0.94156295, -0.3263173 , -0.23212627, -0.9415473 ,  1.4084505 ,  0.6302405 , -1.3968515 , -0.5609732 , -0.5639467 , -0.5827069 , -0.329892  , -0.3484124 , -0.20241508,  1.6792222 , -0.33475283,  2.122193  , -0.20059635,  2.075268  , -0.2822355 ,  0.7156406 ,  0.6894056 , -0.11183628]]]
t_span: [0.]

Current index: 987
y0: [[-0.77804154, -1.1074176 , -0.98145175, -0.3147084 , -0.82657367, -0.9340652 ]]
controls_seq: [[[-0.21197945, -0.52188677, -0.94156855, -0.04885633, -0.5977948 , -0.9416207 , -0.13780382, -0.2760941 , -0.94158506, -0.12150245, -0.37228563, -7.8925147 ,  0.15205327, -0.36317262, -0.94156295, -0.3263173 , -0.23212627, -0.9415473 ,  1.4084505 ,  0.6232371 , -1.3968515 , -0.5609732 , -0.5639467 , -0.5827069 , -0.329892  , -0.3484124 , -0.20241508,  1.6792222 , -0.33475283,  2.122193  , -0.20059635,  2.075268  , -0.2822355 ,  1.3103313 ,  1.3916048 , -0.03418862]]]
t_span: [0.]

Current index: 988
y0: [[-0.76585555, -1.1451242 , -1.0022423 , -0.33782756, -0.882663  , -0.96638167]]
controls_seq: [[[-0.21197945, -0.52188677, -0.94156855, -0.04885633, -0.5977948 , -0.9416207 , -0.13780382, -0.2760941 , -0.94158506, -0.12150245, -0.37228563, -7.8925147 , -0.16395567, -0.36317262, -0.94156295, -0.3263173 , -0.23212627, -0.9415473 ,  1.4084505 ,  0.61856836, -1.3968515 , -0.5609732 , -0.5639467 , -0.5827069 , -0.329892  , -0.3484124 , -0.20241508,  1.6792222 , -0.33475283,  2.122193  , -0.20059635,  2.075268  , -0.2822355 ,  1.0831386 ,  1.1913332 , -0.03070845]]]
t_span: [0.]

Current index: 989
y0: [[-0.7669821 , -1.1627321 , -1.0186508 , -0.3598586 , -0.91535604, -0.987749  ]]
controls_seq: [[[-0.21197945, -0.52188677, -0.94156855, -0.04885633, -0.5977948 , -0.9416207 , -0.13780382, -0.2760941 , -0.94158506, -0.12150245, -0.37228563, -7.8925147 , -0.16395567, -0.36317262, -0.94156295, -0.3263173 , -0.23212627, -0.9415473 ,  1.4084505 ,  0.61856836, -1.3968515 , -0.5609732 , -0.5639467 , -0.5827069 , -0.329892  , -0.3484124 , -0.20241508,  1.6792222 , -0.33475283,  2.122193  , -0.20059635,  2.075268  , -0.2822355 ,  0.8133248 ,  1.0332631 , -0.0914219 ]]]
t_span: [0.]

Current index: 990
y0: [[-0.7741053, -1.1703846, -1.0291054, -0.3790377, -0.9367534, -1.0018151]]
controls_seq: [[[-0.21197945, -0.52188677, -0.94156855, -0.04885633, -0.5977948 , -0.9416207 , -0.13780382, -0.2760941 , -0.94158506, -0.12150245, -0.37228563, -7.8925147 , -0.16395567, -0.36317262, -0.94156295, -0.3263173 , -0.23212627, -0.9415473 ,  1.4084505 ,  0.6068955 , -1.3968515 , -0.5609732 , -0.5639467 , -0.5827069 , -0.329892  , -0.3484124 , -0.20241508,  1.6792222 , -0.33475283,  2.122193  , -0.20059635,  2.075268  , -0.2822355 ,  1.6127812 ,  2.2224023 , -0.07716009]]]
t_span: [0.]

Current index: 991
y0: [[-0.7639077, -1.2241157, -1.0458326, -0.4250328, -1.0023912, -1.0494128]]
controls_seq: [[[-0.21197945, -0.52188677, -0.94156855, -0.04885633, -0.5977948 , -0.9416207 , -0.13780382, -0.2760941 , -0.94158506,  0.08993599, -0.37228563, -7.8925147 , -0.16395567, -0.36317262, -0.94156295, -0.3263173 , -0.23212627, -0.9415473 ,  1.4084505 ,  0.6068955 , -1.3968515 , -0.5609732 , -0.5639467 , -0.5827069 , -0.329892  , -0.3484124 , -0.20241508,  1.6792222 , -0.33475283,  2.122193  , -0.20059635,  2.075268  , -0.2822355 ,  2.0737414 ,  2.9602609 , -0.05954554]]]
t_span: [0.]

Current index: 992
y0: [[-0.75661474, -1.2571203 , -1.0682663 , -0.47716042, -1.0658367 , -1.1180598 ]]
controls_seq: [[[-0.21197945, -0.52188677, -0.94156855, -0.04885633, -0.5977948 , -0.9416207 , -0.13780382, -0.2760941 , -0.94158506,  0.63914436, -0.37228563, -7.8925147 ,  0.7840711 , -0.36317262, -0.94156295, -0.3263173 , -0.23212627, -0.9415473 ,  1.4084505 ,  0.6022261 , -1.3968515 , -0.5609732 , -0.5639467 , -0.5827069 , -0.329892  , -0.3484124 , -0.20241508,  1.6792222 , -0.33475283,  2.122193  , -0.20059635,  2.075268  , -0.2822355 ,  2.2208843 ,  3.292914  , -0.04607898]]]
t_span: [0.]

Current index: 993
y0: [[-0.7809743 , -1.2617271 , -1.0784758 , -0.52740985, -1.1252097 , -1.1806366 ]]
controls_seq: [[[-2.1197945e-01, -5.2188677e-01, -9.4156855e-01, -4.8856325e-02, -5.9779477e-01, -9.4162071e-01, -1.3780382e-01, -2.7609411e-01, -9.4158506e-01, -1.2150245e-01, -3.7228563e-01, -7.8925147e+00, -1.6395567e-01, -3.6317262e-01, -9.4156295e-01, -3.2631731e-01, -2.3212627e-01, -9.4154727e-01,  1.4084505e+00,  5.9911364e-01, -1.3968515e+00, -5.6097323e-01, -5.6394672e-01, -5.8270693e-01, -3.2989201e-01, -3.4841239e-01, -2.0241508e-01,  1.6792222e+00, -3.3475283e-01,  2.1221931e+00, -2.0059635e-01,  2.0752680e+00, -2.8223550e-01,  2.3180957e+00,  3.4926956e+00, -3.1072993e-03]]]
t_span: [0.]

Current index: 994
y0: [[-0.7622456, -1.2793859, -1.0905066, -0.5837072, -1.1986736, -1.2259891]]
controls_seq: [[[-0.21197945, -0.52188677, -0.94156855, -0.04885633, -0.5977948 , -0.9416207 , -0.13780382, -0.2760941 , -0.94158506, -0.12150245, -0.37228563, -7.8925147 , -0.16395567, -0.36317262, -0.94156295, -0.3263173 , -0.23212627, -0.9415473 ,  1.4084505 ,  0.59911364, -1.3955959 , -0.5609732 , -0.5639467 , -0.5827069 , -0.329892  , -0.3484124 , -0.20241508,  1.6792222 , -0.33475283,  2.122193  , -0.20059635,  2.075268  , -0.2822355 ,  2.3386424 ,  3.5215027 ,  0.08262641]]]
t_span: [0.]

Current index: 995
y0: [[-0.7489076, -1.2832974, -1.0936632, -0.6440984, -1.2553793, -1.2755939]]
controls_seq: [[[-0.21197945, -0.52188677, -0.94156855, -0.04885633, -0.5977948 , -0.9416207 , -0.13780382, -0.2760941 , -0.94158506, -0.12150245, -0.37228563, -7.8925147 , -0.16395567, -0.36317262, -0.94156295, -0.3263173 , -0.23212627, -0.9415473 ,  1.4084505 ,  0.5874415 , -1.3943403 , -0.5609732 , -0.5639467 , -0.5827069 , -0.329892  , -0.3484124 , -0.20241508,  1.6792222 , -0.33475283,  2.122193  , -0.20059635,  2.075268  , -0.2822355 ,  1.4756455 ,  2.2642303 ,  0.1013796 ]]]
t_span: [0.]

Current index: 996
y0: [[-0.73468053, -1.2658895 , -1.0848033 , -0.67741704, -1.2732027 , -1.2992566 ]]
controls_seq: [[[-0.21197945, -0.52188677, -0.94156855, -0.04885633, -0.5977948 , -0.9416207 , -0.13780382, -0.2760941 , -0.94158506,  0.49286613, -0.37228563, -7.8925147 , -0.16395567, -0.36317262, -0.94156295, -0.3263173 , -0.23212627, -0.9415473 ,  1.399198  ,  0.5851068 , -1.3930848 , -0.5609732 , -0.5639467 , -0.5827069 , -0.329892  , -0.3484124 , -0.20241508,  1.6792222 , -0.33475283,  2.122193  , -0.20059635,  2.075268  , -0.2822355 ,  0.8763062 ,  1.3887919 ,  0.06127968]]]
t_span: [0.]

Current index: 997
y0: [[-0.75762516, -1.2309626 , -1.0515534 , -0.70090044, -1.2576722 , -1.3145199 ]]
controls_seq: [[[-0.21197945, -0.52188677, -0.94156855, -0.04885633, -0.5977948 , -0.9416207 , -0.13780382, -0.2760941 , -0.94158506, -0.09224681, -0.37228563, -7.8925147 , -0.16395567, -0.36317262, -0.94156295, -0.3263173 , -0.23212627, -0.9415473 ,  1.3709594 ,  0.57576865, -1.3695934 , -0.5609732 , -0.5639467 , -0.5827069 , -0.329892  , -0.3484124 , -0.20241508,  1.6792222 , -0.33475283,  2.122193  , -0.20059635,  2.075268  , -0.2822355 ,  0.5657016 ,  0.91166466,  0.01837732]]]
t_span: [0.]

Current index: 998
y0: [[-0.7487062 , -1.2005472 , -1.031452  , -0.70169634, -1.2521799 , -1.2905518 ]]
controls_seq: [[[-0.21197945, -0.52188677, -0.94156855, -0.04885633, -0.5977948 , -0.9416207 , -0.13780382, -0.2760941 , -0.94158506, -0.12150245, -0.37228563, -7.8925147 , -0.16395567, -0.36317262, -0.94156295, -0.3263173 , -0.23212627, -0.9415473 ,  1.3535949 ,  0.57576865, -1.3461022 , -0.5609732 , -0.5639467 , -0.5827069 , -0.329892  , -0.3484124 , -0.20241508,  1.6792222 , -0.33475283,  2.122193  , -0.20059635,  2.075268  , -0.2822355 ,  0.50408626,  0.8145574 ,  0.01475225]]]
t_span: [0.]

Current index: 999
y0: [[-0.7391919, -1.1721487, -1.01181  , -0.7032256, -1.2423983, -1.271084 ]]
controls_seq: [[[-0.21197945, -0.52188677, -0.94156855, -0.04885633, -0.5977948 , -0.9416207 , -0.13780382, -0.2760941 , -0.94158506, -0.12150245, -0.37228563, -7.8925147 , -0.16395567, -0.36317262, -0.94156295, -0.3263173 , -0.23212627, -0.9415473 ,  1.3456174 ,  0.5640958 , -1.3226111 , -0.5609732 , -0.5639467 , -0.5827069 , -0.329892  , -0.3484124 , -0.20241508,  1.6792222 , -0.33475283,  2.122193  , -0.20059635,  2.075268  , -0.2822355 ,  0.57454824,  1.0426201 ,  0.0317745 ]]]
t_span: [0.]

Current index: 1000
y0: [[-0.72578883, -1.1569104 , -0.9972579 , -0.7132261 , -1.2423599 , -1.265378  ]]
controls_seq: [[[-0.21197945, -0.52188677, -0.94156855, -0.04885633, -0.5977948 , -0.9416207 , -0.13780382, -0.2760941 , -0.94158506, -0.12150245, -0.37228563, -7.8925147 , -0.16395567, -0.36317262, -0.94156295, -0.3263173 , -0.23212627, -0.9415473 ,  1.3421181 ,  0.5640958 , -1.3200678 , -0.5609732 , -0.5639467 , -0.5827069 , -0.329892  , -0.3484124 , -0.20241508,  1.6792222 , -0.33475283,  2.122193  , -0.20059635,  2.075268  , -0.2822355 ,  0.43557468,  0.8312733 ,  0.0317745 ]]]
t_span: [0.]

Current index: 1001
y0: [[-0.7181019 , -1.1354244 , -0.9795756 , -0.72086006, -1.2334127 , -1.2585865 ]]
controls_seq: [[[-0.21197945, -0.52188677, -0.94156855, -0.04885633, -0.5977948 , -0.9416207 , -0.13780382, -0.2760941 , -0.94158506, -0.09281673, -0.37228563, -7.8925147 , -0.16395567, -0.36317262, -0.94156295, -0.3263173 , -0.23212627, -0.9415473 ,  1.3405992 ,  0.5570924 , -1.3175247 , -0.5609732 , -0.5639467 , -0.5827069 , -0.329892  , -0.3484124 , -0.20241508,  1.6792222 , -0.33475283,  2.122193  , -0.20059635,  2.075268  , -0.2822355 ,  0.34283638,  0.6539302 ,  0.02525758]]]
t_span: [0.]

Current index: 1002
y0: [[-0.7139608 , -1.113693  , -0.960327  , -0.72848636, -1.2205297 , -1.25241   ]]
controls_seq: [[[-0.21197945, -0.52188677, -0.94156855, -0.04885633, -0.5977948 , -0.9416207 , -0.13780382, -0.2760941 , -0.94158506, -0.12150245, -0.37228563, -7.8925147 , -0.16395567, -0.36317262, -0.94156295, -0.3263173 , -0.23212627, -0.9415473 ,  1.3399401 ,  0.5524237 , -1.3149815 , -0.5609732 , -0.5639467 , -0.5827069 , -0.329892  , -0.3484124 , -0.20241508,  1.6792222 , -0.33475283,  2.122193  , -0.20059635,  2.075268  , -0.2822355 ,  0.21403265,  0.40864104, -0.02908693]]]
t_span: [0.]

Current index: 1003
y0: [[-0.7110702 , -1.0896494 , -0.94039047, -0.7335904 , -1.2033002 , -1.2413311 ]]
controls_seq: [[[-0.21197945, -0.52188677, -0.94156855, -0.04885633, -0.5977948 , -0.9416207 , -0.13780382, -0.2760941 , -0.94158506,  0.13666911, -0.37228563, -7.8925147 , -0.16395567, -0.36317262, -0.94156295, -0.3263173 , -0.23212627, -0.9415473 ,  1.339653  ,  0.5477543 , -1.3147736 , -0.5609732 , -0.5639467 , -0.5827069 , -0.329892  , -0.3484124 , -0.20241508,  1.6792222 , -0.33475283,  2.122193  , -0.20059635,  2.075268  , -0.2822355 ,  0.108219  ,  0.29840952, -0.07343145]]]
t_span: [0.]

Current index: 1004
y0: [[-0.7188916 , -1.0682061 , -0.9198439 , -0.74649954, -1.1841016 , -1.2342811 ]]
controls_seq: [[[-0.21197945, -0.52188677, -0.94156855, -0.04885633, -0.5977948 , -0.9416207 , -0.13780382, -0.2760941 , -0.94158506, -0.12150245, -0.37228563, -7.8925147 ,  1.4551567 , -0.36317262, -0.94156295, -0.3263173 , -0.23212627, -0.9415473 ,  1.3395287 ,  0.54075086, -1.3145657 , -0.5609732 , -0.5639467 , -0.5827069 , -0.329892  , -0.3484124 , -0.20241508,  1.6792222 , -0.33475283, -0.47120476, -0.20059635,  2.075268  , -0.2822355 ,  0.05232957,  0.29525226, -0.06290321]]]
t_span: [0.]

Current index: 1005
y0: [[-0.802125  , -1.1024746 , -0.95823985, -0.7283287 , -1.2382886 , -1.2118986 ]]
controls_seq: [[[-0.21197945, -0.52188677, -0.94156855, -0.04885633, -0.5977948 , -0.9416207 , -0.13780382, -0.2760941 , -0.94158506, -0.12150245, -0.37228563, -7.8925147 , -0.16395567, -0.36317262, -0.94156295, -0.3263173 , -0.23212627, -0.9415473 ,  1.3394752 ,  0.54075086, -1.3143579 , -0.5609732 , -0.5639467 , -0.5827069 , -0.329892  , -0.3484124 , -0.20241508,  1.6792222 , -0.33475283, -0.47120476, -0.20059635,  2.075268  , -0.2822355 ,  0.21192929,  0.9093122 ,  0.05182125]]]
t_span: [0.]

Current index: 1006
y0: [[-0.85164976, -1.140072  , -0.9987977 , -0.69942117, -1.2863561 , -1.1853626 ]]
controls_seq: [[[-0.21197945, -0.52188677, -0.94156855, -0.04885633, -0.5977948 , -0.9416207 , -0.13780382, -0.2760941 , -0.94158506, -0.12150245, -0.37228563, -7.8925147 , -0.16395567, -0.36317262, -0.94156295, -0.3263173 , -0.23212627, -0.9415473 ,  1.339452  ,  0.53608143, -1.3143435 , -0.5609732 , -0.5639467 , -0.5827069 , -0.329892  , -0.3484124 , -0.20241508,  1.6792222 , -0.33475283, -0.47120476, -0.20059635,  2.075268  , -0.2822355 ,  0.4131343 ,  1.6043041 ,  0.13836259]]]
t_span: [0.]

Current index: 1007
y0: [[-0.8890888, -1.2035354, -1.0466019, -0.6774843, -1.3288543, -1.1773229]]
controls_seq: [[[-0.21197945, -0.52188677, -0.94156855, -0.04885633, -0.5977948 , -0.9416207 , -0.13780382, -0.2760941 , -0.94158506, -0.12150245, -0.37228563, -7.8925147 , -0.16395567, -0.36317262, -0.94156295, -0.3263173 , -0.23212627, -0.9415473 ,  1.3394451 ,  0.529078  , -1.314329  , -0.5609732 , -0.5639467 , -0.5827069 , -0.329892  , -0.3484124 , -0.20241508,  1.6792222 , -0.33475283, -0.47120476, -0.20059635,  2.075268  , -0.2822355 ,  0.32980192,  1.4031314 ,  0.09899133]]]
t_span: [0.]

Current index: 1008
y0: [[-0.9336528, -1.2473361, -1.0974716, -0.6397153, -1.3501909, -1.1707102]]
controls_seq: [[[-0.21197945, -0.52188677, -0.94156855, -0.04885633, -0.5977948 , -0.9416207 , -0.13780382, -0.2760941 , -0.94158506, -0.12150245, -0.37228563, -7.8925147 , -0.16395567, -0.36317262, -0.94156295, -0.3263173 , -0.23212627, -0.9415473 ,  1.3394451 ,  0.529078  , -1.3143147 , -0.5609732 , -0.5639467 , -0.5827069 , -0.329892  , -0.3484124 , -0.20241508,  1.6792222 , -0.33475283, -0.47120476, -0.20059635,  2.075268  , -0.2822355 ,  0.12070488,  0.7333163 ,  0.02789869]]]
t_span: [0.]

Current index: 1009
y0: [[-0.9864833 , -1.2612429 , -1.1515758 , -0.58770204, -1.3401153 , -1.1563929 ]]
controls_seq: [[[-0.21197945, -0.52188677, -0.94156855, -0.04885633, -0.5977948 , -0.9416207 , -0.13780382, -0.2760941 , -0.94158506, -0.12150245, -0.37228563, -7.8925147 , -0.16395567, -0.36317262, -0.94156295, -0.3263173 , -0.23212627, -0.9415473 ,  1.3394451 ,  0.5259655 , -1.3143147 , -0.5609732 , -0.5639467 , -0.5827069 , -0.329892  , -0.3484124 , -0.20241508,  1.6792222 , -0.33475283, -0.47120476, -0.20059635,  2.075268  , -0.2822355 , -0.01372084,  0.33035752, -0.03171388]]]
t_span: [0.]

Current index: 1010
y0: [[-1.0448267 , -1.2721344 , -1.1934031 , -0.53212655, -1.3194658 , -1.1347936 ]]
controls_seq: [[[-0.21197945, -0.52188677, -0.94156855, -0.04885633, -0.5977948 , -0.9416207 , -0.13780382, -0.2760941 , -0.94158506, -0.12150245, -0.37228563, -7.8925147 , -0.16395567, -0.36317262, -0.94156295, -0.3263173 , -0.23212627, -0.9415473 ,  1.3394451 ,  0.52129686, -1.3143147 , -0.5609732 , -0.5639467 , -0.5827069 , -0.329892  , -0.3484124 , -0.20241508,  1.6792222 , -0.33475283, -0.47120476, -0.20059635,  2.075268  , -0.2822355 , -0.05928748,  0.10908824, -0.06297191]]]
t_span: [0.]

Current index: 1011
y0: [[-1.1060063 , -1.2892692 , -1.2243121 , -0.47524568, -1.2944996 , -1.1042544 ]]
controls_seq: [[[-0.21197945, -0.52188677, -0.94156855, -0.04885633, -0.5977948 , -0.9416207 , -0.13780382, -0.2760941 , -0.94158506,  1.3899127 , -0.37228563, -7.8925147 , -0.16395567, -0.36317262, -0.94156295, -0.3263173 , -0.23212627, -0.9415473 ,  1.3394451 ,  0.52129686, -1.3143147 , -0.5609732 , -0.5639467 , -0.5827069 , -0.329892  , -0.3484124 , -0.20241508,  1.6792222 , -0.33475283, -0.47120476, -0.20059635,  2.075268  , -0.2822355 , -0.06165771,  0.01183054, -0.07306383]]]
t_span: [0.]

Current index: 1012
y0: [[-1.1699533 , -1.2657247 , -1.2142432 , -0.43378177, -1.2410913 , -1.1115396 ]]
controls_seq: [[[-0.21197945, -0.52188677, -0.94156855, -0.04885633, -0.5977948 , -0.9416207 , -0.13780382, -0.2760941 , -0.94158506, -0.12150245, -0.37228563, -7.8925147 , -0.16395567, -0.36317262, -0.94156295, -0.3263173 , -0.23212627, -0.9415473 ,  1.3394451 ,  0.51429343, -1.3143147 , -0.5609732 , -0.5639467 , -0.5827069 , -0.329892  , -0.3484124 , -0.20241508,  1.6792222 , -0.33475283, -0.47120476, -0.20059635,  2.075268  , -0.2822355 , -0.06165771, -0.04582633, -0.05916449]]]
t_span: [0.]

Current index: 1013
y0: [[-1.2074935 , -1.3128831 , -1.2393005 , -0.37226307, -1.2220377 , -1.0539834 ]]
controls_seq: [[[-0.21197945, -0.52188677, -0.94156855, -0.04885633, -0.5977948 , -0.9416207 , -0.13780382, -0.2760941 , -0.94158506,  4.686115  , -0.37228563, -7.8925147 , -0.16395567, -0.36317262, -0.94156295, -0.3263173 , -0.23212627, -0.9415473 ,  1.3394451 ,  0.509624  , -1.3143147 , -0.5609732 , -0.5639467 , -0.5827069 , -0.329892  , -0.3484124 , -0.20241508,  1.6792222 , -0.33475283, -0.47120476, -0.20059635,  2.075268  , -0.2822355 , -0.03900315, -0.04664028, -0.02603667]]]
t_span: [0.]

Current index: 1014
y0: [[-1.3106806 , -1.240493  , -1.1591585 , -0.41553023, -1.2510427 , -1.1728566 ]]
controls_seq: [[[-2.1197945e-01, -5.2188677e-01, -9.4156855e-01, -4.8856325e-02, -5.9779477e-01, -9.4162071e-01, -1.3780382e-01, -2.7609411e-01, -9.4158506e-01, -1.2150245e-01, -3.7228563e-01, -7.8925147e+00, -1.6395567e-01, -3.6317262e-01, -9.4156295e-01, -3.2631731e-01, -2.3212627e-01, -9.4154727e-01,  1.3394451e+00,  5.0262058e-01, -1.3143147e+00, -5.6097323e-01, -5.6394672e-01, -5.8270693e-01, -3.2989201e-01, -3.4841239e-01, -2.0241508e-01,  1.6792222e+00, -3.3475283e-01, -4.7120476e-01, -2.0059635e-01,  2.0752680e+00, -2.8223550e-01,  2.6423885e-03,  6.0658246e-02,  2.3651581e-02]]]
t_span: [0.]

Current index: 1015
y0: [[-1.3007829 , -1.3133155 , -1.2279369 , -0.35970384, -1.2309326 , -1.0896435 ]]
controls_seq: [[[-0.21197945, -0.52188677, -0.94156855, -0.04885633, -0.5977948 , -0.9416207 , -0.13780382, -0.2760941 , -0.94158506, -0.12150245, -0.37228563, -7.8925147 , -0.16395567, -0.36317262, -0.94156295, -0.3263173 , -0.23212627, -0.9415473 ,  1.3394451 ,  0.49795115, -1.3136264 , -0.5609732 , -0.5639467 , -0.5827069 , -0.329892  , -0.3484124 , -0.20241508,  1.6792222 , -0.33475283, -0.47120476, -0.20059635,  2.075268  , -0.2822355 ,  0.01732025,  0.411913  ,  0.06675465]]]
t_span: [0.]

Current index: 1016
y0: [[-1.3169684 , -1.3851777 , -1.2757531 , -0.31283885, -1.2123528 , -1.0165952 ]]
controls_seq: [[[-0.21197945, -0.52188677, -0.94156855, -0.04885633, -0.5977948 , -0.9416207 , -0.13780382, -0.2760941 , -0.94158506,  0.4972352 , -0.37228563, -7.8925147 , -0.16395567, -0.36317262, -0.94156295, -0.3263173 , -0.23212627, -0.9415473 ,  1.3394451 ,  0.49328244, -1.3129382 , -0.5609732 , -0.5639467 , -0.5827069 , -0.329892  , -0.3484124 , -0.20241508,  1.6792222 , -0.33475283, -0.47120476, -0.20059635,  2.075268  , -0.2822355 ,  0.03779629,  1.1081198 ,  0.10805631]]]
t_span: [0.]

Current index: 1017
y0: [[-1.3446451 , -1.4504617 , -1.3079414 , -0.29342616, -1.1985173 , -0.9871041 ]]
controls_seq: [[[-0.21197945, -0.52188677, -0.94156855, -0.04885633, -0.5977948 , -0.9416207 , -0.13780382, -0.2760941 , -0.94158506,  0.5513774 , -0.37228563, -7.8925147 , -0.0547126 , -0.36317262, -0.94156295, -0.3263173 , -0.23212627, -0.9415473 ,  1.3316613 ,  0.48627904, -1.3122499 , -0.5609732 , -0.5639467 , -0.5827069 , -0.329892  , -0.3484124 , -0.20241508,  1.6792222 , -0.33475283, -0.47120476, -0.20059635,  2.075268  , -0.2822355 ,  0.04287564,  1.0154495 ,  0.09704562]]]
t_span: [0.]

Current index: 1018
y0: [[-1.3864443, -1.4871961, -1.3359157, -0.2713711, -1.1840136, -0.9587325]]
controls_seq: [[[-0.21197945, -0.52188677, -0.94156855, -0.04885633, -0.5977948 , -0.9416207 , -0.13780382, -0.2760941 , -0.94158506, -0.12150245, -0.37228563, -7.8925147 , -0.16395567, -0.36317262, -0.94156295, -0.3263173 , -0.23212627, -0.9415473 ,  1.3029748 ,  0.48627904, -1.2878749 , -0.5609732 , -0.5639467 , -0.5827069 , -0.329892  , -0.3484124 , -0.20241508,  1.6792222 , -0.33475283, -0.47120476, -0.20059635,  2.075268  , -0.2822355 ,  0.03556246,  0.62712264,  0.04983722]]]
t_span: [0.]

Current index: 1019
y0: [[-1.4434255 , -1.5104573 , -1.3593286 , -0.21920405, -1.1615696 , -0.89407516]]
controls_seq: [[[-0.21197945, -0.52188677, -0.94156855, -0.04885633, -0.5977948 , -0.9416207 , -0.13780382, -0.2760941 , -0.94158506, -0.12150245, -0.37228563, -7.8925147 , -0.16395567, -0.36317262, -0.94156295, -0.3263173 , -0.23212627, -0.9415473 ,  1.2843685 ,  0.48627904, -1.2635    , -0.5609732 , -0.5639467 , -0.5827069 , -0.329892  , -0.3484124 , -0.20241508,  1.6792222 , -0.33475283, -0.47120476, -0.20059635,  2.075268  , -0.2822355 ,  0.03335594,  0.45651576,  0.0267888 ]]]
t_span: [0.]

Current index: 1020
y0: [[-1.5096653 , -1.5159429 , -1.3631635 , -0.16227995, -1.118842  , -0.8284941 ]]
controls_seq: [[[-0.21197945, -0.52188677, -0.94156855, -0.04885633, -0.5977948 , -0.9416207 , -0.13780382, -0.2760941 , -0.94158506, -0.12150245, -0.37228563, -7.8925147 , -0.16395567, -0.36317262, -0.94156295, -0.3263173 , -0.23212627, -0.9415473 ,  1.275755  ,  0.48627904, -1.2391249 , -0.5609732 , -0.5639467 , -0.5827069 , -0.329892  , -0.3484124 , -0.20241508,  1.6792222 , -0.33475283, -0.47120476, -0.20059635,  2.075268  , -0.2822355 ,  0.05783868,  0.36349654,  0.01046202]]]
t_span: [0.]

Current index: 1021
y0: [[-1.5797893 , -1.5197895 , -1.353587  , -0.11537171, -1.0669502 , -0.75972164]]
controls_seq: [[[-0.21197945, -0.52188677, -0.94156855, -0.04885633, -0.5977948 , -0.9416207 , -0.13780382, -0.2760941 , -0.94158506,  1.0779792 , -0.37228563, -7.8925147 , -0.16395567, -0.36317262, -0.94156295, -0.3263173 , -0.23212627, -0.9415473 ,  1.2719756 ,  0.48627904, -1.2363766 , -0.5609732 , -0.5639467 , -0.5827069 , -0.329892  , -0.3484124 , -0.20241508,  1.6792222 , -0.33475283, -0.47120476, -0.20059635,  2.075268  , -0.2822355 ,  0.06951106,  0.79471123,  0.05768059]]]
t_span: [0.]

Current index: 1022
y0: [[-1.6194524, -1.5063292, -1.329575 , -0.1028442, -1.0306114, -0.754189 ]]
controls_seq: [[[-0.21197945, -0.52188677, -0.94156855, -0.04885633, -0.5977948 , -0.9416207 , -0.13780382, -0.2760941 , -0.94158506, -0.12150245, -0.37228563, -7.8925147 , -0.16395567, -0.36317262, -0.94156295, -0.3263173 , -0.23212627, -0.9415473 ,  1.270334  ,  0.48627904, -1.2336283 , -0.5609732 , -0.5639467 , -0.5827069 , -0.329892  , -0.3484124 , -0.20241508,  1.6792222 , -0.33475283, -0.47120476, -0.20059635,  2.075268  , -0.2822355 ,  0.07678664,  2.6615646 ,  0.19512264]]]
t_span: [0.]

Current index: 1023
y0: [[-1.6041384 , -1.5991292 , -1.3447107 , -0.07469118, -1.0590001 , -0.7557342 ]]
controls_seq: [[[-0.21197945, -0.52188677, -0.94156855, -0.04885633, -0.5977948 , -0.9416207 , -0.13780382, -0.2760941 , -0.94158506, -0.12150245, -0.37228563, -7.8925147 , -0.16395567, -0.36317262, -0.94156295, -0.3263173 , -0.23212627, -0.9415473 ,  1.2696205 ,  0.48627904, -1.2308801 , -0.5609732 , -0.5639467 , -0.5827069 , -0.329892  , -0.3484124 , -0.20241508,  1.6792222 , -0.33475283, -0.47120476, -0.20059635,  2.075268  , -0.2822355 ,  0.01567744,  2.9024208 ,  0.22555861]]]
t_span: [0.]

Current index: 1024
y0: [[-1.5956186 , -1.6562375 , -1.3861719 , -0.06478875, -1.0864006 , -0.77005994]]
controls_seq: [[[-0.21197945, -0.52188677, -0.94156855, -0.04885633, -0.5977948 , -0.9416207 , -0.13780382, -0.2760941 , -0.94158506, -0.12150245, -0.37228563, -7.8925147 , -0.16395567, -0.36317262, -0.94156295, -0.3263173 , -0.23212627, -0.9415473 ,  1.2693107 ,  0.49795115, -1.2306553 , -0.5609732 , -0.5639467 , -0.5827069 , -0.329892  , -0.3484124 , -0.20241508,  1.6792222 , -0.33475283, -0.47120476, -0.20059635,  2.075268  , -0.2822355 , -0.06105906,  2.609775  ,  0.17758645]]]
t_span: [0.]

Current index: 1025
y0: [[-1.6061767 , -1.6885836 , -1.4214509 , -0.06164847, -1.1031204 , -0.7747944 ]]
controls_seq: [[[-0.21197945, -0.52188677, -0.94156855, -0.04885633, -0.5977948 , -0.9416207 , -0.13780382, -0.2760941 , -0.94158506, -0.12150245, -0.37228563, -7.8925147 , -0.16395567, -0.36317262, -0.94156295, -0.3263173 , -0.23212627, -0.9415473 ,  1.2691766 ,  0.50028586, -1.2304304 , -0.5609732 , -0.5639467 , -0.5827069 , -0.329892  , -0.3484124 , -0.20241508,  1.6792222 , -0.33475283, -0.47120476, -0.20059635,  2.075268  , -0.2822355 , -0.11501303,  1.8694546 ,  0.08902209]]]
t_span: [0.]

Current index: 1026
y0: [[-1.6418078 , -1.689504  , -1.4365294 , -0.05632141, -1.0998466 , -0.7525662 ]]
controls_seq: [[[-0.21197945, -0.52188677, -0.94156855, -0.04885633, -0.5977948 , -0.9416207 , -0.13780382, -0.2760941 , -0.94158506, -0.12150245, -0.37228563, -7.8925147 , -0.16395567, -0.36317262, -0.94156295, -0.3263173 , -0.23212627, -0.9415473 ,  1.2691183 ,  0.509624  , -1.2302057 , -0.5609732 , -0.5639467 , -0.5827069 , -0.329892  , -0.3484124 , -0.20241508,  1.6792222 , -0.33475283, -0.47120476, -0.20059635,  2.075268  , -0.2822355 , -0.14417142,  1.5120462 ,  0.01118512]]]
t_span: [0.]

Current index: 1027
y0: [[-1.6887242 , -1.6825017 , -1.4378868 , -0.05061853, -1.0857285 , -0.7247139 ]]
controls_seq: [[[-0.21197945, -0.52188677, -0.94156855, -0.04885633, -0.5977948 , -0.9416207 , -0.13780382, -0.2760941 , -0.94158506, -0.12150245, -0.37228563, -7.8925147 , -0.16395567, -0.36317262, -0.94156295, -0.3263173 , -0.23212627, -0.9415473 ,  1.2690935 ,  0.509624  , -1.2301898 , -0.5609732 , -0.5639467 , -0.5827069 , -0.329892  , -0.3484124 , -0.20241508,  1.6792222 , -0.33475283, -0.47120476, -0.20059635,  2.075268  , -0.2822355 , -0.13598092,  1.6680475 ,  0.03884991]]]
t_span: [0.]

Current index: 1028
y0: [[-1.7233139, -1.6868075, -1.4310867, -0.0425078, -1.0728877, -0.7070052]]
controls_seq: [[[-0.21197945, -0.52188677, -0.94156855, -0.04885633, -0.5977948 , -0.9416207 , -0.13780382, -0.2760941 , -0.94158506, -0.12150245, -0.37228563, -7.8925147 , -0.16395567, -0.36317262, -0.94156295, -0.3263173 , -0.23212627, -0.9415473 ,  1.2690849 ,  0.509624  , -1.2301741 , -0.5609732 , -0.5639467 , -0.5827069 , -0.329892  , -0.3484124 , -0.20241508,  1.6792222 , -0.33475283, -0.47120476, -0.20059635,  2.075268  , -0.2822355 , -0.10125768,  2.5973196 ,  0.5850909 ]]]
t_span: [0.]

Current index: 1029
y0: [[-1.7046143 , -1.7146662 , -1.4309382 , -0.03227086, -1.0807769 , -0.7265879 ]]
controls_seq: [[[-0.21197945, -0.52188677, -0.94156855, -0.04885633, -0.5977948 , -0.9416207 , -0.13780382, -0.2760941 , -0.94158506, -0.05482245, -0.37228563, -7.8925147 , -0.16395567, -0.36317262, -0.94156295, -0.3263173 , -0.23212627, -0.9415473 ,  1.2690849 ,  0.509624  , -1.2301582 , -0.5609732 , -0.5639467 , -0.5827069 , -0.329892  , -0.3484124 , -0.20241508,  1.6792222 , -0.33475283, -0.47120476, -0.20059635,  2.075268  , -0.2822355 , -0.0658743 ,  3.4102519 ,  1.1166458 ]]]
t_span: [0.]

Current index: 1030
y0: [[-1.6608478 , -1.7465086 , -1.4494284 , -0.03515931, -1.1012802 , -0.78351307]]
controls_seq: [[[-0.21197945, -0.52188677, -0.94156855, -0.04885633, -0.5977948 , -0.9416207 , -0.13780382, -0.2760941 , -0.94158506, -0.12150245, -0.37228563, -7.8925147 , -0.16395567, -0.36317262, -0.94156295, -0.3263173 , -0.23212627, -0.9415473 ,  1.2690849 ,  0.509624  , -1.2301582 , -0.5609732 , -0.5639467 , -0.5827069 , -0.329892  , -0.3484124 , -0.20241508,  1.6792222 , -0.33475283, -0.47120476, -0.20059635,  2.075268  , -0.2822355 , -0.01183552,  3.7712755 ,  1.4798398 ]]]
t_span: [0.]

Current index: 1031
y0: [[-1.6137749 , -1.7773055 , -1.4844469 , -0.04497427, -1.132448  , -0.8455994 ]]
controls_seq: [[[-0.21197945, -0.52188677, -0.94156855, -0.04885633, -0.5977948 , -0.9416207 , -0.13780382, -0.2760941 , -0.94158506,  1.4999058 , -0.37228563, -7.8925147 , -0.16395567, -0.36317262, -0.94156295, -0.3263173 , -0.23212627, -0.9415473 ,  1.2690849 ,  0.51896214, -1.2301582 , -0.5609732 , -0.5639467 , -0.5827069 , -0.329892  , -0.3484124 , -0.20241508,  1.6792222 , -0.33475283, -0.47120476, -0.20059635,  2.075268  , -0.2822355 ,  0.01515422,  3.5280774 ,  1.4899665 ]]]
t_span: [0.]

Current index: 1032
y0: [[-1.576181  , -1.7662528 , -1.4766345 , -0.13540535, -1.1215019 , -0.9398968 ]]
controls_seq: [[[-0.21197945, -0.52188677, -0.94156855, -0.04885633, -0.5977948 , -0.9416207 , -0.13780382, -0.2760941 , -0.94158506, -0.12150245, -0.37228563, -7.8925147 , -0.16395567, -0.36317262, -0.94156295, -0.3263173 , -0.23212627, -0.9415473 ,  1.2690849 ,  0.529078  , -1.2301582 , -0.5609732 , -0.5639467 , -0.5827069 , -0.329892  , -0.3484124 , -0.20241508,  1.6792222 , -0.33475283, -0.47120476, -0.20059635,  2.075268  , -0.2822355 , -0.01706443,  1.9872165 ,  0.83214515]]]
t_span: [0.]

Current index: 1033
y0: [[-1.5776893 , -1.7407221 , -1.498711  , -0.11086074, -1.1401017 , -0.8886894 ]]
controls_seq: [[[-0.21197945, -0.52188677, -0.94156855, -0.04885633, -0.5977948 , -0.9416207 , -0.13780382, -0.2760941 , -0.94158506,  0.18435201, -0.37228563, -7.8925147 , -0.16395567, -0.36317262, -0.94156295, -0.3263173 , -0.23212627, -0.9415473 ,  1.2690849 ,  0.54075086, -1.2301582 , -0.5609732 , -0.5639467 , -0.5827069 , -0.329892  , -0.3484124 , -0.20241508,  1.6792222 , -0.33475283, -0.47120476, -0.20059635,  2.075268  , -0.2822355 , -0.05143322,  1.0464938 ,  0.45052132]]]
t_span: [0.]

Current index: 1034
y0: [[-1.6300756 , -1.6884586 , -1.4821585 , -0.09904837, -1.1217648 , -0.83007115]]
controls_seq: [[[-0.21197945, -0.52188677, -0.94156855, -0.04885633, -0.5977948 , -0.9416207 , -0.13780382, -0.2760941 , -0.94158506,  2.160059  , -0.37228563, -7.8925147 , -0.16395567, -0.36317262, -0.94156295, -0.3263173 , -0.23212627, -0.9415473 ,  1.2690849 ,  0.54075086, -1.2301582 , -0.5609732 , -0.5639467 , -0.5827069 , -0.329892  , -0.3484124 , -0.20241508,  1.6792222 , -0.33475283, -0.47120476, -0.20059635,  2.075268  , -0.2822355 , -0.07666548,  1.3744131 ,  0.5121015 ]]]
t_span: [0.]

Current index: 1035
y0: [[-1.6485863 , -1.5943371 , -1.4068515 , -0.13598785, -1.1036735 , -0.8663058 ]]
controls_seq: [[[-0.21197945, -0.52188677, -0.94156855, -0.04885633, -0.5977948 , -0.9416207 , -0.13780382, -0.2760941 , -0.94158506, -0.12150245, -0.37228563, -7.8925147 , -0.16395567, -0.36317262, -0.94156295, -0.3263173 , -0.23212627, -0.9415473 ,  1.2690849 ,  0.54075086, -1.2301582 , -0.5609732 , -0.5639467 , -0.5827069 , -0.329892  , -0.3484124 , -0.20241508,  1.6792222 , -0.33475283, -0.47120476, -0.20059635,  2.075268  , -0.2822355 , -0.05501446,  2.861378  ,  0.773879  ]]]
t_span: [0.]

Current index: 1036
y0: [[-1.6004149 , -1.6727324 , -1.4245218 , -0.10719755, -1.1323798 , -0.8620269 ]]
controls_seq: [[[-0.21197945, -0.52188677, -0.94156855, -0.04885633, -0.5977948 , -0.9416207 , -0.13780382, -0.2760941 , -0.94158506, -0.12150245, -0.37228563, -7.8925147 , -0.16395567, -0.36317262, -0.94156295, -0.3263173 , -0.23212627, -0.9415473 ,  1.2690849 ,  0.5477543 , -1.2301582 , -0.5609732 , -0.5639467 , -0.5827069 , -0.329892  , -0.3484124 , -0.20241508,  1.6792222 , -0.33475283, -0.47120476, -0.20059635,  2.075268  , -0.2822355 , -0.06014527,  3.51876   ,  0.73046404]]]
t_span: [0.]

Current index: 1037
y0: [[-1.5656537 , -1.733627  , -1.4669524 , -0.10030948, -1.1632487 , -0.88627803]]
controls_seq: [[[-0.21197945, -0.52188677, -0.94156855, -0.04885633, -0.5977948 , -0.9416207 , -0.13780382, -0.2760941 , -0.94158506,  0.54301834, -0.37228563, -7.8925147 , -0.16395567, -0.36317262, -0.94156295, -0.3263173 , -0.23212627, -0.9415473 ,  1.2690849 ,  0.5524237 , -1.2301582 , -0.5609732 , -0.5639467 , -0.5827069 , -0.329892  , -0.3484124 , -0.20241508,  1.6792222 , -0.33475283, -0.47120476, -0.20059635,  2.075268  , -0.2822355 , -0.07701512,  3.699274  ,  0.8902845 ]]]
t_span: [0.]

Current index: 1038
y0: [[-1.5316056 , -1.7660342 , -1.4934024 , -0.13951358, -1.1758701 , -0.9454135 ]]
controls_seq: [[[-0.21197945, -0.52188677, -0.94156855, -0.04885633, -0.5977948 , -0.9416207 , -0.13780382, -0.2760941 , -0.94158506, -0.12150245, -0.37228563, -7.8925147 , -0.16395567, -0.36317262, -0.94156295, -0.3263173 , -0.23212627, -0.9415473 ,  1.2690849 ,  0.5524237 , -1.2301582 , -0.5609732 , -0.5639467 , -0.5827069 , -0.329892  , -0.3484124 , -0.20241508,  1.6792222 , -0.33475283, -0.47120476, -0.20059635,  2.075268  , -0.2822355 , -0.07930852,  3.7057548 ,  0.7077515 ]]]
t_span: [0.]

Current index: 1039
y0: [[-1.5075283 , -1.8100035 , -1.5391754 , -0.14366987, -1.2239312 , -0.9545163 ]]
controls_seq: [[[-0.21197945, -0.52188677, -0.94156855, -0.04885633, -0.5977948 , -0.9416207 , -0.13780382, -0.2760941 , -0.94158506, -0.12150245, -0.37228563, -7.8925147 , -0.16395567, -0.36317262, -0.94156295, -0.3263173 , -0.23212627, -0.9415473 ,  1.2690849 ,  0.5524237 , -1.2301582 , -0.5609732 , -0.5639467 , -0.5827069 , -0.329892  , -0.3484124 , -0.20241508,  1.6792222 , -0.33475283, -0.47120476, -0.20059635,  2.075268  , -0.2822355 , -0.07930852,  3.7057548 ,  0.9791814 ]]]
t_span: [0.]

Current index: 1040
y0: [[-1.4888549 , -1.8423913 , -1.5761611 , -0.15330413, -1.2651224 , -0.96959543]]
controls_seq: [[[-0.21197945, -0.52188677, -0.94156855, -0.04885633, -0.5977948 , -0.9416207 , -0.13780382, -0.2760941 , -0.94158506,  2.7981713 , -0.37228563, -7.8925147 , -0.16395567, -0.36317262, -0.94156295, -0.3263173 , -0.23212627, -0.9415473 ,  1.2690849 ,  0.55942714, -1.2301582 , -0.5609732 , -0.5639467 , -0.5827069 , -0.329892  , -0.3484124 , -0.20241508,  1.6792222 , -0.33475283, -0.47120476, -0.20059635,  2.075268  , -0.2822355 , -0.07930852,  3.701622  ,  2.1336555 ]]]
t_span: [0.]

Current index: 1041
y0: [[-1.4922776 , -1.7815855 , -1.5179902 , -0.27715665, -1.2353212 , -1.0860243 ]]
controls_seq: [[[-0.21197945, -0.52188677, -0.94156855, -0.04885633, -0.5977948 , -0.9416207 , -0.13780382, -0.2760941 , -0.94158506, -0.12150245, -0.37228563, -7.8925147 , -0.16395567, -0.36317262, -0.94156295, -0.3263173 , -0.23212627, -0.9415473 ,  1.2690849 ,  0.5640958 , -1.2301582 , -0.5609732 , -0.5639467 , -0.5827069 , -0.329892  , -0.3484124 , -0.20241508,  1.6792222 , -0.33475283, -0.47120476, -0.20059635,  2.075268  , -0.2822355 , -0.07930852,  3.684866  ,  2.5606892 ]]]
t_span: [0.]

Current index: 1042
y0: [[-1.4374939, -1.8002583, -1.5927653, -0.2525553, -1.2977535, -1.0939586]]
controls_seq: [[[-0.21197945, -0.52188677, -0.94156855, -0.04885633, -0.5977948 , -0.9416207 , -0.13780382, -0.2760941 , -0.94158506, -0.05121287, -0.37228563, -7.8925147 , -0.16395567, -0.36317262, -0.94156295, -0.3263173 , -0.23212627, -0.9415473 ,  1.2690849 ,  0.5687652 , -1.2301582 , -0.5609732 , -0.5639467 , -0.5827069 , -0.329892  , -0.3484124 , -0.20241508,  1.6792222 , -0.33475283, -0.47120476, -0.20059635,  2.075268  , -0.2822355 , -0.07930852,  3.6461966 ,  2.333528  ]]]
t_span: [0.]

Current index: 1043
y0: [[-1.3968126 , -1.8145484 , -1.6276144 , -0.25490355, -1.3470994 , -1.0935329 ]]
controls_seq: [[[-0.21197945, -0.52188677, -0.94156855, -0.04885633, -0.5977948 , -0.9416207 , -0.13780382, -0.2760941 , -0.94158506, -0.12150245, -0.37228563, -7.8925147 , -0.16395567, -0.36317262, -0.94156295, -0.3263173 , -0.23212627, -0.9415473 ,  1.2690849 ,  0.57576865, -1.2301582 , -0.5609732 , -0.5639467 , -0.5827069 , -0.329892  , -0.3484124 , -0.20241508,  1.6792222 , -0.33475283, -0.47120476, -0.20059635,  2.075268  , -0.2822355 , -0.07930852,  3.5685713 ,  1.8628021 ]]]
t_span: [0.]

Current index: 1044
y0: [[-1.3709122 , -1.8311414 , -1.6474257 , -0.26416293, -1.3854607 , -1.0851932 ]]
controls_seq: [[[-0.21197945, -0.52188677, -0.94156855, -0.04885633, -0.5977948 , -0.9416207 , -0.13780382, -0.2760941 , -0.94158506, -0.12150245, -0.37228563, -7.8925147 , -0.16395567, -0.36317262, -0.94156295, -0.3263173 , -0.23212627, -0.9415473 ,  1.2690849 ,  0.5804381 , -1.2301582 , -0.5609732 , -0.5639467 , -0.5827069 , -0.329892  , -0.3484124 , -0.20241508,  1.6792222 , -0.33475283, -0.47120476, -0.20059635,  2.075268  , -0.2822355 , -0.07930852,  3.4955318 ,  1.2332116 ]]]
t_span: [0.]

Current index: 1045
y0: [[-1.3651574 , -1.844822  , -1.6573473 , -0.27446812, -1.413516  , -1.0751337 ]]
controls_seq: [[[-0.21197945, -0.52188677, -0.94156855, -0.04885633, -0.5977948 , -0.9416207 , -0.13780382, -0.2760941 , -0.94158506, -0.12150245, -0.37228563, -7.8925147 , -0.16395567, -0.36317262, -0.94156295, -0.3263173 , -0.23212627, -0.9415473 ,  1.2690849 ,  0.5874415 , -1.2301582 , -0.5609732 , -0.5639467 , -0.5827069 , -0.329892  , -0.3484124 , -0.20241508,  1.6792222 , -0.33475283, -0.47120476, -0.20059635,  2.075268  , -0.2822355 , -0.07930852,  3.4253647 ,  0.7392061 ]]]
t_span: [0.]

Current index: 1046
y0: [[-1.3729093 , -1.8487206 , -1.6610292 , -0.27772856, -1.4305198 , -1.061159  ]]
controls_seq: [[[-0.21197945, -0.52188677, -0.94156855, -0.04885633, -0.5977948 , -0.9416207 , -0.13780382, -0.2760941 , -0.94158506, -0.12150245, -0.37228563, -7.8925147 , -0.16395567, -0.36317262, -0.94156295, -0.3263173 , -0.23212627, -0.9415473 ,  1.2690849 ,  0.5897762 , -1.2301582 , -0.5609732 , -0.5639467 , -0.5827069 , -0.329892  , -0.3484124 , -0.20241508,  1.6792222 , -0.33475283, -0.47120476, -0.20059635,  2.075268  , -0.2822355 , -0.07930852,  3.3617272 ,  0.46385255]]]
t_span: [0.]

Current index: 1047
y0: [[-1.3888979 , -1.8470815 , -1.6588607 , -0.27286866, -1.4390812 , -1.0452435 ]]
controls_seq: [[[-0.21197945, -0.52188677, -0.94156855, -0.04885633, -0.5977948 , -0.9416207 , -0.13780382, -0.2760941 , -0.94158506, -0.12150245, -0.37228563, -7.8925147 , -0.16395567, -0.36317262, -0.94156295, -0.3263173 , -0.23212627, -0.9415473 ,  1.2690849 ,  0.59911364, -1.2301582 , -0.5609732 , -0.5639467 , -0.5827069 , -0.329892  , -0.3484124 , -0.20241508,  1.6792222 , -0.33475283, -0.47120476, -0.20059635,  2.075268  , -0.2822355 , -0.09195846,  3.2945106 ,  0.30678594]]]
t_span: [0.]

Current index: 1048
y0: [[-1.4102948 , -1.8450665 , -1.6541477 , -0.26346126, -1.4408085 , -1.0294034 ]]
controls_seq: [[[-0.21197945, -0.52188677, -0.94156855, -0.04885633, -0.5977948 , -0.9416207 , -0.13780382, -0.2760941 , -0.94158506, -0.12150245, -0.37228563, -7.8925147 , -0.16395567, -0.36317262, -0.94156295, -0.3263173 , -0.23212627, -0.9415473 ,  1.2690849 ,  0.59911364, -1.2301582 , -0.5609732 , -0.5639467 , -0.5827069 , -0.329892  , -0.3484124 , -0.20241508,  1.6792222 , -0.33475283, -0.47120476, -0.20059635,  2.075268  , -0.2822355 , -0.11104977,  3.1783845 ,  0.23655468]]]
t_span: [0.]

Current index: 1049
y0: [[-1.4355364 , -1.8443507 , -1.6483523 , -0.25222754, -1.4371455 , -1.0142274 ]]
controls_seq: [[[-0.21197945, -0.52188677, -0.94156855, -0.04885633, -0.5977948 , -0.9416207 , -0.13780382, -0.2760941 , -0.94158506, -0.12150245, -0.37228563, -7.8925147 , -0.16395567, -0.36317262, -0.94156295, -0.3263173 , -0.23212627, -0.9415473 ,  1.2690849 ,  0.59911364, -1.2301582 , -0.5609732 , -0.5639467 , -0.5827069 , -0.329892  , -0.3484124 , -0.20241508,  1.6792222 , -0.33475283, -0.47120476, -0.20059635,  2.075268  , -0.2822355 , -0.12039284,  3.0488744 ,  0.23598632]]]
t_span: [0.]

Current index: 1050
y0: [[-1.4638851 , -1.8446053 , -1.6416532 , -0.23975867, -1.4273428 , -1.0009243 ]]
controls_seq: [[[-0.21197945, -0.52188677, -0.94156855, -0.04885633, -0.5977948 , -0.9416207 , -0.13780382, -0.2760941 , -0.94158506, -0.12150245, -0.37228563, -7.8925147 , -0.16395567, -0.36317262, -0.94156295, -0.3263173 , -0.23212627, -0.9415473 ,  1.2690849 ,  0.6068955 , -1.2301582 , -0.5609732 , -0.5639467 , -0.5827069 , -0.329892  , -0.3484124 , -0.20241508,  1.6792222 , -0.33475283, -0.47120476, -0.20059635,  2.075268  , -0.2822355 , -0.13443463,  2.9501326 ,  0.24934623]]]
t_span: [0.]

Current index: 1051
y0: [[-1.4920542 , -1.8451462 , -1.6358291 , -0.22497326, -1.4120367 , -0.98858756]]
controls_seq: [[[-0.21197945, -0.52188677, -0.94156855, -0.04885633, -0.5977948 , -0.9416207 , -0.13780382, -0.2760941 , -0.94158506, -0.12150245, -0.37228563, -7.8925147 , -0.16395567, -0.36317262, -0.94156295, -0.3263173 , -0.23212627, -0.9415473 ,  1.2690849 ,  0.6037831 , -1.2301582 , -0.5609732 , -0.5639467 , -0.5827069 , -0.329892  , -0.3484124 , -0.20241508,  1.6792222 , -0.33475283, -0.47120476, -0.20059635,  2.075268  , -0.2822355 , -0.1516138 ,  2.8681424 ,  0.2663372 ]]]
t_span: [0.]

Current index: 1052
y0: [[-1.5195577 , -1.8459926 , -1.629994  , -0.20840192, -1.3938237 , -0.97595596]]
controls_seq: [[[-0.21197945, -0.52188677, -0.94156855, -0.04885633, -0.5977948 , -0.9416207 , -0.13780382, -0.2760941 , -0.94158506, -0.12150245, -0.37228563, -7.8925147 , -0.16395567, -0.36317262, -0.94156295, -0.3263173 , -0.23212627, -0.9415473 ,  1.2690849 ,  0.6037831 , -1.2301582 , -0.5609732 , -0.5639467 , -0.5827069 , -0.329892  , -0.3484124 , -0.20241508,  1.6792222 , -0.33475283, -0.47120476, -0.20059635,  2.075268  , -0.2822355 , -0.1586431 ,  2.771183  ,  0.59098065]]]
t_span: [0.]

Current index: 1053
y0: [[-1.5363958 , -1.8442081 , -1.6209912 , -0.19054158, -1.3715324 , -0.96853876]]
controls_seq: [[[-0.21197945, -0.52188677, -0.94156855, -0.04885633, -0.5977948 , -0.9416207 , -0.13780382, -0.2760941 , -0.94158506, -0.12150245, -0.37228563, -7.8925147 , -0.16395567, -0.36317262, -0.94156295, -0.3263173 , -0.23212627, -0.9415473 ,  1.2690849 ,  0.59911364, -1.2301582 , -0.5609732 , -0.5639467 , -0.5827069 , -0.329892  , -0.3484124 , -0.20241508,  1.6792222 , -0.33475283, -0.47120476, -0.20059635,  2.075268  , -0.2822355 , -0.16332929,  2.6553047 ,  1.2965939 ]]]
t_span: [0.]

Current index: 1054
y0: [[-1.5404384 , -1.840054  , -1.6123644 , -0.17605609, -1.3448387 , -0.9739053 ]]
controls_seq: [[[-0.21197945, -0.52188677, -0.94156855, -0.04885633, -0.5977948 , -0.9416207 , -0.13780382, -0.2760941 , -0.94158506, -0.12150245, -0.37228563, -7.8925147 , -0.16395567, -0.36317262, -0.94156295, -0.3263173 , -0.23212627, -0.9415473 ,  1.2690849 ,  0.59911364, -1.2301582 , -0.5609732 , -0.5639467 , -0.5827069 , -0.329892  , -0.3484124 , -0.20241508,  1.6792222 , -0.33475283, -0.47120476, -0.20059635,  2.075268  , -0.2822355 , -0.1517616 ,  2.5475945 ,  1.9027662 ]]]
t_span: [0.]

Current index: 1055
y0: [[-1.5488253 , -1.8286911 , -1.606515  , -0.15968564, -1.3190702 , -0.96953267]]
controls_seq: [[[-0.21197945, -0.52188677, -0.94156855, -0.04885633, -0.5977948 , -0.9416207 , -0.13780382, -0.2760941 , -0.94158506, -0.12150245, -0.37228563, -7.8925147 , -0.16395567, -0.36317262, -0.94156295, -0.3263173 , -0.23212627, -0.9415473 ,  1.2690849 ,  0.59911364, -1.2301582 , -0.5609732 , -0.5639467 , -0.5827069 , -0.329892  , -0.3484124 , -0.20241508,  1.6792222 , -0.33475283, -0.47120476, -0.20059635,  2.075268  , -0.2822355 , -0.15636519,  2.38332   ,  2.1885922 ]]]
t_span: [0.]

Current index: 1056
y0: [[-1.5625335 , -1.814164  , -1.5968715 , -0.13917619, -1.2910633 , -0.95031923]]
controls_seq: [[[-0.21197945, -0.52188677, -0.94156855, -0.04885633, -0.5977948 , -0.9416207 , -0.13780382, -0.2760941 , -0.94158506, -0.12150245, -0.37228563, -7.8925147 , -0.16395567, -0.36317262, -0.94156295, -0.3263173 , -0.23212627, -0.9415473 ,  1.2690849 ,  0.60066986, -1.2301582 , -0.5609732 , -0.5639467 , -0.5827069 , -0.329892  , -0.3484124 , -0.20241508,  1.6792222 , -0.33475283, -0.47120476, -0.20059635,  2.075268  , -0.2822355 , -0.16327058,  2.2212436 ,  1.9305644 ]]]
t_span: [0.]

Current index: 1057
y0: [[-1.5728244 , -1.8008898 , -1.5816435 , -0.11884843, -1.2620025 , -0.9272046 ]]
controls_seq: [[[-0.21197945, -0.52188677, -0.94156855, -0.04885633, -0.5977948 , -0.9416207 , -0.13780382, -0.2760941 , -0.94158506, -0.12150245, -0.37228563, -7.8925147 , -0.16395567, -0.36317262, -0.94156295, -0.3263173 , -0.23212627, -0.9415473 ,  1.2690849 ,  0.6068955 , -1.2301645 , -0.5609732 , -0.5639467 , -0.5827069 , -0.329892  , -0.3484124 , -0.20241508,  1.6792222 , -0.33475283, -0.47120476, -0.20059635,  2.075268  , -0.2822355 , -0.16327058,  2.1018324 ,  1.2245413 ]]]
t_span: [0.]

Current index: 1058
y0: [[-1.580564  , -1.7834171 , -1.562694  , -0.10227132, -1.2342151 , -0.9025097 ]]
controls_seq: [[[-0.21197945, -0.52188677, -0.94156855, -0.04885633, -0.5977948 , -0.9416207 , -0.13780382, -0.2760941 , -0.94158506, -0.12150245, -0.37228563, -7.8925147 , -0.16395567, -0.36317262, -0.94156295, -0.3263173 , -0.23212627, -0.9415473 ,  1.2690849 ,  0.6068955 , -1.2301708 , -0.5609732 , -0.5639467 , -0.5827069 , -0.329892  , -0.3484124 , -0.20241508,  1.6792222 , -0.33475283, -0.47120476, -0.20059635,  2.075268  , -0.2822355 , -0.18007864,  1.9825745 ,  0.6075445 ]]]
t_span: [0.]

Current index: 1059
y0: [[-1.6027611 , -1.7682427 , -1.542321  , -0.08756762, -1.2068865 , -0.87034327]]
controls_seq: [[[-0.21197945, -0.52188677, -0.94156855, -0.04885633, -0.5977948 , -0.9416207 , -0.13780382, -0.2760941 , -0.94158506, -0.12150245, -0.37228563, -7.8925147 , -0.16395567, -0.36317262, -0.94156295, -0.3263173 , -0.23212627, -0.9415473 ,  1.2738011 ,  0.611565  , -1.2301772 , -0.5609732 , -0.5639467 , -0.5827069 , -0.329892  , -0.3484124 , -0.20241508, -0.5955063 , -0.33475283, -0.47120476, -0.20059635,  2.075268  , -0.2822355 , -0.18701988,  1.8591244 ,  0.31128904]]]
t_span: [0.]

Current index: 1060
y0: [[-1.6824092 , -1.6825637 , -1.4795636 , -0.09557357, -1.1071432 , -0.8506829 ]]
controls_seq: [[[-0.21197945, -0.52188677, -0.94156855, -0.04885633, -0.5977948 , -0.9416207 , -0.13780382, -0.2760941 , -0.94158506, -0.12150245, -0.37228563, -7.8925147 , -0.16395567, -0.36317262, -0.94156295, -0.3263173 , -0.23212627, -0.9415473 ,  1.3014206 ,  0.61856836, -1.2548172 , -0.5609732 , -0.5639467 , -0.5827069 , -0.329892  , -0.3484124 , -0.20241508, -0.5955063 , -0.33475283, -0.47120476, -0.20059635,  2.075268  , -0.2822355 , -0.19895   ,  1.7309839 ,  0.43058664]]]
t_span: [0.]

Current index: 1061
y0: [[-1.7153747 , -1.6332995 , -1.4170413 , -0.09206322, -1.0287327 , -0.815887  ]]
controls_seq: [[[-0.21197945, -0.52188677, -0.94156855, -0.04885633, -0.5977948 , -0.9416207 , -0.13780382, -0.2760941 , -0.94158506, -0.12150245, -0.37228563, -7.8925147 , -0.16395567, -0.36317262, -0.94156295, -0.3263173 , -0.23212627, -0.9415473 ,  1.3221124 ,  0.61856836, -1.2794572 , -0.5609732 , -0.5639467 , -0.5827069 , -0.329892  , -0.3484124 , -0.20241508, -0.5955063 , -0.33475283, -0.47120476, -0.20059635,  2.075268  , -0.2822355 , -0.22070424,  1.614363  ,  1.2400777 ]]]
t_span: [0.]

Current index: 1062
y0: [[-1.7266583 , -1.586191  , -1.3581867 , -0.08630458, -0.96483713, -0.77941287]]
controls_seq: [[[-0.21197945, -0.52188677, -0.94156855, -0.04885633, -0.5977948 , -0.9416207 , -0.13780382, -0.2760941 , -0.94158506, -0.12150245, -0.37228563, -7.8925147 , -0.16395567, -0.36317262, -0.94156295, -0.3263173 , -0.23212627, -0.9415473 ,  1.3318409 ,  0.61856836, -1.3040973 , -0.5609732 , -0.5639467 , -0.5827069 , -0.329892  , -0.3484124 , -0.20241508, -0.5955063 , -0.33475283, -0.47120476, -0.20059635,  2.075268  , -0.2822355 , -0.24934289,  1.3326285 ,  1.9492226 ]]]
t_span: [0.]

Current index: 1063
y0: [[-1.7336646 , -1.5302727 , -1.2988837 , -0.07697023, -0.8976182 , -0.73762643]]
controls_seq: [[[-0.21197945, -0.52188677, -0.94156855, -0.04885633, -0.5977948 , -0.9416207 , -0.13780382, -0.2760941 , -0.94158506, -0.12150245, -0.37228563, -7.8925147 , -0.16395567, -0.36317262, -0.94156295, -0.3263173 , -0.23212627, -0.9415473 ,  1.336129  ,  0.61856836, -1.3072186 , -0.5609732 , -0.5639467 , -0.5827069 , -0.329892  , -0.3484124 , -0.20241508, -0.5955063 , -0.33475283, -0.47120476, -0.20059635,  2.075268  , -0.2822355 , -0.27081507,  1.1530449 ,  2.697674  ]]]
t_span: [0.]

Current index: 1064
y0: [[-1.7427683 , -1.4738405 , -1.2339764 , -0.06669004, -0.82390255, -0.6825657 ]]
controls_seq: [[[-0.21197945, -0.52188677, -0.94156855, -0.04885633, -0.5977948 , -0.9416207 , -0.13780382, -0.2760941 , -0.94158506, -0.12150245, -0.37228563, -7.8925147 , -0.16395567, -0.36317262, -0.94156295, -0.3263173 , -0.23212627, -0.9415473 ,  1.3379977 ,  0.61856836, -1.3103397 , -0.5609732 , -0.5639467 , -0.5827069 , -0.329892  , -0.3484124 , -0.20241508, -0.5955063 , -0.33475283, -0.47120476, -0.20059635,  2.075268  , -0.2822355 , -0.30071732,  0.6808128 ,  2.019306  ]]]
t_span: [0.]

Current index: 1065
y0: [[-1.736433  , -1.4263858 , -1.1813878 , -0.05419905, -0.75339246, -0.63830405]]
controls_seq: [[[-0.21197945, -0.52188677, -0.94156855, -0.04885633, -0.5977948 , -0.9416207 , -0.13780382, -0.2760941 , -0.94158506, -0.12150245, -0.37228563, -7.8925147 , -0.16395567, -0.36317262, -0.94156295, -0.3263173 , -0.23212627, -0.9415473 ,  1.338808  ,  0.61856836, -1.3134608 , -0.5609732 , -0.5639467 , -0.5827069 , -0.329892  , -0.3484124 , -0.20241508, -0.5955063 , -0.33475283, -0.47120476, -0.20059635,  2.075268  , -0.2822355 , -0.3081086 ,  0.61797637,  1.7524756 ]]]
t_span: [0.]

Current index: 1066
y0: [[-1.7249506 , -1.388253  , -1.1372348 , -0.04363434, -0.69357675, -0.6046882 ]]
controls_seq: [[[-0.21197945, -0.52188677, -0.94156855, -0.04885633, -0.5977948 , -0.9416207 , -0.13780382, -0.2760941 , -0.94158506, -0.12150245, -0.37228563, -7.8925147 , -0.16395567, -0.36317262, -0.94156295, -0.3263173 , -0.23212627, -0.9415473 ,  1.3391594 ,  0.61856836, -1.3137167 , -0.5609732 , -0.5639467 , -0.5827069 , -0.329892  , -0.3484124 , -0.20241508, -0.5955063 , -0.33475283, -0.47120476, -0.20059635,  2.075268  , -0.2822355 , -0.3081086 ,  0.74248147,  1.1115557 ]]]
t_span: [0.]

Current index: 1067
y0: [[-1.7059526 , -1.369033  , -1.1145427 , -0.03475079, -0.66764945, -0.59576845]]
controls_seq: [[[-0.21197945, -0.52188677, -0.94156855, -0.04885633, -0.5977948 , -0.9416207 , -0.13780382, -0.2760941 , -0.94158506, -0.12150245, -0.37228563, -7.8925147 , -0.16395567, -0.36317262, -0.94156295, -0.3263173 , -0.23212627, -0.9415473 ,  1.3393123 ,  0.61856836, -1.3139726 , -0.5609732 , -0.5639467 , -0.5827069 , -0.329892  , -0.3484124 , -0.20241508, -0.5955063 , -0.33475283, -0.47120476, -0.20059635,  2.075268  , -0.2822355 , -0.31737813,  0.75215787,  1.1356913 ]]]
t_span: [0.]

Current index: 1068
y0: [[-1.6875114 , -1.3524418 , -1.0965374 , -0.02918825, -0.6460637 , -0.58668584]]
controls_seq: [[[-0.21197945, -0.52188677, -0.94156855, -0.04885633, -0.5977948 , -0.9416207 , -0.13780382, -0.2760941 , -0.94158506, -0.12150245, -0.37228563, -7.8925147 , -0.16395567, -0.36317262, -0.94156295, -0.3263173 , -0.23212627, -0.9415473 ,  1.3393784 ,  0.61856836, -1.3142285 , -0.5609732 , -0.5639467 , -0.5827069 , -0.329892  , -0.3484124 , -0.20241508, -0.5955063 , -0.33475283, -0.47120476, -0.20059635,  2.075268  , -0.2822355 , -0.3267382 ,  0.5854596 ,  1.6947169 ]]]
t_span: [0.]

Current index: 1069
y0: [[-1.6724191 , -1.3220403 , -1.065989  , -0.02391598, -0.60146844, -0.5596306 ]]
controls_seq: [[[-0.21197945, -0.52188677, -0.94156855, -0.04885633, -0.5977948 , -0.9416207 , -0.12052378, -0.2760941 , -0.94158506, -0.12150245, -0.37228563, -7.8925147 , -0.16395567, -0.36317262, -0.94156295, -0.3263173 , -0.23212627, -0.9415473 ,  1.3402547 ,  0.61856836, -1.331835  , -0.5609732 , -0.5639467 , -0.5827069 , -0.329892  , -0.3484124 , -0.20241508, -0.5955063 , -0.33475283, -0.47120476, -0.20059635,  2.075268  , -0.2822355 , -0.3429483 ,  0.44611734,  2.1406684 ]]]
t_span: [0.]

Current index: 1070
y0: [[-1.657098  , -1.2837131 , -1.0207248 , -0.02004805, -0.53883404, -0.52115375]]
controls_seq: [[[-0.21197945, -0.52188677, -0.94156855, -0.04885633, -0.5977948 , -0.9416207 , -0.13780382, -0.2760941 , -0.94158506, -0.12150245, -0.37228563, -7.8925147 , -0.16395567, -0.36317262, -0.94156295, -0.3263173 , -0.23212627, -0.9415473 ,  1.3615772 ,  0.61856836, -1.3494414 , -0.5609732 , -0.5639467 , -0.5827069 , -0.329892  , -0.3484124 , -0.20241508, -0.5955063 , -0.33475283, -0.47120476, -0.20059635,  2.075268  , -0.2822355 , -0.34989184,  0.3676872 ,  2.4065864 ]]]
t_span: [0.]

Current index: 1071
y0: [[-1.6421357 , -1.2389077 , -0.96582913, -0.01596193, -0.46812186, -0.48416668]]
controls_seq: [[[-0.21197945, -0.52188677, -0.94156855, -0.04885633, -0.5977948 , -0.9416207 , -0.13780382, -0.2760941 , -0.94158506, -0.12150245, -0.37228563, -7.8925147 , -0.16395567, -0.36317262, -0.94156295, -0.3263173 , -0.23212627, -0.9415473 ,  1.3862833 ,  0.61856836, -1.3670478 , -0.5609732 , -0.5639467 , -0.5827069 , -0.329892  , -0.3484124 , -0.20241508, -0.5955063 , -0.33475283, -0.47120476, -0.20059635,  2.075268  , -0.2822355 , -0.37084806,  0.19096361,  2.075711  ]]]
t_span: [0.]

Current index: 1072
y0: [[-1.6299903 , -1.1869591 , -0.91627073, -0.01258711, -0.40673494, -0.45704335]]
controls_seq: [[[-0.21197945, -0.52188677, -0.94156855, -0.04885633, -0.5977948 , -0.9416207 , -0.13780382, -0.2760941 , -0.94158506, -0.12150245, -0.37228563, -7.8925147 , -0.16395567, -0.36317262, -0.94156295, -0.3263173 , -0.23212627, -0.9415473 ,  1.398668  ,  0.61856836, -1.3761574 , -0.5609732 , -0.5639467 , -0.5827069 , -0.329892  , -0.3484124 , -0.20241508, -0.5955063 , -0.33475283, -0.47120476, -0.20059635,  2.075268  , -0.2822355 , -0.38985407, -0.06325841,  1.2192314 ]]]
t_span: [0.]

Current index: 1073
y0: [[-1.6227562 , -1.13707   , -0.8769384 , -0.01485365, -0.37130383, -0.44568342]]
controls_seq: [[[-0.21197945, -0.52188677, -0.94156855, -0.04885633, -0.5977948 , -0.9416207 , -0.13780382, -0.2760941 , -0.94158506, -0.12150245, -0.37228563, -7.8925147 , -0.16395567, -0.36317262, -0.94156295, -0.3263173 , -0.23212627, -0.9415473 ,  1.4041933 ,  0.61856836, -1.3852671 , -0.5609732 , -0.5639467 , -0.5827069 , -0.329892  , -0.3484124 , -0.20241508, -0.5955063 , -0.33475283, -0.47120476, -0.20059635,  2.075268  , -0.2822355 , -0.40967417, -0.27089894,  0.45132002]]]
t_span: [0.]

Current index: 1074
y0: [[-1.6232135 , -1.093633  , -0.84206617, -0.01657422, -0.35340473, -0.45010182]]
controls_seq: [[[-0.21197945, -0.52188677, -0.94156855, -0.04885633, -0.5977948 , -0.9416207 , -0.13780382, -0.2760941 , -0.94158506, -0.12150245, -0.37228563, -7.8925147 , -0.16395567, -0.36317262, -0.94156295, -0.3263173 , -0.23212627, -0.9415473 ,  1.4066117 ,  0.61856836, -1.394377  , -0.5609732 , -0.5639467 , -0.5827069 , -0.329892  , -0.3484124 , -0.20241508, -0.5955063 , -0.33475283, -0.47120476, -0.20059635,  2.075268  , -0.2822355 , -0.42372522, -0.38492796,  0.0472865 ]]]
t_span: [0.]

Current index: 1075
y0: [[-1.6221724 , -1.065917  , -0.81255645, -0.01914547, -0.33815566, -0.46132445]]
controls_seq: [[[-0.21197945, -0.52188677, -0.94156855, -0.04885633, -0.5977948 , -0.9416207 , -0.13780382, -0.2760941 , -0.94158506, -0.12150245, -0.37228563, -7.8925147 , -0.16395567, -0.36317262, -0.94156295, -0.3263173 , -0.23212627, -0.9415473 ,  1.4076581 ,  0.611565  , -1.3951386 , -0.5609732 , -0.5639467 , -0.5827069 , -0.329892  , -0.3484124 , -0.20241508, -0.5955063 , -0.33475283, -0.47120476, -0.20059635,  2.075268  , -0.2822355 , -0.44014758, -0.44664386, -0.17681646]]]
t_span: [0.]

Current index: 1076
y0: [[-1.6171113 , -1.0461034 , -0.7902755 , -0.0210506 , -0.32731378, -0.47005272]]
controls_seq: [[[-0.21197945, -0.52188677, -0.94156855, -0.04885633, -0.5977948 , -0.9416207 , -0.13780382, -0.2760941 , -0.94158506, -0.12150245, -0.37228563, -7.8925147 , -0.16395567, -0.36317262, -0.94156295, -0.3263173 , -0.23212627, -0.9415473 ,  1.4081128 ,  0.6068955 , -1.3959001 , -0.5609732 , -0.5639467 , -0.5827069 , -0.329892  , -0.3484124 , -0.20241508, -0.5955063 , -0.33475283, -0.47120476, -0.20059635, -0.48185942, -0.2822355 , -0.45185232, -0.48075408, -0.2824015 ]]]
t_span: [0.]

Current index: 1077
y0: [[-1.6505095 , -1.0044575 , -0.726375  , -0.08370257, -0.28160748, -0.44981343]]
controls_seq: [[[-0.21197945, -0.52188677, -0.94156855, -0.04885633, -0.5977948 , -0.9416207 , -0.13780382, -0.2760941 , -0.94158506, -0.12150245, -0.37228563, -7.8925147 , -0.16395567, -0.36317262, -0.94156295, -0.3263173 , -0.23212627, -0.9415473 ,  1.4083108 ,  0.6068955 , -1.3966619 , -0.5609732 , -0.5639467 , -0.5827069 , -0.329892  , -0.3484124 , -0.20241508, -0.5955063 , -0.33475283, -0.47120476, -0.20059635, -0.48185942, -0.2822355 , -0.4612074 , -0.50316566, -0.3491203 ]]]
t_span: [0.]

Current index: 1078
y0: [[-1.667928  , -0.9689407 , -0.689465  , -0.11577447, -0.2516252 , -0.4313694 ]]
controls_seq: [[[-0.21197945, -0.52188677, -0.94156855, -0.04885633, -0.5977948 , -0.9416207 , -0.13780382, -0.2760941 , -0.94158506, -0.12150245, -0.37228563, -7.8925147 , -0.16395567, -0.36317262, -0.94156295, -0.3263173 , -0.23212627, -0.9415473 ,  1.408396  ,  0.6037831 , -1.4101105 , -0.5609732 , -0.5639467 , -0.5827069 , -0.329892  , -0.3484124 , -0.20241508, -0.5955063 , -0.33475283, -0.47120476, -0.20059635, -0.48185942, -0.2822355 , -0.47314718, -0.52217126, -0.40698105]]]
t_span: [0.]

Current index: 1079
y0: [[-1.6740873 , -0.9431386 , -0.66283935, -0.13312247, -0.22939208, -0.4111546 ]]
controls_seq: [[[-0.21197945, -0.52188677, -0.94156855, -0.04885633, -0.5977948 , -0.9416207 , -0.13780382, -0.2760941 , -0.94158506, -0.12150245, -0.37228563, -7.8925147 , -0.16395567, -0.36317262, -0.94156295, -0.3263173 , -0.23212627, -0.9415473 ,  1.4184245 ,  0.59911364, -1.4235593 , -0.5609732 , -0.5639467 , -0.5827069 , -0.329892  , -0.3484124 , -0.20241508, -0.5955063 , -0.33475283, -0.47120476, -0.20059635, -0.48185942, -0.2822355 , -0.48245725, -0.5347753 , -0.43881923]]]
t_span: [0.]

Current index: 1080
y0: [[-1.6755296 , -0.9234074 , -0.63994616, -0.13944149, -0.20977302, -0.392403  ]]
controls_seq: [[[-0.21197945, -0.52188677, -0.94156855, -0.04885633, -0.5977948 , -0.9416207 , -0.13780382, -0.2760941 , -0.94158506, -0.12150245, -0.37228563, -7.8925147 ,  0.17028487, -0.36317262, -0.94156295, -0.3263173 , -0.23212627, -0.9415473 ,  1.4455473 ,  0.59911364, -1.4370079 , -0.5609732 , -0.5639467 , -0.5827069 , -0.329892  , -0.3484124 , -0.20241508, -0.5955063 , -0.33475283, -0.47120476, -0.20059635, -0.48185942, -0.2822355 , -0.48478475, -0.54542464, -0.45570976]]]
t_span: [0.]

Current index: 1081
y0: [[-1.6709347 , -0.90552354, -0.61715084, -0.13142689, -0.19656634, -0.37707165]]
controls_seq: [[[-0.21197945, -0.52188677, -0.94156855, -0.04885633, -0.5977948 , -0.9416207 , -0.13780382, -0.2760941 , -0.94158506, -0.12150245, -0.37228563, -7.8925147 , -0.16395567, -0.36317262, -0.94156295, -0.3263173 , -0.23212627, -0.9415473 ,  1.4617351 ,  0.59911364, -1.4489775 , -0.5609732 , -0.5639467 , -0.5827069 , -0.329892  , -0.3484124 , -0.20241508, -0.5955063 , -0.33475283, -0.47120476, -0.20059635, -0.48185942, -0.2822355 , -0.49656805, -0.5517034 , -0.47225916]]]
t_span: [0.]

Current index: 1082
y0: [[-1.6651648 , -0.89036864, -0.594272  , -0.12798093, -0.17125042, -0.36228406]]
controls_seq: [[[-0.21197945, -0.52188677, -0.94156855, -0.04885633, -0.5977948 , -0.9416207 , -0.13780382, -0.2760941 , -0.94158506, -0.12150245, -0.37228563, -7.8925147 , -0.16395567, -0.36317262, -0.94156295, -0.3263173 , -0.23212627, -0.9415473 ,  1.4691182 ,  0.5874415 , -1.4609472 , -0.5609732 , -0.5639467 , -0.5827069 , -0.329892  , -0.3484124 , -0.20241508, -0.5955063 , -0.33475283, -0.47120476, -0.20059635, -0.48185942, -0.2822355 , -0.49656805, -0.5579207 , -0.47225916]]]
t_span: [0.]

Current index: 1083
y0: [[-1.6536015 , -0.8738025 , -0.57153165, -0.12139084, -0.14937569, -0.34526172]]
controls_seq: [[[-0.21197945, -0.52188677, -0.94156855, -0.04885633, -0.5977948 , -0.9416207 , -0.13780382, -0.2760941 , -0.94158506, -0.12150245, -0.37228563, -7.8925147 , -0.16395567, -0.36317262, -0.94156295, -0.3263173 , -0.23212627, -0.9415473 ,  1.4723523 ,  0.5874415 , -1.4729167 , -0.5609732 , -0.5639467 , -0.5827069 , -0.329892  , -0.3484124 , -0.20241508, -0.5955063 , -0.33475283, -0.47120476, -0.20059635, -0.48185942, -0.2822355 , -0.49656805, -0.5579207 , -0.47225916]]]
t_span: [0.]

Current index: 1084
y0: [[-1.6367723 , -0.85572326, -0.54809994, -0.11283507, -0.12793992, -0.32820004]]
controls_seq: [[[-0.21197945, -0.52188677, -0.94156855, -0.04885633, -0.5977948 , -0.9416207 , -0.13780382, -0.2760941 , -0.94158506, -0.12150245, -0.37228563, -7.8925147 , -0.11881154, -0.36317262, -0.94156295, -0.3263173 , -0.23212627, -0.9415473 ,  1.4737607 ,  0.5874415 , -1.4739392 , -0.5609732 , -0.5639467 , -0.5827069 , -0.329892  , -0.3484124 , -0.20241508, -0.5955063 , -0.33475283, -0.47120476, -0.20059635, -0.48185942, -0.2822355 , -0.50348413, -0.5579207 , -0.47225916]]]
t_span: [0.]

Current index: 1085
y0: [[-1.6133844 , -0.8356661 , -0.52303606, -0.10259333, -0.10706592, -0.31154272]]
controls_seq: [[[-0.21197945, -0.52188677, -0.94156855, -0.04885633, -0.5977948 , -0.9416207 , -0.13780382, -0.2760941 , -0.94158506, -0.12150245, -0.37228563, -7.8925147 , -0.16395567, -0.36317262, -0.94156295, -0.3263173 , -0.23212627, -0.9415473 ,  1.474371  ,  0.57810336, -1.4749619 , -0.5609732 , -0.5639467 , -0.5827069 , -0.329892  , -0.3484124 , -0.20241508, -0.5955063 , -0.33475283, -0.47120476, -0.20059635, -0.48185942, -0.2822355 , -0.50809485, -0.5579207 , -0.47225916]]]
t_span: [0.]

Current index: 1086
y0: [[-1.5855335 , -0.81467366, -0.49598286, -0.09169316, -0.08413713, -0.29447252]]
controls_seq: [[[-0.21197945, -0.52188677, -0.94156855, -0.04885633, -0.5977948 , -0.9416207 , -0.13780382, -0.2760941 , -0.94158506, -0.12150245, -0.37228563, -7.8925147 , -0.16395567, -0.36317262, -0.94156295, -0.3263173 , -0.23212627, -0.9415473 ,  1.4746357 ,  0.57576865, -1.4759845 , -0.5609732 , -0.5639467 , -0.5827069 , -0.329892  , -0.3484124 , -0.20241508, -0.5955063 , -0.33475283, -0.47120476, -0.20059635, -0.48185942, -0.2822355 , -0.50809485, -0.5579207 , -0.47225916]]]
t_span: [0.]

Current index: 1087
y0: [[-1.5533139 , -0.7912255 , -0.46624234, -0.07847165, -0.05983435, -0.27733952]]
controls_seq: [[[-0.21197945, -0.52188677, -0.94156855, -0.04885633, -0.5977948 , -0.9416207 , -0.13780382, -0.2760941 , -0.94158506, -0.12150245, -0.37228563, -7.8925147 , -0.16395567, -0.36317262, -0.94156295, -0.3263173 , -0.23212627, -0.9415473 ,  1.474751  ,  0.57576865, -1.4760677 , -0.5609732 , -0.5639467 , -0.5827069 , -0.329892  , -0.3484124 , -0.20241508,  1.6792222 , -0.33475283, -0.47120476, -0.20059635, -0.48185942, -0.2822355 , -0.50809485, -0.5579207 , -0.47225916]]]
t_span: [0.]

Current index: 1088
y0: [[-1.5095756 , -0.8376792 , -0.4601874 , -0.03435766, -0.09918904, -0.22245862]]
controls_seq: [[[-0.21197945, -0.52188677, -0.94156855, -0.04885633, -0.5977948 , -0.9416207 , -0.13780382, -0.2760941 , -0.94158506, -0.12150245, -0.37228563, -7.8925147 , -0.16395567, -0.36317262, -0.94156295, -0.3263173 , -0.23212627, -0.9415473 ,  1.4748007 ,  0.57343394, -1.4761509 , -0.5609732 , -0.5639467 , -0.5827069 , -0.329892  , -0.3484124 , -0.20241508,  1.6792222 , -0.33475283, -0.47120476, -0.20059635, -0.48185942, -0.2822355 , -0.50809485, -0.5579207 , -0.47225916]]]
t_span: [0.]

Current index: 1089
y0: [[-1.48582804e+00, -8.45878959e-01, -4.66467649e-01, -1.18998380e-03, -1.06081314e-01, -2.02094823e-01]]
controls_seq: [[[-0.21197945, -0.52188677, -0.94156855, -0.04885633, -0.5977948 , -0.9416207 , -0.13780382, -0.2760941 , -0.94158506, -0.12150245, -0.37228563, -7.8925147 , -0.16395567, -0.36317262, -0.94156295, -0.3263173 , -0.23212627, -0.9415473 ,  1.4748222 ,  0.5640958 , -1.476234  , -0.5609732 , -0.5639467 , -0.5827069 , -0.329892  , -0.3484124 , -0.20241508,  1.6792222 , -0.33475283, -0.47120476, -0.20059635, -0.48185942, -0.2822355 , -0.50809485, -0.5579207 , -0.47225916]]]
t_span: [0.]

Current index: 1090
y0: [[-1.4695941 , -0.8431482 , -0.46489704,  0.02254048, -0.10328993, -0.19201191]]
controls_seq: [[[-0.21197945, -0.52188677, -0.94156855, -0.04885633, -0.5977948 , -0.9416207 , -0.13780382, -0.2760941 , -0.94158506, -0.12150245, -0.37228563, -7.8925147 , -0.16395567, -0.36317262, -0.94156295, -0.3263173 , -0.23212627, -0.9415473 ,  1.4799999 ,  0.5640958 , -1.4956214 , -0.5609732 , -0.5639467 , -0.5827069 , -0.329892  , -0.3484124 , -0.20241508, -0.5955063 , -0.33475283, -0.47120476, -0.20059635, -0.48185942, -0.2822355 , -0.50809485, -0.5579207 , -0.47225916]]]
t_span: [0.]

Current index: 1091
y0: [[-1.4563142 , -0.7625815 , -0.42714298,  0.0128351 , -0.02743147, -0.22006531]]
controls_seq: [[[-0.21197945, -0.52188677, -0.94156855, -0.04885633, -0.5977948 , -0.9416207 , -0.13780382, -0.2760941 , -0.94158506, -0.12150245, -0.37228563, -7.8925147 , -0.16395567, -0.36317262, -0.94156295, -0.3263173 , -0.23212627, -0.9415473 ,  1.5064067 ,  0.5640958 , -1.5150088 , -0.5609732 , -0.5639467 , -0.5827069 , -0.329892  , -0.3484124 , -0.20241508, -0.5955063 , -0.33475283, -0.47120476, -0.20059635, -0.48185942, -0.2822355 , -0.50809485, -0.5579207 , -0.47225916]]]
t_span: [0.]

Current index: 1092
y0: [[-1.4194696 , -0.7168103 , -0.36453167,  0.012342  ,  0.02209175, -0.21585444]]
controls_seq: [[[-0.21197945, -0.52188677, -0.94156855, -0.04885633, -0.5977948 , -0.9416207 , -0.13780382, -0.2760941 , -0.94158506, -0.12150245, -0.37228563, -7.8925147 , -0.16395567, -0.36317262, -0.94156295, -0.3263173 , -0.23212627, -0.9415473 ,  1.5253738 ,  0.5570924 , -1.534396  , -0.5609732 , -0.5639467 , -0.5827069 , -0.329892  , -0.3484124 , -0.20241508, -0.5955063 , -0.33475283, -0.47120476, -0.20059635, -0.48185942, -0.2822355 , -0.50809485, -0.5579207 , -0.47225916]]]
t_span: [0.]

Current index: 1093
y0: [[-1.3643105 , -0.6763015 , -0.30260843,  0.01924544,  0.06748927, -0.19816914]]
controls_seq: [[[-0.21197945, -0.52188677, -0.94156855, -0.04885633, -0.5977948 , -0.9416207 , -0.13780382, -0.2760941 , -0.94158506, -0.12150245, -0.37228563, -7.8925147 , -0.16395567, -0.36317262, -0.94156295, -0.3263173 , -0.23212627, -0.9415473 ,  1.5342884 ,  0.5524237 , -1.5408956 , -0.5609732 , -0.5639467 , -0.5827069 , -0.329892  , -0.3484124 , -0.20241508, -0.5955063 , -0.33475283, -0.47120476, -0.20059635, -0.48185942, -0.2822355 , -0.50809485, -0.5579207 , -0.47225916]]]
t_span: [0.]

Current index: 1094
y0: [[-1.2957667 , -0.62838006, -0.23892881,  0.03400009,  0.11462164, -0.1725633 ]]
controls_seq: [[[-0.21197945, -0.52188677, -0.94156855, -0.04885633, -0.5977948 , -0.9416207 , -0.13780382, -0.2760941 , -0.94158506, -0.12150245, -0.37228563, -7.8925147 , -0.16395567, -0.36317262, -0.94156295, -0.3263173 , -0.23212627, -0.9415473 ,  1.5382024 ,  0.550089  , -1.5473951 , -0.5609732 , -0.5639467 , -0.5827069 , -0.329892  , -0.3484124 , -0.20241508, -0.5955063 , -0.33475283, -0.47120476, -0.20059635, -0.48185942, -0.2822355 , -0.50809485, -0.5579207 , -0.47225916]]]
t_span: [0.]

Current index: 1095
y0: [[-1.2134778 , -0.57483774, -0.17112866,  0.0550478 ,  0.16378771, -0.13674788]]
controls_seq: [[[-0.21197945, -0.52188677, -0.94156855, -0.04885633, -0.5977948 , -0.9416207 , -0.13780382, -0.2760941 , -0.94158506, -0.12150245, -0.37228563, -7.8925147 , -0.16395567, -0.36317262, -0.94156295, -0.3263173 , -0.23212627, -0.9415473 ,  1.5400087 ,  0.54075086, -1.5538945 , -0.5609732 , -0.5639467 , -0.5827069 , -0.329892  , -0.3484124 , -0.20241508, -0.5955063 , -0.33475283, -0.47120476, -0.20059635, -0.48185942, -0.2822355 , -0.50809485, -0.5579207 , -0.47225916]]]
t_span: [0.]

Current index: 1096
y0: [[-1.1196574 , -0.51534134, -0.09827377,  0.08079298,  0.21432902, -0.09044944]]
controls_seq: [[[-0.21197945, -0.52188677, -0.94156855, -0.04885633, -0.5977948 , -0.9416207 , -0.13780382, -0.2760941 , -0.94158506, -0.12150245, -0.37228563, -7.8925147 , -0.16395567, -0.36317262, -0.94156295, -0.3263173 , -0.23212627, -0.9415473 ,  1.5571961 ,  0.53841615, -1.5932817 , -0.5609732 , -0.5639467 , -0.5827069 , -0.329892  , -0.3484124 , -0.20241508, -0.5955063 , -0.33475283, -0.47120476, -0.20059635, -0.48185942, -0.2822355 , -0.50809485, -0.5579207 , -0.47225916]]]
t_span: [0.]

Current index: 1097
y0: [[-1.0178087 , -0.45173994, -0.02335586,  0.10623921,  0.2656739 , -0.04130222]]
controls_seq: [[[-0.21197945, -0.52188677, -0.94156855, -0.04885633, -0.5977948 , -0.9416207 , -0.13780382, -0.2760941 , -0.94158506, -0.12150245, -0.37228563, -7.8925147 , -0.16395567, -0.36317262, -0.94156295, -0.3263173 , -0.23212627, -0.9415473 ,  1.6036738 ,  0.529078  , -1.632669  , -0.5609732 , -0.5639467 , -0.5827069 , -0.329892  , -0.3484124 , -0.20241508, -0.5955063 , -0.33475283, -0.47120476, -0.20059635, -0.48185942, -0.2822355 , -0.50809485, -0.5579207 , -0.47225916]]]
t_span: [0.]

Current index: 1098
y0: [[-9.0623552e-01, -3.8037774e-01,  5.8571003e-02,  1.3523714e-01,  3.1886894e-01, -8.2259648e-04]]
controls_seq: [[[-0.21197945, -0.52188677, -0.94156855, -0.04885633, -0.5977948 , -0.9416207 , -0.13780382, -0.2760941 , -0.94158506, -0.12150245, -0.37228563, -7.8925147 , -0.16395567, -0.36317262, -0.94156295, -0.3263173 , -0.23212627, -0.9415473 ,  1.6426805 ,  0.5275218 , -1.6720562 , -0.5609732 , -0.5639467 , -0.5827069 , -0.329892  , -0.3484124 , -0.20241508, -0.5955063 , -0.33475283, -0.47120476, -0.20059635, -0.48185942, -0.2822355 , -0.50809485, -0.5579207 , -0.47225916]]]
t_span: [0.]

Current index: 1099
y0: [[-0.7897227 , -0.30481055,  0.14388528,  0.16624784,  0.3730424 ,  0.02168228]]
controls_seq: [[[-0.21197945, -0.52188677, -0.94156855, -0.04885633, -0.5977948 , -0.9416207 , -0.13780382, -0.2760941 , -0.94158506, -0.12150245, -0.37228563, -7.8925147 , -0.16395567, -0.36317262, -0.94156295, -0.3263173 , -0.23212627, -0.9415473 ,  1.6617162 ,  0.52129686, -1.6859792 , -0.5609732 , -0.5639467 , -0.5827069 , -0.329892  , -0.3484124 , -0.20241508, -0.5955063 , -0.33475283, -0.47120476, -0.20059635, -0.48185942, -0.2822355 , -0.50809485, -0.5579207 , -0.47225916]]]
t_span: [0.]

Current index: 1100
y0: [[-0.66983736, -0.23004438,  0.23123401,  0.19766323,  0.42475557,  0.0376564 ]]
controls_seq: [[[-0.21197945, -0.52188677, -0.94156855, -0.04885633, -0.5977948 , -0.9416207 , -0.13780382, -0.2760941 , -0.94158506, -0.12150245, -0.37228563, -7.8925147 , -0.16395567, -0.36317262, -0.94156295, -0.3263173 , -0.23212627, -0.9415473 ,  1.6701403 ,  0.52129686, -1.6999024 , -0.5609732 , -0.5639467 , -0.5827069 , -0.329892  , -0.3484124 , -0.20241508, -0.5955063 , -0.33475283, -0.47120476, -0.20059635, -0.48185942, -0.2822355 , -0.50809485, -0.5579207 , -0.47225916]]]
t_span: [0.]

Current index: 1101
y0: [[-0.54066724, -0.16091938,  0.31099895,  0.21865039,  0.476341  ,  0.0500028 ]]
controls_seq: [[[-0.21197945, -0.52188677, -0.94156855, -0.04885633, -0.5977948 , -0.9416207 , -0.13780382, -0.2760941 , -0.94158506, -0.12150245, -0.37228563, -7.8925147 , -0.16395567, -0.36317262, -0.94156295, -0.3263173 , -0.23212627, -0.9415473 ,  1.6738079 ,  0.509624  , -1.7138255 , -0.5609732 , -0.5639467 , -0.5827069 , -0.329892  , -0.3484124 , -0.20241508, -0.5955063 , -0.33475283, -0.47120476, -0.20059635, -0.48185942, -0.2822355 , -0.50809485, -0.5579207 , -0.47225916]]]
t_span: [0.]

Current index: 1102
y0: [[-0.40942612, -0.09726336,  0.3880557 ,  0.23895797,  0.5169308 ,  0.07720701]]
controls_seq: [[[-0.21197945, -0.52188677, -0.94156855, -0.04885633, -0.5977948 , -0.9416207 , -0.13780382, -0.2760941 , -0.94158506, -0.12150245, -0.37228563, -7.8925147 , -0.16395567, -0.36317262, -0.94156295, -0.3263173 , -0.23212627, -0.9415473 ,  1.6754045 ,  0.509624  , -1.714985  , -0.5609732 , -0.5639467 , -0.5827069 , -0.329892  , -0.3484124 , -0.20241508, -0.5955063 , -0.33475283, -0.47120476, -0.20059635, -0.48185942, -0.2822355 , -0.50809485, -0.5579207 , -0.47225916]]]
t_span: [0.]

Current index: 1103
y0: [[-0.27130976, -0.02334632,  0.44539902,  0.26084003,  0.5392185 ,  0.10592233]]
controls_seq: [[[-0.21197945, -0.52188677, -0.94156855, -0.04885633, -0.5977948 , -0.9416207 , -0.13780382, -0.2760941 , -0.94158506, -0.12150245, -0.37228563, -7.8925147 , -0.16395567, -0.36317262, -0.94156295, -0.3263173 , -0.23212627, -0.9415473 ,  1.6760969 ,  0.50028586, -1.7161446 ,  1.782594  , -0.5639467 , -0.5827069 , -0.329892  , -0.3484124 , -0.20241508, -0.5955063 , -0.33475283, -0.47120476, -0.20059635, -0.48185942, -0.2822355 , -0.50809485, -0.5579207 , -0.47225916]]]
t_span: [0.]

Current index: 1104
y0: [[-0.17590277,  0.02639656,  0.4273199 ,  0.30453107,  0.5916174 ,  0.1335586 ]]
controls_seq: [[[-0.21197945, -0.52188677, -0.94156855, -0.04885633, -0.5977948 , -0.9416207 , -0.13780382, -0.2760941 , -0.94158506, -0.12150245, -0.37228563, -7.8925147 , -0.16395567, -0.36317262, -0.94156295, -0.3263173 , -0.23212627, -0.9415473 ,  1.6763973 ,  0.49795115, -1.717304  ,  1.782594  , -0.5639467 , -0.5827069 , -0.329892  , -0.3484124 , -0.20241508, -0.5955063 , -0.33475283, -0.47120476, -0.20059635, -0.48185942, -0.2822355 , -0.50809485, -0.5579207 , -0.47225916]]]
t_span: [0.]

Current index: 1105
y0: [[-0.10177743,  0.0639931 ,  0.44701248,  0.34217322,  0.6316219 ,  0.15205371]]
controls_seq: [[[-0.21197945, -0.52188677, -0.94156855, -0.04885633, -0.5977948 , -0.9416207 , -0.13780382, -0.2760941 , -0.94158506, -0.12150245, -0.37228563, -7.8925147 , -0.16395567, -0.36317262, -0.94156295, -0.3263173 , -0.23212627, -0.9415473 ,  1.6795341 ,  0.5026206 , -1.736598  ,  1.782594  , -0.5639467 , -0.5827069 , -0.329892  , -0.3484124 , -0.20241508, -0.5955063 , -0.33475283, -0.47120476, -0.20059635, -0.48185942, -0.2822355 , -0.50809485, -0.5579207 , -0.47225916]]]
t_span: [0.]

Current index: 1106
y0: [[-0.04975692,  0.09400477,  0.47476035,  0.37568116,  0.6631096 ,  0.16568562]]
controls_seq: [[[-0.21197945, -0.52188677, -0.94156855, -0.04885633, -0.5977948 , -0.9416207 , -0.13780382, -0.2760941 , -0.94158506, -0.12150245, -0.37228563, -7.8925147 , -0.16395567, -0.36317262, -0.94156295, -0.3263173 , -0.23212627, -0.9415473 ,  1.7052548 ,  0.509624  , -1.755892  ,  1.782594  , -0.5639467 ,  1.7161069 , -0.329892  , -0.3484124 , -0.20241508, -0.5955063 , -0.33475283, -0.47120476, -0.20059635, -0.48185942, -0.2822355 , -0.50809485, -0.5579207 , -0.47225916]]]
t_span: [0.]

Current index: 1107
y0: [[0.02537269, 0.13676189, 0.4882364 , 0.37553215, 0.722314  , 0.14501323]]
controls_seq: [[[-0.21197945, -0.52188677, -0.94156855, -0.04885633, -0.5977948 , -0.9416207 , -0.13780382, -0.2760941 , -0.94158506, -0.12150245, -0.37228563, -7.8925147 , -0.16395567, -0.36317262, -0.94156295, -0.3263173 , -0.23212627, -0.9415473 ,  1.7227238 ,  0.52129686, -1.775186  ,  1.782594  , -0.5639467 ,  1.7161069 , -0.329892  , -0.3484124 , -0.20241508, -0.5955063 , -0.33475283, -0.47120476, -0.20059635, -0.48185942, -0.2822355 , -0.50809485, -0.5579207 , -0.47225916]]]
t_span: [0.]

Current index: 1108
y0: [[0.0744639 , 0.16737546, 0.5176384 , 0.37204584, 0.7367843 , 0.14487596]]
controls_seq: [[[-0.21197945, -0.52188677, -0.94156855, -0.04885633, -0.5977948 , -0.9416207 , -0.13780382, -0.2760941 , -0.94158506, -0.12150245, -0.37228563, -7.8925147 , -0.16395567, -0.36317262, -0.94156295, -0.3263173 , -0.23212627, -0.9415473 ,  1.7063218 ,  0.52129686, -1.7586964 ,  1.782594  , -0.5639467 ,  1.7161069 , -0.329892  , -0.3484124 , -0.20241508,  1.6792222 , -0.33475283, -0.47120476, -0.20059635, -0.48185942, -0.2822355 , -0.50809485, -0.5579207 , -0.47225916]]]
t_span: [0.]

Current index: 1109
y0: [[0.13159114, 0.21804157, 0.55696416, 0.4286489 , 0.6370062 , 0.14383733]]
controls_seq: [[[-0.21197945, -0.52188677, -0.94156855, -0.04885633, -0.5977948 , -0.9416207 , -0.13780382, -0.2760941 , -0.94158506, -0.12150245, -0.37228563, -7.8925147 , -0.16395567, -0.36317262, -0.94156295, -0.3263173 , -0.23212627, -0.9415473 ,  1.6903509 ,  0.5275218 , -1.7422068 ,  1.782594  , -0.5639467 ,  1.7161069 , -0.329892  , -0.3484124 , -0.20241508,  1.6792222 , -0.33475283, -0.47120476, -0.20059635, -0.48185942, -0.2822355 , -0.50809485, -0.5579207 , -0.47225916]]]
t_span: [0.]

Current index: 1110
y0: [[0.17328916, 0.2875166 , 0.59341913, 0.45701048, 0.5665334 , 0.10375889]]
controls_seq: [[[-0.21197945, -0.52188677, -0.94156855, -0.04885633, -0.5977948 , -0.9416207 , -0.13780382, -0.2760941 , -0.94158506, -0.12150245, -0.37228563, -7.8925147 , -0.16395567, -0.36317262, -0.94156295, -0.3263173 , -0.23212627, -0.9415473 ,  1.6826553 ,  0.529078  , -1.7257173 ,  1.782594  , -0.5639467 ,  1.7161069 , -0.329892  , -0.3484124 , -0.20241508,  1.6792222 , -0.33475283,  2.122193  , -0.20059635, -0.48185942, -0.2822355 , -0.50809485, -0.5579207 , -0.47225916]]]
t_span: [0.]

Current index: 1111
y0: [[0.21934728, 0.30804786, 0.6004555 , 0.42046607, 0.6249305 , 0.03724457]]
controls_seq: [[[-0.21197945, -0.52188677, -0.94156855, -0.04885633, -0.5977948 , -0.9416207 , -0.13780382, -0.2760941 , -0.94158506, -0.12150245, -0.37228563, -7.8925147 , -0.16395567, -0.36317262, -0.94156295, -0.3263173 , -0.23212627, -0.9415473 ,  1.6792593 ,  0.529078  , -1.7232382 ,  1.782594  , -0.5639467 ,  1.7161069 , -0.329892  , -0.3484124 , -0.20241508,  1.6792222 , -0.33475283,  2.122193  , -0.20059635, -0.48185942, -0.2822355 , -0.50809485, -0.5579207 , -0.47225916]]]
t_span: [0.]

Current index: 1112
y0: [[0.24597402, 0.3164513 , 0.62926847, 0.38876808, 0.6383517 , 0.00200701]]
controls_seq: [[[-0.21197945, -0.52188677, -0.94156855, -0.04885633, -0.5977948 , -0.9416207 , -0.13780382, -0.2760941 , -0.94158506, -0.12150245, -0.37228563, -7.8925147 , -0.16395567, -0.36317262, -0.94156295, -0.3263173 , -0.23212627, -0.9415473 ,  1.6777703 ,  0.529078  , -1.720759  ,  1.782594  , -0.5639467 ,  1.7161069 , -0.329892  , -0.3484124 , -0.20241508,  1.6792222 , -0.33475283,  2.122193  , -0.20059635, -0.48185942, -0.2822355 , -0.50809485, -0.5579207 , -0.47225916]]]
t_span: [0.]

Current index: 1113
y0: [[ 0.2627153 ,  0.3344361 ,  0.65902877,  0.3612764 ,  0.63394827, -0.02093737]]
controls_seq: [[[-0.21197945, -0.52188677, -0.94156855, -0.04885633, -0.5977948 , -0.9416207 , -0.13780382, -0.2760941 , -0.94158506, -0.12150245, -0.37228563, -7.8925147 , -0.16395567, -0.36317262, -0.94156295, -0.3263173 , -0.23212627, -0.9415473 ,  1.6771241 ,  0.54075086, -1.71828   ,  1.782594  , -0.5639467 ,  1.7161069 , -0.329892  , -0.3484124 , -0.20241508,  1.6792222 , -0.33475283,  2.122193  , -0.20059635, -0.48185942, -0.2822355 , -0.50809485, -0.5579207 , -0.47225916]]]
t_span: [0.]

Current index: 1114
y0: [[ 0.27591258,  0.36252168,  0.68672055,  0.33283404,  0.619194  , -0.03853753]]
controls_seq: [[[-0.21197945, -0.52188677, -0.94156855, -0.04885633, -0.5977948 , -0.9416207 , -0.13780382, -0.2760941 , -0.94158506, -0.12150245, -0.37228563, -7.8925147 , -0.16395567, -0.36317262, -0.94156295, -0.3263173 , -0.23212627, -0.9415473 ,  1.6719233 ,  0.54075086, -1.6984082 ,  1.782594  , -0.5639467 ,  1.7161069 , -0.329892  , -0.3484124 , -0.20241508,  1.6792222 , -0.33475283,  2.122193  , -0.20059635,  2.075268  , -0.2822355 , -0.50809485, -0.5579207 , -0.47225916]]]
t_span: [0.]

Current index: 1115
y0: [[ 0.2921737 ,  0.44014734,  0.6497161 ,  0.31397212,  0.49690253, -0.03556107]]
controls_seq: [[[-0.21197945, -0.52188677, -0.94156855, -0.04885633, -0.5977948 , -0.9416207 , -0.13780382, -0.2760941 , -0.94158506, -0.12150245, -0.37228563, -7.8925147 , -0.16395567, -0.36317262, -0.94156295, -0.3263173 , -0.23212627, -0.9415473 ,  1.6450006 ,  0.54075086, -1.6785364 ,  1.782594  , -0.5639467 ,  1.7161069 , -0.329892  , -0.3484124 , -0.20241508,  1.6792222 , -0.33475283,  2.122193  , -0.20059635,  2.075268  , -0.2822355 , -0.50809485, -0.5579207 , -0.47225916]]]
t_span: [0.]

Current index: 1116
y0: [[ 0.29739302,  0.49577957,  0.641552  ,  0.27873304,  0.4020264 , -0.05476598]]
controls_seq: [[[-0.21197945, -0.52188677, -0.94156855, -0.04885633, -0.5977948 , -0.9416207 , -0.13780382, -0.2760941 , -0.94158506, -0.12150245, -0.37228563, -7.8925147 , -0.16395567, -0.36317262, -0.94156295, -0.3263173 , -0.23212627, -0.9415473 ,  1.625329  ,  0.54075086, -1.6586647 ,  1.782594  , -0.5639467 ,  1.7161069 , -0.329892  , -0.3484124 , -0.20241508,  1.6792222 , -0.33475283,  2.122193  , -0.20059635,  2.075268  , -0.2822355 , -0.50809485, -0.5579207 , -0.47225916]]]
t_span: [0.]

Current index: 1117
y0: [[ 0.2862008 ,  0.53178245,  0.64838725,  0.22854897,  0.32041156, -0.08084006]]
controls_seq: [[[-0.21197945, -0.52188677, -0.94156855, -0.04885633, -0.5977948 , -0.9416207 , -0.13780382, -0.2760941 , -0.94158506, -0.12150245, -0.37228563, -7.8925147 , -0.16395567, -0.36317262, -0.94156295, -0.3263173 , -0.23212627, -0.9415473 ,  1.6161053 ,  0.550089  , -1.6519287 ,  1.782594  , -0.5639467 ,  1.7161069 , -0.329892  , -0.3484124 , -0.20241508,  1.6792222 , -0.33475283,  2.122193  , -0.20059635,  2.075268  , -0.2822355 , -0.50809485, -0.5579207 , -0.47225916]]]
t_span: [0.]

Current index: 1118
y0: [[ 0.2744176 ,  0.56433415,  0.65683717,  0.17461234,  0.24351518, -0.11447713]]
controls_seq: [[[-0.21197945, -0.52188677, -0.94156855, -0.04885633, -0.5977948 , -0.9416207 , -0.13780382, -0.2760941 , -0.94158506, -0.12150245, -0.37228563, -7.8925147 , -0.16395567, -0.36317262, -0.94156295, -0.3263173 , -0.23212627, -0.9415473 ,  1.6120486 ,  0.5524237 , -1.6451926 ,  1.782594  , -0.5639467 ,  1.7161069 , -0.329892  , -0.3484124 , -0.20241508,  1.6792222 , -0.33475283,  2.122193  , -0.20059635,  2.075268  , -0.2822355 , -0.50809485, -0.5579207 , -0.47225916]]]
t_span: [0.]

Current index: 1119
y0: [[ 0.2761351 ,  0.5939189 ,  0.6635999 ,  0.12145717,  0.1657061 , -0.15392558]]
controls_seq: [[[-0.21197945, -0.52188677, -0.94156855, -0.04885633, -0.5977948 , -0.9416207 , -0.13780382, -0.2760941 , -0.94158506, -0.12150245, -0.37228563, -7.8925147 , -0.16395567, -0.36317262, -0.94156295, -0.3263173 , -0.23212627, -0.9415473 ,  1.6102802 ,  0.5524237 , -1.6384566 ,  1.782594  , -0.5639467 ,  1.7161069 , -0.329892  , -0.3484124 , -0.20241508,  1.6792222 , -0.33475283,  2.122193  , -0.20059635,  2.075268  , -0.2822355 , -0.50809485, -0.5579207 , -0.47225916]]]
t_span: [0.]

Current index: 1120
y0: [[ 0.2911712 ,  0.62421954,  0.67502064,  0.0741481 ,  0.09206983, -0.19701771]]
controls_seq: [[[-0.21197945, -0.52188677, -0.94156855, -0.04885633, -0.5977948 , -0.9416207 , -0.13780382, -0.2760941 , -0.94158506, -0.12150245, -0.37228563, -7.8925147 , -0.16395567, -0.36317262, -0.94156295, -0.3263173 , -0.23212627, -0.9415473 ,  1.6095145 ,  0.5617611 , -1.6525427 ,  1.782594  , -0.5639467 ,  1.7161069 , -0.329892  , -0.3484124 , -0.20241508,  1.6792222 , -0.33475283,  2.122193  , -0.20059635,  2.075268  , -0.2822355 , -0.50809485, -0.5579207 , -0.47225916]]]
t_span: [0.]

Current index: 1121
y0: [[ 0.33162662,  0.65391076,  0.6893507 ,  0.03008986,  0.02475417, -0.25184754]]
controls_seq: [[[-0.21197945, -0.52188677, -0.94156855, -0.04885633, -0.5977948 , -0.9416207 , -0.13780382, -0.2760941 , -0.94158506, -0.12150245, -0.37228563, -7.8925147 , -0.16395567, -0.36317262, -0.94156295, -0.3263173 , -0.23212627, -0.9415473 ,  1.6220307 ,  0.5664305 , -1.6666291 ,  1.782594  , -0.5639467 ,  1.7161069 , -0.329892  , -0.3484124 , -0.20241508,  1.6792222 , -0.33475283,  2.122193  , -0.20059635,  2.075268  , -0.2822355 , -0.50809485, -0.5579207 , -0.47225916]]]
t_span: [0.]

Current index: 1122
y0: [[ 0.39201823,  0.6794286 ,  0.7120405 , -0.01096458, -0.03803898, -0.31507042]]
controls_seq: [[[-0.21197945, -0.52188677, -0.94156855, -0.04885633, -0.5977948 , -0.9416207 , -0.13780382, -0.2760941 , -0.94158506, -0.12150245, -0.37228563, -7.8925147 , -0.16395567, -0.36317262, -0.94156295, -0.3263173 , -0.23212627, -0.9415473 ,  1.6491065 ,  0.57576865, -1.6807152 ,  1.782594  , -0.5639467 ,  1.7161069 , -0.329892  , -0.3484124 , -0.20241508,  1.6792222 , -0.33475283,  2.122193  , -0.20059635,  2.075268  , -0.2822355 , -0.50809485, -0.5579207 , -0.47225916]]]
t_span: [0.]

Current index: 1123
y0: [[ 0.45255053,  0.6953548 ,  0.7376199 , -0.04567019, -0.09427094, -0.38095477]]
controls_seq: [[[-0.21197945, -0.52188677, -0.94156855, -0.04885633, -0.5977948 , -0.9416207 , -0.13780382, -0.2760941 , -0.94158506, -0.12150245, -0.37228563, -7.8925147 , -0.16395567, -0.36317262, -0.94156295, -0.3263173 , -0.23212627, -0.9415473 ,  1.6643704 ,  0.5827721 , -1.6919739 ,  1.782594  , -0.5639467 ,  1.7161069 , -0.329892  , -0.3484124 , -0.20241508,  1.6792222 , -0.33475283,  2.122193  , -0.20059635,  2.075268  , -0.2822355 , -0.50809485, -0.5579207 , -0.47225916]]]
t_span: [0.]

Current index: 1124
y0: [[ 0.5063897 ,  0.714399  ,  0.75711787, -0.07495841, -0.14762844, -0.44450966]]
controls_seq: [[[-0.21197945, -0.52188677, -0.94156855, -0.04885633, -0.5977948 , -0.9416207 , -0.13780382, -0.2760941 , -0.94158506, -0.12150245, -0.37228563, -7.8925147 , -0.16395567, -0.36317262, -0.94156295, -0.3263173 , -0.23212627, -0.9415473 ,  1.6712792 ,  0.5874415 , -1.7032324 ,  1.782594  , -0.5639467 ,  1.7161069 , -0.329892  , -0.3484124 , -0.20241508,  1.6792222 , -0.33475283,  2.122193  , -0.20059635,  2.075268  , -0.2822355 , -0.50809485, -0.5579207 , -0.47225916]]]
t_span: [0.]

Current index: 1125
y0: [[ 0.5549207 ,  0.730028  ,  0.77666646, -0.10050461, -0.19954622, -0.5020382 ]]
controls_seq: [[[-0.21197945, -0.52188677, -0.94156855, -0.04885633, -0.5977948 , -0.9416207 , -0.13780382, -0.2760941 , -0.94158506, -0.12150245, -0.37228563, -7.8925147 , -0.16395567, -0.36317262, -0.94156295, -0.3263173 , -0.23212627, -0.9415473 ,  1.6743037 ,  0.59911364, -1.714491  ,  1.782594  , -0.5639467 ,  1.7161069 , -0.329892  , -0.3484124 , -0.20241508,  1.6792222 , -0.33475283,  2.122193  , -0.20059635,  2.075268  , -0.2822355 , -0.50809485, -0.5579207 , -0.47225916]]]
t_span: [0.]

Current index: 1126
y0: [[ 0.59842855,  0.7478248 ,  0.7910383 , -0.11612435, -0.24677655, -0.54849094]]
controls_seq: [[[-0.21197945, -0.52188677, -0.94156855, -0.04885633, -0.5977948 , -0.9416207 , -0.13780382, -0.2760941 , -0.94158506, -0.12150245, -0.37228563, -7.8925147 , -0.16395567, -0.36317262, -0.94156295, -0.3263173 , -0.23212627, -0.9415473 ,  1.6756201 ,  0.6053393 , -1.7154467 ,  1.782594  , -0.5639467 ,  1.7161069 , -0.329892  , -0.3484124 , -0.20241508,  1.6792222 , -0.33475283,  2.122193  , -0.20059635,  2.075268  , -0.2822355 , -0.50809485, -0.5579207 , -0.47225916]]]
t_span: [0.]

Current index: 1127
y0: [[ 0.63759387,  0.762525  ,  0.8038076 , -0.12170132, -0.28737378, -0.5845596 ]]
controls_seq: [[[-0.21197945, -0.52188677, -0.94156855, -0.04885633, -0.5977948 , -0.9416207 , -0.13780382, -0.2760941 , -0.94158506, -0.12150245, -0.37228563, -7.8925147 , -0.16395567, -0.36317262, -0.94156295, -0.3263173 , -0.23212627, -0.9415473 ,  1.6761899 ,  0.6092302 , -1.7164025 ,  1.782594  , -0.5639467 ,  1.7161069 , -0.329892  , -0.3484124 , -0.20241508,  1.6792222 , -0.33475283,  2.122193  , -0.20059635,  2.075268  , -0.2822355 , -0.50809485, -0.5579207 , -0.47225916]]]
t_span: [0.]

Current index: 1128
y0: [[ 0.6722496 ,  0.774376  ,  0.81471616, -0.12132067, -0.31966755, -0.61221504]]
controls_seq: [[[-0.21197945, -0.52188677, -0.94156855, -0.04885633, -0.5977948 , -0.9416207 , -0.13780382, -0.2760941 , -0.94158506, -0.12150245, -0.37228563, -7.8925147 , -0.16395567, -0.36317262, -0.94156295, -0.3263173 , -0.23212627, -0.9415473 ,  1.6764373 ,  0.61856836, -1.7173582 , -0.5609732 , -0.5639467 , -0.5827069 , -0.329892  , -0.3484124 , -0.20241508, -0.5955063 , -0.33475283, -0.47120476, -0.20059635, -0.48185942, -0.2822355 , -0.50809485, -0.5579207 , -0.47225916]]]
t_span: [0.]

Current index: 1129
y0: [[ 0.6342495 ,  0.7500805 ,  0.7872376 , -0.14357279, -0.33048338, -0.6840821 ]]
controls_seq: [[[-0.21197945, -0.52188677, -0.94156855, -0.04885633, -0.5977948 , -0.9416207 , -0.13780382, -0.2760941 , -0.94158506, -0.12150245, -0.37228563, -7.8925147 , -0.16395567, -0.36317262, -0.94156295, -0.3263173 , -0.23212627, -0.9415473 ,  1.6765443 ,  0.6255718 , -1.7174344 , -0.5609732 , -0.5639467 , -0.5827069 , -0.329892  , -0.3484124 , -0.20241508, -0.5955063 , -0.33475283, -0.47120476, -0.20059635, -0.48185942, -0.2822355 , -0.50809485, -0.5579207 , -0.47225916]]]
t_span: [0.]

Current index: 1130
y0: [[ 0.60959   ,  0.72287834,  0.7662558 , -0.15695675, -0.37146628, -0.7236817 ]]
controls_seq: [[[-0.21197945, -0.52188677, -0.94156855, -0.04885633, -0.5977948 , -0.9416207 , -0.13780382, -0.2760941 , -0.94158506, -0.12150245, -0.37228563, -7.8925147 , -0.16395567, -0.36317262, -0.94156295, -0.3263173 , -0.23212627, -0.9415473 ,  1.676591  ,  0.6302405 , -1.7175107 , -0.5609732 , -0.5639467 , -0.5827069 , -0.329892  , -0.3484124 , -0.20241508, -0.5955063 , -0.33475283, -0.47120476, -0.20059635, -0.48185942, -0.2822355 , -0.50809485, -0.5579207 , -0.47225916]]]
t_span: [0.]

Current index: 1131
y0: [[ 0.5882766 ,  0.6970948 ,  0.7473161 , -0.16976301, -0.41548857, -0.7555884 ]]
controls_seq: [[[-0.21197945, -0.52188677, -0.94156855, -0.04885633, -0.5977948 , -0.9416207 , -0.13780382, -0.2760941 , -0.94158506, -0.12150245, -0.37228563, -7.8925147 , -0.16395567, -0.36317262, -0.94156295, -0.3263173 , -0.23212627, -0.9415473 ,  1.6766052 ,  0.64191335, -1.7175869 , -0.5609732 , -0.5639467 , -0.5827069 , -0.329892  , -0.3484124 , -0.20241508, -0.5955063 , -0.33475283, -0.47120476, -0.20059635, -0.48185942, -0.2822355 , -0.50809485, -0.5579207 , -0.47225916]]]
t_span: [0.]

Current index: 1132
y0: [[ 0.56442446,  0.6709853 ,  0.72836435, -0.1829951 , -0.45678023, -0.78649485]]
controls_seq: [[[-0.21197945, -0.52188677, -0.94156855, -0.04885633, -0.5977948 , -0.9416207 , -0.13780382, -0.2760941 , -0.94158506, -0.12150245, -0.37228563, -7.8925147 , -0.16395567, -0.36317262, -0.94156295, -0.3263173 , -0.23212627, -0.9415473 ,  1.6766052 ,  0.64424807, -1.7175869 , -0.5609732 , -0.5639467 , -0.5827069 , -0.329892  , -0.3484124 , -0.20241508, -0.5955063 , -0.33475283, -0.47120476, -0.20059635, -0.48185942, -0.2822355 , -0.50809485, -0.5579207 , -0.47225916]]]
t_span: [0.]

Current index: 1133
y0: [[ 0.5381609 ,  0.6446415 ,  0.7084025 , -0.19691828, -0.49592286, -0.8165084 ]]
controls_seq: [[[-0.21197945, -0.52188677, -0.94156855, -0.04885633, -0.5977948 , -0.9416207 , -0.13780382, -0.2760941 , -0.94158506, -0.12150245, -0.37228563, -7.8925147 , -0.16395567, -0.36317262, -0.94156295,  0.8082033 , -0.23212627, -0.9415473 ,  1.6766052 ,  0.65592015, -1.7175869 , -0.5609732 , -0.5639467 , -0.5827069 , -0.329892  , -0.3484124 , -0.20241508, -0.5955063 , -0.33475283, -0.47120476, -0.20059635, -0.48185942, -0.2822355 , -0.50809485, -0.5579207 , -0.47225916]]]
t_span: [0.]

Current index: 1134
y0: [[ 0.49520886,  0.58827776,  0.6780179 , -0.22301047, -0.5504609 , -0.8342874 ]]
controls_seq: [[[-0.21197945, -0.52188677, -0.94156855, -0.04885633, -0.5977948 , -0.9416207 , -0.13780382, -0.2760941 , -0.94158506, -0.12150245, -0.37228563, -7.8925147 , -0.16395567, -0.36317262, -0.94156295, -0.3263173 , -0.23212627, -0.9415473 ,  1.6766052 ,  0.6652583 , -1.7175869 , -0.5609732 , -0.5639467 , -0.5827069 , -0.329892  , -0.3484124 , -0.20241508, -0.5955063 , -0.33475283, -0.47120476, -0.20059635, -0.48185942, -0.2822355 , -0.50809485, -0.5579207 , -0.47225916]]]
t_span: [0.]

Current index: 1135
y0: [[ 0.47090027,  0.5727154 ,  0.6547203 , -0.23674718, -0.57796055, -0.86753815]]
controls_seq: [[[-0.21197945, -0.52188677, -0.94156855, -0.04885633, -0.5977948 , -0.9416207 , -0.13780382, -0.2760941 , -0.94158506, -0.12150245, -0.37228563, -7.8925147 , -0.16395567, -0.36317262, -0.94156295, -0.3263173 , -0.23212627, -0.9415473 ,  1.6766052 ,  0.67693114, -1.7175869 , -0.5609732 , -0.5639467 , -0.5827069 , -0.329892  , -0.3484124 , -0.20241508, -0.5955063 , -0.33475283, -0.47120476, -0.20059635, -0.48185942, -0.2822355 , -0.50809485, -0.5579207 , -0.47225916]]]
t_span: [0.]

Current index: 1136
y0: [[ 0.45122176,  0.55099607,  0.6370171 , -0.25002155, -0.6100051 , -0.89218414]]
controls_seq: [[[-0.21197945, -0.52188677, -0.94156855, -0.04885633, -0.5977948 , -0.9416207 , -0.13780382, -0.2760941 , -0.94158506,  0.7177922 , -0.37228563, -7.8925147 , -0.16395567, -0.36317262, -0.94156295, -0.3263173 , -0.23212627, -0.9415473 ,  1.6766052 ,  0.68004364, -1.7175869 , -0.5609732 , -0.5639467 , -0.5827069 , -0.329892  , -0.3484124 , -0.20241508, -0.5955063 , -0.33475283, -0.47120476, -0.20059635, -0.48185942, -0.2822355 , -0.50809485, -0.5579207 , -0.47225916]]]
t_span: [0.]

Current index: 1137
y0: [[ 0.43120554,  0.5164794 ,  0.6073546 , -0.2654846 , -0.62761277, -0.92214346]]
controls_seq: [[[-0.21197945, -0.52188677, -0.94156855, -0.04885633, -0.5977948 , -0.9416207 , -0.13780382, -0.2760941 , -0.94158506, -0.12150245, -0.37228563, -7.8925147 , -0.16395567, -0.36317262, -0.94156295, -0.3263173 , -0.23212627, -0.9415473 ,  1.6766052 ,  0.68471307, -1.7175869 , -0.5609732 , -0.5639467 , -0.5827069 , -0.329892  , -0.3484124 , -0.20241508, -0.5955063 , -0.33475283, -0.47120476, -0.20059635, -0.48185942, -0.2822355 , -0.50809485, -0.5579207 , -0.47225916]]]
t_span: [0.]

Current index: 1138
y0: [[ 0.4133896 ,  0.49916688,  0.5958031 , -0.27389523, -0.6683154 , -0.9346931 ]]
controls_seq: [[[-0.21197945, -0.52188677, -0.94156855, -0.04885633, -0.5977948 , -0.9416207 , -0.13780382, -0.2760941 , -0.94158506,  0.11558207, -0.37228563, -7.8925147 , -0.16395567, -0.36317262, -0.94156295, -0.3263173 , -0.23212627, -0.9415473 ,  1.6766052 ,  0.6870478 , -1.7175869 , -0.5609732 , -0.5639467 , -0.5827069 , -0.329892  , -0.3484124 , -0.20241508, -0.5955063 , -0.33475283, -0.47120476, -0.20059635, -0.48185942, -0.2822355 , -0.50809485, -0.5579207 , -0.47225916]]]
t_span: [0.]

Current index: 1139
y0: [[ 0.39958817,  0.48203218,  0.58032334, -0.2882308 , -0.6933238 , -0.950547  ]]
controls_seq: [[[-0.21197945, -0.52188677, -0.94156855, -0.04885633, -0.5977948 , -0.9416207 , -0.13780382, -0.2760941 , -0.94158506, -0.12150245, -0.37228563, -7.8925147 , -0.16395567, -0.36317262, -0.94156295, -0.3263173 , -0.23212627, -0.9415473 ,  1.6766052 ,  0.69638515, -1.7175869 , -0.5609732 , -0.5639467 , -0.5827069 , -0.329892  , -0.3484124 , -0.20241508, -0.5955063 , -0.33475283, -0.47120476, -0.20059635, -0.48185942, -0.2822355 , -0.50809485, -0.5579207 , -0.47225916]]]
t_span: [0.]

Current index: 1140
y0: [[ 0.38398308,  0.46636057,  0.56873554, -0.295165  , -0.7224653 , -0.964861  ]]
controls_seq: [[[-0.21197945, -0.52188677, -0.94156855, -0.04885633, -0.5977948 , -0.9416207 , -0.13780382, -0.2760941 , -0.94158506,  0.17485322, -0.37228563, -7.8925147 , -0.16395567, -0.36317262, -0.94156295, -0.3263173 , -0.23212627, -0.9415473 ,  1.6766052 ,  0.7057233 , -1.7175869 , -0.5609732 , -0.5639467 , -0.5827069 , -0.329892  , -0.3484124 , -0.20241508, -0.5955063 , -0.33475283, -0.47120476, -0.20059635, -0.48185942, -0.2822355 , -0.50809485, -0.5579207 , -0.47225916]]]
t_span: [0.]

Current index: 1141
y0: [[ 0.37076733,  0.45108896,  0.55594754, -0.30874985, -0.73821783, -0.9771606 ]]
controls_seq: [[[-0.21197945, -0.52188677, -0.94156855, -0.04885633, -0.5977948 , -0.9416207 , -0.13780382, -0.2760941 , -0.94158506,  1.6583424 , -0.37228563, -7.8925147 , -0.16395567, -0.36317262, -0.94156295, -0.3263173 , -0.23212627, -0.9415473 ,  1.6766052 ,  0.708058  , -1.7175869 , -0.5609732 , -0.5639467 , -0.5827069 , -0.329892  , -0.3484124 , -0.20241508, -0.5955063 , -0.33475283, -0.47120476, -0.20059635, -0.48185942, -0.2822355 , -0.50809485, -0.5579207 , -0.47225916]]]
t_span: [0.]

Current index: 1142
y0: [[ 0.34384775,  0.4047547 ,  0.519619  , -0.3176959 , -0.72160345, -0.9994473 ]]
controls_seq: [[[-0.21197945, -0.52188677, -0.94156855, -0.04885633, -0.5977948 , -0.9416207 , -0.13780382, -0.2760941 , -0.94158506,  2.868462  , -0.37228563, -7.8925147 ,  0.3385624 , -0.36317262, -0.94156295, -0.3263173 , -0.23212627, -0.9415473 ,  1.6766052 ,  0.7150614 , -1.7175869 , -0.5609732 , -0.5639467 , -0.5827069 , -0.329892  , -0.3484124 , -0.20241508, -0.5955063 , -0.33475283, -0.47120476, -0.20059635, -0.48185942, -0.2822355 , -0.50809485, -0.5579207 , -0.47225916]]]
t_span: [0.]

Current index: 1143
y0: [[ 0.29995385,  0.33341378,  0.46598184, -0.29186997, -0.720847  , -1.0246689 ]]
controls_seq: [[[-0.21197945, -0.52188677, -0.94156855, -0.04885633, -0.5977948 , -0.9416207 , -0.13780382, -0.2760941 , -0.94158506,  0.13134994, -0.37228563, -7.8925147 , -0.16395567, -0.36317262, -0.94156295, -0.3263173 , -0.23212627, -0.9415473 ,  1.6766052 ,  0.72206485, -1.7175869 , -0.5609732 , -0.5639467 , -0.5827069 , -0.329892  , -0.3484124 , -0.20241508, -0.5955063 , -0.33475283, -0.47120476, -0.20059635, -0.48185942, -0.2822355 , -0.50809485, -0.5579207 , -0.47225916]]]
t_span: [0.]

Current index: 1144
y0: [[ 0.2710442 ,  0.3416598 ,  0.48024705, -0.3081914 , -0.7770938 , -1.0208242 ]]
controls_seq: [[[-0.21197945, -0.52188677, -0.94156855, -0.04885633, -0.5977948 , -0.9416207 , -0.13780382, -0.2760941 , -0.94158506,  0.3678647 , -0.37228563, -7.8925147 , -0.16395567, -0.36317262, -0.94156295,  0.08114349, -0.23212627, -0.9415473 ,  1.6766052 ,  0.731403  , -1.7175869 , -0.5609732 , -0.5639467 , -0.5827069 , -0.329892  , -0.3484124 , -0.20241508, -0.5955063 , -0.33475283, -0.47120476, -0.20059635, -0.48185942, -0.2822355 , -0.50809485, -0.5579207 , -0.47225916]]]
t_span: [0.]

Current index: 1145
y0: [[ 0.25227937,  0.33484167,  0.47267097, -0.33486894, -0.8067661 , -1.0162983 ]]
controls_seq: [[[-0.21197945, -0.52188677, -0.94156855, -0.04885633, -0.5977948 , -0.9416207 , -0.13780382, -0.2760941 , -0.94158506,  0.39066094, -0.37228563, -7.8925147 , -0.16395567, -0.36317262, -0.94156295, -0.2785049 , -0.23212627, -0.9415473 ,  1.6766052 ,  0.731403  , -1.7175869 , -0.5609732 , -0.5639467 , -0.5827069 , -0.329892  , -0.3484124 , -0.20241508, -0.5955063 , -0.33475283, -0.47120476, -0.20059635, -0.48185942, -0.2822355 , -0.50809485, -0.5579207 , -0.47225916]]]
t_span: [0.]

Current index: 1146
y0: [[ 0.2424344 ,  0.3333934 ,  0.46674463, -0.3508597 , -0.82321554, -1.0253245 ]]
controls_seq: [[[-0.21197945, -0.52188677, -0.94156855, -0.04885633, -0.5977948 , -0.9416207 , -0.13780382, -0.2760941 , -0.94158506,  9.199279  , -0.37228563, -7.8925147 , -0.05109535, -0.36317262, -0.94156295, -0.25677198, -0.23212627, -0.9415473 ,  1.6766052 ,  0.7384064 , -1.7175869 , -0.5609732 , -0.5639467 , -0.5827069 , -0.329892  , -0.3484124 , -0.20241508, -0.5955063 , -0.33475283, -0.47120476, -0.20059635, -0.48185942, -0.2822355 , -0.50809485, -0.5579207 , -0.47225916]]]
t_span: [0.]

Current index: 1147
y0: [[ 0.1308753 ,  0.16056287,  0.33029252, -0.31771222, -0.82520217, -1.0903873 ]]
controls_seq: [[[-0.21197945, -0.52188677, -0.94156855, -0.04885633, -0.5977948 , -0.9416207 , -0.13780382, -0.2760941 , -0.94158506,  7.893757  , -0.37228563, -7.8925147 , -0.16395567, -0.36317262, -0.94156295, -0.07551961, -0.23212627, -0.9415473 ,  1.6766052 ,  0.74307585, -1.7175869 , -0.5609732 , -0.5639467 , -0.5827069 , -0.329892  , -0.3484124 , -0.20241508, -0.5955063 , -0.33475283, -0.47120476, -0.20059635, -0.48185942, -0.2822355 , -0.50809485, -0.5579207 , -0.47225916]]]
t_span: [0.]

Current index: 1148
y0: [[ 0.01754595,  0.03520653,  0.23183411, -0.3287287 , -0.85919356, -1.1013418 ]]
controls_seq: [[[-0.21197945, -0.52188677, -0.94156855, -0.04885633, -0.5977948 , -0.9416207 , -0.13780382, -0.2760941 , -0.94158506,  4.083523  , -0.37228563, -7.8925147 , -0.16395567, -0.36317262, -0.94156295, -0.3263173 , -0.23212627, -0.9415473 ,  1.6766052 ,  0.7547479 , -1.7175869 , -0.5609732 , -0.5639467 , -0.5827069 , -0.329892  , -0.3484124 , -0.20241508, -0.5955063 , -0.33475283, -0.47120476, -0.20059635, -0.48185942, -0.2822355 , -0.50809485, -0.5579207 , -0.47225916]]]
t_span: [0.]

Current index: 1149
y0: [[-0.06831595, -0.02057943,  0.1802512 , -0.36222607, -0.87770647, -1.134615  ]]
controls_seq: [[[-0.21197945, -0.52188677, -0.94156855, -0.04885633, -0.5977948 , -0.9416207 , -0.13780382, -0.2760941 , -0.94158506, 11.276796  , -0.37228563, -7.8925147 ,  0.10343675, -0.36317262, -0.94156295, -0.30657142, -0.23212627, -0.9415473 ,  1.6766052 ,  0.7547479 , -1.7175869 , -0.5609732 , -0.5639467 , -0.5827069 , -0.329892  , -0.3484124 , -0.20241508, -0.5955063 , -0.33475283, -0.47120476, -0.20059635, -0.48185942, -0.2822355 , -0.50809485, -0.5579207 , -0.47225916]]]
t_span: [0.]

Current index: 1150
y0: [[-0.22039028, -0.18958928,  0.00471733, -0.42247403, -1.0058882 , -1.1791415 ]]
controls_seq: [[[-0.21197945, -0.52188677, -0.94156855, -0.04885633, -0.5977948 , -0.9416207 , -0.13780382, -0.2760941 , -0.94158506,  1.4024501 , -0.37228563, -7.8925147 ,  0.5845399 , -0.36317262, -0.94156295,  0.6850707 , -0.23212627, -0.9415473 ,  1.6766052 ,  0.7578604 , -1.7175869 , -0.5609732 , -0.5639467 , -0.5827069 , -0.329892  , -0.3484124 , -0.20241508, -0.5955063 , -0.33475283, -0.47120476, -0.20059635, -0.48185942, -0.2822355 , -0.50809485, -0.5579207 , -0.47225916]]]
t_span: [0.]

Current index: 1151
y0: [[-0.25656122, -0.16876169, -0.02931847, -0.5007477 , -1.0415574 , -1.1504155 ]]
controls_seq: [[[-2.1197945e-01, -5.2188677e-01, -9.4156855e-01, -4.8856325e-02, -5.9779477e-01, -9.4162071e-01, -1.3780382e-01, -2.7609411e-01, -9.4158506e-01,  2.8534534e+00, -3.7228563e-01, -7.8925147e+00, -2.9126159e-03, -3.6317262e-01, -9.4156295e-01, -3.2631731e-01, -2.3212627e-01, -9.4154727e-01,  1.6766052e+00,  7.6252985e-01, -1.7175869e+00, -5.6097323e-01, -5.6394672e-01, -5.8270693e-01, -3.2989201e-01, -3.4841239e-01, -2.0241508e-01, -5.9550631e-01, -3.3475283e-01, -4.7120476e-01, -2.0059635e-01, -4.8185942e-01, -2.8223550e-01, -5.0809485e-01, -5.5792069e-01, -4.7225916e-01]]]
t_span: [0.]

Current index: 1152
y0: [[-0.30987972, -0.19783902, -0.05786099, -0.54209816, -1.04888   , -1.164454  ]]
controls_seq: [[[-0.21197945, -0.52188677, -0.94156855, -0.04885633, -0.5977948 , -0.9416207 , -0.13780382, -0.2760941 , -0.94158506, 11.276796  , -0.37228563, -7.8925147 ,  0.31005767, -0.36317262, -0.94156295,  0.02910876, -0.23212627, -0.9415473 ,  1.5678047 ,  0.76252985, -1.7175869 , -0.5609732 , -0.5639467 , -0.5827069 , -0.329892  , -0.3484124 , -0.20241508, -0.5955063 , -0.33475283, -0.47120476, -0.20059635, -0.48185942, -0.2822355 , -0.50809485, -0.5579207 , -0.47225916]]]
t_span: [0.]

Current index: 1153
y0: [[-0.42699492, -0.35359874, -0.20663178, -0.5848078 , -1.1501498 , -1.2183367 ]]
controls_seq: [[[-0.21197945, -0.52188677, -0.94156855, -0.04885633, -0.5977948 , -0.9416207 , -0.13780382, -0.2760941 , -0.94158506,  2.7919025 , -0.37228563, -7.8925147 ,  0.25941563, -0.36317262, -0.94156295, -0.3263173 , -0.23212627, -0.9415473 ,  1.5433108 ,  0.771868  , -1.7353371 , -0.5609732 , -0.5639467 , -0.5827069 , -0.329892  , -0.3484124 , -0.20241508, -0.5955063 , -0.33475283, -0.47120476, -0.20059635, -0.48185942, -0.2822355 , -0.50809485, -0.5579207 , -0.47225916]]]
t_span: [0.]

Current index: 1154
y0: [[-0.46081433, -0.38923028, -0.26130208, -0.6702665 , -1.1449342 , -1.2001034 ]]
controls_seq: [[[-0.21197945, -0.52188677, -0.94156855, -0.04885633, -0.5977948 , -0.9416207 , -0.13780382, -0.2760941 , -0.94158506, -0.12150245, -0.37228563, -7.8925147 , -0.16395567, -0.36317262, -0.94156295,  0.3991888 , -0.23212627, -0.9415473 ,  1.57181   ,  0.7742027 , -1.7530875 , -0.5609732 , -0.5639467 , -0.5827069 , -0.329892  , -0.3484124 , -0.20241508, -0.5955063 , -0.33475283, -0.47120476, -0.20059635, -0.48185942, -0.2822355 , -0.50809485, -0.5579207 , -0.47225916]]]
t_span: [0.]

Current index: 1155
y0: [[-0.49092177, -0.3816121 , -0.29732177, -0.7582177 , -1.2068245 , -1.1718946 ]]
controls_seq: [[[-0.21197945, -0.52188677, -0.94156855, -0.04885633, -0.5977948 , -0.9416207 , -0.13780382, -0.2760941 , -0.94158506, -0.12150245, -0.37228563, -7.8925147 ,  2.5507722 , -0.36317262, -0.94156295, -0.10433128, -0.23212627, -0.9415473 ,  1.5979614 ,  0.7788714 , -1.7708378 , -0.5609732 , -0.5639467 , -0.5827069 , -0.329892  , -0.3484124 , -0.20241508, -0.5955063 , -0.33475283, -0.47120476, -0.20059635, -0.48185942, -0.2822355 , -0.50809485, -0.5579207 , -0.47225916]]]
t_span: [0.]

Current index: 1156
y0: [[-0.47150707, -0.38355112, -0.32384303, -0.77642596, -1.1973381 , -1.1726779 ]]
controls_seq: [[[-0.21197945, -0.52188677, -0.94156855, -0.04885633, -0.5977948 , -0.9416207 , -0.13780382, -0.2760941 , -0.94158506, -0.12150245, -0.37228563, -7.8925147 , -0.09493721, -0.36317262, -0.94156295, -0.3263173 , -0.23212627, -0.9415473 ,  1.6121622 ,  0.7858748 , -1.7795534 , -0.5609732 , -0.5639467 , -0.5827069 , -0.329892  , -0.3484124 , -0.20241508, -0.5955063 , -0.33475283, -0.47120476, -0.20059635, -0.48185942, -0.2822355 , -0.50809485, -0.5579207 , -0.47225916]]]
t_span: [0.]

Current index: 1157
y0: [[-0.51188684, -0.37159   , -0.3141039 , -0.83076245, -1.244055  , -1.1820052 ]]
controls_seq: [[[-0.21197945, -0.52188677, -0.94156855, -0.04885633, -0.5977948 , -0.9416207 , -0.13780382, -0.2760941 , -0.94158506, -0.12150245, -0.37228563, -7.8925147 , -0.16395567, -0.36317262, -0.94156295, -0.24733374, -0.23212627, -0.9415473 ,  1.6190277 ,  0.7882095 , -1.788269  , -0.5609732 , -0.5639467 , -0.5827069 , -0.329892  , -0.3484124 , -0.20241508, -0.5955063 , -0.33475283, -0.47120476, -0.20059635, -0.48185942, -0.2822355 , -0.50809485, -0.5579207 , -0.47225916]]]
t_span: [0.]

Current index: 1158
y0: [[-0.5393701 , -0.36282447, -0.31820133, -0.8756118 , -1.2779671 , -1.1904706 ]]
controls_seq: [[[-0.21197945, -0.52188677, -0.94156855, -0.04885633, -0.5977948 , -0.9416207 , -0.13780382, -0.2760941 , -0.94158506, -0.12150245, -0.37228563, -7.8925147 , -0.16395567, -0.36317262, -0.94156295,  1.2591892 , -0.23212627, -0.9415473 ,  1.6222976 ,  0.79754764, -1.7969846 , -0.5609732 , -0.5639467 , -0.5827069 , -0.329892  , -0.3484124 , -0.20241508, -0.5955063 , -0.33475283, -0.47120476, -0.20059635, -0.48185942, -0.2822355 , -0.50809485, -0.5579207 , -0.47225916]]]
t_span: [0.]

Current index: 1159
y0: [[-0.55833983, -0.37230578, -0.33969644, -0.9081412 , -1.2966585 , -1.1899012 ]]
controls_seq: [[[-0.21197945, -0.52188677, -0.94156855, -0.04885633, -0.5977948 , -0.9416207 , -0.13780382, -0.2760941 , -0.94158506, -0.12150245, -0.37228563, -7.8925147 ,  1.083876  , -0.36317262, -0.94156295,  1.6480876 , -0.23212627, -0.9415473 ,  1.6238433 ,  0.79754764, -1.7979381 , -0.5609732 , -0.5639467 , -0.5827069 , -0.329892  , -0.3484124 , -0.20241508, -0.5955063 , -0.33475283, -0.47120476, -0.20059635, -0.48185942, -0.2822355 , -0.50809485, -0.5579207 , -0.47225916]]]
t_span: [0.]

Current index: 1160
y0: [[-0.54824513, -0.39718   , -0.36623418, -0.9218578 , -1.2819451 , -1.1876101 ]]
controls_seq: [[[-0.21197945, -0.52188677, -0.94156855, -0.04885633, -0.5977948 , -0.9416207 , -0.13780382, -0.2760941 , -0.94158506, -0.12150245, -0.37228563, -7.8925147 ,  1.8527713 , -0.36317262, -0.94156295,  0.10970671, -0.23212627, -0.9415473 ,  1.6245795 ,  0.80221707, -1.7988919 , -0.5609732 , -0.5639467 , -0.5827069 , -0.329892  , -0.3484124 , -0.20241508, -0.5955063 , -0.33475283, -0.47120476, -0.20059635, -0.48185942, -0.2822355 , -0.50809485, -0.5579207 , -0.47225916]]]
t_span: [0.]

Current index: 1161
y0: [[-0.5455163 , -0.41242936, -0.38052687, -0.9229228 , -1.2802203 , -1.2048697 ]]
controls_seq: [[[-0.21197945, -0.52188677, -0.94156855, -0.04885633, -0.5977948 , -0.9416207 , -0.13780382, -0.2760941 , -0.94158506, -0.12150245, -0.37228563, -7.8925147 , -0.16395567, -0.36317262, -0.94156295,  2.9306955 , -0.23212627, -0.9415473 ,  1.6249292 ,  0.8092205 , -1.7998455 , -0.5609732 , -0.5639467 , -0.5827069 , -0.329892  , -0.3484124 , -0.20241508, -0.5955063 , -0.33475283, -0.47120476, -0.20059635, -0.48185942, -0.2822355 , -0.50809485, -0.5579207 , -0.47225916]]]
t_span: [0.]

Current index: 1162
y0: [[-0.56734496, -0.44134095, -0.4105081 , -0.9529002 , -1.2975514 , -1.1964512 ]]
controls_seq: [[[-0.21197945, -0.52188677, -0.94156855, -0.04885633, -0.5977948 , -0.9416207 , -0.13780382, -0.2760941 , -0.94158506, -0.12150245, -0.37228563, -7.8925147 ,  0.5208752 , -0.36317262, -0.94156295,  0.84198093, -0.23212627, -0.9415473 ,  1.6250933 ,  0.8092205 , -1.7999457 , -0.5609732 , -0.5639467 , -0.5827069 , -0.329892  , -0.3484124 , -0.20241508, -0.5955063 , -0.33475283, -0.47120476, -0.20059635, -0.48185942, -0.2822355 , -0.50809485, -0.5579207 , -0.47225916]]]
t_span: [0.]

Current index: 1163
y0: [[-0.58117014, -0.44893786, -0.41804025, -0.9760443 , -1.306217  , -1.203896  ]]
controls_seq: [[[-0.21197945, -0.52188677, -0.94156855, -0.04885633, -0.5977948 , -0.9416207 , -0.13780382, -0.2760941 , -0.94158506, -0.12150245, -0.37228563, -7.8925147 ,  2.425178  , -0.36317262, -0.94156295,  3.3993225 , -0.23212627, -0.9415473 ,  1.62517   ,  0.8138892 , -1.8000461 , -0.5609732 , -0.5639467 , -0.5827069 , -0.329892  , -0.3484124 , -0.20241508, -0.5955063 , -0.33475283, -0.47120476, -0.20059635, -0.48185942, -0.2822355 , -0.50809485, -0.5579207 , -0.47225916]]]
t_span: [0.]

Current index: 1164
y0: [[-0.55905217, -0.49601015, -0.4641815 , -0.9611128 , -1.2517409 , -1.1749041 ]]
controls_seq: [[[-0.21197945, -0.52188677, -0.94156855, -0.04885633, -0.5977948 , -0.9416207 , -0.13780382, -0.2760941 , -0.94158506,  0.08594649, -0.37228563, -7.8925147 ,  0.8253091 , -0.36317262, -0.94156295,  3.3993225 , -0.23212627, -0.9415473 ,  1.6252077 ,  0.82089263, -1.8001463 , -0.5609732 , -0.5639467 , -0.5827069 , -0.329892  , -0.3484124 , -0.20241508, -0.5955063 , -0.33475283, -0.47120476, -0.20059635, -0.48185942, -0.2822355 , -0.50809485, -0.5579207 , -0.47225916]]]
t_span: [0.]

Current index: 1165
y0: [[-0.5830433 , -0.53738105, -0.48426098, -0.9653306 , -1.235434  , -1.1706411 ]]
controls_seq: [[[-0.21197945, -0.52188677, -0.94156855, -0.04885633, -0.5977948 , -0.9416207 , -0.13780382, -0.2760941 , -0.94158506,  0.63914436, -0.37228563, -7.8925147 ,  1.0916886 , -0.36317262, -0.94156295, -0.3263173 , -0.23212627, -0.9415473 ,  1.6252146 ,  0.82322735, -1.8001494 , -0.5609732 , -0.5639467 , -0.5827069 , -0.329892  , -0.3484124 , -0.20241508, -0.5955063 , -0.33475283, -0.47120476, -0.20059635, -0.48185942, -0.2822355 , -0.50809485, -0.5579207 , -0.47225916]]]
t_span: [0.]

Current index: 1166
y0: [[-0.6143159, -0.5278711, -0.4776334, -0.9620423, -1.262806 , -1.2167703]]
controls_seq: [[[-0.21197945, -0.52188677, -0.94156855, -0.04885633, -0.5977948 , -0.9416207 , -0.13780382, -0.2760941 , -0.94158506, -0.12150245, -0.37228563, -7.8925147 ,  0.5952473 , -0.36317262, -0.94156295,  2.392219  , -0.23212627, -0.9415473 ,  1.6252146 ,  0.8325655 , -1.8001528 , -0.5609732 , -0.5639467 , -0.5827069 , -0.329892  , -0.3484124 , -0.20241508, -0.5955063 , -0.33475283, -0.47120476, -0.20059635, -0.48185942, -0.2822355 , -0.50809485, -0.5579207 , -0.47225916]]]
t_span: [0.]

Current index: 1167
y0: [[-0.62016314, -0.5675576 , -0.50481963, -0.9785848 , -1.2711294 , -1.1921084 ]]
controls_seq: [[[-0.21197945, -0.52188677, -0.94156855, -0.04885633, -0.5977948 , -0.9416207 , -0.13780382, -0.2760941 , -0.94158506,  0.58975106, -0.37228563, -7.8925147 ,  0.40902764, -0.36317262, -0.94156295,  0.42502   , -0.23212627, -0.9415473 ,  1.6252146 ,  0.8325655 , -1.800156  , -0.5609732 , -0.5639467 , -0.5827069 , -0.329892  , -0.3484124 , -0.20241508, -0.5955063 , -0.33475283, -0.47120476, -0.20059635, -0.48185942, -0.2822355 , -0.50809485, -0.5579207 , -0.47225916]]]
t_span: [0.]

Current index: 1168
y0: [[-0.6554933 , -0.5643351 , -0.5025038 , -0.99706316, -1.2811912 , -1.2137161 ]]
controls_seq: [[[-0.21197945, -0.52188677, -0.94156855, -0.04885633, -0.5977948 , -0.9416207 , -0.13780382, -0.2760941 , -0.94158506, -0.12150245, -0.37228563, -7.8925147 ,  0.18113668, -0.36317262, -0.94156295,  3.254894  , -0.23212627, -0.9415473 ,  1.6252146 ,  0.8325655 , -1.800156  , -0.5609732 , -0.5639467 , -0.5827069 , -0.329892  , -0.3484124 , -0.20241508, -0.5955063 , -0.33475283, -0.47120476, -0.20059635, -0.48185942, -0.2822355 , -0.50809485, -0.5579207 , -0.47225916]]]
t_span: [0.]

Current index: 1169
y0: [[-0.669935 , -0.6196923, -0.5491353, -1.0002275, -1.2803392, -1.1965384]]
controls_seq: [[[-0.21197945, -0.52188677, -0.94156855, -0.04885633, -0.5977948 , -0.9416207 , -0.13780382, -0.2760941 , -0.94158506,  4.9079986 , -0.37228563, -7.8925147 ,  4.222406  , -0.36317262, -0.94156295,  0.71698684, -0.23212627, -0.9415473 ,  1.6252146 ,  0.8325655 , -1.800156  , -0.5609732 , -0.5639467 , -0.5827069 , -0.329892  , -0.3484124 , -0.20241508, -0.5955063 , -0.33475283, -0.47120476, -0.20059635, -0.48185942, -0.2822355 , -0.50809485, -0.5579207 , -0.47225916]]]
t_span: [0.]

Current index: 1170
y0: [[-0.63095874, -0.68437344, -0.6653244 , -0.8926099 , -1.2590424 , -1.2161828 ]]
controls_seq: [[[-0.21197945, -0.52188677, -0.94156855, -0.04885633, -0.5977948 , -0.9416207 , -0.13780382, -0.2760941 , -0.94158506,  1.9130946 , -0.37228563, -7.8925147 ,  2.4941957 , -0.36317262, -0.94156295,  3.3993225 , -0.23212627, -0.9415473 ,  1.6252146 ,  0.8325655 , -1.800156  , -0.5609732 , -0.5639467 , -0.5827069 , -0.329892  , -0.3484124 , -0.20241508, -0.5955063 , -0.33475283, -0.47120476, -0.20059635, -0.48185942, -0.2822355 , -0.50809485, -0.5579207 , -0.47225916]]]
t_span: [0.]

Current index: 1171
y0: [[-0.66636634, -0.7619241 , -0.6573438 , -0.9001093 , -1.2111883 , -1.1660236 ]]
controls_seq: [[[-0.21197945, -0.52188677, -0.94156855, -0.04885633, -0.5977948 , -0.9416207 , -0.13780382, -0.2760941 , -0.94158506, -0.12150245, -0.37228563, -7.8925147 ,  2.9912152 , -0.36317262, -0.94156295, -0.3263173 , -0.23212627, -0.9415473 ,  1.6252146 ,  0.8325655 , -1.800156  , -0.5609732 , -0.5639467 , -0.5827069 , -0.329892  , -0.3484124 , -0.20241508, -0.5955063 , -0.33475283, -0.47120476, -0.20059635, -0.48185942, -0.2822355 , -0.50809485, -0.5579207 , -0.47225916]]]
t_span: [0.]

Current index: 1172
y0: [[-0.7236343 , -0.77143687, -0.6766638 , -0.89378935, -1.2137367 , -1.1961958 ]]
controls_seq: [[[-0.21197945, -0.52188677, -0.94156855, -0.04885633, -0.5977948 , -0.9416207 , -0.13780382, -0.2760941 , -0.94158506,  1.331781  , -0.37228563, -7.8925147 ,  8.517611  , -0.36317262, -0.94156295,  2.4723163 , -0.23212627, -0.9415473 ,  1.6252146 ,  0.8356779 , -1.800156  , -0.5609732 , -0.5639467 , -0.5827069 , -0.329892  , -0.3484124 , -0.20241508, -0.5955063 , -0.33475283, -0.47120476, -0.20059635, -0.48185942, -0.2822355 , -0.50809485, -0.5579207 , -0.47225916]]]
t_span: [0.]

Current index: 1173
y0: [[-0.78846955, -0.86267936, -0.8183388 , -0.7862698 , -1.1880313 , -1.2368978 ]]
controls_seq: [[[-0.21197945, -0.52188677, -0.94156855, -0.04885633, -0.5977948 , -0.9416207 , -0.13780382, -0.2760941 , -0.94158506,  3.9744792 , -0.37228563, -7.8925147 ,  3.0728226 , -0.36317262, -0.94156295,  3.3993225 , -0.23212627, -0.9415473 ,  1.6252146 ,  0.84034735, -1.800156  , -0.5609732 , -0.5639467 , -0.5827069 , -0.329892  , -0.3484124 , -0.20241508, -0.5955063 , -0.33475283, -0.47120476, -0.20059635, -0.48185942, -0.2822355 , -0.50809485, -0.5579207 , -0.47225916]]]
t_span: [0.]

Current index: 1174
y0: [[-0.78502405, -0.95808613, -0.82514   , -0.7391712 , -1.168638  , -1.2042941 ]]
controls_seq: [[[-0.21197945, -0.52188677, -0.94156855, -0.04885633, -0.5977948 , -0.9416207 , -0.13780382, -0.2760941 , -0.94158506, 11.276796  , -0.37228563, -7.8925147 ,  0.87435955, -0.36317262, -0.94156295, -0.17822309, -0.23212627, -0.9415473 ,  1.6252146 ,  0.84034735, -1.800156  , -0.5609732 , -0.5639467 , -0.5827069 , -0.329892  , -0.3484124 , -0.20241508, -0.5955063 , -0.33475283, -0.47120476, -0.20059635, -0.48185942, -0.2822355 , -0.50809485, -0.5579207 , -0.47225916]]]
t_span: [0.]

Current index: 1175
y0: [[-0.9976447 , -1.0162185 , -0.84737813, -0.7325196 , -1.3102025 , -1.2803645 ]]
controls_seq: [[[-0.21197945, -0.52188677, -0.94156855, -0.04885633, -0.5977948 , -0.9416207 , -0.13780382, -0.2760941 , -0.94158506,  8.062084  , -0.37228563, -7.8925147 , -0.16395567, -0.36317262, -0.94156295,  0.226195  , -0.23212627, -0.9415473 ,  1.6252146 ,  0.84034735, -1.800156  , -0.5609732 , -0.5639467 , -0.5827069 , -0.329892  , -0.3484124 , -0.20241508, -0.5955063 , -0.33475283, -0.47120476, -0.20059635, -0.48185942, -0.2822355 , -0.50809485, -0.5579207 , -0.47225916]]]
t_span: [0.]

Current index: 1176
y0: [[-1.0765567 , -1.0705581 , -0.88500684, -0.7626575 , -1.273948  , -1.2795919 ]]
controls_seq: [[[-0.21197945, -0.52188677, -0.94156855, -0.04885633, -0.5977948 , -0.9416207 , -0.13780382, -0.2760941 , -0.94158506,  0.2044888 , -0.37228563, -7.8925147 , -0.16395567, -0.36317262, -0.94156295,  0.46513242, -0.23212627, -0.9415473 ,  1.6252146 ,  0.8496848 , -1.800156  , -0.5609732 , -0.5639467 , -0.5827069 , -0.329892  , -0.3484124 , -0.20241508, -0.5955063 , -0.33475283, -0.47120476, -0.20059635, -0.48185942, -0.2822355 , -0.50809485, -0.5579207 , -0.47225916]]]
t_span: [0.]

Current index: 1177
y0: [[-1.1050688 , -1.1295693 , -0.9542248 , -0.76562095, -1.2601919 , -1.2584811 ]]
controls_seq: [[[-0.21197945, -0.52188677, -0.94156855, -0.04885633, -0.5977948 , -0.9416207 , -0.13780382, -0.2760941 , -0.94158506, -0.12150245, -0.37228563, -7.8925147 , -0.16395567, -0.36317262, -0.94156295,  0.34808576, -0.23212627, -0.9415473 ,  1.6252146 ,  0.8520195 , -1.800156  , -0.5609732 , -0.5639467 , -0.5827069 , -0.329892  , -0.3484124 , -0.20241508, -0.5955063 , -0.33475283, -0.47120476, -0.20059635, -0.48185942, -0.2822355 , -0.50809485, -0.5579207 , -0.47225916]]]
t_span: [0.]

Current index: 1178
y0: [[-1.1450353, -1.1785492, -1.0210941, -0.732808 , -1.237097 , -1.2481375]]
controls_seq: [[[-0.21197945, -0.52188677, -0.94156855, -0.04885633, -0.5977948 , -0.9416207 , -0.13780382, -0.2760941 , -0.94158506, -0.12150245, -0.37228563, -7.8925147 , -0.16395567, -0.36317262, -0.94156295, -0.29762986, -0.23212627, -0.9415473 ,  1.6252146 ,  0.8520195 , -1.800156  , -0.5609732 , -0.5639467 , -0.5827069 , -0.329892  , -0.3484124 , -0.20241508, -0.5955063 , -0.33475283, -0.47120476, -0.20059635, -0.48185942, -0.2822355 , -0.50809485, -0.5579207 , -0.47225916]]]
t_span: [0.]

Current index: 1179
y0: [[-1.1855426, -1.215077 , -1.075883 , -0.6876184, -1.200504 , -1.234562 ]]
controls_seq: [[[-0.21197945, -0.52188677, -0.94156855, -0.04885633, -0.5977948 , -0.9416207 , -0.13780382, -0.2760941 , -0.94158506, -0.12150245, -0.37228563, -7.8925147 , -0.16395567, -0.36317262, -0.94156295,  0.09728793, -0.23212627, -0.9415473 ,  1.6252146 ,  0.8520195 , -1.800156  , -0.5609732 , -0.5639467 , -0.5827069 , -0.329892  , -0.3484124 , -0.20241508, -0.5955063 , -0.33475283, -0.47120476, -0.20059635, -0.48185942, -0.2822355 , -0.50809485, -0.5579207 , -0.47225916]]]
t_span: [0.]

Current index: 1180
y0: [[-1.21848  , -1.2447878, -1.1150318, -0.636302 , -1.1649513, -1.2187996]]
controls_seq: [[[-0.21197945, -0.52188677, -0.94156855, -0.04885633, -0.5977948 , -0.9416207 , -0.13780382, -0.2760941 , -0.94158506, -0.12150245, -0.37228563, -7.8925147 , -0.16395567, -0.36317262, -0.94156295,  1.5498519 , -0.23212627, -0.9415473 ,  1.6252146 ,  0.8543542 , -1.800156  , -0.5609732 , -0.5639467 , -0.5827069 , -0.329892  , -0.3484124 , -0.20241508, -0.5955063 , -0.33475283, -0.47120476, -0.20059635, -0.48185942, -0.2822355 , -0.50809485, -0.5579207 , -0.47225916]]]
t_span: [0.]

Current index: 1181
y0: [[-1.2240264, -1.2507004, -1.126723 , -0.5787887, -1.1321094, -1.2050071]]
controls_seq: [[[-0.21197945, -0.52188677, -0.94156855, -0.04885633, -0.5977948 , -0.9416207 , -0.13780382, -0.2760941 , -0.94158506, -0.12150245, -0.37228563, -7.8925147 , -0.16395567, -0.36317262, -0.94156295,  1.5156415 , -0.23212627, -0.9415473 ,  1.6252146 ,  0.86369234, -1.800156  , -0.5609732 , -0.5639467 , -0.5827069 , -0.329892  , -0.3484124 , -0.20241508, -0.5955063 , -0.33475283, -0.47120476, -0.20059635, -0.48185942, -0.2822355 , -0.50809485, -0.5579207 , -0.47225916]]]
t_span: [0.]

Current index: 1182
y0: [[-1.2332364 , -1.2458156 , -1.1265273 , -0.54022574, -1.0963832 , -1.1836025 ]]
controls_seq: [[[-0.21197945, -0.52188677, -0.94156855, -0.04885633, -0.5977948 , -0.9416207 , -0.13780382, -0.2760941 , -0.94158506, -0.12150245, -0.37228563, -7.8925147 , -0.16395567, -0.36317262, -0.94156295, -0.10141283, -0.23212627, -0.9415473 ,  1.6252146 ,  0.86369234, -1.800156  , -0.5609732 , -0.5639467 , -0.5827069 , -0.329892  , -0.3484124 , -0.20241508, -0.5955063 , -0.33475283, -0.47120476, -0.20059635, -0.48185942, -0.2822355 , -0.50809485, -0.5579207 , -0.47225916]]]
t_span: [0.]

Current index: 1183
y0: [[-1.2665194 , -1.2463462 , -1.1261173 , -0.51788616, -1.0549166 , -1.1453714 ]]
controls_seq: [[[-0.21197945, -0.52188677, -0.94156855, -0.04885633, -0.5977948 , -0.9416207 , -0.13780382, -0.2760941 , -0.94158506, -0.12150245, -0.37228563, -7.8925147 , -0.16395567, -0.36317262, -0.94156295,  0.38385192, -0.23212627, -0.9415473 ,  1.6252146 ,  0.86369234, -1.800156  , -0.5609732 , -0.5639467 , -0.5827069 , -0.329892  , -0.3484124 , -0.20241508, -0.5955063 , -0.33475283, -0.47120476, -0.20059635, -0.48185942, -0.2822355 , -0.50809485, -0.5579207 , -0.47225916]]]
t_span: [0.]

Current index: 1184
y0: [[-1.3011672 , -1.2382318 , -1.1130403 , -0.49432003, -1.0085903 , -1.1120452 ]]
controls_seq: [[[-0.21197945, -0.52188677, -0.94156855, -0.04885633, -0.5977948 , -0.9416207 , -0.13780382, -0.2760941 , -0.94158506, -0.12150245, -0.37228563, -7.8925147 , -0.16395567, -0.36317262, -0.94156295,  0.7787076 , -0.23212627, -0.9415473 ,  1.6252146 ,  0.86369234, -1.800156  , -0.5609732 , -0.5639467 , -0.5827069 , -0.329892  , -0.3484124 , -0.20241508, -0.5955063 , -0.33475283, -0.47120476, -0.20059635, -0.48185942, -0.2822355 , -0.50809485, -0.5579207 , -0.47225916]]]
t_span: [0.]

Current index: 1185
y0: [[-1.3294955 , -1.2305977 , -1.088315  , -0.47501308, -0.95428663, -1.0830542 ]]
controls_seq: [[[-0.21197945, -0.52188677, -0.94156855, -0.04885633, -0.5977948 , -0.9416207 , -0.13780382, -0.2760941 , -0.94158506, -0.12150245, -0.37228563, -7.8925147 , -0.16395567, -0.36317262, -0.94156295,  0.4468773 , -0.23212627, -0.9415473 ,  1.6252146 ,  0.86369234, -1.800156  , -0.5609732 , -0.5639467 , -0.5827069 , -0.329892  , -0.3484124 , -0.20241508, -0.5955063 , -0.33475283, -0.47120476, -0.20059635, -0.48185942, -0.2822355 , -0.50809485, -0.5579207 , -0.47225916]]]
t_span: [0.]

Current index: 1186
y0: [[-1.3578935, -1.2267345, -1.0669947, -0.4601748, -0.8996246, -1.0525383]]
controls_seq: [[[-0.21197945, -0.52188677, -0.94156855, -0.04885633, -0.5977948 , -0.9416207 , -0.13780382, -0.2760941 , -0.94158506, -0.12150245, -0.37228563, -7.8925147 , -0.16395567, -0.36317262, -0.94156295, -0.16164407, -0.23212627, -0.9415473 ,  1.6252146 ,  0.86369234, -1.800156  , -0.5609732 , -0.5639467 , -0.5827069 , -0.329892  , -0.3484124 , -0.20241508, -0.5955063 , -0.33475283, -0.47120476, -0.20059635, -0.48185942, -0.2822355 , -0.50809485, -0.5579207 , -0.47225916]]]
t_span: [0.]

Current index: 1187
y0: [[-1.3909513, -1.2269309, -1.0488759, -0.4557936, -0.8478135, -1.0219756]]
controls_seq: [[[-0.21197945, -0.52188677, -0.94156855, -0.04885633, -0.5977948 , -0.9416207 , -0.13780382, -0.2760941 , -0.94158506, -0.12150245, -0.37228563, -7.8925147 , -0.16395567, -0.36317262, -0.94156295,  2.1886768 , -0.23212627, -0.9415473 ,  1.6252146 ,  0.86369234, -1.800156  , -0.5609732 , -0.5639467 , -0.5827069 , -0.329892  , -0.3484124 , -0.20241508, -0.5955063 , -0.33475283, -0.47120476, -0.20059635, -0.48185942, -0.2822355 , -0.50809485, -0.5579207 , -0.47225916]]]
t_span: [0.]

Current index: 1188
y0: [[-1.3773654 , -1.2138187 , -1.0214765 , -0.4420213 , -0.81930315, -1.0146201 ]]
controls_seq: [[[-0.21197945, -0.52188677, -0.94156855, -0.04885633, -0.5977948 , -0.9416207 , -0.13780382, -0.2760941 , -0.94158506, -0.12150245, -0.37228563, -7.8925147 , -0.16395567, -0.36317262, -0.94156295,  1.5815842 , -0.23212627, -0.9415473 ,  1.6252146 ,  0.86369234, -1.800156  , -0.5609732 , -0.5639467 , -0.5827069 , -0.329892  , -0.3484124 , -0.20241508, -0.5955063 , -0.33475283, -0.47120476, -0.20059635, -0.48185942, -0.2822355 , -0.50809485, -0.5579207 , -0.47225916]]]
t_span: [0.]

Current index: 1189
y0: [[-1.3753699 , -1.1980841 , -0.99898344, -0.43072608, -0.7862641 , -1.000106  ]]
controls_seq: [[[-0.21197945, -0.52188677, -0.94156855, -0.04885633, -0.5977948 , -0.9416207 , -0.13780382, -0.2760941 , -0.94158506, -0.12150245, -0.37228563, -7.8925147 , -0.16395567, -0.36317262, -0.94156295,  2.3848875 , -0.23212627, -0.9415473 ,  1.6252146 ,  0.86369234, -1.800156  , -0.5609732 , -0.5639467 , -0.5827069 , -0.329892  , -0.3484124 , -0.20241508, -0.5955063 , -0.33475283, -0.47120476, -0.20059635, -0.48185942, -0.2822355 , -0.50809485, -0.5579207 , -0.47225916]]]
t_span: [0.]

Current index: 1190
y0: [[-1.3520498 , -1.1883861 , -0.9839049 , -0.42229718, -0.7743149 , -0.99241424]]
controls_seq: [[[-0.21197945, -0.52188677, -0.94156855, -0.04885633, -0.5977948 , -0.9416207 , -0.13780382, -0.2760941 , -0.94158506, -0.12150245, -0.37228563, -7.8925147 ,  0.12571946, -0.36317262, -0.94156295,  2.2855422 , -0.23212627, -0.9415473 ,  1.6252146 ,  0.86369234, -1.800156  , -0.5609732 , -0.5639467 , -0.5827069 , -0.329892  , -0.3484124 , -0.20241508, -0.5955063 , -0.33475283, -0.47120476, -0.20059635, -0.48185942, -0.2822355 , -0.50809485, -0.5579207 , -0.47225916]]]
t_span: [0.]

Current index: 1191
y0: [[-1.3285731 , -1.1795881 , -0.9747362 , -0.41525725, -0.7690867 , -0.99090105]]
controls_seq: [[[-0.21197945, -0.52188677, -0.94156855, -0.04885633, -0.5977948 , -0.9416207 , -0.13780382, -0.2760941 , -0.94158506, -0.12150245, -0.37228563, -7.8925147 ,  0.11313115, -0.36317262, -0.94156295,  3.3993225 , -0.23212627, -0.9415473 ,  1.6252146 ,  0.86369234, -1.800156  , -0.5609732 , -0.5639467 , -0.5827069 , -0.329892  , -0.3484124 , -0.20241508, -0.5955063 , -0.33475283, -0.47120476, -0.20059635, -0.48185942, -0.2822355 , -0.50809485, -0.5579207 , -0.47225916]]]
t_span: [0.]

Current index: 1192
y0: [[-1.2862551 , -1.1822476 , -0.9736668 , -0.41731808, -0.78244966, -0.9900678 ]]
controls_seq: [[[-0.21197945, -0.52188677, -0.94156855, -0.04885633, -0.5977948 , -0.9416207 , -0.13780382, -0.2760941 , -0.94158506, -0.12150245, -0.37228563, -7.8925147 , -0.16395567, -0.36317262, -0.94156295,  1.051052  , -0.23212627, -0.9415473 ,  1.6252146 ,  0.8753652 , -1.800156  , -0.5609732 , -0.5639467 , -0.5827069 , -0.329892  , -0.3484124 , -0.20241508, -0.5955063 , -0.33475283, -0.47120476, -0.20059635, -0.48185942, -0.2822355 , -0.50809485, -0.5579207 , -0.47225916]]]
t_span: [0.]

Current index: 1193
y0: [[-1.3014328 , -1.1656036 , -0.9651521 , -0.41256776, -0.75518066, -0.9881406 ]]
controls_seq: [[[-0.21197945, -0.52188677, -0.94156855, -0.04885633, -0.5977948 , -0.9416207 , -0.13780382, -0.2760941 , -0.94158506, -0.12150245, -0.37228563, -7.8925147 , -0.16395567, -0.36317262, -0.94156295, -0.08390234, -0.23212627, -0.9415473 ,  1.6252146 ,  0.8753652 , -1.800156  , -0.5609732 , -0.5639467 , -0.5827069 , -0.329892  , -0.3484124 , -0.20241508, -0.5955063 , -0.33475283, -0.47120476, -0.20059635, -0.48185942, -0.2822355 , -0.50809485, -0.5579207 , -0.47225916]]]
t_span: [0.]

Current index: 1194
y0: [[-1.3311155 , -1.1689632 , -0.957365  , -0.41705662, -0.7249925 , -0.9675682 ]]
controls_seq: [[[-0.21197945, -0.52188677, -0.94156855, -0.04885633, -0.5977948 , -0.9416207 , -0.13780382, -0.2760941 , -0.94158506,  0.34658802, -0.37228563, -7.8925147 , -0.16395567, -0.36317262, -0.94156295,  0.0109771 , -0.23212627, -0.9415473 ,  1.6255758 ,  0.8753652 , -1.800156  , -0.5609732 , -0.5639467 , -0.5827069 , -0.329892  , -0.3484124 , -0.20241508, -0.5955063 , -0.33475283, -0.47120476, -0.20059635, -0.48185942, -0.2822355 , -0.50809485, -0.5579207 , -0.47225916]]]
t_span: [0.]

Current index: 1195
y0: [[-1.3726851 , -1.1579142 , -0.9375812 , -0.4239303 , -0.6964847 , -0.94905394]]
controls_seq: [[[-0.21197945, -0.52188677, -0.94156855, -0.04885633, -0.5977948 , -0.9416207 , -0.13780382, -0.2760941 , -0.94158506,  0.35266665, -0.37228563, -7.8925147 , -0.16395567, -0.36317262, -0.94156295,  0.8522268 , -0.23212627, -0.9415473 ,  1.6467086 ,  0.8753652 , -1.8212205 , -0.5609732 , -0.5639467 , -0.5827069 , -0.329892  , -0.3484124 , -0.20241508, -0.5955063 , -0.33475283, -0.47120476, -0.20059635, -0.48185942, -0.2822355 , -0.50809485, -0.5579207 , -0.47225916]]]
t_span: [0.]

Current index: 1196
y0: [[-1.3934549 , -1.1442399 , -0.9131735 , -0.41830814, -0.67491996, -0.934442  ]]
controls_seq: [[[-0.21197945, -0.52188677, -0.94156855, -0.04885633, -0.5977948 , -0.9416207 , -0.13780382, -0.2760941 , -0.94158506, -0.12150245, -0.37228563, -7.8925147 ,  0.01560808, -0.36317262, -0.94156295,  3.3993225 , -0.23212627, -0.9415473 ,  1.6768601 ,  0.8753652 , -1.8422852 , -0.5609732 , -0.5639467 , -0.5827069 , -0.329892  , -0.3484124 , -0.20241508, -0.5955063 , -0.33475283, -0.47120476, -0.20059635, -0.48185942, -0.2822355 , -0.50809485, -0.5579207 , -0.47225916]]]
t_span: [0.]

Current index: 1197
y0: [[-1.339214  , -1.1565872 , -0.9151837 , -0.40955532, -0.6920043 , -0.9346676 ]]
controls_seq: [[[-0.21197945, -0.52188677, -0.94156855, -0.04885633, -0.5977948 , -0.9416207 , -0.13780382, -0.2760941 , -0.94158506, -0.12150245, -0.37228563, -7.8925147 ,  0.07797066, -0.36317262, -0.94156295,  3.3993225 , -0.23212627, -0.9415473 ,  1.6951652 ,  0.8753652 , -1.8633497 , -0.5609732 , -0.5639467 , -0.5827069 , -0.329892  , -0.3484124 , -0.20241508, -0.5955063 , -0.33475283, -0.47120476, -0.20059635, -0.48185942, -0.2822355 , -0.50809485, -0.5579207 , -0.47225916]]]
t_span: [0.]

Current index: 1198
y0: [[-1.2936747 , -1.1569382 , -0.91953176, -0.40164068, -0.7066036 , -0.9450623 ]]
controls_seq: [[[-0.21197945, -0.52188677, -0.94156855, -0.04885633, -0.5977948 , -0.9416207 , -0.13780382, -0.2760941 , -0.94158506,  0.12774025, -0.37228563, -7.8925147 ,  0.08433706, -0.36317262, -0.94156295,  3.3993225 , -0.23212627, -0.9415473 ,  1.7037456 ,  0.8753652 , -1.8686285 , -0.5609732 , -0.5639467 , -0.5827069 , -0.329892  , -0.3484124 , -0.20241508, -0.5955063 , -0.33475283, -0.47120476, -0.20059635, -0.48185942, -0.2822355 , -0.50809485, -0.5579207 , -0.47225916]]]
t_span: [0.]

Current index: 1199
y0: [[-1.2564106 , -1.1479236 , -0.918159  , -0.40792894, -0.72837913, -0.9651994 ]]
controls_seq: [[[-0.21197945, -0.52188677, -0.94156855, -0.04885633, -0.5977948 , -0.9416207 , -0.13780382, -0.2760941 , -0.94158506,  0.20030972, -0.37228563, -7.8925147 ,  0.27316123, -0.36317262, -0.94156295,  3.3993225 , -0.23212627, -0.9415473 ,  1.7081532 ,  0.8753652 , -1.8739076 , -0.5609732 , -0.5639467 , -0.5827069 , -0.329892  , -0.3484124 , -0.20241508, -0.5955063 , -0.33475283, -0.47120476, -0.20059635, -0.48185942, -0.2822355 , -0.50809485, -0.5579207 , -0.47225916]]]
t_span: [0.]

